snapshot_date,location,product_id,quantity_on_hand,days_in_stock,reorder_level
2025-07-31,Lake Worth,P0142,1,14,3
2026-02-28,Lake Worth,P0169,1,39,3
2026-02-28,Lake Worth,P0195,0,14,1
2026-03-31,Dania Beach,P0080,0,25,2
2026-02-28,Lake Worth,P0031,2,48,2
2026-05-31,Dania Beach,P0048,3,38,2
2025-08-31,Oakland Park,P0160,2,48,3
2025-10-31,Oakland Park,P0170,8,140,2
2026-03-31,Oakland Park,P0270,2,65,2
2025-10-31,Oakland Park,P0229,66,24,3
2026-05-31,Oakland Park,P0185,5,58,3
2025-07-31,Dania Beach,P0226,2,22,3
2025-07-31,Oakland Park,P0210,3,11,2
2026-04-30,Lake Worth,P0025,4,58,3
2026-05-31,Oakland Park,P0274,1,48,1
2026-01-31,Lake Worth,P0112,17,42,1
2026-02-28,Lake Worth,P0032,0,38,3
2026-06-30,Oakland Park,P0058,9,51,1
2026-06-30,Oakland Park,P0105,4,42,2
2026-05-31,Dania Beach,P0139,0,8,3
2025-12-31,Lake Worth,P0256,2,118,2
2026-04-30,Oakland Park,P0162,5,37,1
2025-12-31,Dania Beach,P0028,62,160,2
2025-09-30,Oakland Park,P0100,16,318,2
2025-12-31,Lake Worth,P0053,0,70,1
2026-03-31,Lake Worth,P0164,4,24,3
2025-08-31,Dania Beach,P0234,7,44,3
2025-09-30,Lake Worth,P0122,10,6,2
2026-06-30,Lake Worth,P0189,4,64,2
2026-04-30,Oakland Park,P0029,0,67,2
2026-03-31,Oakland Park,P0075,1,31,2
2025-12-31,Dania Beach,P0206,0,0,2
2025-11-30,Dania Beach,P0208,0,65,2
2025-07-31,Lake Worth,P0074,1,183,1
2025-07-31,Dania Beach,P0026,0,65,3
2025-09-30,Dania Beach,P0057,9,24,3
2026-06-30,Oakland Park,P0176,5,25,1
2026-02-28,Lake Worth,P0181,28,10,1
2025-12-31,Oakland Park,P0282,1,68,2
2026-06-30,Lake Worth,P0065,4,10,2
2026-04-30,Lake Worth,P0146,2,40,2
2026-03-31,Lake Worth,P0043,3,59,1
2026-03-31,Oakland Park,P0062,1,74,3
2026-01-31,Dania Beach,P0226,2,43,2
2026-01-31,Lake Worth,P0096,0,32,2
2025-09-30,Oakland Park,P0202,2,244,2
2025-11-30,Lake Worth,P0118,3,32,2
2025-11-30,Lake Worth,P0032,3,30,1
2025-12-31,Oakland Park,P0169,3,101,1
2025-09-30,Oakland Park,P0232,14,52,3
2025-10-31,Dania Beach,P0081,3,250,2
2026-04-30,Oakland Park,P0054,3,74,3
2026-05-31,Oakland Park,P0082,3,20,3
2026-03-31,Oakland Park,P0169,3,36,2
2026-06-30,Lake Worth,P0137,0,13,1
2025-11-30,Lake Worth,P0027,5,17,2
2025-08-31,Dania Beach,P0182,1,315,2
2026-02-28,Lake Worth,P0297,6,53,1
2025-09-30,Lake Worth,P0140,4,38,1
2026-06-30,Lake Worth,P0280,2,21,1
2026-02-28,Oakland Park,P0097,0,64,1
2026-02-28,Lake Worth,P0137,1,216,2
2026-04-30,Oakland Park,P0224,3,74,2
2026-03-31,Dania Beach,P0176,5,67,2
2025-08-31,Oakland Park,P0286,9,236,3
2025-11-30,Dania Beach,P0002,0,8,3
2025-08-31,Dania Beach,P0029,4,60,2
2026-05-31,Lake Worth,P0118,7,37,2
2025-09-30,Oakland Park,P0165,0,28,2
2026-05-31,Dania Beach,P0300,2,42,3
2026-06-30,Lake Worth,P0002,2,15,1
2026-04-30,Oakland Park,P0236,6,45,2
2026-03-31,Dania Beach,P0153,6,29,2
2026-03-31,Oakland Park,P0054,4,23,1
2025-07-31,Lake Worth,P0116,12,31,2
2025-08-31,Lake Worth,P0140,4,32,1
2026-02-28,Dania Beach,P0222,1,54,2
2026-04-30,Dania Beach,P0293,3,45,2
2025-07-31,Dania Beach,P0278,5,68,2
2026-06-30,Dania Beach,P0076,3,40,1
2026-05-31,Dania Beach,P0273,2,32,2
2026-04-30,Dania Beach,P0179,0,37,1
2025-08-31,Lake Worth,P0105,0,69,2
2026-06-30,Lake Worth,P0118,3,27,2
2026-04-30,Lake Worth,P0182,0,38,1
2025-08-31,Oakland Park,P0254,0,56,2
2025-08-31,Lake Worth,P0054,5,74,2
2025-11-30,Lake Worth,P0165,3,244,1
2026-06-30,Dania Beach,P0213,5,46,2
2026-02-28,Lake Worth,P0160,1,59,2
2026-02-28,Oakland Park,P0107,6,102,2
2026-06-30,Lake Worth,P0219,4,191,1
2026-05-31,Lake Worth,P0019,0,26,2
2025-09-30,Oakland Park,P0264,12,117,1
2025-12-31,Dania Beach,P0268,1,67,1
2025-10-31,Dania Beach,P0026,2,183,2
2025-07-31,Dania Beach,P0173,7,161,2
2025-08-31,Lake Worth,P0135,1,67,1
2026-01-31,Lake Worth,P0266,7,31,3
2026-03-31,Dania Beach,P0108,4,13,1
2025-08-31,Oakland Park,P0018,4,10,3
2026-02-28,Lake Worth,P0066,4,100,1
2026-05-31,Oakland Park,P0081,4,71,3
2026-04-30,Dania Beach,P0228,3,68,2
2026-02-28,Dania Beach,P0116,8,233,2
2025-11-30,Oakland Park,P0084,0,24,1
2026-02-28,Dania Beach,P0152,8,33,3
2026-06-30,Oakland Park,P0227,7,65,1
2026-05-31,Dania Beach,P0033,8,229,2
2026-02-28,Oakland Park,P0031,1,37,3
2026-02-28,Dania Beach,P0019,1,49,2
2026-03-31,Dania Beach,P0110,2,39,1
2026-01-31,Lake Worth,P0104,6,21,1
2025-12-31,Dania Beach,P0009,6,68,2
2026-01-31,Dania Beach,P0248,4,50,1
2026-01-31,Lake Worth,P0068,15,43,1
2025-08-31,Lake Worth,P0137,6,24,2
2025-10-31,Dania Beach,P0277,2,264,1
2026-04-30,Dania Beach,P0224,3,55,3
2026-03-31,Oakland Park,P0140,1,180,2
2025-10-31,Dania Beach,P0115,0,0,3
2026-03-31,Lake Worth,P0217,0,72,3
2025-08-31,Oakland Park,P0127,5,57,1
2026-04-30,Oakland Park,P0271,8,176,2
2026-03-31,Oakland Park,P0032,0,46,2
2026-03-31,Lake Worth,P0032,4,20,1
2026-05-31,Lake Worth,P0152,9,6,2
2025-10-31,Dania Beach,P0113,11,216,2
2026-03-31,Oakland Park,P0299,2,62,1
2026-01-31,Dania Beach,P0175,7,39,3
2025-07-31,Lake Worth,P0295,2,155,2
2025-07-31,Oakland Park,P0139,0,5,1
2025-11-30,Lake Worth,P0122,9,19,2
2025-11-30,Oakland Park,P0273,1,30,3
2025-09-30,Dania Beach,P0152,5,60,3
2026-03-31,Oakland Park,P0263,11,115,3
2025-11-30,Lake Worth,P0164,2,186,2
2025-10-31,Dania Beach,P0292,0,53,2
2025-11-30,Lake Worth,P0209,10,49,2
2025-11-30,Oakland Park,P0080,1,46,2
2025-11-30,Lake Worth,P0257,1,27,2
2025-11-30,Lake Worth,P0274,0,67,3
2025-08-31,Dania Beach,P0241,5,277,3
2025-08-31,Lake Worth,P0239,6,50,2
2026-05-31,Lake Worth,P0139,1,44,3
2025-09-30,Oakland Park,P0033,10,21,3
2026-02-28,Dania Beach,P0017,0,31,2
2025-10-31,Lake Worth,P0025,4,14,2
2026-03-31,Dania Beach,P0245,9,282,2
2025-08-31,Dania Beach,P0109,3,295,2
2025-10-31,Lake Worth,P0205,10,24,2
2025-08-31,Dania Beach,P0123,26,32,3
2025-07-31,Lake Worth,P0079,5,190,1
2025-09-30,Oakland Park,P0061,2,71,2
2025-10-31,Oakland Park,P0033,5,75,2
2025-09-30,Oakland Park,P0060,9,53,1
2026-04-30,Oakland Park,P0234,9,20,1
2025-11-30,Oakland Park,P0148,4,42,2
2025-12-31,Oakland Park,P0086,0,31,2
2026-06-30,Dania Beach,P0260,0,9,1
2026-02-28,Lake Worth,P0283,9,14,2
2026-05-31,Lake Worth,P0097,4,107,3
2026-02-28,Dania Beach,P0191,0,34,2
2026-01-31,Dania Beach,P0122,0,0,2
2025-12-31,Dania Beach,P0114,5,5,2
2025-11-30,Oakland Park,P0215,3,53,2
2025-08-31,Oakland Park,P0293,5,75,1
2026-04-30,Dania Beach,P0159,0,42,2
2025-12-31,Oakland Park,P0013,0,58,2
2026-04-30,Lake Worth,P0081,4,40,3
2026-02-28,Dania Beach,P0098,7,18,2
2026-04-30,Oakland Park,P0186,3,157,1
2026-04-30,Oakland Park,P0075,2,26,2
2026-01-31,Dania Beach,P0177,5,63,1
2025-11-30,Oakland Park,P0239,3,17,2
2026-03-31,Lake Worth,P0150,7,14,3
2025-07-31,Dania Beach,P0180,0,46,2
2025-11-30,Oakland Park,P0275,1,66,3
2026-04-30,Dania Beach,P0192,5,21,2
2025-12-31,Lake Worth,P0020,4,75,1
2025-12-31,Oakland Park,P0112,21,33,2
2025-10-31,Dania Beach,P0138,29,44,1
2026-06-30,Dania Beach,P0124,1,48,2
2026-02-28,Oakland Park,P0212,2,46,1
2026-01-31,Dania Beach,P0144,0,0,2
2026-03-31,Dania Beach,P0023,2,38,3
2026-05-31,Oakland Park,P0208,0,10,3
2025-08-31,Dania Beach,P0294,8,25,3
2025-08-31,Dania Beach,P0141,21,57,3
2026-06-30,Oakland Park,P0193,3,71,2
2026-04-30,Oakland Park,P0158,0,36,3
2025-07-31,Lake Worth,P0005,4,49,2
2025-07-31,Lake Worth,P0028,64,115,2
2026-04-30,Dania Beach,P0087,4,19,2
2026-06-30,Lake Worth,P0119,0,29,3
2025-11-30,Oakland Park,P0289,1,48,3
2026-05-31,Dania Beach,P0167,5,209,1
2026-02-28,Oakland Park,P0289,0,48,3
2026-02-28,Lake Worth,P0018,6,152,2
2025-11-30,Lake Worth,P0232,16,90,1
2025-11-30,Lake Worth,P0198,7,51,3
2026-03-31,Oakland Park,P0217,1,20,2
2026-05-31,Oakland Park,P0140,5,18,2
2026-06-30,Dania Beach,P0235,0,11,1
2026-04-30,Lake Worth,P0218,2,41,1
2026-01-31,Lake Worth,P0259,3,59,1
2025-12-31,Oakland Park,P0116,7,13,1
2026-02-28,Oakland Park,P0244,2,21,2
2026-04-30,Dania Beach,P0022,17,41,2
2026-06-30,Dania Beach,P0189,0,0,1
2025-10-31,Dania Beach,P0086,5,29,2
2025-09-30,Lake Worth,P0071,10,58,3
2025-09-30,Oakland Park,P0041,9,258,2
2026-02-28,Lake Worth,P0010,3,6,1
2026-04-30,Lake Worth,P0069,20,27,3
2026-06-30,Dania Beach,P0228,4,12,1
2026-03-31,Lake Worth,P0122,13,35,2
2026-05-31,Dania Beach,P0029,3,67,2
2025-09-30,Oakland Park,P0051,3,55,2
2026-04-30,Dania Beach,P0225,17,6,2
2026-01-31,Lake Worth,P0074,2,33,3
2026-06-30,Lake Worth,P0089,2,56,3
2026-01-31,Oakland Park,P0051,0,33,1
2026-06-30,Lake Worth,P0234,9,69,1
2025-08-31,Dania Beach,P0290,0,20,1
2025-11-30,Oakland Park,P0068,11,15,3
2025-09-30,Dania Beach,P0053,3,7,2
2025-12-31,Dania Beach,P0217,1,42,2
2025-07-31,Oakland Park,P0248,4,9,2
2026-02-28,Dania Beach,P0112,22,292,3
2025-09-30,Oakland Park,P0013,1,69,1
2026-01-31,Lake Worth,P0167,2,55,2
2026-04-30,Oakland Park,P0204,6,15,3
2025-12-31,Dania Beach,P0073,0,0,3
2026-02-28,Lake Worth,P0102,8,52,1
2026-06-30,Dania Beach,P0278,2,24,3
2026-01-31,Oakland Park,P0212,4,195,2
2026-01-31,Lake Worth,P0296,3,52,2
2025-07-31,Dania Beach,P0144,0,0,3
2026-04-30,Oakland Park,P0216,0,6,1
2025-09-30,Dania Beach,P0202,3,45,3
2026-01-31,Dania Beach,P0187,2,30,2
2026-05-31,Lake Worth,P0294,8,27,3
2025-08-31,Dania Beach,P0089,1,32,3
2026-02-28,Oakland Park,P0235,0,8,2
2025-10-31,Lake Worth,P0007,0,71,1
2026-03-31,Oakland Park,P0052,1,40,1
2025-08-31,Lake Worth,P0179,0,56,1
2025-07-31,Lake Worth,P0244,5,41,2
2025-10-31,Oakland Park,P0055,2,12,2
2026-01-31,Dania Beach,P0143,2,33,2
2025-11-30,Lake Worth,P0246,0,39,3
2025-12-31,Oakland Park,P0247,4,40,3
2026-06-30,Dania Beach,P0219,4,22,3
2026-04-30,Dania Beach,P0073,0,0,1
2026-03-31,Oakland Park,P0207,5,52,1
2026-05-31,Oakland Park,P0180,3,250,2
2026-02-28,Dania Beach,P0257,4,62,1
2025-08-31,Dania Beach,P0255,4,203,2
2026-02-28,Lake Worth,P0180,4,58,2
2025-08-31,Oakland Park,P0189,13,109,2
2025-09-30,Oakland Park,P0036,6,107,1
2026-01-31,Dania Beach,P0172,0,15,2
2026-01-31,Oakland Park,P0089,2,37,1
2025-07-31,Lake Worth,P0213,1,6,2
2025-12-31,Dania Beach,P0199,3,32,3
2025-10-31,Lake Worth,P0242,6,19,3
2025-08-31,Oakland Park,P0068,12,28,1
2026-05-31,Oakland Park,P0160,1,31,2
2026-03-31,Oakland Park,P0061,3,26,2
2025-12-31,Lake Worth,P0057,5,276,2
2026-03-31,Lake Worth,P0088,3,68,2
2025-07-31,Dania Beach,P0276,2,39,1
2026-02-28,Dania Beach,P0103,4,71,3
2025-12-31,Dania Beach,P0040,0,61,2
2026-03-31,Dania Beach,P0026,1,50,3
2026-05-31,Oakland Park,P0005,4,11,1
2025-09-30,Oakland Park,P0210,4,66,2
2026-06-30,Lake Worth,P0061,7,29,1
2025-07-31,Oakland Park,P0144,10,90,1
2025-11-30,Dania Beach,P0019,3,123,1
2025-07-31,Oakland Park,P0228,4,9,1
2026-04-30,Oakland Park,P0177,4,53,2
2026-02-28,Lake Worth,P0174,0,48,1
2026-03-31,Lake Worth,P0099,21,13,2
2026-03-31,Dania Beach,P0089,0,5,2
2026-03-31,Lake Worth,P0108,3,32,1
2026-01-31,Oakland Park,P0278,3,58,3
2025-12-31,Dania Beach,P0130,1,10,3
2026-03-31,Lake Worth,P0206,2,75,3
2026-03-31,Lake Worth,P0288,8,91,1
2025-12-31,Oakland Park,P0195,1,62,1
2025-10-31,Lake Worth,P0136,2,54,2
2025-12-31,Dania Beach,P0290,0,27,1
2025-12-31,Lake Worth,P0263,1,42,3
2026-02-28,Dania Beach,P0165,0,70,2
2026-04-30,Oakland Park,P0039,4,29,1
2026-01-31,Dania Beach,P0263,0,0,2
2025-07-31,Oakland Park,P0260,3,27,2
2026-03-31,Oakland Park,P0023,6,51,2
2026-06-30,Dania Beach,P0138,28,69,1
2026-02-28,Lake Worth,P0088,2,314,3
2026-03-31,Oakland Park,P0193,4,70,3
2025-11-30,Lake Worth,P0297,7,188,1
2026-05-31,Dania Beach,P0178,0,0,2
2025-09-30,Oakland Park,P0249,1,62,2
2025-09-30,Lake Worth,P0281,7,56,1
2026-02-28,Lake Worth,P0108,2,23,2
2026-03-31,Dania Beach,P0226,1,36,2
2025-08-31,Dania Beach,P0263,0,0,2
2025-10-31,Lake Worth,P0129,3,45,1
2026-03-31,Dania Beach,P0109,5,124,2
2026-06-30,Lake Worth,P0294,4,155,1
2025-08-31,Lake Worth,P0211,3,36,1
2026-01-31,Lake Worth,P0069,22,71,2
2025-11-30,Lake Worth,P0130,4,38,1
2026-04-30,Dania Beach,P0112,19,308,1
2026-03-31,Oakland Park,P0241,0,73,2
2025-12-31,Dania Beach,P0008,8,189,3
2026-04-30,Dania Beach,P0212,0,34,2
2025-07-31,Dania Beach,P0079,7,37,2
2026-02-28,Oakland Park,P0299,4,116,1
2026-05-31,Dania Beach,P0106,0,57,1
2026-06-30,Lake Worth,P0243,5,160,2
2026-05-31,Lake Worth,P0171,2,67,2
2025-10-31,Dania Beach,P0170,0,0,2
2026-04-30,Dania Beach,P0055,2,40,1
2025-07-31,Lake Worth,P0021,0,47,2
2026-03-31,Oakland Park,P0137,7,38,2
2026-02-28,Lake Worth,P0049,0,11,3
2026-05-31,Lake Worth,P0075,1,106,3
2026-01-31,Lake Worth,P0140,0,26,1
2025-11-30,Dania Beach,P0020,8,23,3
2026-03-31,Dania Beach,P0038,4,14,2
2025-12-31,Oakland Park,P0065,3,24,2
2025-09-30,Lake Worth,P0024,3,21,2
2025-10-31,Oakland Park,P0043,3,10,1
2026-02-28,Oakland Park,P0021,0,50,2
2026-02-28,Lake Worth,P0191,4,13,2
2026-05-31,Oakland Park,P0275,5,10,3
2026-06-30,Lake Worth,P0183,6,60,3
2025-09-30,Dania Beach,P0157,13,204,3
2026-03-31,Dania Beach,P0115,0,0,2
2026-06-30,Dania Beach,P0273,2,226,2
2026-03-31,Lake Worth,P0080,2,114,2
2025-11-30,Lake Worth,P0104,9,20,2
2026-06-30,Dania Beach,P0089,0,52,2
2025-11-30,Dania Beach,P0219,1,14,1
2026-05-31,Oakland Park,P0184,2,166,2
2025-08-31,Lake Worth,P0178,2,21,1
2025-07-31,Dania Beach,P0063,9,36,3
2026-03-31,Oakland Park,P0060,9,11,3
2026-01-31,Dania Beach,P0170,0,0,2
2026-01-31,Dania Beach,P0243,1,70,2
2026-01-31,Lake Worth,P0105,7,29,2
2025-09-30,Oakland Park,P0054,6,68,1
2026-06-30,Dania Beach,P0060,11,46,2
2025-12-31,Lake Worth,P0252,3,28,1
2026-01-31,Dania Beach,P0028,66,161,3
2026-06-30,Lake Worth,P0154,7,33,3
2025-08-31,Lake Worth,P0256,0,15,2
2026-04-30,Lake Worth,P0264,10,32,2
2026-06-30,Oakland Park,P0074,4,17,2
2026-06-30,Oakland Park,P0119,3,22,1
2025-09-30,Dania Beach,P0211,8,193,2
2025-11-30,Dania Beach,P0159,3,63,2
2025-10-31,Dania Beach,P0236,6,61,3
2026-04-30,Lake Worth,P0298,16,20,1
2026-04-30,Oakland Park,P0259,5,22,3
2025-11-30,Oakland Park,P0024,13,194,2
2026-04-30,Lake Worth,P0157,12,54,3
2025-12-31,Lake Worth,P0167,2,62,2
2026-05-31,Dania Beach,P0278,7,266,3
2026-02-28,Oakland Park,P0038,0,67,2
2026-02-28,Lake Worth,P0113,7,24,1
2026-04-30,Oakland Park,P0010,6,178,2
2026-06-30,Oakland Park,P0297,4,70,2
2026-05-31,Dania Beach,P0251,5,19,2
2025-08-31,Dania Beach,P0298,14,16,3
2026-06-30,Lake Worth,P0134,6,75,3
2026-06-30,Oakland Park,P0042,16,61,3
2026-02-28,Oakland Park,P0280,1,62,1
2026-05-31,Dania Beach,P0229,67,58,2
2025-09-30,Oakland Park,P0194,0,72,2
2026-04-30,Lake Worth,P0259,6,64,2
2025-11-30,Oakland Park,P0113,8,36,2
2026-03-31,Lake Worth,P0112,21,223,2
2025-08-31,Oakland Park,P0075,0,48,3
2025-09-30,Lake Worth,P0004,9,40,3
2026-06-30,Oakland Park,P0080,1,9,2
2025-09-30,Lake Worth,P0176,7,54,1
2026-01-31,Oakland Park,P0058,9,5,2
2025-11-30,Dania Beach,P0150,0,35,1
2026-06-30,Lake Worth,P0009,6,41,2
2026-04-30,Lake Worth,P0263,8,9,2
2025-07-31,Oakland Park,P0037,5,20,2
2025-11-30,Oakland Park,P0104,7,289,2
2026-05-31,Oakland Park,P0256,0,36,2
2025-11-30,Dania Beach,P0056,4,61,2
2025-12-31,Oakland Park,P0076,4,16,2
2025-07-31,Lake Worth,P0072,1,52,3
2025-08-31,Oakland Park,P0065,0,49,1
2025-10-31,Oakland Park,P0116,10,21,2
2025-10-31,Dania Beach,P0201,4,17,1
2026-03-31,Dania Beach,P0184,0,45,1
2025-12-31,Oakland Park,P0108,9,53,1
2026-04-30,Oakland Park,P0094,0,71,1
2026-06-30,Oakland Park,P0205,11,120,3
2025-07-31,Oakland Park,P0245,6,31,3
2025-12-31,Oakland Park,P0134,10,26,1
2026-01-31,Dania Beach,P0074,0,9,2
2025-11-30,Oakland Park,P0211,4,214,2
2026-03-31,Dania Beach,P0194,0,63,3
2025-11-30,Dania Beach,P0269,4,32,2
2025-11-30,Dania Beach,P0253,17,38,2
2026-06-30,Lake Worth,P0056,3,53,3
2025-09-30,Lake Worth,P0261,4,7,2
2026-03-31,Oakland Park,P0073,13,88,2
2025-08-31,Dania Beach,P0058,8,32,1
2026-02-28,Dania Beach,P0048,3,21,2
2026-03-31,Lake Worth,P0170,5,14,2
2026-05-31,Dania Beach,P0128,0,0,3
2025-10-31,Oakland Park,P0034,1,156,2
2025-08-31,Oakland Park,P0001,0,28,2
2026-06-30,Dania Beach,P0259,5,75,1
2026-06-30,Dania Beach,P0257,3,13,2
2026-01-31,Oakland Park,P0008,4,38,1
2026-01-31,Lake Worth,P0122,9,101,2
2026-03-31,Lake Worth,P0102,7,17,2
2025-10-31,Dania Beach,P0258,159,68,2
2025-10-31,Lake Worth,P0060,12,11,1
2026-06-30,Oakland Park,P0181,32,185,3
2026-05-31,Lake Worth,P0032,1,6,2
2026-06-30,Oakland Park,P0142,2,13,2
2026-01-31,Lake Worth,P0115,3,51,3
2026-03-31,Dania Beach,P0250,44,19,2
2025-07-31,Oakland Park,P0087,1,26,2
2026-04-30,Dania Beach,P0233,10,45,3
2026-05-31,Lake Worth,P0254,0,18,2
2026-03-31,Dania Beach,P0229,64,37,3
2026-02-28,Dania Beach,P0156,0,0,2
2025-07-31,Lake Worth,P0176,2,46,2
2025-08-31,Oakland Park,P0105,5,54,3
2026-02-28,Lake Worth,P0023,6,74,1
2026-05-31,Oakland Park,P0173,9,45,1
2025-07-31,Lake Worth,P0023,0,70,1
2025-07-31,Oakland Park,P0269,2,34,1
2025-11-30,Lake Worth,P0186,5,22,2
2025-12-31,Dania Beach,P0136,1,62,3
2025-08-31,Oakland Park,P0275,4,57,3
2025-12-31,Lake Worth,P0235,0,17,2
2025-09-30,Dania Beach,P0098,7,26,2
2025-10-31,Dania Beach,P0065,1,63,2
2025-11-30,Oakland Park,P0109,2,265,2
2025-12-31,Dania Beach,P0294,7,58,3
2026-05-31,Lake Worth,P0281,6,24,2
2026-06-30,Oakland Park,P0167,2,21,2
2026-05-31,Oakland Park,P0115,10,152,1
2026-02-28,Lake Worth,P0136,0,14,3
2025-07-31,Lake Worth,P0063,4,73,3
2026-06-30,Oakland Park,P0189,12,106,2
2026-06-30,Oakland Park,P0276,0,14,3
2026-05-31,Lake Worth,P0074,3,31,2
2025-12-31,Dania Beach,P0220,0,68,3
2025-08-31,Lake Worth,P0014,4,18,2
2025-09-30,Dania Beach,P0267,3,294,3
2026-05-31,Lake Worth,P0299,3,14,2
2026-04-30,Oakland Park,P0145,12,29,2
2025-07-31,Lake Worth,P0165,1,320,2
2026-02-28,Dania Beach,P0210,0,69,1
2025-08-31,Oakland Park,P0154,6,119,2
2025-07-31,Dania Beach,P0292,2,55,2
2026-02-28,Dania Beach,P0117,0,50,2
2026-02-28,Dania Beach,P0188,0,0,2
2025-07-31,Lake Worth,P0087,1,176,3
2025-09-30,Oakland Park,P0024,14,151,2
2025-12-31,Dania Beach,P0251,5,6,1
2026-04-30,Dania Beach,P0029,5,36,2
2026-03-31,Dania Beach,P0167,4,33,3
2025-08-31,Lake Worth,P0171,4,69,2
2025-09-30,Lake Worth,P0282,3,196,2
2025-07-31,Dania Beach,P0261,4,151,2
2025-11-30,Lake Worth,P0060,12,113,3
2026-02-28,Oakland Park,P0243,3,73,3
2026-03-31,Dania Beach,P0029,3,307,3
2026-06-30,Dania Beach,P0173,8,50,2
2025-10-31,Lake Worth,P0278,6,6,2
2026-04-30,Oakland Park,P0183,5,72,2
2026-01-31,Lake Worth,P0081,3,28,3
2026-04-30,Lake Worth,P0066,0,20,2
2026-01-31,Dania Beach,P0229,63,167,1
2025-11-30,Oakland Park,P0003,0,51,2
2026-03-31,Dania Beach,P0125,4,184,3
2026-01-31,Lake Worth,P0150,4,157,1
2025-11-30,Dania Beach,P0246,2,72,1
2025-08-31,Dania Beach,P0225,19,52,1
2026-06-30,Oakland Park,P0114,3,18,3
2026-03-31,Oakland Park,P0078,3,292,3
2025-07-31,Dania Beach,P0087,0,50,3
2026-05-31,Oakland Park,P0289,1,43,3
2025-08-31,Oakland Park,P0190,4,178,2
2026-03-31,Oakland Park,P0210,2,282,1
2025-12-31,Lake Worth,P0203,0,60,2
2025-10-31,Lake Worth,P0187,0,63,1
2026-06-30,Oakland Park,P0101,4,70,1
2026-04-30,Oakland Park,P0100,15,298,2
2026-02-28,Lake Worth,P0111,0,74,2
2026-03-31,Oakland Park,P0222,4,40,2
2026-01-31,Lake Worth,P0173,8,67,2
2025-11-30,Dania Beach,P0189,0,0,3
2026-01-31,Dania Beach,P0247,0,54,2
2025-10-31,Oakland Park,P0295,0,46,1
2025-10-31,Oakland Park,P0164,1,54,2
2025-09-30,Lake Worth,P0124,0,54,3
2025-09-30,Dania Beach,P0153,6,9,3
2026-06-30,Lake Worth,P0257,1,10,2
2025-12-31,Oakland Park,P0232,13,41,2
2026-06-30,Lake Worth,P0208,2,126,2
2026-04-30,Oakland Park,P0180,6,59,2
2026-01-31,Oakland Park,P0151,7,71,1
2026-03-31,Lake Worth,P0087,2,20,1
2025-07-31,Oakland Park,P0233,14,51,1
2025-09-30,Dania Beach,P0179,1,59,3
2026-06-30,Oakland Park,P0246,0,9,1
2025-12-31,Oakland Park,P0060,12,5,3
2026-06-30,Oakland Park,P0131,2,51,2
2025-09-30,Dania Beach,P0136,0,30,3
2026-04-30,Oakland Park,P0251,4,64,3
2026-06-30,Dania Beach,P0223,6,11,3
2026-04-30,Lake Worth,P0269,3,178,2
2025-10-31,Dania Beach,P0037,5,71,3
2026-05-31,Dania Beach,P0171,2,36,1
2026-06-30,Dania Beach,P0001,5,75,1
2025-10-31,Dania Beach,P0286,10,74,2
2025-11-30,Dania Beach,P0224,2,50,2
2026-03-31,Lake Worth,P0056,0,70,2
2026-04-30,Lake Worth,P0189,2,73,2
2026-03-31,Lake Worth,P0158,4,66,2
2025-08-31,Lake Worth,P0129,1,25,2
2025-08-31,Oakland Park,P0232,14,36,3
2026-06-30,Lake Worth,P0020,5,49,3
2026-02-28,Dania Beach,P0253,16,39,2
2026-04-30,Dania Beach,P0116,11,74,2
2026-05-31,Oakland Park,P0281,4,29,2
2026-01-31,Oakland Park,P0222,3,73,1
2026-03-31,Lake Worth,P0200,1,27,2
2026-03-31,Oakland Park,P0026,1,42,3
2025-10-31,Dania Beach,P0233,13,44,2
2025-10-31,Oakland Park,P0018,3,49,3
2025-11-30,Oakland Park,P0061,4,8,1
2026-03-31,Dania Beach,P0151,0,0,2
2026-03-31,Dania Beach,P0076,5,15,3
2025-09-30,Lake Worth,P0060,6,95,1
2025-12-31,Oakland Park,P0283,11,15,1
2025-12-31,Lake Worth,P0082,7,7,2
2026-06-30,Oakland Park,P0259,3,118,2
2025-07-31,Dania Beach,P0214,0,58,3
2025-08-31,Oakland Park,P0137,7,140,2
2025-09-30,Oakland Park,P0218,4,46,2
2025-12-31,Dania Beach,P0162,4,33,2
2026-04-30,Oakland Park,P0239,2,21,2
2025-10-31,Oakland Park,P0193,3,53,2
2026-02-28,Oakland Park,P0059,0,56,3
2026-06-30,Oakland Park,P0156,10,308,2
2026-03-31,Oakland Park,P0203,3,62,3
2025-10-31,Lake Worth,P0210,0,26,3
2025-11-30,Lake Worth,P0173,10,75,2
2025-11-30,Oakland Park,P0221,2,5,1
2026-01-31,Lake Worth,P0047,5,7,2
2025-12-31,Dania Beach,P0053,0,35,3
2025-07-31,Lake Worth,P0167,3,15,2
2026-01-31,Dania Beach,P0180,5,74,2
2026-03-31,Dania Beach,P0249,3,16,3
2025-11-30,Oakland Park,P0195,4,206,3
2026-05-31,Dania Beach,P0287,0,41,2
2025-07-31,Dania Beach,P0059,0,25,3
2026-02-28,Oakland Park,P0043,0,37,2
2026-02-28,Lake Worth,P0027,1,13,2
2026-02-28,Lake Worth,P0285,6,75,3
2025-12-31,Dania Beach,P0281,5,12,2
2026-06-30,Oakland Park,P0204,4,18,2
2026-05-31,Lake Worth,P0016,4,107,1
2025-07-31,Lake Worth,P0207,2,21,2
2025-12-31,Lake Worth,P0037,6,51,3
2026-06-30,Oakland Park,P0272,3,26,1
2025-07-31,Oakland Park,P0237,5,39,1
2025-11-30,Dania Beach,P0274,1,56,2
2025-09-30,Dania Beach,P0041,10,17,2
2026-06-30,Oakland Park,P0155,2,12,3
2026-01-31,Lake Worth,P0078,5,74,3
2025-07-31,Dania Beach,P0115,0,0,2
2026-04-30,Dania Beach,P0280,4,23,2
2026-01-31,Oakland Park,P0098,7,71,2
2025-09-30,Oakland Park,P0099,21,26,3
2026-01-31,Lake Worth,P0206,1,315,3
2025-11-30,Lake Worth,P0279,4,14,1
2026-04-30,Lake Worth,P0278,1,5,1
2025-11-30,Lake Worth,P0152,7,237,2
2026-04-30,Dania Beach,P0056,4,36,3
2025-11-30,Dania Beach,P0233,14,36,3
2025-10-31,Oakland Park,P0123,23,70,1
2025-07-31,Dania Beach,P0090,11,13,2
2026-05-31,Lake Worth,P0147,5,39,3
2025-07-31,Lake Worth,P0036,4,54,2
2025-07-31,Lake Worth,P0191,3,48,1
2025-08-31,Oakland Park,P0187,0,11,2
2026-06-30,Lake Worth,P0177,3,27,2
2025-08-31,Oakland Park,P0035,8,315,2
2026-03-31,Lake Worth,P0045,20,72,2
2026-06-30,Lake Worth,P0231,4,53,3
2026-04-30,Lake Worth,P0054,7,14,2
2026-01-31,Lake Worth,P0284,3,35,2
2025-11-30,Oakland Park,P0014,7,12,3
2025-09-30,Lake Worth,P0103,2,22,2
2025-07-31,Dania Beach,P0207,2,19,1
2026-03-31,Dania Beach,P0168,8,45,2
2026-06-30,Oakland Park,P0293,8,106,1
2026-02-28,Dania Beach,P0062,3,66,2
2025-08-31,Oakland Park,P0213,1,6,2
2026-06-30,Dania Beach,P0079,7,42,3
2026-01-31,Dania Beach,P0138,33,50,2
2025-10-31,Dania Beach,P0007,1,54,2
2025-07-31,Dania Beach,P0128,0,0,2
2025-12-31,Oakland Park,P0101,5,54,1
2025-12-31,Oakland Park,P0156,6,130,3
2026-03-31,Dania Beach,P0020,8,139,1
2025-08-31,Oakland Park,P0267,0,9,2
2025-10-31,Oakland Park,P0068,11,44,2
2026-04-30,Dania Beach,P0171,0,30,2
2026-02-28,Oakland Park,P0058,7,32,3
2026-04-30,Oakland Park,P0289,1,59,2
2026-04-30,Dania Beach,P0053,1,63,1
2026-05-31,Oakland Park,P0064,0,47,1
2026-06-30,Lake Worth,P0120,29,68,1
2025-10-31,Dania Beach,P0136,1,52,2
2025-12-31,Lake Worth,P0285,1,38,2
2026-02-28,Dania Beach,P0275,0,52,1
2025-10-31,Lake Worth,P0180,2,31,1
2025-08-31,Lake Worth,P0152,8,198,3
2025-08-31,Lake Worth,P0279,7,52,3
2026-02-28,Dania Beach,P0083,2,61,2
2025-12-31,Oakland Park,P0095,10,7,2
2026-04-30,Oakland Park,P0035,12,71,3
2025-11-30,Oakland Park,P0188,11,177,1
2026-04-30,Lake Worth,P0103,4,70,2
2026-06-30,Dania Beach,P0187,0,6,2
2026-06-30,Oakland Park,P0206,11,113,1
2025-10-31,Dania Beach,P0285,3,61,2
2025-12-31,Dania Beach,P0243,1,309,3
2025-08-31,Dania Beach,P0056,4,27,2
2025-09-30,Dania Beach,P0111,2,71,3
2025-10-31,Lake Worth,P0248,3,34,2
2026-01-31,Lake Worth,P0220,4,74,2
2026-06-30,Dania Beach,P0054,4,228,2
2025-07-31,Lake Worth,P0195,3,51,2
2026-04-30,Oakland Park,P0198,13,121,2
2025-08-31,Lake Worth,P0021,4,26,3
2025-08-31,Dania Beach,P0190,5,31,2
2025-10-31,Oakland Park,P0001,1,36,3
2025-07-31,Lake Worth,P0300,0,63,1
2026-02-28,Dania Beach,P0178,0,0,2
2025-09-30,Dania Beach,P0166,1,9,3
2026-03-31,Oakland Park,P0019,1,55,2
2025-10-31,Lake Worth,P0174,3,15,3
2025-08-31,Dania Beach,P0233,14,10,2
2025-08-31,Dania Beach,P0051,3,27,1
2026-01-31,Dania Beach,P0212,1,32,3
2025-12-31,Oakland Park,P0180,0,50,1
2025-07-31,Oakland Park,P0160,0,14,2
2026-04-30,Lake Worth,P0256,2,15,2
2026-01-31,Lake Worth,P0033,8,105,2
2025-11-30,Oakland Park,P0191,0,39,3
2026-04-30,Dania Beach,P0182,1,208,3
2026-04-30,Dania Beach,P0118,0,5,2
2026-05-31,Oakland Park,P0003,5,30,2
2025-09-30,Oakland Park,P0164,0,6,1
2026-05-31,Lake Worth,P0140,3,19,2
2025-08-31,Oakland Park,P0273,1,38,2
2026-04-30,Lake Worth,P0238,7,10,1
2026-05-31,Lake Worth,P0112,19,27,2
2025-11-30,Lake Worth,P0218,0,64,2
2026-03-31,Oakland Park,P0199,0,72,2
2025-10-31,Lake Worth,P0022,17,9,2
2026-02-28,Oakland Park,P0028,61,33,2
2025-12-31,Lake Worth,P0238,5,52,2
2025-11-30,Lake Worth,P0288,6,109,3
2026-01-31,Oakland Park,P0126,1,27,3
2026-04-30,Lake Worth,P0087,1,66,1
2025-09-30,Oakland Park,P0188,8,190,2
2025-07-31,Oakland Park,P0195,2,98,2
2025-08-31,Oakland Park,P0218,3,12,2
2026-05-31,Dania Beach,P0008,7,26,1
2026-02-28,Lake Worth,P0078,5,49,2
2026-06-30,Lake Worth,P0001,1,74,3
2026-02-28,Lake Worth,P0172,3,54,3
2025-12-31,Lake Worth,P0182,4,11,3
2025-10-31,Lake Worth,P0166,0,52,1
2026-03-31,Dania Beach,P0149,3,15,2
2025-12-31,Dania Beach,P0289,0,31,1
2026-04-30,Lake Worth,P0028,59,33,2
2026-02-28,Dania Beach,P0076,5,74,2
2026-06-30,Oakland Park,P0115,7,154,1
2026-01-31,Oakland Park,P0299,2,127,2
2026-04-30,Lake Worth,P0089,5,37,2
2025-12-31,Oakland Park,P0128,10,309,2
2026-03-31,Lake Worth,P0162,3,10,3
2025-12-31,Oakland Park,P0030,0,41,2
2025-10-31,Oakland Park,P0115,12,154,2
2025-12-31,Dania Beach,P0003,1,27,1
2025-11-30,Oakland Park,P0036,11,106,2
2025-10-31,Lake Worth,P0109,4,55,2
2025-07-31,Oakland Park,P0164,2,44,2
2025-09-30,Lake Worth,P0139,0,22,3
2026-05-31,Dania Beach,P0030,0,75,1
2025-10-31,Lake Worth,P0101,0,32,2
2025-09-30,Oakland Park,P0193,0,38,3
2026-04-30,Lake Worth,P0202,0,73,2
2025-09-30,Oakland Park,P0296,1,47,2
2026-03-31,Oakland Park,P0238,5,43,3
2026-04-30,Lake Worth,P0206,0,16,2
2026-05-31,Oakland Park,P0123,26,6,2
2025-09-30,Dania Beach,P0194,0,58,1
2026-03-31,Oakland Park,P0065,3,32,2
2025-08-31,Dania Beach,P0136,0,44,3
2026-03-31,Dania Beach,P0062,0,10,2
2025-11-30,Oakland Park,P0268,6,167,2
2026-01-31,Oakland Park,P0197,2,72,2
2026-02-28,Lake Worth,P0229,66,27,2
2026-06-30,Lake Worth,P0184,2,32,1
2025-09-30,Lake Worth,P0268,1,18,2
2026-04-30,Lake Worth,P0163,0,36,2
2026-05-31,Lake Worth,P0211,4,40,1
2026-01-31,Oakland Park,P0082,9,63,2
2026-01-31,Lake Worth,P0075,2,45,3
2025-10-31,Dania Beach,P0249,6,186,3
2026-03-31,Oakland Park,P0232,15,48,2
2026-06-30,Lake Worth,P0275,3,56,1
2025-12-31,Lake Worth,P0007,4,71,1
2026-06-30,Dania Beach,P0058,7,34,3
2025-08-31,Lake Worth,P0078,5,71,1
2025-07-31,Oakland Park,P0241,2,50,1
2025-07-31,Lake Worth,P0214,5,245,2
2026-06-30,Oakland Park,P0125,4,291,2
2026-01-31,Oakland Park,P0049,3,48,2
2025-12-31,Lake Worth,P0276,3,46,3
2025-11-30,Dania Beach,P0166,3,53,2
2025-09-30,Dania Beach,P0296,2,46,2
2026-02-28,Dania Beach,P0199,4,11,1
2025-11-30,Lake Worth,P0268,1,283,2
2026-02-28,Oakland Park,P0287,1,54,2
2025-12-31,Lake Worth,P0246,1,71,1
2026-06-30,Lake Worth,P0062,1,272,1
2025-07-31,Lake Worth,P0027,3,21,3
2025-08-31,Dania Beach,P0134,6,33,3
2025-10-31,Lake Worth,P0295,1,112,3
2026-01-31,Dania Beach,P0280,3,51,1
2025-12-31,Lake Worth,P0083,2,26,2
2025-08-31,Oakland Park,P0288,6,10,1
2026-03-31,Oakland Park,P0138,28,15,2
2025-08-31,Oakland Park,P0249,3,267,2
2025-09-30,Dania Beach,P0141,21,43,2
2026-05-31,Lake Worth,P0188,17,17,1
2025-07-31,Oakland Park,P0103,1,32,2
2025-12-31,Dania Beach,P0107,0,0,3
2026-01-31,Dania Beach,P0242,3,72,2
2026-04-30,Dania Beach,P0129,4,282,2
2025-10-31,Oakland Park,P0254,2,47,2
2025-11-30,Oakland Park,P0253,15,26,2
2026-05-31,Dania Beach,P0043,1,44,2
2025-11-30,Lake Worth,P0205,9,18,3
2026-01-31,Oakland Park,P0230,3,243,1
2026-01-31,Dania Beach,P0220,0,54,1
2026-02-28,Dania Beach,P0195,1,73,1
2025-11-30,Oakland Park,P0069,18,47,3
2025-08-31,Dania Beach,P0184,0,53,1
2025-07-31,Lake Worth,P0276,1,26,2
2026-03-31,Lake Worth,P0192,3,182,1
2025-11-30,Dania Beach,P0164,0,71,2
2025-11-30,Lake Worth,P0226,0,64,2
2026-03-31,Lake Worth,P0154,1,74,2
2026-01-31,Oakland Park,P0045,21,42,2
2025-08-31,Dania Beach,P0121,5,302,2
2025-10-31,Dania Beach,P0053,3,38,2
2025-08-31,Oakland Park,P0047,3,165,2
2025-10-31,Oakland Park,P0238,0,13,3
2026-03-31,Oakland Park,P0131,4,6,2
2026-02-28,Oakland Park,P0207,4,41,3
2026-04-30,Oakland Park,P0043,0,59,3
2026-04-30,Oakland Park,P0050,13,63,2
2026-06-30,Oakland Park,P0199,1,43,2
2026-04-30,Oakland Park,P0266,6,40,2
2025-09-30,Lake Worth,P0201,0,58,3
2025-10-31,Lake Worth,P0018,1,14,3
2025-12-31,Lake Worth,P0196,13,27,1
2026-05-31,Oakland Park,P0154,10,109,2
2026-02-28,Oakland Park,P0247,4,34,3
2026-02-28,Lake Worth,P0177,7,34,2
2025-07-31,Oakland Park,P0106,2,13,2
2026-01-31,Dania Beach,P0291,0,38,1
2026-01-31,Lake Worth,P0023,3,30,2
2026-01-31,Dania Beach,P0009,5,13,1
2025-09-30,Lake Worth,P0142,0,62,3
2026-04-30,Dania Beach,P0124,1,23,2
2025-08-31,Oakland Park,P0139,0,70,2
2025-10-31,Dania Beach,P0218,2,28,3
2025-10-31,Lake Worth,P0231,10,53,2
2025-09-30,Dania Beach,P0031,5,9,3
2025-12-31,Oakland Park,P0164,0,75,1
2026-05-31,Dania Beach,P0154,0,0,2
2025-08-31,Oakland Park,P0296,2,173,1
2026-04-30,Oakland Park,P0272,6,269,1
2026-06-30,Oakland Park,P0106,1,235,3
2026-06-30,Oakland Park,P0168,3,45,2
2026-05-31,Lake Worth,P0157,14,44,3
2026-04-30,Oakland Park,P0097,4,74,2
2026-01-31,Dania Beach,P0092,0,21,2
2025-08-31,Dania Beach,P0227,8,207,3
2026-03-31,Oakland Park,P0086,1,47,3
2026-04-30,Oakland Park,P0294,9,15,2
2025-10-31,Dania Beach,P0060,11,19,3
2025-08-31,Lake Worth,P0188,12,26,2
2026-02-28,Oakland Park,P0169,7,179,3
2025-08-31,Oakland Park,P0222,4,64,2
2025-07-31,Lake Worth,P0194,0,11,2
2026-03-31,Dania Beach,P0137,3,36,3
2025-08-31,Oakland Park,P0253,16,11,1
2025-09-30,Lake Worth,P0259,6,28,2
2026-05-31,Oakland Park,P0227,9,75,1
2026-01-31,Oakland Park,P0221,0,9,2
2025-11-30,Oakland Park,P0035,8,147,2
2025-07-31,Oakland Park,P0117,3,36,2
2025-11-30,Lake Worth,P0249,4,25,1
2026-01-31,Dania Beach,P0169,2,67,2
2025-10-31,Dania Beach,P0145,8,68,2
2025-07-31,Lake Worth,P0006,11,63,2
2026-05-31,Oakland Park,P0022,10,38,3
2025-10-31,Lake Worth,P0172,0,67,1
2025-09-30,Dania Beach,P0154,0,0,2
2025-11-30,Lake Worth,P0069,21,313,3
2025-11-30,Dania Beach,P0106,2,45,3
2025-08-31,Lake Worth,P0046,0,25,2
2025-12-31,Dania Beach,P0202,2,31,2
2025-07-31,Oakland Park,P0299,0,68,2
2026-01-31,Dania Beach,P0221,2,291,3
2026-01-31,Lake Worth,P0110,3,68,2
2026-03-31,Lake Worth,P0218,1,57,2
2025-10-31,Lake Worth,P0032,1,48,1
2026-04-30,Oakland Park,P0004,8,17,1
2025-08-31,Dania Beach,P0125,6,10,2
2026-05-31,Oakland Park,P0292,0,6,1
2025-11-30,Lake Worth,P0199,4,49,2
2025-12-31,Lake Worth,P0268,7,33,1
2026-03-31,Lake Worth,P0085,2,31,3
2026-06-30,Lake Worth,P0233,15,16,3
2026-03-31,Dania Beach,P0200,2,18,1
2025-10-31,Oakland Park,P0038,0,64,1
2025-09-30,Dania Beach,P0135,0,65,2
2026-04-30,Oakland Park,P0005,2,194,2
2026-03-31,Oakland Park,P0049,0,27,1
2025-10-31,Oakland Park,P0076,5,36,3
2025-12-31,Lake Worth,P0225,13,297,2
2025-11-30,Lake Worth,P0233,13,70,2
2025-09-30,Dania Beach,P0205,0,0,3
2025-09-30,Lake Worth,P0106,2,24,2
2026-03-31,Dania Beach,P0022,14,29,3
2025-08-31,Lake Worth,P0251,4,32,2
2025-07-31,Dania Beach,P0295,1,257,2
2026-01-31,Dania Beach,P0282,1,236,3
2026-06-30,Lake Worth,P0241,3,74,2
2025-08-31,Oakland Park,P0090,6,212,2
2025-09-30,Dania Beach,P0112,21,12,2
2025-09-30,Lake Worth,P0085,4,8,3
2026-05-31,Dania Beach,P0010,0,0,1
2025-07-31,Oakland Park,P0262,3,11,2
2026-02-28,Dania Beach,P0148,6,15,2
2026-01-31,Dania Beach,P0267,0,54,2
2025-12-31,Oakland Park,P0102,4,45,2
2025-07-31,Lake Worth,P0169,5,73,1
2025-07-31,Oakland Park,P0134,8,138,3
2026-05-31,Dania Beach,P0247,4,268,2
2025-11-30,Lake Worth,P0049,2,18,1
2025-12-31,Oakland Park,P0078,6,95,2
2026-03-31,Lake Worth,P0283,6,24,1
2026-01-31,Dania Beach,P0190,6,57,2
2025-11-30,Lake Worth,P0281,8,33,3
2026-05-31,Lake Worth,P0104,6,69,2
2026-06-30,Dania Beach,P0050,11,69,2
2025-09-30,Lake Worth,P0216,4,41,3
2025-08-31,Dania Beach,P0250,44,208,1
2025-07-31,Oakland Park,P0147,6,129,2
2025-09-30,Lake Worth,P0251,4,38,2
2026-03-31,Lake Worth,P0275,0,61,2
2025-08-31,Dania Beach,P0102,5,52,2
2026-06-30,Lake Worth,P0040,7,5,2
2025-09-30,Dania Beach,P0009,5,131,3
2025-09-30,Dania Beach,P0193,7,47,2
2025-07-31,Dania Beach,P0219,3,55,3
2025-07-31,Oakland Park,P0146,0,9,2
2026-04-30,Oakland Park,P0262,0,9,3
2025-09-30,Oakland Park,P0116,14,32,2
2026-03-31,Dania Beach,P0139,0,57,3
2026-01-31,Lake Worth,P0207,2,65,3
2026-04-30,Lake Worth,P0203,0,7,3
2025-10-31,Lake Worth,P0052,4,62,1
2025-12-31,Lake Worth,P0033,10,96,2
2025-12-31,Oakland Park,P0070,0,65,2
2026-03-31,Oakland Park,P0208,3,47,2
2025-11-30,Lake Worth,P0178,5,12,3
2026-04-30,Lake Worth,P0273,1,57,2
2025-09-30,Dania Beach,P0045,23,61,2
2026-04-30,Oakland Park,P0193,4,48,2
2025-08-31,Lake Worth,P0077,5,25,2
2025-07-31,Dania Beach,P0253,17,41,3
2025-09-30,Dania Beach,P0036,0,0,3
2026-05-31,Lake Worth,P0045,20,52,3
2025-10-31,Dania Beach,P0196,13,58,3
2026-05-31,Oakland Park,P0070,5,290,3
2026-02-28,Lake Worth,P0122,10,58,2
2026-02-28,Lake Worth,P0037,4,264,2
2025-12-31,Lake Worth,P0111,3,9,3
2025-11-30,Dania Beach,P0157,11,31,2
2025-10-31,Oakland Park,P0077,6,46,2
2025-09-30,Lake Worth,P0059,0,47,3
2025-07-31,Oakland Park,P0034,4,63,1
2026-02-28,Lake Worth,P0163,0,52,2
2025-08-31,Lake Worth,P0062,3,18,1
2025-11-30,Lake Worth,P0243,0,22,3
2025-12-31,Dania Beach,P0168,3,41,3
2025-11-30,Oakland Park,P0178,13,288,2
2026-04-30,Dania Beach,P0173,9,63,2
2026-02-28,Oakland Park,P0256,0,23,1
2026-04-30,Lake Worth,P0233,14,47,3
2025-07-31,Oakland Park,P0153,5,5,2
2025-10-31,Dania Beach,P0153,3,5,1
2025-10-31,Dania Beach,P0190,2,45,2
2026-03-31,Dania Beach,P0215,1,40,1
2025-12-31,Dania Beach,P0055,5,126,2
2026-05-31,Lake Worth,P0107,8,53,2
2026-04-30,Oakland Park,P0089,3,41,2
2026-01-31,Oakland Park,P0163,3,58,2
2026-02-28,Lake Worth,P0252,1,181,1
2025-08-31,Lake Worth,P0155,0,41,3
2025-12-31,Oakland Park,P0172,4,61,2
2025-10-31,Dania Beach,P0176,0,59,1
2026-05-31,Dania Beach,P0112,20,171,1
2025-07-31,Lake Worth,P0290,1,69,2
2025-11-30,Dania Beach,P0022,14,67,1
2026-04-30,Oakland Park,P0106,1,309,1
2026-06-30,Dania Beach,P0009,2,219,2
2026-01-31,Lake Worth,P0087,5,55,3
2026-06-30,Lake Worth,P0090,7,262,2
2025-11-30,Dania Beach,P0117,1,41,2
2026-05-31,Oakland Park,P0101,2,298,1
2026-03-31,Dania Beach,P0157,16,39,3
2025-09-30,Lake Worth,P0148,2,178,2
2026-02-28,Dania Beach,P0049,0,43,2
2025-07-31,Dania Beach,P0286,7,21,3
2026-01-31,Lake Worth,P0252,3,56,3
2025-07-31,Lake Worth,P0014,1,18,2
2025-09-30,Oakland Park,P0184,0,68,1
2026-03-31,Lake Worth,P0077,7,61,3
2025-11-30,Lake Worth,P0030,0,35,2
2026-06-30,Oakland Park,P0295,0,56,2
2025-08-31,Dania Beach,P0034,1,48,3
2025-12-31,Oakland Park,P0289,4,74,3
2026-02-28,Oakland Park,P0157,10,37,1
2025-07-31,Dania Beach,P0038,1,9,2
2025-11-30,Oakland Park,P0216,3,30,3
2026-01-31,Dania Beach,P0285,3,66,1
2025-12-31,Dania Beach,P0240,6,27,1
2025-07-31,Lake Worth,P0127,6,32,2
2025-10-31,Oakland Park,P0003,2,53,2
2025-11-30,Lake Worth,P0277,6,41,2
2025-12-31,Dania Beach,P0173,5,8,2
2026-02-28,Lake Worth,P0086,0,30,1
2026-02-28,Dania Beach,P0173,8,152,2
2025-09-30,Oakland Park,P0192,3,16,2
2026-02-28,Lake Worth,P0050,15,72,3
2025-09-30,Lake Worth,P0300,3,47,1
2026-06-30,Oakland Park,P0184,1,159,1
2025-07-31,Oakland Park,P0093,3,48,3
2026-06-30,Oakland Park,P0174,2,75,2
2025-10-31,Lake Worth,P0184,0,53,2
2026-04-30,Oakland Park,P0115,14,210,2
2025-07-31,Lake Worth,P0287,1,30,2
2025-09-30,Oakland Park,P0081,3,297,2
2025-09-30,Lake Worth,P0220,2,15,2
2026-05-31,Lake Worth,P0042,15,74,1
2025-09-30,Dania Beach,P0229,67,151,1
2026-03-31,Dania Beach,P0272,4,55,3
2025-12-31,Dania Beach,P0079,9,55,2
2026-02-28,Lake Worth,P0133,6,17,2
2025-12-31,Lake Worth,P0003,6,44,2
2025-10-31,Lake Worth,P0042,21,48,1
2025-11-30,Lake Worth,P0269,4,37,3
2025-11-30,Lake Worth,P0283,8,147,2
2025-07-31,Lake Worth,P0044,0,63,2
2025-11-30,Oakland Park,P0258,155,15,2
2025-10-31,Oakland Park,P0099,22,56,1
2026-03-31,Dania Beach,P0122,0,0,2
2026-02-28,Oakland Park,P0084,3,14,2
2026-04-30,Dania Beach,P0043,3,8,2
2025-09-30,Oakland Park,P0098,6,23,2
2026-05-31,Lake Worth,P0196,12,247,3
2026-01-31,Dania Beach,P0107,0,0,2
2025-09-30,Dania Beach,P0004,8,29,2
2026-06-30,Dania Beach,P0103,0,48,1
2026-03-31,Oakland Park,P0001,2,47,2
2025-10-31,Oakland Park,P0109,5,66,3
2025-11-30,Dania Beach,P0061,5,9,3
2026-05-31,Lake Worth,P0262,2,15,1
2025-11-30,Oakland Park,P0114,3,274,3
2025-09-30,Oakland Park,P0074,4,47,3
2025-08-31,Oakland Park,P0087,2,74,3
2025-09-30,Lake Worth,P0120,31,62,1
2025-08-31,Dania Beach,P0167,0,65,3
2025-08-31,Dania Beach,P0072,3,12,2
2026-02-28,Oakland Park,P0148,1,29,2
2026-03-31,Lake Worth,P0027,5,63,2
2025-11-30,Dania Beach,P0199,5,55,1
2026-01-31,Oakland Park,P0162,0,12,3
2026-05-31,Oakland Park,P0100,12,70,2
2025-07-31,Dania Beach,P0170,0,0,2
2025-11-30,Dania Beach,P0187,4,75,2
2026-06-30,Dania Beach,P0146,0,33,2
2026-05-31,Lake Worth,P0039,4,41,3
2025-08-31,Oakland Park,P0055,6,52,2
2025-12-31,Lake Worth,P0032,3,282,1
2025-11-30,Dania Beach,P0107,0,0,2
2026-02-28,Lake Worth,P0271,3,27,1
2025-07-31,Lake Worth,P0264,12,12,2
2026-01-31,Oakland Park,P0032,0,5,3
2025-08-31,Lake Worth,P0064,2,59,2
2026-05-31,Lake Worth,P0270,1,63,3
2025-11-30,Dania Beach,P0177,3,68,3
2025-07-31,Lake Worth,P0253,14,245,2
2026-03-31,Lake Worth,P0240,2,66,3
2025-12-31,Oakland Park,P0299,5,134,2
2025-08-31,Dania Beach,P0014,3,66,1
2025-10-31,Oakland Park,P0112,23,62,3
2026-01-31,Dania Beach,P0213,0,52,1
2026-02-28,Oakland Park,P0285,7,10,2
2025-12-31,Lake Worth,P0272,3,74,1
2025-10-31,Lake Worth,P0140,3,74,1
2026-05-31,Lake Worth,P0028,63,21,3
2026-01-31,Lake Worth,P0251,7,22,1
2026-01-31,Oakland Park,P0010,6,194,2
2025-09-30,Lake Worth,P0084,0,33,1
2026-04-30,Oakland Park,P0277,1,57,2
2025-09-30,Oakland Park,P0182,1,51,2
2026-03-31,Oakland Park,P0196,15,63,2
2025-10-31,Dania Beach,P0130,0,8,2
2026-05-31,Oakland Park,P0042,13,70,1
2026-04-30,Lake Worth,P0047,3,42,2
2026-01-31,Oakland Park,P0005,0,47,1
2025-12-31,Lake Worth,P0186,5,197,1
2025-11-30,Oakland Park,P0296,3,12,1
2025-08-31,Dania Beach,P0020,6,24,1
2025-08-31,Dania Beach,P0242,4,12,2
2026-03-31,Lake Worth,P0125,7,300,3
2025-11-30,Dania Beach,P0038,1,61,2
2026-04-30,Dania Beach,P0284,0,0,1
2025-10-31,Oakland Park,P0214,3,26,2
2025-09-30,Oakland Park,P0149,1,46,2
2026-02-28,Lake Worth,P0098,10,27,3
2026-03-31,Dania Beach,P0007,5,33,3
2025-10-31,Lake Worth,P0252,0,23,2
2026-03-31,Dania Beach,P0217,0,13,2
2025-09-30,Dania Beach,P0114,0,8,1
2025-09-30,Oakland Park,P0237,3,17,3
2026-06-30,Dania Beach,P0136,0,21,1
2025-11-30,Oakland Park,P0162,2,35,3
2026-02-28,Dania Beach,P0190,6,33,1
2026-06-30,Oakland Park,P0251,4,175,2
2026-04-30,Oakland Park,P0178,8,71,2
2026-01-31,Lake Worth,P0017,0,30,2
2026-06-30,Oakland Park,P0123,25,20,3
2025-12-31,Oakland Park,P0087,4,16,2
2026-02-28,Dania Beach,P0247,5,30,2
2026-04-30,Dania Beach,P0079,9,67,2
2025-09-30,Oakland Park,P0085,0,35,3
2025-11-30,Dania Beach,P0021,2,34,1
2026-03-31,Lake Worth,P0172,0,24,1
2025-08-31,Oakland Park,P0032,1,70,1
2026-06-30,Oakland Park,P0104,4,51,1
2025-11-30,Lake Worth,P0063,9,145,2
2026-06-30,Lake Worth,P0035,1,15,2
2026-02-28,Oakland Park,P0253,12,64,2
2026-01-31,Dania Beach,P0205,0,0,2
2025-08-31,Oakland Park,P0054,4,55,3
2026-01-31,Oakland Park,P0036,14,151,2
2026-01-31,Dania Beach,P0075,0,52,2
2025-09-30,Lake Worth,P0005,1,18,3
2026-06-30,Dania Beach,P0107,0,0,3
2026-06-30,Oakland Park,P0165,3,37,3
2025-08-31,Dania Beach,P0205,0,0,1
2026-02-28,Oakland Park,P0113,9,11,3
2025-10-31,Lake Worth,P0171,5,63,3
2025-09-30,Lake Worth,P0097,0,64,2
2025-10-31,Dania Beach,P0209,13,54,1
2026-04-30,Oakland Park,P0092,3,23,1
2026-05-31,Dania Beach,P0175,4,145,2
2026-02-28,Oakland Park,P0250,40,52,2
2025-09-30,Dania Beach,P0240,4,6,2
2026-01-31,Oakland Park,P0267,3,57,3
2025-08-31,Dania Beach,P0259,6,163,1
2026-04-30,Dania Beach,P0201,1,16,2
2026-04-30,Oakland Park,P0179,1,37,1
2025-10-31,Lake Worth,P0143,0,8,1
2026-06-30,Lake Worth,P0072,3,162,1
2025-11-30,Dania Beach,P0259,8,56,2
2026-05-31,Oakland Park,P0087,4,10,2
2025-12-31,Lake Worth,P0139,1,25,1
2025-07-31,Oakland Park,P0048,6,293,2
2026-01-31,Lake Worth,P0102,6,56,1
2025-07-31,Dania Beach,P0130,2,150,1
2026-05-31,Dania Beach,P0070,4,6,1
2026-03-31,Lake Worth,P0054,3,26,3
2025-07-31,Oakland Park,P0170,10,186,3
2025-12-31,Lake Worth,P0028,69,189,2
2026-05-31,Oakland Park,P0250,41,23,2
2025-08-31,Lake Worth,P0034,2,35,1
2026-01-31,Oakland Park,P0213,1,61,2
2025-11-30,Lake Worth,P0183,1,60,1
2025-09-30,Lake Worth,P0193,4,29,2
2026-03-31,Oakland Park,P0292,0,56,2
2025-09-30,Lake Worth,P0249,4,64,2
2025-11-30,Oakland Park,P0152,5,62,3
2026-01-31,Oakland Park,P0250,43,46,2
2026-03-31,Lake Worth,P0114,3,68,3
2025-09-30,Lake Worth,P0233,10,42,1
2026-04-30,Oakland Park,P0228,5,24,1
2026-01-31,Dania Beach,P0163,2,29,3
2025-09-30,Dania Beach,P0061,4,72,2
2025-09-30,Oakland Park,P0112,19,47,3
2025-09-30,Lake Worth,P0015,2,12,2
2026-05-31,Oakland Park,P0278,5,17,3
2025-12-31,Dania Beach,P0012,4,49,2
2025-12-31,Oakland Park,P0186,5,309,2
2026-06-30,Oakland Park,P0179,1,162,2
2026-02-28,Oakland Park,P0282,1,31,2
2025-10-31,Lake Worth,P0193,3,48,2
2025-10-31,Dania Beach,P0266,7,100,1
2026-05-31,Dania Beach,P0127,7,32,2
2025-11-30,Dania Beach,P0226,0,12,1
2025-07-31,Dania Beach,P0191,0,31,2
2026-04-30,Oakland Park,P0261,5,274,2
2025-08-31,Oakland Park,P0244,7,55,3
2026-01-31,Oakland Park,P0236,4,311,2
2026-02-28,Dania Beach,P0119,0,67,1
2026-01-31,Dania Beach,P0100,15,152,2
2026-06-30,Dania Beach,P0294,8,9,3
2026-03-31,Oakland Park,P0198,12,127,3
2026-05-31,Dania Beach,P0216,4,21,3
2026-02-28,Lake Worth,P0223,6,9,2
2026-06-30,Dania Beach,P0072,2,38,2
2025-12-31,Lake Worth,P0199,0,19,1
2025-10-31,Lake Worth,P0116,15,58,3
2026-06-30,Dania Beach,P0256,3,143,3
2026-04-30,Oakland Park,P0171,1,23,2
2025-09-30,Oakland Park,P0070,0,16,2
2026-05-31,Dania Beach,P0169,1,32,3
2025-11-30,Dania Beach,P0127,2,37,1
2025-07-31,Lake Worth,P0025,3,21,2
2026-03-31,Oakland Park,P0293,5,45,1
2026-03-31,Dania Beach,P0107,0,0,2
2025-11-30,Oakland Park,P0108,5,54,2
2025-11-30,Lake Worth,P0050,17,45,2
2025-12-31,Oakland Park,P0127,3,55,1
2026-04-30,Oakland Park,P0247,4,67,3
2026-03-31,Oakland Park,P0048,3,26,2
2026-06-30,Dania Beach,P0218,0,16,1
2025-12-31,Dania Beach,P0137,4,31,1
2025-11-30,Lake Worth,P0262,1,261,2
2026-06-30,Oakland Park,P0088,5,35,1
2026-03-31,Dania Beach,P0248,6,11,3
2025-07-31,Oakland Park,P0254,4,33,2
2025-09-30,Dania Beach,P0062,3,34,1
2026-01-31,Oakland Park,P0187,4,8,1
2026-04-30,Oakland Park,P0109,5,188,3
2026-03-31,Oakland Park,P0255,2,14,1
2025-07-31,Lake Worth,P0077,7,25,2
2025-09-30,Lake Worth,P0195,2,18,1
2025-10-31,Dania Beach,P0268,6,274,2
2025-12-31,Lake Worth,P0260,0,75,2
2026-01-31,Oakland Park,P0073,11,291,1
2026-01-31,Oakland Park,P0288,9,12,2
2026-01-31,Lake Worth,P0215,5,57,2
2025-09-30,Oakland Park,P0004,11,168,2
2025-08-31,Lake Worth,P0243,0,74,2
2025-08-31,Dania Beach,P0235,2,21,2
2025-07-31,Oakland Park,P0267,2,18,3
2025-07-31,Dania Beach,P0234,9,67,2
2025-09-30,Oakland Park,P0247,5,14,1
2025-12-31,Lake Worth,P0102,7,18,1
2026-06-30,Dania Beach,P0221,1,205,2
2025-09-30,Dania Beach,P0090,8,25,3
2026-05-31,Lake Worth,P0082,2,50,2
2025-07-31,Lake Worth,P0048,3,20,1
2026-06-30,Lake Worth,P0136,3,73,3
2025-10-31,Dania Beach,P0200,5,8,2
2025-12-31,Lake Worth,P0157,9,31,2
2025-07-31,Oakland Park,P0291,0,5,2
2026-06-30,Lake Worth,P0192,5,58,3
2025-11-30,Lake Worth,P0146,0,28,2
2026-03-31,Oakland Park,P0267,3,44,1
2026-02-28,Dania Beach,P0092,3,68,2
2026-04-30,Dania Beach,P0154,0,0,2
2026-03-31,Lake Worth,P0064,3,62,3
2026-03-31,Oakland Park,P0252,5,65,3
2025-09-30,Dania Beach,P0291,1,8,3
2025-10-31,Lake Worth,P0087,3,59,2
2026-05-31,Oakland Park,P0119,1,44,1
2026-01-31,Lake Worth,P0227,9,36,3
2025-12-31,Oakland Park,P0069,22,59,2
2026-01-31,Lake Worth,P0285,4,69,3
2025-11-30,Oakland Park,P0241,2,15,2
2026-01-31,Lake Worth,P0263,4,7,2
2026-05-31,Oakland Park,P0264,11,215,2
2026-02-28,Dania Beach,P0197,3,31,2
2025-07-31,Oakland Park,P0162,2,54,2
2026-02-28,Dania Beach,P0296,1,39,2
2026-04-30,Oakland Park,P0130,1,70,1
2025-12-31,Oakland Park,P0270,4,184,2
2025-09-30,Oakland Park,P0093,4,28,1
2025-11-30,Oakland Park,P0173,5,55,2
2026-03-31,Lake Worth,P0264,11,72,2
2025-08-31,Lake Worth,P0233,14,227,3
2025-10-31,Lake Worth,P0081,0,52,3
2025-12-31,Oakland Park,P0300,3,41,2
2026-02-28,Oakland Park,P0219,5,60,1
2025-11-30,Lake Worth,P0111,3,42,3
2026-06-30,Lake Worth,P0116,13,29,3
2025-07-31,Lake Worth,P0175,3,53,2
2025-08-31,Dania Beach,P0115,0,0,3
2025-12-31,Oakland Park,P0035,13,165,2
2025-09-30,Lake Worth,P0271,4,19,2
2025-07-31,Lake Worth,P0104,8,64,2
2026-03-31,Lake Worth,P0067,1,211,3
2026-01-31,Lake Worth,P0288,8,66,1
2025-10-31,Lake Worth,P0086,0,50,2
2026-06-30,Dania Beach,P0035,0,0,3
2025-11-30,Lake Worth,P0088,0,13,1
2025-10-31,Dania Beach,P0101,0,44,2
2026-03-31,Oakland Park,P0295,1,12,2
2026-05-31,Dania Beach,P0291,1,58,1
2025-11-30,Lake Worth,P0212,3,14,2
2026-06-30,Oakland Park,P0207,4,241,3
2026-06-30,Dania Beach,P0062,3,219,2
2026-03-31,Dania Beach,P0051,0,13,2
2025-08-31,Dania Beach,P0148,3,19,2
2026-04-30,Oakland Park,P0068,12,13,2
2026-05-31,Oakland Park,P0295,1,154,3
2026-01-31,Lake Worth,P0282,0,42,1
2026-02-28,Lake Worth,P0300,2,30,2
2026-02-28,Dania Beach,P0254,4,62,3
2025-08-31,Oakland Park,P0300,4,32,2
2025-10-31,Oakland Park,P0095,8,29,3
2026-05-31,Lake Worth,P0010,2,74,2
2025-08-31,Lake Worth,P0264,14,17,2
2025-07-31,Lake Worth,P0150,8,25,2
2026-06-30,Lake Worth,P0173,6,67,1
2025-08-31,Oakland Park,P0028,62,30,3
2026-06-30,Oakland Park,P0055,1,69,3
2025-09-30,Oakland Park,P0101,1,28,3
2025-11-30,Dania Beach,P0222,2,70,2
2026-06-30,Dania Beach,P0128,0,0,2
2025-08-31,Lake Worth,P0225,19,14,2
2025-09-30,Lake Worth,P0053,0,37,2
2025-08-31,Lake Worth,P0020,3,46,1
2025-10-31,Dania Beach,P0291,3,28,1
2025-12-31,Lake Worth,P0296,1,5,2
2025-11-30,Lake Worth,P0261,1,17,2
2025-07-31,Lake Worth,P0118,0,37,2
2026-06-30,Dania Beach,P0112,20,68,3
2026-05-31,Lake Worth,P0043,1,23,1
2025-10-31,Oakland Park,P0092,3,33,2
2026-05-31,Oakland Park,P0156,10,273,2
2026-05-31,Dania Beach,P0064,1,65,1
2025-08-31,Lake Worth,P0217,0,62,1
2025-09-30,Oakland Park,P0162,4,115,3
2026-02-28,Dania Beach,P0100,14,234,2
2026-03-31,Oakland Park,P0245,7,119,3
2026-04-30,Lake Worth,P0085,4,70,2
2025-09-30,Oakland Park,P0052,3,104,2
2026-06-30,Dania Beach,P0110,3,178,1
2025-09-30,Lake Worth,P0114,4,31,1
2026-04-30,Oakland Park,P0111,3,51,3
2026-01-31,Oakland Park,P0101,2,10,1
2025-07-31,Oakland Park,P0016,7,7,2
2025-07-31,Lake Worth,P0171,0,73,2
2025-10-31,Dania Beach,P0173,9,42,3
2025-07-31,Dania Beach,P0209,15,44,3
2025-11-30,Dania Beach,P0162,5,170,3
2025-07-31,Dania Beach,P0004,11,44,2
2025-07-31,Lake Worth,P0123,27,14,1
2025-07-31,Dania Beach,P0097,4,270,1
2025-07-31,Oakland Park,P0190,3,11,2
2025-12-31,Lake Worth,P0144,2,73,2
2025-10-31,Dania Beach,P0174,2,119,1
2026-01-31,Lake Worth,P0113,5,35,2
2025-08-31,Lake Worth,P0104,3,210,3
2025-09-30,Oakland Park,P0113,6,26,1
2025-09-30,Oakland Park,P0256,0,71,1
2026-05-31,Oakland Park,P0262,2,272,1
2026-06-30,Lake Worth,P0117,1,212,3
2026-04-30,Oakland Park,P0034,6,42,1
2025-09-30,Oakland Park,P0233,11,74,2
2026-04-30,Oakland Park,P0293,3,250,2
2026-02-28,Lake Worth,P0165,1,251,2
2026-03-31,Oakland Park,P0029,1,24,2
2026-04-30,Lake Worth,P0010,1,55,1
2026-05-31,Oakland Park,P0114,4,56,1
2025-10-31,Lake Worth,P0077,4,264,3
2026-03-31,Lake Worth,P0297,3,71,3
2026-06-30,Dania Beach,P0045,21,70,3
2026-05-31,Dania Beach,P0228,3,181,2
2025-08-31,Oakland Park,P0181,28,200,2
2025-12-31,Lake Worth,P0156,5,36,2
2025-07-31,Dania Beach,P0051,3,59,1
2026-01-31,Oakland Park,P0122,7,77,2
2025-09-30,Oakland Park,P0141,24,30,3
2026-05-31,Lake Worth,P0275,0,13,2
2025-10-31,Oakland Park,P0118,0,36,3
2025-12-31,Oakland Park,P0275,0,37,2
2025-11-30,Dania Beach,P0171,6,179,1
2026-02-28,Dania Beach,P0273,0,5,2
2026-04-30,Oakland Park,P0153,6,46,2
2025-08-31,Oakland Park,P0178,8,140,2
2026-03-31,Oakland Park,P0170,14,124,2
2025-11-30,Oakland Park,P0001,3,63,3
2025-10-31,Dania Beach,P0027,5,33,2
2025-10-31,Lake Worth,P0232,15,12,2
2026-05-31,Oakland Park,P0221,3,247,1
2026-05-31,Dania Beach,P0075,2,63,3
2026-01-31,Lake Worth,P0156,5,180,2
2025-08-31,Dania Beach,P0155,3,293,1
2026-01-31,Lake Worth,P0176,4,58,2
2025-09-30,Oakland Park,P0178,8,142,2
2025-09-30,Dania Beach,P0180,1,47,2
2025-08-31,Oakland Park,P0140,2,9,2
2026-05-31,Dania Beach,P0192,4,60,2
2025-09-30,Lake Worth,P0270,5,61,2
2025-07-31,Oakland Park,P0124,4,35,2
2026-03-31,Lake Worth,P0185,5,6,2
2025-07-31,Lake Worth,P0251,6,11,2
2025-08-31,Oakland Park,P0004,8,72,2
2025-10-31,Lake Worth,P0137,2,43,2
2025-07-31,Lake Worth,P0164,4,13,3
2026-04-30,Oakland Park,P0167,4,65,2
2026-04-30,Dania Beach,P0261,1,46,2
2025-10-31,Dania Beach,P0071,12,62,1
2025-07-31,Dania Beach,P0251,4,61,2
2025-08-31,Oakland Park,P0297,5,14,2
2026-05-31,Oakland Park,P0051,1,297,2
2025-11-30,Oakland Park,P0259,4,28,3
2025-08-31,Dania Beach,P0038,1,38,2
2026-03-31,Lake Worth,P0068,11,70,1
2025-08-31,Oakland Park,P0066,4,46,3
2025-07-31,Dania Beach,P0272,2,53,3
2025-08-31,Lake Worth,P0091,12,68,2
2026-03-31,Lake Worth,P0140,5,12,2
2026-03-31,Lake Worth,P0279,5,63,1
2025-07-31,Lake Worth,P0038,0,72,2
2026-02-28,Oakland Park,P0222,4,54,1
2026-04-30,Oakland Park,P0202,0,71,1
2026-03-31,Oakland Park,P0239,2,18,2
2026-06-30,Dania Beach,P0179,0,12,1
2025-09-30,Lake Worth,P0042,20,49,3
2026-01-31,Oakland Park,P0194,0,38,2
2025-12-31,Lake Worth,P0250,44,7,2
2026-03-31,Dania Beach,P0294,11,24,3
2026-03-31,Dania Beach,P0262,0,22,3
2025-11-30,Dania Beach,P0194,0,17,2
2026-05-31,Lake Worth,P0129,5,19,2
2025-09-30,Oakland Park,P0008,7,60,3
2025-11-30,Dania Beach,P0072,1,47,2
2025-09-30,Dania Beach,P0106,2,47,2
2025-07-31,Oakland Park,P0212,0,59,2
2025-11-30,Lake Worth,P0240,6,248,3
2026-04-30,Oakland Park,P0248,5,60,1
2026-01-31,Lake Worth,P0216,0,19,2
2025-10-31,Lake Worth,P0200,1,292,3
2025-11-30,Oakland Park,P0293,6,66,2
2025-11-30,Lake Worth,P0250,47,51,2
2025-08-31,Dania Beach,P0006,4,20,2
2025-11-30,Lake Worth,P0255,2,15,2
2025-12-31,Oakland Park,P0271,14,97,3
2025-08-31,Oakland Park,P0027,5,63,2
2025-09-30,Dania Beach,P0200,0,14,2
2025-08-31,Oakland Park,P0103,0,5,3
2025-08-31,Lake Worth,P0205,9,44,2
2025-11-30,Dania Beach,P0227,10,16,2
2026-05-31,Dania Beach,P0297,0,30,2
2026-01-31,Oakland Park,P0246,0,14,1
2026-05-31,Dania Beach,P0069,19,54,3
2025-12-31,Dania Beach,P0112,21,257,2
2026-02-28,Oakland Park,P0125,11,113,2
2026-04-30,Dania Beach,P0119,2,29,2
2025-07-31,Lake Worth,P0149,2,69,2
2026-04-30,Dania Beach,P0088,6,37,3
2026-06-30,Lake Worth,P0149,3,56,1
2026-03-31,Dania Beach,P0028,64,50,2
2026-05-31,Oakland Park,P0287,0,18,2
2026-06-30,Oakland Park,P0054,6,51,2
2026-05-31,Lake Worth,P0214,0,42,2
2025-07-31,Oakland Park,P0216,1,21,2
2026-04-30,Dania Beach,P0294,9,59,3
2025-08-31,Dania Beach,P0099,24,10,1
2025-12-31,Oakland Park,P0107,13,81,1
2026-06-30,Lake Worth,P0206,0,72,2
2025-10-31,Lake Worth,P0298,16,71,2
2026-01-31,Oakland Park,P0169,2,17,2
2026-01-31,Oakland Park,P0070,2,34,2
2025-07-31,Oakland Park,P0278,0,50,2
2026-01-31,Dania Beach,P0131,0,27,1
2026-06-30,Dania Beach,P0211,0,15,2
2026-06-30,Lake Worth,P0078,8,54,3
2025-10-31,Dania Beach,P0188,0,0,1
2025-07-31,Dania Beach,P0078,5,37,2
2026-01-31,Dania Beach,P0039,0,55,2
2025-08-31,Lake Worth,P0218,2,15,2
2026-06-30,Oakland Park,P0190,1,39,1
2025-11-30,Dania Beach,P0110,0,59,2
2025-12-31,Lake Worth,P0173,6,50,2
2025-11-30,Oakland Park,P0156,8,71,2
2025-11-30,Dania Beach,P0250,45,56,1
2025-10-31,Lake Worth,P0221,2,27,3
2026-06-30,Oakland Park,P0140,5,35,2
2026-03-31,Lake Worth,P0216,1,37,2
2025-10-31,Oakland Park,P0073,10,86,1
2026-04-30,Lake Worth,P0042,19,60,1
2026-04-30,Lake Worth,P0136,1,119,2
2025-08-31,Dania Beach,P0080,0,32,1
2026-05-31,Lake Worth,P0138,30,213,2
2025-11-30,Dania Beach,P0097,2,19,3
2025-08-31,Oakland Park,P0202,3,72,3
2025-11-30,Lake Worth,P0017,0,48,2
2026-03-31,Dania Beach,P0219,3,56,2
2026-06-30,Oakland Park,P0196,11,14,2
2026-06-30,Lake Worth,P0096,4,13,1
2026-01-31,Oakland Park,P0015,3,65,1
2026-04-30,Lake Worth,P0021,1,266,2
2025-09-30,Oakland Park,P0181,26,36,2
2025-12-31,Dania Beach,P0223,4,131,2
2026-01-31,Lake Worth,P0166,1,105,1
2025-08-31,Lake Worth,P0154,2,8,2
2026-02-28,Lake Worth,P0048,4,9,2
2025-11-30,Lake Worth,P0258,158,22,2
2026-03-31,Oakland Park,P0272,5,61,2
2026-05-31,Dania Beach,P0049,1,33,1
2026-01-31,Dania Beach,P0013,2,66,3
2026-03-31,Oakland Park,P0071,10,138,3
2025-12-31,Lake Worth,P0192,6,221,2
2025-08-31,Oakland Park,P0100,18,13,2
2025-12-31,Lake Worth,P0047,2,11,1
2026-05-31,Lake Worth,P0024,3,36,2
2025-11-30,Dania Beach,P0152,7,69,2
2025-08-31,Lake Worth,P0283,4,135,2
2026-03-31,Oakland Park,P0236,5,22,3
2026-01-31,Lake Worth,P0062,5,117,2
2025-11-30,Dania Beach,P0244,6,65,2
2026-01-31,Dania Beach,P0099,24,244,2
2025-07-31,Oakland Park,P0198,7,313,2
2026-05-31,Dania Beach,P0172,2,12,3
2025-08-31,Oakland Park,P0121,4,47,2
2025-09-30,Lake Worth,P0240,2,104,2
2026-06-30,Dania Beach,P0065,1,244,1
2025-07-31,Lake Worth,P0026,2,38,2
2026-05-31,Oakland Park,P0282,1,283,1
2026-02-28,Oakland Park,P0183,0,25,2
2026-02-28,Oakland Park,P0270,4,29,1
2026-03-31,Dania Beach,P0045,22,100,2
2025-08-31,Oakland Park,P0079,8,46,2
2025-11-30,Dania Beach,P0031,5,57,2
2025-12-31,Oakland Park,P0183,3,37,2
2026-06-30,Dania Beach,P0118,5,119,3
2025-11-30,Lake Worth,P0287,1,143,1
2026-02-28,Oakland Park,P0268,2,67,2
2026-03-31,Oakland Park,P0012,5,34,1
2026-06-30,Oakland Park,P0053,0,69,2
2025-09-30,Lake Worth,P0064,0,45,2
2026-05-31,Dania Beach,P0035,0,0,2
2026-01-31,Oakland Park,P0252,5,16,1
2025-09-30,Oakland Park,P0136,0,68,2
2025-12-31,Dania Beach,P0015,3,7,2
2026-03-31,Oakland Park,P0133,0,20,2
2025-08-31,Dania Beach,P0144,0,0,2
2026-03-31,Oakland Park,P0275,1,5,2
2025-09-30,Oakland Park,P0243,5,18,2
2025-08-31,Lake Worth,P0037,7,5,1
2026-01-31,Oakland Park,P0097,2,33,2
2026-02-28,Dania Beach,P0010,0,0,2
2026-05-31,Lake Worth,P0109,5,11,2
2025-09-30,Oakland Park,P0160,2,23,1
2026-06-30,Oakland Park,P0158,3,306,2
2026-02-28,Lake Worth,P0146,3,56,1
2025-08-31,Oakland Park,P0193,5,71,3
2025-08-31,Dania Beach,P0220,2,9,1
2025-11-30,Dania Beach,P0095,8,42,2
2025-08-31,Oakland Park,P0292,2,36,1
2026-01-31,Dania Beach,P0054,4,51,1
2025-11-30,Oakland Park,P0093,7,53,2
2025-07-31,Dania Beach,P0121,8,199,2
2026-05-31,Dania Beach,P0015,1,61,1
2026-03-31,Lake Worth,P0191,1,111,1
2025-07-31,Dania Beach,P0099,21,270,3
2026-01-31,Lake Worth,P0236,5,26,2
2025-11-30,Dania Beach,P0231,5,61,3
2025-12-31,Dania Beach,P0184,2,66,3
2025-10-31,Lake Worth,P0214,4,14,2
2025-12-31,Lake Worth,P0153,5,18,2
2025-07-31,Oakland Park,P0192,6,202,2
2025-11-30,Oakland Park,P0291,0,16,3
2025-10-31,Oakland Park,P0139,0,22,2
2026-01-31,Oakland Park,P0057,0,48,2
2025-07-31,Oakland Park,P0101,0,61,3
2026-04-30,Dania Beach,P0275,2,5,2
2025-10-31,Lake Worth,P0019,0,57,2
2026-05-31,Oakland Park,P0032,0,28,2
2025-11-30,Dania Beach,P0138,28,312,1
2026-05-31,Oakland Park,P0008,3,30,1
2026-03-31,Dania Beach,P0083,1,28,2
2026-06-30,Lake Worth,P0048,3,53,2
2026-03-31,Oakland Park,P0182,4,57,3
2026-03-31,Dania Beach,P0136,1,68,3
2025-11-30,Dania Beach,P0237,7,24,2
2026-02-28,Lake Worth,P0170,6,71,1
2025-11-30,Lake Worth,P0237,4,101,1
2026-01-31,Dania Beach,P0230,0,30,3
2026-04-30,Lake Worth,P0185,2,66,2
2026-04-30,Lake Worth,P0183,5,320,1
2025-08-31,Dania Beach,P0143,1,42,2
2026-03-31,Oakland Park,P0289,0,53,2
2026-05-31,Oakland Park,P0226,3,38,2
2025-11-30,Lake Worth,P0263,0,49,3
2026-06-30,Lake Worth,P0092,4,40,1
2026-05-31,Oakland Park,P0040,2,13,3
2025-07-31,Oakland Park,P0105,6,53,3
2025-08-31,Lake Worth,P0133,3,16,1
2025-08-31,Dania Beach,P0283,9,49,2
2025-11-30,Dania Beach,P0066,1,55,2
2025-10-31,Dania Beach,P0183,0,68,1
2026-03-31,Dania Beach,P0251,1,64,1
2025-09-30,Oakland Park,P0021,4,66,3
2026-01-31,Dania Beach,P0183,2,5,3
2025-12-31,Oakland Park,P0077,5,29,3
2025-11-30,Dania Beach,P0180,3,201,1
2025-10-31,Oakland Park,P0082,2,13,2
2026-01-31,Lake Worth,P0117,0,13,1
2025-07-31,Oakland Park,P0045,18,74,1
2025-10-31,Oakland Park,P0105,3,72,2
2025-07-31,Lake Worth,P0121,5,74,2
2025-08-31,Oakland Park,P0280,4,10,3
2025-09-30,Dania Beach,P0110,2,30,2
2025-09-30,Dania Beach,P0019,1,32,2
2026-05-31,Oakland Park,P0062,3,23,3
2025-10-31,Lake Worth,P0294,11,60,2
2025-12-31,Oakland Park,P0208,0,12,3
2025-11-30,Lake Worth,P0133,0,12,1
2025-08-31,Dania Beach,P0221,0,14,2
2026-01-31,Lake Worth,P0080,4,50,2
2025-10-31,Dania Beach,P0283,8,41,1
2026-02-28,Lake Worth,P0017,0,51,1
2026-06-30,Lake Worth,P0299,2,9,2
2025-12-31,Lake Worth,P0010,1,249,1
2025-11-30,Dania Beach,P0032,3,21,2
2025-11-30,Dania Beach,P0074,0,20,2
2026-01-31,Lake Worth,P0109,2,32,1
2026-06-30,Dania Beach,P0154,0,0,3
2025-11-30,Oakland Park,P0033,7,139,2
2026-05-31,Dania Beach,P0157,12,71,2
2025-11-30,Oakland Park,P0100,11,299,2
2026-02-28,Oakland Park,P0274,1,20,2
2026-02-28,Dania Beach,P0231,8,296,1
2026-02-28,Dania Beach,P0037,6,150,2
2026-06-30,Lake Worth,P0026,4,297,1
2025-07-31,Lake Worth,P0075,0,40,2
2026-01-31,Oakland Park,P0167,0,37,2
2025-09-30,Dania Beach,P0079,10,67,2
2025-09-30,Oakland Park,P0238,5,11,2
2025-11-30,Dania Beach,P0079,8,140,2
2025-12-31,Oakland Park,P0094,5,28,2
2025-09-30,Oakland Park,P0122,8,317,1
2026-03-31,Dania Beach,P0091,12,65,1
2026-05-31,Lake Worth,P0241,2,70,2
2026-03-31,Lake Worth,P0295,3,51,2
2025-10-31,Oakland Park,P0053,0,56,2
2025-11-30,Dania Beach,P0024,0,0,2
2026-02-28,Dania Beach,P0151,0,0,2
2026-01-31,Dania Beach,P0051,5,13,3
2025-12-31,Oakland Park,P0106,2,44,1
2025-08-31,Oakland Park,P0221,3,39,2
2025-09-30,Oakland Park,P0042,17,23,2
2025-10-31,Lake Worth,P0043,3,26,2
2025-09-30,Dania Beach,P0249,3,52,2
2025-12-31,Lake Worth,P0184,2,18,2
2026-04-30,Lake Worth,P0299,3,11,1
2025-07-31,Dania Beach,P0248,5,129,3
2026-01-31,Dania Beach,P0189,0,0,2
2025-09-30,Lake Worth,P0045,19,53,2
2025-12-31,Dania Beach,P0230,1,22,1
2026-02-28,Lake Worth,P0116,11,98,2
2026-06-30,Dania Beach,P0174,3,62,1
2026-06-30,Oakland Park,P0047,6,64,3
2026-02-28,Dania Beach,P0144,0,0,2
2025-09-30,Dania Beach,P0146,0,22,1
2025-12-31,Oakland Park,P0058,8,44,1
2025-07-31,Lake Worth,P0259,2,20,2
2026-01-31,Oakland Park,P0266,3,41,3
2025-07-31,Oakland Park,P0073,13,180,2
2026-02-28,Dania Beach,P0189,0,0,2
2026-01-31,Dania Beach,P0276,0,7,3
2025-07-31,Lake Worth,P0032,0,39,2
2025-08-31,Dania Beach,P0085,0,57,2
2026-03-31,Oakland Park,P0047,6,68,2
2025-10-31,Oakland Park,P0253,18,30,2
2025-08-31,Oakland Park,P0247,4,106,2
2025-09-30,Dania Beach,P0274,0,58,2
2026-05-31,Oakland Park,P0044,1,20,2
2025-11-30,Dania Beach,P0004,9,21,3
2025-10-31,Oakland Park,P0285,5,62,2
2026-04-30,Oakland Park,P0017,3,62,2
2026-06-30,Oakland Park,P0245,4,71,2
2026-06-30,Dania Beach,P0013,1,61,1
2026-02-28,Dania Beach,P0183,1,320,2
2025-12-31,Lake Worth,P0232,15,18,3
2026-01-31,Oakland Park,P0055,4,21,1
2025-07-31,Oakland Park,P0020,7,22,3
2025-10-31,Dania Beach,P0002,5,38,2
2025-11-30,Oakland Park,P0224,5,51,2
2026-05-31,Dania Beach,P0020,4,158,2
2025-11-30,Dania Beach,P0172,0,32,2
2026-03-31,Oakland Park,P0120,30,23,1
2025-10-31,Lake Worth,P0049,2,39,2
2026-06-30,Oakland Park,P0231,6,13,3
2025-11-30,Oakland Park,P0283,6,140,1
2026-02-28,Dania Beach,P0200,0,37,2
2026-01-31,Lake Worth,P0289,2,70,2
2025-12-31,Lake Worth,P0277,3,277,3
2026-01-31,Oakland Park,P0291,0,56,3
2025-10-31,Oakland Park,P0063,7,9,1
2026-02-28,Lake Worth,P0129,4,248,2
2025-08-31,Dania Beach,P0151,0,0,3
2026-03-31,Oakland Park,P0186,4,55,1
2025-09-30,Lake Worth,P0285,7,108,1
2025-08-31,Dania Beach,P0211,6,13,1
2025-08-31,Oakland Park,P0083,4,67,3
2025-12-31,Oakland Park,P0200,1,264,2
2026-05-31,Dania Beach,P0034,5,16,2
2026-05-31,Dania Beach,P0203,0,26,3
2025-07-31,Lake Worth,P0088,0,71,2
2026-05-31,Lake Worth,P0288,7,56,2
2025-07-31,Lake Worth,P0224,3,240,3
2025-11-30,Dania Beach,P0249,2,60,2
2025-09-30,Oakland Park,P0073,9,290,2
2025-11-30,Dania Beach,P0202,0,49,1
2025-12-31,Lake Worth,P0043,4,27,3
2025-12-31,Oakland Park,P0213,0,61,2
2025-07-31,Lake Worth,P0228,0,52,2
2025-11-30,Oakland Park,P0070,1,43,3
2025-10-31,Dania Beach,P0235,1,28,2
2026-03-31,Oakland Park,P0164,0,41,1
2025-12-31,Dania Beach,P0143,1,16,2
2026-04-30,Dania Beach,P0044,1,73,3
2025-07-31,Lake Worth,P0120,26,39,2
2025-12-31,Oakland Park,P0211,5,32,3
2026-03-31,Lake Worth,P0244,5,17,3
2025-10-31,Dania Beach,P0042,18,30,1
2025-07-31,Dania Beach,P0129,3,64,1
2026-05-31,Lake Worth,P0036,5,60,3
2026-02-28,Oakland Park,P0237,3,18,3
2025-12-31,Dania Beach,P0186,0,23,3
2026-04-30,Dania Beach,P0152,8,30,3
2026-04-30,Dania Beach,P0279,4,43,3
2026-02-28,Lake Worth,P0087,3,6,2
2025-11-30,Dania Beach,P0212,3,42,2
2026-04-30,Oakland Park,P0273,1,65,1
2025-11-30,Oakland Park,P0055,2,28,2
2025-10-31,Oakland Park,P0146,0,53,1
2025-10-31,Oakland Park,P0244,4,68,3
2025-09-30,Dania Beach,P0261,4,275,2
2025-08-31,Oakland Park,P0025,1,45,2
2026-05-31,Oakland Park,P0170,12,171,2
2026-03-31,Lake Worth,P0195,3,66,2
2026-02-28,Oakland Park,P0198,8,128,1
2026-02-28,Lake Worth,P0278,3,42,2
2025-12-31,Dania Beach,P0049,1,22,3
2025-09-30,Oakland Park,P0263,7,162,2
2025-07-31,Lake Worth,P0108,7,157,2
2025-10-31,Dania Beach,P0091,12,265,1
2026-02-28,Oakland Park,P0217,4,54,2
2026-05-31,Lake Worth,P0106,3,65,2
2026-02-28,Lake Worth,P0141,25,75,2
2026-01-31,Dania Beach,P0145,12,34,1
2025-09-30,Lake Worth,P0180,5,195,2
2026-05-31,Oakland Park,P0144,11,265,3
2026-01-31,Dania Beach,P0005,0,51,3
2026-04-30,Dania Beach,P0069,22,237,3
2025-11-30,Lake Worth,P0073,0,61,3
2025-10-31,Dania Beach,P0036,0,0,3
2026-02-28,Dania Beach,P0186,4,46,2
2025-12-31,Oakland Park,P0080,1,45,2
2025-12-31,Lake Worth,P0149,2,21,1
2026-03-31,Dania Beach,P0117,0,13,3
2025-07-31,Lake Worth,P0274,2,45,2
2025-08-31,Oakland Park,P0289,0,68,1
2026-02-28,Oakland Park,P0214,1,113,3
2025-12-31,Lake Worth,P0288,8,62,2
2026-04-30,Dania Beach,P0249,2,63,1
2025-11-30,Oakland Park,P0062,0,18,3
2025-07-31,Lake Worth,P0206,0,48,2
2025-09-30,Lake Worth,P0089,3,64,2
2026-02-28,Lake Worth,P0193,2,18,3
2026-02-28,Dania Beach,P0099,24,227,1
2025-08-31,Oakland Park,P0104,7,29,3
2026-02-28,Lake Worth,P0292,1,29,1
2026-01-31,Dania Beach,P0192,7,96,2
2025-08-31,Dania Beach,P0119,1,105,3
2025-09-30,Oakland Park,P0228,4,7,3
2026-05-31,Dania Beach,P0121,7,65,3
2025-11-30,Lake Worth,P0045,18,142,2
2025-08-31,Dania Beach,P0237,1,40,3
2025-11-30,Dania Beach,P0296,0,66,1
2025-10-31,Lake Worth,P0131,5,19,2
2025-07-31,Oakland Park,P0125,10,5,2
2026-02-28,Dania Beach,P0059,6,68,1
2026-02-28,Oakland Park,P0191,4,49,2
2025-07-31,Dania Beach,P0111,2,248,2
2025-09-30,Lake Worth,P0070,0,11,2
2026-03-31,Oakland Park,P0230,1,211,1
2025-07-31,Lake Worth,P0050,13,57,3
2025-11-30,Lake Worth,P0270,5,264,3
2025-10-31,Oakland Park,P0232,18,57,3
2026-04-30,Dania Beach,P0030,2,69,2
2026-04-30,Lake Worth,P0170,3,37,2
2025-12-31,Dania Beach,P0158,2,22,3
2026-06-30,Dania Beach,P0250,46,43,1
2026-04-30,Dania Beach,P0184,3,14,1
2026-03-31,Dania Beach,P0124,4,73,2
2026-02-28,Lake Worth,P0255,1,108,2
2025-09-30,Dania Beach,P0063,8,54,2
2026-01-31,Lake Worth,P0094,3,74,2
2026-05-31,Dania Beach,P0045,19,71,2
2026-05-31,Dania Beach,P0253,14,56,1
2026-05-31,Dania Beach,P0220,1,62,2
2025-09-30,Lake Worth,P0239,5,37,2
2025-08-31,Dania Beach,P0267,3,232,1
2025-10-31,Lake Worth,P0227,10,48,1
2026-01-31,Dania Beach,P0095,7,63,3
2025-12-31,Dania Beach,P0011,1,54,3
2025-11-30,Dania Beach,P0235,0,24,2
2026-01-31,Dania Beach,P0240,4,18,3
2025-08-31,Dania Beach,P0027,2,47,2
2026-03-31,Lake Worth,P0011,5,147,2
2026-02-28,Lake Worth,P0164,3,34,2
2025-07-31,Dania Beach,P0265,5,73,2
2026-02-28,Oakland Park,P0022,11,43,2
2026-05-31,Dania Beach,P0118,2,64,2
2026-02-28,Lake Worth,P0241,2,48,3
2026-02-28,Oakland Park,P0176,7,47,2
2026-06-30,Lake Worth,P0230,9,30,1
2026-05-31,Dania Beach,P0183,3,17,2
2026-02-28,Dania Beach,P0280,2,18,2
2025-09-30,Dania Beach,P0206,0,0,2
2025-11-30,Oakland Park,P0079,11,26,2
2025-07-31,Dania Beach,P0014,0,38,3
2025-11-30,Dania Beach,P0015,0,49,1
2026-03-31,Lake Worth,P0176,3,16,2
2025-08-31,Dania Beach,P0032,0,6,1
2025-12-31,Lake Worth,P0187,5,257,2
2026-05-31,Oakland Park,P0240,1,29,2
2026-05-31,Oakland Park,P0026,1,8,2
2026-01-31,Oakland Park,P0088,3,60,3
2026-05-31,Oakland Park,P0067,13,148,2
2025-07-31,Dania Beach,P0154,0,0,2
2026-01-31,Oakland Park,P0001,0,37,3
2025-07-31,Dania Beach,P0187,2,136,1
2026-06-30,Dania Beach,P0233,15,13,2
2025-11-30,Lake Worth,P0089,1,22,2
2025-12-31,Lake Worth,P0169,4,46,1
2025-10-31,Lake Worth,P0176,1,71,2
2026-04-30,Lake Worth,P0241,3,60,2
2026-02-28,Dania Beach,P0102,8,68,1
2026-01-31,Oakland Park,P0272,5,52,1
2026-04-30,Lake Worth,P0104,9,32,3
2026-02-28,Oakland Park,P0159,0,51,2
2025-09-30,Dania Beach,P0284,0,0,1
2025-12-31,Dania Beach,P0200,0,68,2
2026-01-31,Dania Beach,P0147,7,22,2
2025-07-31,Oakland Park,P0191,0,13,2
2026-06-30,Oakland Park,P0078,5,15,2
2025-09-30,Oakland Park,P0203,0,72,2
2026-01-31,Dania Beach,P0292,0,21,2
2025-11-30,Oakland Park,P0134,11,47,2
2026-02-28,Oakland Park,P0098,6,26,1
2025-08-31,Lake Worth,P0150,3,23,2
2025-07-31,Dania Beach,P0285,0,47,1
2026-04-30,Dania Beach,P0203,0,27,3
2026-01-31,Lake Worth,P0175,11,72,2
2026-02-28,Dania Beach,P0293,3,60,2
2026-01-31,Dania Beach,P0296,3,12,2
2025-11-30,Lake Worth,P0245,3,55,2
2026-02-28,Dania Beach,P0096,0,45,2
2026-04-30,Oakland Park,P0124,0,63,3
2026-04-30,Dania Beach,P0230,5,233,2
2025-11-30,Lake Worth,P0221,0,70,1
2026-03-31,Oakland Park,P0034,6,19,2
2025-11-30,Oakland Park,P0257,3,45,2
2025-09-30,Dania Beach,P0244,5,130,2
2025-08-31,Dania Beach,P0036,0,0,1
2025-09-30,Dania Beach,P0118,1,47,3
2025-08-31,Dania Beach,P0236,0,62,2
2026-03-31,Lake Worth,P0205,9,65,2
2025-10-31,Lake Worth,P0055,1,120,1
2026-02-28,Oakland Park,P0232,15,45,3
2026-03-31,Lake Worth,P0251,6,9,1
2025-12-31,Oakland Park,P0119,3,18,2
2026-04-30,Lake Worth,P0073,2,194,3
2025-12-31,Oakland Park,P0285,6,313,2
2025-09-30,Lake Worth,P0247,7,8,2
2025-10-31,Dania Beach,P0040,4,13,2
2025-10-31,Oakland Park,P0087,1,140,1
2025-12-31,Lake Worth,P0201,1,30,2
2026-01-31,Dania Beach,P0270,1,58,3
2026-06-30,Lake Worth,P0126,7,51,3
2026-03-31,Oakland Park,P0079,8,40,1
2025-11-30,Oakland Park,P0101,1,13,1
2026-03-31,Lake Worth,P0238,4,8,1
2026-04-30,Lake Worth,P0003,0,59,3
2026-01-31,Lake Worth,P0055,4,58,1
2025-12-31,Oakland Park,P0167,3,69,2
2026-02-28,Dania Beach,P0161,6,69,3
2025-12-31,Dania Beach,P0265,5,157,2
2025-09-30,Oakland Park,P0189,11,151,3
2025-11-30,Dania Beach,P0131,3,63,2
2026-04-30,Lake Worth,P0169,6,71,2
2025-07-31,Dania Beach,P0066,2,30,3
2026-04-30,Dania Beach,P0168,5,96,2
2026-06-30,Oakland Park,P0154,9,152,3
2025-09-30,Dania Beach,P0047,7,28,1
2026-01-31,Oakland Park,P0042,17,10,1
2025-12-31,Dania Beach,P0103,0,5,1
2025-11-30,Dania Beach,P0292,0,39,1
2026-03-31,Lake Worth,P0201,1,42,2
2026-02-28,Oakland Park,P0011,0,37,2
2025-08-31,Oakland Park,P0231,6,54,2
2026-04-30,Dania Beach,P0051,4,47,1
2025-11-30,Oakland Park,P0044,0,40,3
2025-07-31,Dania Beach,P0232,13,284,2
2025-07-31,Lake Worth,P0073,0,50,2
2025-09-30,Oakland Park,P0272,2,23,2
2025-10-31,Lake Worth,P0075,1,285,2
2025-09-30,Dania Beach,P0207,3,47,2
2025-07-31,Oakland Park,P0056,0,19,3
2026-02-28,Lake Worth,P0114,0,75,1
2026-03-31,Dania Beach,P0290,4,64,2
2026-01-31,Lake Worth,P0293,6,179,3
2026-05-31,Oakland Park,P0023,2,314,1
2026-01-31,Oakland Park,P0268,6,61,2
2025-11-30,Lake Worth,P0280,4,176,3
2025-10-31,Oakland Park,P0127,4,66,3
2026-03-31,Lake Worth,P0141,21,75,2
2025-07-31,Dania Beach,P0206,0,0,1
2026-02-28,Oakland Park,P0137,7,42,3
2025-08-31,Dania Beach,P0012,3,5,1
2025-11-30,Oakland Park,P0286,9,63,1
2025-12-31,Oakland Park,P0294,7,17,2
2026-06-30,Oakland Park,P0212,2,26,3
2025-12-31,Dania Beach,P0077,9,17,3
2026-04-30,Dania Beach,P0081,4,219,2
2026-03-31,Oakland Park,P0204,3,35,2
2026-02-28,Lake Worth,P0045,19,13,3
2026-06-30,Dania Beach,P0104,6,40,2
2025-11-30,Dania Beach,P0216,0,59,2
2025-12-31,Oakland Park,P0071,8,67,2
2026-05-31,Dania Beach,P0231,10,15,1
2026-04-30,Oakland Park,P0270,3,16,2
2026-06-30,Oakland Park,P0192,5,43,3
2026-04-30,Lake Worth,P0058,6,123,1
2026-05-31,Lake Worth,P0059,1,7,2
2025-12-31,Oakland Park,P0066,2,47,3
2025-09-30,Oakland Park,P0257,2,34,2
2025-10-31,Oakland Park,P0266,5,37,2
2026-03-31,Dania Beach,P0273,1,32,2
2025-12-31,Oakland Park,P0083,1,46,2
2025-12-31,Lake Worth,P0147,4,222,2
2026-05-31,Oakland Park,P0247,2,244,2
2025-09-30,Dania Beach,P0008,9,169,2
2025-11-30,Lake Worth,P0282,3,47,1
2025-08-31,Lake Worth,P0226,2,17,2
2025-11-30,Oakland Park,P0129,5,59,2
2025-12-31,Oakland Park,P0194,0,43,2
2026-01-31,Oakland Park,P0067,14,83,3
2025-10-31,Lake Worth,P0207,6,275,2
2026-05-31,Oakland Park,P0142,1,246,1
2025-09-30,Lake Worth,P0158,1,35,2
2026-03-31,Dania Beach,P0225,16,58,1
2026-05-31,Oakland Park,P0163,0,65,2
2025-10-31,Lake Worth,P0094,1,72,3
2026-04-30,Dania Beach,P0206,0,0,2
2026-05-31,Lake Worth,P0080,1,42,2
2026-01-31,Oakland Park,P0295,0,33,2
2025-12-31,Dania Beach,P0036,0,0,1
2026-01-31,Lake Worth,P0242,4,28,2
2026-03-31,Dania Beach,P0276,3,9,2
2025-11-30,Oakland Park,P0054,4,70,3
2025-09-30,Oakland Park,P0300,1,11,2
2026-04-30,Lake Worth,P0270,0,73,3
2025-08-31,Oakland Park,P0216,5,9,3
2026-06-30,Dania Beach,P0007,3,15,1
2025-08-31,Dania Beach,P0269,4,40,3
2026-05-31,Lake Worth,P0142,0,11,2
2026-02-28,Dania Beach,P0193,7,27,1
2026-02-28,Oakland Park,P0290,0,45,2
2025-10-31,Dania Beach,P0172,0,45,1
2026-04-30,Dania Beach,P0266,8,17,3
2025-08-31,Lake Worth,P0092,4,37,3
2025-10-31,Lake Worth,P0191,3,44,2
2025-11-30,Dania Beach,P0283,7,24,1
2025-08-31,Lake Worth,P0156,2,34,2
2026-02-28,Lake Worth,P0080,0,7,2
2025-10-31,Lake Worth,P0123,23,30,2
2025-08-31,Lake Worth,P0101,6,57,2
2026-06-30,Oakland Park,P0057,7,43,1
2026-06-30,Lake Worth,P0029,4,36,2
2025-07-31,Lake Worth,P0204,2,50,3
2025-12-31,Dania Beach,P0024,0,0,1
2026-03-31,Dania Beach,P0232,12,5,3
2025-08-31,Dania Beach,P0280,3,18,3
2025-08-31,Dania Beach,P0286,10,202,3
2026-03-31,Dania Beach,P0286,6,158,3
2025-11-30,Lake Worth,P0259,4,17,1
2025-09-30,Lake Worth,P0079,7,49,3
2025-09-30,Lake Worth,P0162,1,70,2
2025-07-31,Dania Beach,P0112,26,26,2
2025-08-31,Oakland Park,P0020,7,54,3
2025-08-31,Lake Worth,P0060,10,42,3
2025-11-30,Lake Worth,P0227,7,16,3
2026-06-30,Dania Beach,P0225,21,288,1
2025-09-30,Lake Worth,P0086,2,49,1
2026-05-31,Oakland Park,P0155,3,29,2
2025-12-31,Lake Worth,P0123,27,16,2
2025-10-31,Dania Beach,P0299,0,26,1
2026-03-31,Dania Beach,P0175,6,64,3
2026-05-31,Oakland Park,P0215,0,65,2
2026-05-31,Dania Beach,P0226,1,15,1
2025-08-31,Dania Beach,P0187,0,66,2
2026-06-30,Oakland Park,P0171,4,22,3
2026-03-31,Oakland Park,P0185,1,12,1
2026-03-31,Dania Beach,P0162,3,233,2
2025-08-31,Dania Beach,P0243,4,252,2
2025-08-31,Dania Beach,P0140,2,108,2
2025-10-31,Lake Worth,P0133,5,25,1
2026-06-30,Dania Beach,P0100,13,5,1
2026-04-30,Lake Worth,P0257,5,74,2
2026-03-31,Dania Beach,P0005,1,54,2
2026-06-30,Lake Worth,P0132,3,72,2
2025-11-30,Dania Beach,P0203,5,51,2
2025-12-31,Dania Beach,P0222,6,67,2
2025-08-31,Lake Worth,P0011,0,29,3
2026-03-31,Lake Worth,P0047,4,61,1
2026-04-30,Dania Beach,P0080,0,66,1
2025-08-31,Lake Worth,P0153,5,33,2
2026-01-31,Dania Beach,P0115,0,0,3
2026-03-31,Dania Beach,P0116,8,43,3
2025-09-30,Oakland Park,P0273,1,61,2
2026-04-30,Oakland Park,P0148,6,20,3
2025-07-31,Lake Worth,P0119,3,102,3
2026-05-31,Oakland Park,P0054,0,14,2
2026-01-31,Oakland Park,P0263,14,178,2
2025-11-30,Dania Beach,P0271,0,0,2
2025-07-31,Oakland Park,P0256,1,311,2
2025-07-31,Oakland Park,P0049,1,71,3
2025-11-30,Oakland Park,P0081,1,48,1
2026-05-31,Lake Worth,P0127,5,68,1
2025-09-30,Dania Beach,P0243,0,8,2
2026-06-30,Oakland Park,P0289,1,259,2
2026-01-31,Lake Worth,P0079,7,38,3
2025-11-30,Lake Worth,P0136,3,64,2
2025-10-31,Dania Beach,P0279,8,62,1
2025-08-31,Dania Beach,P0256,0,55,3
2026-04-30,Lake Worth,P0147,3,58,1
2026-02-28,Oakland Park,P0052,1,55,2
2025-11-30,Dania Beach,P0132,6,68,2
2025-12-31,Lake Worth,P0174,4,37,1
2025-09-30,Oakland Park,P0064,2,70,3
2025-09-30,Lake Worth,P0101,4,25,2
2025-07-31,Dania Beach,P0199,0,6,1
2025-09-30,Lake Worth,P0134,5,20,2
2025-07-31,Oakland Park,P0141,21,30,1
2026-01-31,Dania Beach,P0195,2,54,2
2026-03-31,Lake Worth,P0199,0,61,1
2026-01-31,Oakland Park,P0259,7,44,2
2025-11-30,Lake Worth,P0278,7,31,2
2026-02-28,Lake Worth,P0262,0,71,1
2026-04-30,Lake Worth,P0224,4,36,1
2026-01-31,Lake Worth,P0225,17,305,2
2025-11-30,Lake Worth,P0008,4,65,2
2026-02-28,Lake Worth,P0293,4,49,2
2026-02-28,Lake Worth,P0298,14,25,2
2025-11-30,Dania Beach,P0280,0,6,3
2025-07-31,Dania Beach,P0264,0,0,1
2025-12-31,Dania Beach,P0013,3,319,2
2026-03-31,Dania Beach,P0060,14,54,2
2026-04-30,Lake Worth,P0026,3,60,2
2026-05-31,Oakland Park,P0300,1,72,3
2025-11-30,Lake Worth,P0162,5,66,2
2025-10-31,Dania Beach,P0075,2,22,1
2026-02-28,Lake Worth,P0152,7,34,2
2026-02-28,Dania Beach,P0047,3,36,2
2026-05-31,Dania Beach,P0148,4,42,2
2025-07-31,Dania Beach,P0012,6,33,1
2025-11-30,Dania Beach,P0143,1,71,3
2025-11-30,Oakland Park,P0249,5,74,2
2026-03-31,Oakland Park,P0264,14,175,3
2025-07-31,Oakland Park,P0251,5,71,2
2025-11-30,Dania Beach,P0211,3,212,2
2025-09-30,Dania Beach,P0002,1,31,3
2025-11-30,Dania Beach,P0213,0,21,3
2026-05-31,Lake Worth,P0198,6,170,1
2026-05-31,Lake Worth,P0278,0,67,2
2025-10-31,Lake Worth,P0092,2,56,3
2026-06-30,Dania Beach,P0246,2,62,3
2026-04-30,Lake Worth,P0180,5,23,1
2026-05-31,Lake Worth,P0269,6,26,1
2025-09-30,Oakland Park,P0150,6,179,2
2025-10-31,Dania Beach,P0154,0,0,3
2026-03-31,Oakland Park,P0298,14,11,2
2025-12-31,Oakland Park,P0034,4,12,2
2026-03-31,Lake Worth,P0230,4,57,2
2026-01-31,Dania Beach,P0021,5,95,2
2025-12-31,Dania Beach,P0072,3,25,1
2026-01-31,Lake Worth,P0186,1,32,2
2026-06-30,Oakland Park,P0020,2,26,2
2025-08-31,Dania Beach,P0279,4,73,1
2026-02-28,Lake Worth,P0115,0,25,3
2026-03-31,Lake Worth,P0109,4,98,3
2025-12-31,Oakland Park,P0068,13,100,2
2026-03-31,Dania Beach,P0152,6,62,2
2026-03-31,Lake Worth,P0096,0,12,2
2025-12-31,Dania Beach,P0010,0,0,1
2026-05-31,Lake Worth,P0166,0,73,2
2026-02-28,Dania Beach,P0155,0,46,2
2025-08-31,Oakland Park,P0209,13,52,2
2025-07-31,Oakland Park,P0142,3,39,3
2026-02-28,Dania Beach,P0123,24,21,2
2025-12-31,Dania Beach,P0278,5,28,2
2025-07-31,Dania Beach,P0216,1,61,3
2026-04-30,Oakland Park,P0175,4,316,3
2026-01-31,Oakland Park,P0258,157,60,1
2025-09-30,Dania Beach,P0256,3,115,2
2026-05-31,Dania Beach,P0062,1,29,2
2025-09-30,Lake Worth,P0219,3,47,2
2026-06-30,Lake Worth,P0166,2,232,2
2025-09-30,Lake Worth,P0266,6,42,2
2026-06-30,Dania Beach,P0033,9,8,1
2025-09-30,Oakland Park,P0206,13,105,2
2026-05-31,Dania Beach,P0140,6,23,3
2025-09-30,Dania Beach,P0014,1,262,2
2026-01-31,Oakland Park,P0224,4,33,2
2025-09-30,Oakland Park,P0028,61,195,3
2025-11-30,Lake Worth,P0087,0,62,2
2026-03-31,Lake Worth,P0017,0,49,3
2026-04-30,Lake Worth,P0007,2,11,1
2025-12-31,Oakland Park,P0209,18,286,2
2025-12-31,Oakland Park,P0120,31,272,2
2025-07-31,Lake Worth,P0101,1,25,2
2026-03-31,Dania Beach,P0113,5,29,3
2025-12-31,Oakland Park,P0276,0,61,2
2026-06-30,Dania Beach,P0264,0,0,2
2026-01-31,Lake Worth,P0097,2,67,1
2026-04-30,Dania Beach,P0235,0,70,3
2026-01-31,Dania Beach,P0224,3,62,1
2025-07-31,Oakland Park,P0113,5,73,2
2026-02-28,Oakland Park,P0227,6,150,3
2025-10-31,Lake Worth,P0296,3,35,1
2025-09-30,Oakland Park,P0266,3,36,2
2026-03-31,Lake Worth,P0261,4,317,1
2025-10-31,Dania Beach,P0199,3,39,2
2025-10-31,Oakland Park,P0268,4,295,3
2025-08-31,Lake Worth,P0270,4,12,2
2026-01-31,Lake Worth,P0256,0,33,3
2026-03-31,Lake Worth,P0010,6,26,2
2025-07-31,Lake Worth,P0281,6,299,2
2026-04-30,Oakland Park,P0211,5,14,3
2025-09-30,Lake Worth,P0006,6,31,2
2025-09-30,Oakland Park,P0062,5,269,1
2025-08-31,Lake Worth,P0099,23,19,3
2026-04-30,Dania Beach,P0216,0,22,3
2025-12-31,Lake Worth,P0002,1,17,1
2025-09-30,Oakland Park,P0114,5,242,2
2025-11-30,Oakland Park,P0139,0,71,3
2026-05-31,Lake Worth,P0003,1,53,2
2026-06-30,Dania Beach,P0161,8,26,3
2025-07-31,Dania Beach,P0116,10,47,3
2025-09-30,Dania Beach,P0071,11,137,3
2025-09-30,Dania Beach,P0275,2,68,2
2025-07-31,Oakland Park,P0100,15,58,2
2026-03-31,Lake Worth,P0281,7,60,2
2026-02-28,Dania Beach,P0211,6,61,2
2026-02-28,Lake Worth,P0070,0,21,3
2026-02-28,Lake Worth,P0135,1,50,2
2026-04-30,Lake Worth,P0275,0,17,2
2026-03-31,Oakland Park,P0069,20,106,2
2025-07-31,Dania Beach,P0160,6,45,2
2026-03-31,Oakland Park,P0033,10,236,3
2026-04-30,Dania Beach,P0251,6,33,2
2025-10-31,Oakland Park,P0101,1,52,2
2025-07-31,Oakland Park,P0025,0,51,2
2026-01-31,Lake Worth,P0172,0,16,3
2026-01-31,Dania Beach,P0231,4,59,3
2025-12-31,Lake Worth,P0298,14,75,3
2026-05-31,Dania Beach,P0021,6,222,3
2025-10-31,Lake Worth,P0023,1,53,2
2025-12-31,Dania Beach,P0277,3,69,3
2026-01-31,Oakland Park,P0016,2,232,2
2026-05-31,Dania Beach,P0267,0,60,1
2025-07-31,Oakland Park,P0279,10,69,1
2025-08-31,Lake Worth,P0237,3,62,3
2025-10-31,Dania Beach,P0013,3,45,1
2026-03-31,Oakland Park,P0008,8,75,1
2026-02-28,Dania Beach,P0072,2,218,2
2026-05-31,Oakland Park,P0090,8,259,3
2025-07-31,Lake Worth,P0297,0,34,3
2025-08-31,Dania Beach,P0063,4,17,1
2025-10-31,Dania Beach,P0194,2,46,1
2026-05-31,Oakland Park,P0041,9,8,2
2025-12-31,Lake Worth,P0107,7,20,1
2025-12-31,Lake Worth,P0089,1,260,2
2026-05-31,Oakland Park,P0147,7,44,2
2025-10-31,Oakland Park,P0057,3,40,2
2025-12-31,Lake Worth,P0106,3,52,2
2025-07-31,Lake Worth,P0270,3,5,2
2026-05-31,Lake Worth,P0266,4,71,3
2026-03-31,Oakland Park,P0088,0,70,3
2026-01-31,Dania Beach,P0112,21,65,1
2026-04-30,Oakland Park,P0215,7,6,2
2025-11-30,Oakland Park,P0017,1,6,3
2025-11-30,Dania Beach,P0090,7,22,3
2025-12-31,Oakland Park,P0160,3,56,2
2026-04-30,Lake Worth,P0181,31,30,2
2025-09-30,Oakland Park,P0269,3,212,2
2026-05-31,Dania Beach,P0237,3,26,2
2025-11-30,Oakland Park,P0092,4,39,2
2025-07-31,Dania Beach,P0168,4,23,3
2026-05-31,Dania Beach,P0085,2,44,2
2026-01-31,Oakland Park,P0209,13,12,3
2026-04-30,Lake Worth,P0204,1,26,1
2026-03-31,Oakland Park,P0045,16,57,2
2026-06-30,Lake Worth,P0286,9,47,1
2025-11-30,Dania Beach,P0179,2,65,3
2025-07-31,Oakland Park,P0128,14,108,2
2025-10-31,Oakland Park,P0120,25,233,3
2025-11-30,Oakland Park,P0119,2,18,3
2025-09-30,Oakland Park,P0127,5,305,2
2025-12-31,Lake Worth,P0150,3,15,2
2025-08-31,Lake Worth,P0241,0,69,3
2025-07-31,Dania Beach,P0169,3,190,1
2026-01-31,Lake Worth,P0275,1,21,1
2026-04-30,Dania Beach,P0144,0,0,3
2026-04-30,Oakland Park,P0044,2,171,2
2026-01-31,Oakland Park,P0242,2,33,3
2025-08-31,Dania Beach,P0070,1,42,2
2025-08-31,Oakland Park,P0086,0,36,2
2025-08-31,Lake Worth,P0246,3,49,3
2025-07-31,Oakland Park,P0209,12,67,3
2026-06-30,Lake Worth,P0181,29,56,2
2026-05-31,Oakland Park,P0135,3,72,3
2025-07-31,Oakland Park,P0083,4,19,3
2026-02-28,Dania Beach,P0289,1,41,1
2026-05-31,Dania Beach,P0026,2,48,3
2025-12-31,Oakland Park,P0221,0,62,2
2025-08-31,Oakland Park,P0115,12,81,3
2026-04-30,Lake Worth,P0064,2,247,2
2026-05-31,Dania Beach,P0163,2,11,1
2025-12-31,Oakland Park,P0210,3,6,3
2026-03-31,Lake Worth,P0193,3,24,3
2025-11-30,Lake Worth,P0145,14,286,2
2025-07-31,Oakland Park,P0035,7,127,2
2025-07-31,Oakland Park,P0021,3,57,1
2025-12-31,Dania Beach,P0106,0,58,2
2026-02-28,Dania Beach,P0206,0,0,2
2026-05-31,Dania Beach,P0071,8,19,3
2026-04-30,Lake Worth,P0056,7,54,3
2026-06-30,Lake Worth,P0125,7,24,1
2026-03-31,Oakland Park,P0206,7,107,3
2026-06-30,Lake Worth,P0054,5,10,3
2026-06-30,Lake Worth,P0216,0,67,2
2026-04-30,Lake Worth,P0079,7,26,2
2026-06-30,Oakland Park,P0041,15,56,3
2025-12-31,Dania Beach,P0175,6,57,1
2025-12-31,Lake Worth,P0229,66,25,2
2026-02-28,Oakland Park,P0102,7,35,2
2026-01-31,Dania Beach,P0029,4,72,2
2026-03-31,Lake Worth,P0227,5,39,1
2026-03-31,Lake Worth,P0139,0,15,2
2026-01-31,Oakland Park,P0046,2,61,2
2025-11-30,Dania Beach,P0175,7,45,2
2025-08-31,Oakland Park,P0110,2,5,3
2025-09-30,Lake Worth,P0093,5,310,3
2026-06-30,Oakland Park,P0111,0,74,1
2025-10-31,Oakland Park,P0008,4,51,2
2026-05-31,Lake Worth,P0105,1,39,3
2026-05-31,Dania Beach,P0207,2,28,1
2026-03-31,Oakland Park,P0296,2,26,3
2025-07-31,Oakland Park,P0112,24,44,2
2026-03-31,Oakland Park,P0092,3,23,2
2025-08-31,Dania Beach,P0054,4,9,3
2026-01-31,Lake Worth,P0297,3,73,1
2025-09-30,Lake Worth,P0182,0,48,2
2025-08-31,Lake Worth,P0008,5,38,3
2026-06-30,Lake Worth,P0165,0,26,1
2026-03-31,Oakland Park,P0262,4,61,2
2025-09-30,Oakland Park,P0176,2,25,1
2025-09-30,Oakland Park,P0283,6,75,2
2026-01-31,Oakland Park,P0117,2,71,2
2025-09-30,Dania Beach,P0190,6,5,3
2025-09-30,Lake Worth,P0275,0,21,2
2025-10-31,Oakland Park,P0059,0,72,1
2025-10-31,Oakland Park,P0078,5,151,1
2026-01-31,Lake Worth,P0120,32,75,3
2026-04-30,Dania Beach,P0084,0,15,1
2025-10-31,Oakland Park,P0204,3,288,3
2025-12-31,Lake Worth,P0135,1,68,3
2025-12-31,Dania Beach,P0181,30,314,1
2025-08-31,Lake Worth,P0144,0,61,2
2026-03-31,Oakland Park,P0004,10,48,1
2025-09-30,Oakland Park,P0267,3,42,3
2026-06-30,Dania Beach,P0265,1,147,2
2025-12-31,Oakland Park,P0136,3,126,2
2025-08-31,Dania Beach,P0176,4,13,2
2025-11-30,Dania Beach,P0196,13,28,2
2025-07-31,Oakland Park,P0140,1,20,2
2025-12-31,Dania Beach,P0299,4,48,2
2025-11-30,Dania Beach,P0178,0,0,2
2026-06-30,Oakland Park,P0288,8,8,3
2025-08-31,Dania Beach,P0068,13,16,3
2025-08-31,Dania Beach,P0095,7,61,2
2025-09-30,Lake Worth,P0277,4,18,1
2026-03-31,Dania Beach,P0088,1,6,1
2026-03-31,Dania Beach,P0092,2,58,1
2025-12-31,Lake Worth,P0023,3,43,2
2025-12-31,Oakland Park,P0228,1,28,2
2025-10-31,Lake Worth,P0226,5,102,1
2026-03-31,Oakland Park,P0257,3,48,2
2026-01-31,Lake Worth,P0012,4,65,2
2025-09-30,Lake Worth,P0032,4,48,2
2025-11-30,Dania Beach,P0052,0,75,1
2025-08-31,Oakland Park,P0038,0,68,1
2026-03-31,Oakland Park,P0116,8,12,2
2025-08-31,Lake Worth,P0090,9,24,3
2026-05-31,Dania Beach,P0263,0,0,1
2026-04-30,Dania Beach,P0021,6,68,2
2025-10-31,Dania Beach,P0050,15,53,1
2025-11-30,Lake Worth,P0182,2,56,2
2026-01-31,Oakland Park,P0077,5,19,2
2025-07-31,Oakland Park,P0043,2,11,2
2025-10-31,Dania Beach,P0024,0,0,2
2026-01-31,Lake Worth,P0204,0,74,3
2026-01-31,Dania Beach,P0241,5,208,3
2026-05-31,Oakland Park,P0016,5,63,2
2025-09-30,Dania Beach,P0285,1,55,3
2026-03-31,Dania Beach,P0144,0,0,1
2026-05-31,Lake Worth,P0221,2,44,1
2026-06-30,Oakland Park,P0187,0,33,2
2025-08-31,Dania Beach,P0218,4,62,2
2026-06-30,Dania Beach,P0271,0,0,2
2025-10-31,Dania Beach,P0259,6,64,2
2026-01-31,Oakland Park,P0146,2,9,2
2025-09-30,Oakland Park,P0158,1,158,2
2025-08-31,Dania Beach,P0082,5,241,2
2025-08-31,Dania Beach,P0264,0,0,3
2026-06-30,Lake Worth,P0255,3,26,1
2026-01-31,Dania Beach,P0017,0,40,3
2025-08-31,Oakland Park,P0224,6,26,1
2026-02-28,Oakland Park,P0224,5,64,2
2025-11-30,Lake Worth,P0036,3,288,3
2026-02-28,Lake Worth,P0186,4,52,3
2025-12-31,Oakland Park,P0201,6,58,3
2026-02-28,Oakland Park,P0034,2,10,2
2025-10-31,Lake Worth,P0160,3,305,1
2025-12-31,Dania Beach,P0059,3,14,1
2025-10-31,Oakland Park,P0119,3,28,2
2026-05-31,Oakland Park,P0209,13,43,2
2025-09-30,Dania Beach,P0121,4,22,2
2025-08-31,Oakland Park,P0284,12,94,1
2025-11-30,Oakland Park,P0220,3,63,2
2026-01-31,Dania Beach,P0125,9,240,2
2026-02-28,Oakland Park,P0099,21,42,3
2025-09-30,Lake Worth,P0243,1,311,2
2025-07-31,Lake Worth,P0040,0,15,2
2026-04-30,Dania Beach,P0250,46,63,1
2025-07-31,Dania Beach,P0003,1,45,2
2025-12-31,Dania Beach,P0096,2,69,3
2026-04-30,Dania Beach,P0064,4,56,1
2025-08-31,Lake Worth,P0175,4,59,1
2025-11-30,Oakland Park,P0029,2,17,2
2026-04-30,Dania Beach,P0267,2,26,2
2026-06-30,Lake Worth,P0087,1,55,2
2025-11-30,Dania Beach,P0228,7,51,1
2026-02-28,Oakland Park,P0242,0,27,2
2025-10-31,Oakland Park,P0040,0,42,2
2025-12-31,Lake Worth,P0097,2,24,2
2026-04-30,Dania Beach,P0048,1,57,2
2026-03-31,Dania Beach,P0224,4,62,1
2025-08-31,Lake Worth,P0180,5,55,1
2025-08-31,Lake Worth,P0194,1,30,3
2026-04-30,Oakland Park,P0065,1,128,3
2025-08-31,Lake Worth,P0139,0,27,1
2025-09-30,Lake Worth,P0008,4,70,1
2025-07-31,Dania Beach,P0235,2,5,2
2026-01-31,Lake Worth,P0009,3,14,2
2026-02-28,Oakland Park,P0146,0,54,3
2026-01-31,Oakland Park,P0273,0,37,2
2025-12-31,Lake Worth,P0066,4,62,3
2026-06-30,Dania Beach,P0243,1,15,3
2025-09-30,Dania Beach,P0116,14,27,3
2025-12-31,Oakland Park,P0093,5,5,1
2026-05-31,Oakland Park,P0290,2,242,3
2026-04-30,Oakland Park,P0121,8,72,2
2025-11-30,Lake Worth,P0039,4,49,2
2026-03-31,Dania Beach,P0079,5,22,1
2026-03-31,Lake Worth,P0171,1,23,2
2026-02-28,Dania Beach,P0016,2,53,2
2026-05-31,Dania Beach,P0209,15,190,3
2025-10-31,Oakland Park,P0025,5,51,2
2026-04-30,Lake Worth,P0110,2,6,3
2025-08-31,Lake Worth,P0087,2,49,2
2025-08-31,Lake Worth,P0163,1,235,2
2025-10-31,Oakland Park,P0234,9,209,3
2025-07-31,Oakland Park,P0044,4,71,2
2026-06-30,Oakland Park,P0203,0,49,2
2026-06-30,Dania Beach,P0140,6,18,2
2025-09-30,Dania Beach,P0182,2,48,3
2025-12-31,Lake Worth,P0267,2,20,3
2025-11-30,Oakland Park,P0225,13,263,2
2025-08-31,Oakland Park,P0287,0,21,2
2025-09-30,Dania Beach,P0218,1,39,1
2025-07-31,Oakland Park,P0089,5,103,3
2026-04-30,Dania Beach,P0287,0,64,3
2026-02-28,Oakland Park,P0014,0,13,1
2026-04-30,Lake Worth,P0075,0,46,2
2026-04-30,Dania Beach,P0245,5,22,3
2025-07-31,Dania Beach,P0148,3,62,2
2026-04-30,Oakland Park,P0071,10,70,3
2026-05-31,Oakland Park,P0201,0,25,2
2025-10-31,Oakland Park,P0172,1,169,2
2025-12-31,Oakland Park,P0028,65,27,1
2026-06-30,Dania Beach,P0115,0,0,2
2026-06-30,Dania Beach,P0125,11,15,2
2026-04-30,Lake Worth,P0135,1,68,1
2026-03-31,Oakland Park,P0300,1,45,2
2026-03-31,Oakland Park,P0126,1,72,2
2025-08-31,Dania Beach,P0285,5,26,3
2025-12-31,Lake Worth,P0067,1,149,1
2025-09-30,Lake Worth,P0145,12,50,1
2026-02-28,Dania Beach,P0170,0,0,3
2025-12-31,Oakland Park,P0230,4,256,2
2025-07-31,Oakland Park,P0015,1,15,2
2025-12-31,Dania Beach,P0264,0,0,1
2025-10-31,Dania Beach,P0217,0,32,2
2025-12-31,Lake Worth,P0131,0,40,2
2025-08-31,Oakland Park,P0096,1,73,2
2026-03-31,Dania Beach,P0121,5,64,3
2025-09-30,Lake Worth,P0141,21,134,2
2026-01-31,Oakland Park,P0054,2,223,3
2025-10-31,Lake Worth,P0097,0,33,3
2026-05-31,Dania Beach,P0003,6,319,2
2025-08-31,Oakland Park,P0058,12,46,2
2026-03-31,Lake Worth,P0194,0,44,2
2026-05-31,Lake Worth,P0123,25,39,2
2025-12-31,Dania Beach,P0266,3,204,2
2026-01-31,Oakland Park,P0021,6,26,3
2025-12-31,Oakland Park,P0287,0,63,2
2026-06-30,Oakland Park,P0215,5,62,1
2026-01-31,Lake Worth,P0128,1,16,1
2026-03-31,Oakland Park,P0180,5,29,2
2025-10-31,Oakland Park,P0160,1,17,3
2026-03-31,Oakland Park,P0214,3,25,1
2025-10-31,Oakland Park,P0247,7,289,1
2025-07-31,Dania Beach,P0081,2,218,3
2025-10-31,Oakland Park,P0162,0,22,3
2026-06-30,Oakland Park,P0019,0,11,2
2025-07-31,Lake Worth,P0293,6,36,3
2026-04-30,Lake Worth,P0090,11,36,1
2026-01-31,Lake Worth,P0265,4,34,2
2025-07-31,Oakland Park,P0293,8,63,2
2025-12-31,Oakland Park,P0090,6,43,2
2026-04-30,Oakland Park,P0195,1,38,3
2026-05-31,Lake Worth,P0227,6,6,2
2025-08-31,Lake Worth,P0023,4,92,2
2025-09-30,Dania Beach,P0035,0,0,2
2025-10-31,Lake Worth,P0250,43,32,2
2026-01-31,Oakland Park,P0052,5,44,2
2026-04-30,Dania Beach,P0207,7,119,3
2026-06-30,Dania Beach,P0067,0,0,3
2025-08-31,Dania Beach,P0094,4,7,2
2026-05-31,Lake Worth,P0117,1,184,3
2026-01-31,Oakland Park,P0078,3,44,2
2026-01-31,Oakland Park,P0204,4,75,2
2025-10-31,Lake Worth,P0164,3,28,2
2025-10-31,Lake Worth,P0215,4,66,3
2025-08-31,Oakland Park,P0010,14,132,3
2026-06-30,Oakland Park,P0014,1,70,2
2025-10-31,Dania Beach,P0003,6,28,3
2026-03-31,Lake Worth,P0016,6,48,3
2026-03-31,Oakland Park,P0177,2,23,3
2025-10-31,Dania Beach,P0251,6,143,2
2026-05-31,Lake Worth,P0200,1,33,2
2026-03-31,Oakland Park,P0216,0,56,2
2025-08-31,Dania Beach,P0081,5,74,2
2025-09-30,Dania Beach,P0113,7,144,2
2026-01-31,Dania Beach,P0090,2,15,3
2025-11-30,Oakland Park,P0170,10,105,1
2025-07-31,Oakland Park,P0010,10,176,1
2026-02-28,Oakland Park,P0117,2,5,3
2026-06-30,Oakland Park,P0198,6,100,2
2026-01-31,Dania Beach,P0103,0,48,3
2025-08-31,Oakland Park,P0069,20,68,2
2025-07-31,Lake Worth,P0013,3,69,2
2026-06-30,Oakland Park,P0127,5,63,1
2026-02-28,Oakland Park,P0271,14,162,1
2025-10-31,Lake Worth,P0167,0,24,2
2026-04-30,Lake Worth,P0022,11,63,2
2025-12-31,Lake Worth,P0194,1,48,3
2026-04-30,Lake Worth,P0119,2,183,2
2026-06-30,Oakland Park,P0086,1,72,1
2026-04-30,Lake Worth,P0166,0,15,3
2025-09-30,Oakland Park,P0084,0,73,1
2025-10-31,Oakland Park,P0047,4,51,1
2025-11-30,Oakland Park,P0077,3,13,1
2025-08-31,Oakland Park,P0059,2,34,2
2026-06-30,Oakland Park,P0132,2,10,1
2025-08-31,Dania Beach,P0232,15,69,1
2025-09-30,Oakland Park,P0268,0,27,2
2025-09-30,Oakland Park,P0253,12,110,1
2025-09-30,Oakland Park,P0151,9,73,2
2025-12-31,Lake Worth,P0061,4,41,3
2025-09-30,Dania Beach,P0183,0,70,2
2026-06-30,Lake Worth,P0143,4,40,2
2025-12-31,Lake Worth,P0104,4,16,2
2025-11-30,Oakland Park,P0204,0,50,1
2025-10-31,Dania Beach,P0131,3,17,2
2026-06-30,Oakland Park,P0091,11,59,2
2026-04-30,Dania Beach,P0121,4,46,2
2025-08-31,Oakland Park,P0270,5,27,2
2026-05-31,Oakland Park,P0202,3,159,3
2026-04-30,Oakland Park,P0255,0,8,2
2026-01-31,Oakland Park,P0130,4,71,2
2026-01-31,Dania Beach,P0060,9,30,1
2026-02-28,Dania Beach,P0240,4,42,3
2025-07-31,Lake Worth,P0059,3,51,3
2025-11-30,Lake Worth,P0166,0,42,2
2026-04-30,Oakland Park,P0055,4,12,3
2026-06-30,Lake Worth,P0229,63,12,2
2026-03-31,Oakland Park,P0268,0,30,2
2025-11-30,Lake Worth,P0188,13,75,2
2025-09-30,Dania Beach,P0225,19,28,3
2025-07-31,Oakland Park,P0119,0,50,1
2025-09-30,Dania Beach,P0011,3,208,3
2025-11-30,Lake Worth,P0222,5,142,3
2026-01-31,Lake Worth,P0238,2,146,1
2025-09-30,Lake Worth,P0095,8,16,1
2025-12-31,Oakland Park,P0179,2,61,2
2026-03-31,Oakland Park,P0281,3,27,3
2025-09-30,Dania Beach,P0216,0,25,1
2025-12-31,Oakland Park,P0144,9,102,2
2026-02-28,Dania Beach,P0229,62,58,1
2025-12-31,Lake Worth,P0183,5,18,2
2026-02-28,Oakland Park,P0170,6,124,2
2025-09-30,Dania Beach,P0051,3,17,2
2026-05-31,Oakland Park,P0235,0,50,1
2026-01-31,Lake Worth,P0042,17,35,1
2026-02-28,Lake Worth,P0247,4,67,3
2026-03-31,Dania Beach,P0143,3,60,2
2026-02-28,Lake Worth,P0221,5,64,2
2025-07-31,Dania Beach,P0056,2,130,2
2026-01-31,Oakland Park,P0276,2,66,2
2025-12-31,Oakland Park,P0155,1,70,3
2026-02-28,Dania Beach,P0045,22,10,3
2026-03-31,Dania Beach,P0213,0,8,1
2025-07-31,Dania Beach,P0102,5,69,3
2026-03-31,Oakland Park,P0114,1,73,1
2026-02-28,Lake Worth,P0261,0,68,1
2026-05-31,Lake Worth,P0182,3,6,1
2026-02-28,Lake Worth,P0276,0,28,3
2026-06-30,Oakland Park,P0071,11,68,3
2025-09-30,Oakland Park,P0285,3,25,2
2026-06-30,Dania Beach,P0203,0,72,1
2026-01-31,Dania Beach,P0086,6,54,2
2025-12-31,Dania Beach,P0111,0,64,3
2026-06-30,Dania Beach,P0017,3,71,2
2026-02-28,Oakland Park,P0076,2,62,2
2025-10-31,Oakland Park,P0148,1,18,2
2026-06-30,Lake Worth,P0293,7,10,2
2025-12-31,Lake Worth,P0125,8,221,3
2026-01-31,Oakland Park,P0129,3,31,3
2026-06-30,Lake Worth,P0064,0,58,1
2026-06-30,Dania Beach,P0074,0,47,3
2026-04-30,Lake Worth,P0261,2,43,2
2025-11-30,Lake Worth,P0244,4,59,2
2026-03-31,Dania Beach,P0292,1,207,1
2026-04-30,Dania Beach,P0120,31,75,2
2025-12-31,Oakland Park,P0286,11,68,2
2025-10-31,Lake Worth,P0099,22,298,3
2026-05-31,Lake Worth,P0235,0,12,2
2025-11-30,Oakland Park,P0136,4,39,3
2026-03-31,Dania Beach,P0209,14,62,2
2026-05-31,Lake Worth,P0017,2,32,2
2025-08-31,Lake Worth,P0288,8,54,1
2026-03-31,Lake Worth,P0104,7,28,2
2026-01-31,Lake Worth,P0188,15,12,3
2025-10-31,Lake Worth,P0066,1,116,2
2025-11-30,Lake Worth,P0181,29,60,2
2025-08-31,Lake Worth,P0245,4,59,1
2026-04-30,Oakland Park,P0024,8,157,1
2026-02-28,Dania Beach,P0125,5,32,1
2026-03-31,Oakland Park,P0253,14,29,2
2025-08-31,Dania Beach,P0293,2,11,2
2026-06-30,Dania Beach,P0080,2,35,2
2025-07-31,Lake Worth,P0299,0,32,1
2025-12-31,Lake Worth,P0239,2,39,2
2026-03-31,Dania Beach,P0013,6,68,2
2025-07-31,Dania Beach,P0114,0,44,2
2026-02-28,Oakland Park,P0297,3,292,2
2025-11-30,Dania Beach,P0191,2,5,2
2026-04-30,Dania Beach,P0024,0,0,2
2026-04-30,Dania Beach,P0107,0,0,3
2026-02-28,Oakland Park,P0050,11,181,1
2026-01-31,Lake Worth,P0138,27,138,2
2025-09-30,Oakland Park,P0080,0,69,2
2025-11-30,Oakland Park,P0059,2,40,1
2025-08-31,Dania Beach,P0018,1,41,3
2026-03-31,Dania Beach,P0284,0,0,3
2025-07-31,Lake Worth,P0091,14,5,2
2025-10-31,Oakland Park,P0259,7,11,3
2025-08-31,Lake Worth,P0253,17,62,2
2025-08-31,Lake Worth,P0273,2,40,2
2026-04-30,Dania Beach,P0028,65,257,2
2026-05-31,Lake Worth,P0251,6,28,1
2026-06-30,Dania Beach,P0272,7,62,2
2025-08-31,Oakland Park,P0268,0,57,1
2026-02-28,Oakland Park,P0260,0,56,3
2026-03-31,Dania Beach,P0163,0,46,1
2026-03-31,Lake Worth,P0148,0,74,2
2026-05-31,Lake Worth,P0181,30,206,2
2025-07-31,Dania Beach,P0236,2,71,3
2025-07-31,Lake Worth,P0231,10,32,1
2026-05-31,Lake Worth,P0163,0,72,2
2025-11-30,Dania Beach,P0286,11,155,2
2025-11-30,Lake Worth,P0077,6,20,2
2025-08-31,Oakland Park,P0095,10,72,2
2026-02-28,Oakland Park,P0286,7,22,2
2025-11-30,Lake Worth,P0013,5,35,2
2025-11-30,Lake Worth,P0295,0,69,2
2025-09-30,Oakland Park,P0252,3,64,2
2026-01-31,Lake Worth,P0063,6,7,2
2026-01-31,Dania Beach,P0253,18,10,2
2025-07-31,Dania Beach,P0117,0,25,3
2025-07-31,Dania Beach,P0125,7,32,2
2026-04-30,Dania Beach,P0298,13,37,3
2025-07-31,Dania Beach,P0096,0,33,2
2025-08-31,Dania Beach,P0166,1,5,2
2025-11-30,Oakland Park,P0247,5,113,2
2026-02-28,Oakland Park,P0252,1,69,2
2025-11-30,Dania Beach,P0293,6,30,2
2025-09-30,Lake Worth,P0167,1,319,2
2025-12-31,Lake Worth,P0063,8,12,2
2026-04-30,Lake Worth,P0046,0,59,2
2026-05-31,Lake Worth,P0119,3,35,3
2026-04-30,Oakland Park,P0197,3,64,3
2026-04-30,Dania Beach,P0215,3,44,2
2025-11-30,Oakland Park,P0034,1,8,1
2026-02-28,Dania Beach,P0134,10,52,2
2026-01-31,Lake Worth,P0198,4,116,2
2025-07-31,Lake Worth,P0284,4,21,1
2025-09-30,Oakland Park,P0037,4,57,3
2026-05-31,Oakland Park,P0191,0,63,3
2025-08-31,Lake Worth,P0040,3,21,1
2026-02-28,Dania Beach,P0001,0,37,1
2025-12-31,Dania Beach,P0239,2,20,3
2026-05-31,Lake Worth,P0165,5,15,1
2026-06-30,Dania Beach,P0291,2,181,2
2025-11-30,Dania Beach,P0149,4,74,1
2026-04-30,Dania Beach,P0013,6,16,1
2025-09-30,Oakland Park,P0047,3,5,2
2026-01-31,Dania Beach,P0037,7,314,2
2026-05-31,Lake Worth,P0073,4,58,1
2025-12-31,Oakland Park,P0130,4,37,3
2025-08-31,Dania Beach,P0087,7,11,1
2026-02-28,Lake Worth,P0158,6,38,2
2025-08-31,Dania Beach,P0229,69,28,1
2025-10-31,Dania Beach,P0118,3,289,2
2025-07-31,Lake Worth,P0097,2,203,2
2026-01-31,Lake Worth,P0056,2,13,3
2026-02-28,Oakland Park,P0042,17,8,2
2025-10-31,Lake Worth,P0102,5,34,3
2025-09-30,Oakland Park,P0294,5,71,2
2026-01-31,Dania Beach,P0113,8,33,2
2026-06-30,Lake Worth,P0267,1,50,3
2025-11-30,Dania Beach,P0247,6,15,1
2025-09-30,Oakland Park,P0198,11,182,1
2026-06-30,Lake Worth,P0228,7,43,3
2026-02-28,Dania Beach,P0145,14,48,3
2025-10-31,Oakland Park,P0103,4,54,1
2025-11-30,Lake Worth,P0160,5,17,2
2025-09-30,Dania Beach,P0253,17,16,2
2026-05-31,Dania Beach,P0161,8,39,2
2026-03-31,Oakland Park,P0146,2,7,3
2025-12-31,Oakland Park,P0239,8,43,2
2025-10-31,Oakland Park,P0021,4,40,2
2025-08-31,Lake Worth,P0214,1,66,2
2026-01-31,Lake Worth,P0060,12,110,1
2026-05-31,Lake Worth,P0257,5,68,2
2025-12-31,Oakland Park,P0074,2,313,2
2025-08-31,Oakland Park,P0276,3,15,1
2025-10-31,Oakland Park,P0275,2,188,2
2026-03-31,Lake Worth,P0289,2,32,3
2025-07-31,Lake Worth,P0012,3,37,1
2025-09-30,Dania Beach,P0024,0,0,3
2026-03-31,Lake Worth,P0028,66,19,1
2025-08-31,Oakland Park,P0034,5,9,1
2025-11-30,Dania Beach,P0025,2,171,1
2025-11-30,Dania Beach,P0234,10,41,2
2025-10-31,Lake Worth,P0059,1,43,1
2025-12-31,Dania Beach,P0292,0,69,2
2025-07-31,Oakland Park,P0188,13,131,2
2026-03-31,Dania Beach,P0053,4,68,3
2026-05-31,Oakland Park,P0033,10,284,1
2025-07-31,Dania Beach,P0211,4,15,2
2025-07-31,Lake Worth,P0070,0,49,3
2025-09-30,Dania Beach,P0127,5,28,2
2026-01-31,Oakland Park,P0214,5,10,2
2025-10-31,Dania Beach,P0025,2,26,2
2026-04-30,Oakland Park,P0022,17,13,2
2025-09-30,Oakland Park,P0133,6,133,1
2025-07-31,Lake Worth,P0245,5,53,2
2026-02-28,Lake Worth,P0289,0,17,3
2025-12-31,Dania Beach,P0232,13,26,2
2026-02-28,Oakland Park,P0074,0,35,2
2025-11-30,Dania Beach,P0007,5,30,2
2026-06-30,Dania Beach,P0145,15,32,2
2026-02-28,Dania Beach,P0295,0,28,2
2026-05-31,Lake Worth,P0094,5,48,3
2025-09-30,Lake Worth,P0034,7,288,2
2025-08-31,Lake Worth,P0231,8,24,2
2025-11-30,Lake Worth,P0129,0,42,3
2026-06-30,Oakland Park,P0164,5,21,3
2026-05-31,Lake Worth,P0087,2,299,2
2026-01-31,Oakland Park,P0050,11,315,3
2025-08-31,Lake Worth,P0216,0,75,1
2025-08-31,Oakland Park,P0089,4,188,2
2026-02-28,Lake Worth,P0202,3,28,3
2026-05-31,Dania Beach,P0205,0,0,3
2026-06-30,Dania Beach,P0149,3,36,2
2025-11-30,Oakland Park,P0010,6,199,2
2026-02-28,Dania Beach,P0127,2,55,2
2025-07-31,Lake Worth,P0172,2,52,2
2025-12-31,Dania Beach,P0204,0,64,3
2025-10-31,Oakland Park,P0075,2,69,2
2025-10-31,Dania Beach,P0141,19,69,1
2025-11-30,Oakland Park,P0018,4,308,1
2026-05-31,Oakland Park,P0271,12,106,3
2025-08-31,Oakland Park,P0188,10,74,2
2025-11-30,Dania Beach,P0262,0,14,1
2026-02-28,Lake Worth,P0150,5,35,2
2026-06-30,Dania Beach,P0082,10,72,3
2026-06-30,Dania Beach,P0190,2,45,2
2026-03-31,Dania Beach,P0234,8,128,2
2026-05-31,Lake Worth,P0297,6,75,2
2026-02-28,Lake Worth,P0130,2,73,3
2025-12-31,Dania Beach,P0101,5,15,1
2025-09-30,Dania Beach,P0148,5,50,1
2026-02-28,Oakland Park,P0228,5,49,2
2025-07-31,Lake Worth,P0269,3,54,3
2025-11-30,Lake Worth,P0131,0,10,3
2025-10-31,Dania Beach,P0224,1,58,1
2026-03-31,Lake Worth,P0133,5,32,1
2025-08-31,Dania Beach,P0175,6,16,2
2025-10-31,Oakland Park,P0294,6,42,1
2026-05-31,Oakland Park,P0030,2,92,2
2025-11-30,Dania Beach,P0270,1,50,3
2025-10-31,Lake Worth,P0276,0,51,2
2025-10-31,Oakland Park,P0134,8,27,1
2026-03-31,Lake Worth,P0262,0,65,2
2025-11-30,Oakland Park,P0264,6,99,2
2025-12-31,Oakland Park,P0040,1,16,2
2025-10-31,Dania Beach,P0228,5,192,2
2025-12-31,Lake Worth,P0295,0,18,3
2026-03-31,Dania Beach,P0295,2,231,1
2026-02-28,Oakland Park,P0130,3,12,1
2025-10-31,Lake Worth,P0112,22,65,3
2025-08-31,Lake Worth,P0048,2,8,2
2026-05-31,Oakland Park,P0073,9,126,2
2026-01-31,Lake Worth,P0026,1,17,2
2026-01-31,Oakland Park,P0262,2,164,2
2025-12-31,Dania Beach,P0179,4,22,2
2025-08-31,Lake Worth,P0039,0,55,2
2025-10-31,Oakland Park,P0246,3,283,1
2026-05-31,Oakland Park,P0237,3,35,2
2025-08-31,Dania Beach,P0199,1,35,1
2026-02-28,Oakland Park,P0067,9,152,3
2025-08-31,Lake Worth,P0122,9,69,2
2026-04-30,Lake Worth,P0053,2,60,2
2026-02-28,Dania Beach,P0091,11,20,3
2026-01-31,Oakland Park,P0240,3,14,1
2026-05-31,Dania Beach,P0077,9,70,2
2026-01-31,Lake Worth,P0144,0,68,2
2026-01-31,Dania Beach,P0271,0,0,2
2025-07-31,Oakland Park,P0038,0,50,2
2026-04-30,Lake Worth,P0162,0,27,2
2026-04-30,Oakland Park,P0260,1,125,3
2026-03-31,Lake Worth,P0249,3,40,2
2026-01-31,Lake Worth,P0272,5,43,3
2026-02-28,Oakland Park,P0015,0,39,3
2025-10-31,Oakland Park,P0261,5,18,1
2025-11-30,Lake Worth,P0009,5,58,3
2026-02-28,Dania Beach,P0270,4,266,1
2026-06-30,Oakland Park,P0210,3,24,1
2026-05-31,Oakland Park,P0071,10,12,2
2026-06-30,Oakland Park,P0113,7,74,3
2026-05-31,Dania Beach,P0050,14,8,2
2025-08-31,Dania Beach,P0268,4,19,2
2025-10-31,Lake Worth,P0257,5,75,2
2025-11-30,Oakland Park,P0185,7,63,2
2026-02-28,Lake Worth,P0097,5,50,1
2026-03-31,Oakland Park,P0151,7,91,3
2025-09-30,Dania Beach,P0030,0,34,2
2025-08-31,Dania Beach,P0165,3,204,1
2026-05-31,Oakland Park,P0050,12,152,2
2026-05-31,Dania Beach,P0037,3,51,3
2026-02-28,Oakland Park,P0200,0,64,3
2025-12-31,Oakland Park,P0051,2,9,2
2025-08-31,Oakland Park,P0141,20,36,3
2026-06-30,Dania Beach,P0274,3,72,3
2026-02-28,Lake Worth,P0075,5,160,2
2026-02-28,Dania Beach,P0217,1,43,2
2025-07-31,Dania Beach,P0193,3,69,2
2026-04-30,Lake Worth,P0012,0,24,3
2026-06-30,Oakland Park,P0283,7,63,2
2026-05-31,Oakland Park,P0253,14,71,2
2026-06-30,Lake Worth,P0158,0,56,2
2025-12-31,Dania Beach,P0253,17,56,2
2026-01-31,Dania Beach,P0094,1,169,2
2025-07-31,Oakland Park,P0246,5,15,1
2025-12-31,Oakland Park,P0003,0,43,2
2026-06-30,Dania Beach,P0240,4,35,3
2026-03-31,Dania Beach,P0280,0,18,1
2025-11-30,Oakland Park,P0122,7,187,2
2025-12-31,Lake Worth,P0041,10,31,1
2026-06-30,Oakland Park,P0129,3,32,1
2026-02-28,Dania Beach,P0243,0,39,2
2025-11-30,Oakland Park,P0180,6,9,1
2025-12-31,Oakland Park,P0032,0,64,1
2026-04-30,Lake Worth,P0186,1,66,3
2026-05-31,Dania Beach,P0152,5,167,2
2025-09-30,Lake Worth,P0214,0,18,3
2026-01-31,Oakland Park,P0123,24,59,2
2026-04-30,Dania Beach,P0102,7,28,3
2025-11-30,Oakland Park,P0145,10,51,1
2025-12-31,Dania Beach,P0263,0,0,2
2025-09-30,Lake Worth,P0018,3,33,3
2026-05-31,Lake Worth,P0213,2,71,2
2026-02-28,Dania Beach,P0028,62,26,2
2026-02-28,Oakland Park,P0143,3,13,2
2025-08-31,Oakland Park,P0062,3,67,2
2026-04-30,Oakland Park,P0098,9,45,2
2026-06-30,Oakland Park,P0128,10,95,3
2026-05-31,Oakland Park,P0143,1,18,1
2025-08-31,Oakland Park,P0272,6,47,3
2026-02-28,Lake Worth,P0184,4,52,2
2026-03-31,Lake Worth,P0269,6,14,2
2025-08-31,Lake Worth,P0041,6,51,2
2025-07-31,Lake Worth,P0020,3,194,1
2025-11-30,Lake Worth,P0132,3,63,1
2026-03-31,Dania Beach,P0012,0,54,2
2025-09-30,Dania Beach,P0095,9,247,2
2025-08-31,Dania Beach,P0037,2,38,2
2025-09-30,Lake Worth,P0108,5,40,2
2025-11-30,Dania Beach,P0198,0,0,2
2026-04-30,Lake Worth,P0009,4,22,2
2026-06-30,Oakland Park,P0232,16,5,2
2026-04-30,Dania Beach,P0175,6,43,2
2025-11-30,Oakland Park,P0236,5,41,2
2025-07-31,Dania Beach,P0091,17,32,2
2025-07-31,Lake Worth,P0067,0,42,3
2025-10-31,Lake Worth,P0297,2,54,1
2025-11-30,Oakland Park,P0155,3,48,2
2026-04-30,Lake Worth,P0134,8,30,3
2026-06-30,Dania Beach,P0134,6,139,1
2026-02-28,Lake Worth,P0234,13,39,1
2025-11-30,Lake Worth,P0083,0,21,3
2026-02-28,Dania Beach,P0061,2,42,1
2025-12-31,Lake Worth,P0117,0,5,2
2025-10-31,Oakland Park,P0221,5,62,3
2025-12-31,Oakland Park,P0089,4,29,2
2026-06-30,Oakland Park,P0133,2,31,1
2026-06-30,Dania Beach,P0092,0,62,2
2026-05-31,Lake Worth,P0120,29,131,1
2026-02-28,Dania Beach,P0069,14,57,2
2025-07-31,Oakland Park,P0264,8,289,2
2026-02-28,Lake Worth,P0076,4,40,2
2025-10-31,Dania Beach,P0234,9,24,1
2026-03-31,Lake Worth,P0142,2,206,3
2025-07-31,Oakland Park,P0032,0,72,2
2025-08-31,Oakland Park,P0195,5,44,1
2025-09-30,Oakland Park,P0018,1,65,2
2025-12-31,Dania Beach,P0212,4,19,1
2026-01-31,Oakland Park,P0068,9,9,3
2025-12-31,Oakland Park,P0002,8,222,2
2026-03-31,Oakland Park,P0261,4,43,2
2025-12-31,Dania Beach,P0027,5,19,2
2026-02-28,Lake Worth,P0188,16,19,2
2026-02-28,Oakland Park,P0196,13,6,2
2026-06-30,Dania Beach,P0205,0,0,3
2026-01-31,Oakland Park,P0261,2,63,2
2025-10-31,Lake Worth,P0173,8,22,1
2025-12-31,Dania Beach,P0215,0,57,2
2025-09-30,Oakland Park,P0155,0,53,2
2025-10-31,Dania Beach,P0162,3,25,1
2025-07-31,Oakland Park,P0181,32,48,1
2025-10-31,Lake Worth,P0100,10,59,3
2026-06-30,Oakland Park,P0009,4,55,3
2026-06-30,Lake Worth,P0207,4,68,2
2026-05-31,Oakland Park,P0178,7,289,2
2026-06-30,Oakland Park,P0182,0,28,2
2025-08-31,Lake Worth,P0296,4,170,2
2025-11-30,Dania Beach,P0125,4,47,2
2026-03-31,Oakland Park,P0132,3,72,2
2026-02-28,Lake Worth,P0030,2,207,3
2026-03-31,Lake Worth,P0247,3,40,1
2025-08-31,Lake Worth,P0065,0,24,2
2026-05-31,Oakland Park,P0177,4,53,2
2026-04-30,Lake Worth,P0159,1,133,1
2026-02-28,Lake Worth,P0226,0,42,2
2026-03-31,Dania Beach,P0204,3,38,2
2026-03-31,Lake Worth,P0049,0,17,1
2025-11-30,Lake Worth,P0134,8,66,1
2025-11-30,Oakland Park,P0071,11,15,2
2026-04-30,Dania Beach,P0139,0,10,3
2026-01-31,Lake Worth,P0233,13,25,2
2025-09-30,Oakland Park,P0075,5,74,3
2025-12-31,Oakland Park,P0182,0,63,2
2026-01-31,Lake Worth,P0250,40,51,1
2025-08-31,Lake Worth,P0141,23,59,3
2026-01-31,Oakland Park,P0238,1,26,3
2026-01-31,Dania Beach,P0233,12,167,2
2025-12-31,Oakland Park,P0249,3,314,2
2025-08-31,Oakland Park,P0277,2,51,2
2025-11-30,Lake Worth,P0114,1,59,3
2026-04-30,Dania Beach,P0019,1,265,2
2026-02-28,Lake Worth,P0178,2,31,1
2026-05-31,Lake Worth,P0052,7,21,2
2025-11-30,Dania Beach,P0128,0,0,3
2025-08-31,Dania Beach,P0195,3,290,1
2025-07-31,Lake Worth,P0143,4,291,2
2025-07-31,Lake Worth,P0272,0,42,3
2026-06-30,Lake Worth,P0238,2,21,2
2025-11-30,Dania Beach,P0257,4,57,2
2026-04-30,Oakland Park,P0253,16,49,2
2026-03-31,Oakland Park,P0174,0,44,2
2026-01-31,Oakland Park,P0092,4,42,2
2025-09-30,Lake Worth,P0171,3,216,2
2025-12-31,Dania Beach,P0236,4,18,2
2025-08-31,Lake Worth,P0061,4,299,3
2025-08-31,Dania Beach,P0088,0,74,1
2025-12-31,Dania Beach,P0104,2,26,2
2026-06-30,Oakland Park,P0262,0,30,1
2026-05-31,Oakland Park,P0015,1,67,3
2026-04-30,Oakland Park,P0269,2,59,3
2026-02-28,Oakland Park,P0046,0,51,2
2025-10-31,Lake Worth,P0076,4,15,3
2026-03-31,Dania Beach,P0086,2,11,2
2026-01-31,Lake Worth,P0194,0,25,2
2025-07-31,Lake Worth,P0010,0,7,1
2026-04-30,Lake Worth,P0245,6,40,3
2025-07-31,Dania Beach,P0229,66,143,2
2026-03-31,Lake Worth,P0253,12,14,3
2025-07-31,Dania Beach,P0086,6,45,2
2026-01-31,Dania Beach,P0178,0,0,2
2026-03-31,Oakland Park,P0161,7,74,3
2026-01-31,Lake Worth,P0071,13,33,2
2026-04-30,Dania Beach,P0165,5,256,2
2026-05-31,Dania Beach,P0270,3,73,2
2025-11-30,Oakland Park,P0006,5,65,2
2025-11-30,Lake Worth,P0082,0,75,2
2026-02-28,Dania Beach,P0300,4,54,3
2025-08-31,Dania Beach,P0021,2,27,1
2026-06-30,Lake Worth,P0081,0,62,3
2026-05-31,Oakland Park,P0172,2,49,2
2026-01-31,Dania Beach,P0268,6,50,2
2025-09-30,Lake Worth,P0173,5,74,2
2025-10-31,Dania Beach,P0271,0,0,3
2026-01-31,Lake Worth,P0283,4,31,2
2026-03-31,Lake Worth,P0271,2,12,2
2025-10-31,Lake Worth,P0105,3,12,2
2026-03-31,Oakland Park,P0111,2,15,1
2026-06-30,Dania Beach,P0164,1,158,1
2025-09-30,Oakland Park,P0079,8,65,2
2025-12-31,Dania Beach,P0185,3,65,2
2026-04-30,Lake Worth,P0207,3,17,2
2025-10-31,Dania Beach,P0215,6,21,2
2025-11-30,Lake Worth,P0005,2,14,1
2025-07-31,Lake Worth,P0162,0,31,1
2026-02-28,Dania Beach,P0067,0,0,2
2026-06-30,Lake Worth,P0038,0,45,1
2025-10-31,Dania Beach,P0001,2,266,3
2025-09-30,Lake Worth,P0257,3,58,3
2025-11-30,Lake Worth,P0242,5,189,2
2025-12-31,Oakland Park,P0226,0,41,2
2025-11-30,Dania Beach,P0112,21,67,2
2026-01-31,Lake Worth,P0281,2,150,1
2026-03-31,Dania Beach,P0021,4,42,1
2025-10-31,Lake Worth,P0161,7,44,2
2026-04-30,Lake Worth,P0190,2,248,3
2026-04-30,Dania Beach,P0176,0,50,3
2026-06-30,Dania Beach,P0261,0,12,1
2025-11-30,Oakland Park,P0232,14,49,1
2025-11-30,Dania Beach,P0033,11,15,2
2025-12-31,Oakland Park,P0224,5,7,1
2025-10-31,Dania Beach,P0004,11,46,2
2025-11-30,Dania Beach,P0076,6,10,2
2026-03-31,Dania Beach,P0111,2,70,1
2026-02-28,Dania Beach,P0215,0,60,2
2026-05-31,Oakland Park,P0252,1,38,2
2025-11-30,Dania Beach,P0118,2,5,3
2026-06-30,Dania Beach,P0123,27,66,1
2025-07-31,Dania Beach,P0044,0,29,2
2025-10-31,Lake Worth,P0028,63,31,2
2025-12-31,Lake Worth,P0163,0,65,2
2026-04-30,Lake Worth,P0217,0,12,2
2026-04-30,Oakland Park,P0187,2,53,2
2026-06-30,Lake Worth,P0225,17,42,2
2025-09-30,Lake Worth,P0293,3,73,2
2026-05-31,Oakland Park,P0094,2,12,2
2025-11-30,Lake Worth,P0066,0,20,1
2025-07-31,Dania Beach,P0296,1,43,2
2025-12-31,Dania Beach,P0208,2,280,1
2025-09-30,Lake Worth,P0026,2,18,2
2026-03-31,Lake Worth,P0209,12,51,2
2025-10-31,Oakland Park,P0058,7,9,1
2026-03-31,Oakland Park,P0039,2,29,2
2026-05-31,Oakland Park,P0124,2,53,2
2025-08-31,Dania Beach,P0200,1,27,3
2026-03-31,Oakland Park,P0066,3,55,1
2025-08-31,Oakland Park,P0174,0,31,1
2026-06-30,Lake Worth,P0082,3,201,2
2026-06-30,Lake Worth,P0246,6,26,2
2026-03-31,Oakland Park,P0227,11,52,1
2026-02-28,Lake Worth,P0259,9,67,2
2025-12-31,Oakland Park,P0059,3,22,2
2026-01-31,Oakland Park,P0277,5,31,2
2025-11-30,Dania Beach,P0069,19,53,2
2026-03-31,Lake Worth,P0051,3,192,3
2025-12-31,Lake Worth,P0016,7,29,2
2026-04-30,Oakland Park,P0268,6,69,1
2026-05-31,Lake Worth,P0174,4,48,2
2025-08-31,Oakland Park,P0235,4,19,3
2026-06-30,Oakland Park,P0153,3,58,2
2025-10-31,Dania Beach,P0049,0,63,2
2025-11-30,Oakland Park,P0016,5,54,1
2025-09-30,Dania Beach,P0059,3,62,2
2026-03-31,Lake Worth,P0073,3,56,1
2025-07-31,Oakland Park,P0062,0,31,1
2026-04-30,Oakland Park,P0059,1,62,2
2025-09-30,Lake Worth,P0236,1,45,3
2025-12-31,Oakland Park,P0272,1,23,2
2025-10-31,Dania Beach,P0179,0,50,2
2025-09-30,Lake Worth,P0129,2,54,2
2025-12-31,Lake Worth,P0258,155,26,2
2025-09-30,Oakland Park,P0195,1,70,2
2025-07-31,Lake Worth,P0223,2,42,1
2026-05-31,Dania Beach,P0190,4,14,1
2026-01-31,Oakland Park,P0192,4,21,2
2026-01-31,Oakland Park,P0193,4,250,1
2025-12-31,Lake Worth,P0092,4,15,2
2026-05-31,Dania Beach,P0143,1,221,1
2025-09-30,Oakland Park,P0180,1,11,3
2025-08-31,Oakland Park,P0049,0,59,3
2025-11-30,Oakland Park,P0141,22,52,2
2026-02-28,Oakland Park,P0110,0,75,2
2025-12-31,Dania Beach,P0229,65,155,1
2026-02-28,Dania Beach,P0032,3,38,3
2026-04-30,Dania Beach,P0202,1,46,2
2026-05-31,Oakland Park,P0117,4,6,1
2025-08-31,Dania Beach,P0270,4,210,2
2025-08-31,Dania Beach,P0178,0,0,2
2025-08-31,Dania Beach,P0035,0,0,3
2026-02-28,Lake Worth,P0267,0,73,2
2025-08-31,Lake Worth,P0097,2,219,2
2025-12-31,Dania Beach,P0203,2,74,2
2026-03-31,Oakland Park,P0215,1,60,3
2026-04-30,Dania Beach,P0239,5,104,3
2026-03-31,Oakland Park,P0149,2,61,3
2025-08-31,Lake Worth,P0292,0,41,2
2026-02-28,Dania Beach,P0202,1,21,1
2025-10-31,Oakland Park,P0045,20,207,2
2026-04-30,Lake Worth,P0223,4,50,2
2026-05-31,Oakland Park,P0053,2,22,2
2025-07-31,Lake Worth,P0291,1,94,2
2025-10-31,Lake Worth,P0107,3,33,2
2025-11-30,Dania Beach,P0063,3,94,3
2026-03-31,Dania Beach,P0289,1,24,2
2026-04-30,Dania Beach,P0278,4,203,3
2025-12-31,Dania Beach,P0188,0,0,3
2025-08-31,Oakland Park,P0029,3,24,2
2026-04-30,Dania Beach,P0169,5,20,2
2026-05-31,Dania Beach,P0040,4,5,3
2025-10-31,Oakland Park,P0270,6,56,3
2025-10-31,Lake Worth,P0152,3,253,2
2025-11-30,Lake Worth,P0068,13,34,2
2026-06-30,Dania Beach,P0153,5,69,2
2025-08-31,Lake Worth,P0004,8,47,2
2025-09-30,Dania Beach,P0234,7,228,2
2025-08-31,Lake Worth,P0057,3,13,3
2026-01-31,Dania Beach,P0007,3,50,1
2026-06-30,Lake Worth,P0167,3,25,2
2026-06-30,Dania Beach,P0025,2,59,2
2026-06-30,Lake Worth,P0291,3,6,3
2026-02-28,Oakland Park,P0259,1,296,1
2026-06-30,Oakland Park,P0134,6,231,3
2026-03-31,Oakland Park,P0046,1,6,2
2025-07-31,Lake Worth,P0132,7,60,2
2025-09-30,Oakland Park,P0096,0,17,2
2026-01-31,Lake Worth,P0129,0,47,2
2026-06-30,Oakland Park,P0064,5,13,2
2026-03-31,Oakland Park,P0084,0,19,2
2026-06-30,Dania Beach,P0293,4,53,2
2025-12-31,Dania Beach,P0115,0,0,1
2026-01-31,Dania Beach,P0257,0,44,2
2026-05-31,Dania Beach,P0012,4,30,2
2026-04-30,Lake Worth,P0027,5,16,1
2026-02-28,Dania Beach,P0039,0,33,2
2026-03-31,Dania Beach,P0102,4,28,2
2025-10-31,Oakland Park,P0098,10,236,1
2025-08-31,Lake Worth,P0017,3,197,1
2025-11-30,Dania Beach,P0207,4,141,1
2025-08-31,Lake Worth,P0015,2,8,2
2025-12-31,Dania Beach,P0296,2,68,1
2025-12-31,Lake Worth,P0126,3,27,2
2025-08-31,Dania Beach,P0296,4,74,3
2026-04-30,Dania Beach,P0238,4,14,2
2026-06-30,Dania Beach,P0053,4,38,2
2026-03-31,Oakland Park,P0021,3,193,1
2025-11-30,Dania Beach,P0265,2,58,2
2025-07-31,Oakland Park,P0132,6,118,1
2025-11-30,Dania Beach,P0083,3,36,2
2025-08-31,Dania Beach,P0162,2,150,1
2025-09-30,Lake Worth,P0123,27,259,3
2026-02-28,Dania Beach,P0164,0,38,1
2025-07-31,Lake Worth,P0181,31,58,2
2026-04-30,Lake Worth,P0043,4,14,1
2025-08-31,Dania Beach,P0191,2,8,2
2025-09-30,Lake Worth,P0011,0,55,2
2026-06-30,Dania Beach,P0166,0,27,3
2026-02-28,Lake Worth,P0142,2,30,2
2025-11-30,Dania Beach,P0046,3,25,2
2025-12-31,Lake Worth,P0055,1,8,3
2026-03-31,Dania Beach,P0105,1,70,2
2025-11-30,Lake Worth,P0169,3,34,2
2026-03-31,Lake Worth,P0231,3,58,3
2026-01-31,Lake Worth,P0162,0,37,2
2025-07-31,Oakland Park,P0095,7,64,2
2026-01-31,Dania Beach,P0058,13,13,2
2026-02-28,Oakland Park,P0240,2,39,1
2025-10-31,Oakland Park,P0050,9,22,2
2026-06-30,Lake Worth,P0283,7,33,3
2025-08-31,Oakland Park,P0263,13,162,1
2025-07-31,Oakland Park,P0183,0,21,3
2025-12-31,Oakland Park,P0253,17,45,2
2026-02-28,Oakland Park,P0132,3,19,3
2026-01-31,Lake Worth,P0200,0,48,2
2026-06-30,Oakland Park,P0218,2,45,3
2025-08-31,Dania Beach,P0022,15,14,1
2026-03-31,Lake Worth,P0222,2,40,1
2025-07-31,Dania Beach,P0280,4,202,3
2025-09-30,Lake Worth,P0150,3,72,1
2025-12-31,Oakland Park,P0122,6,152,2
2025-12-31,Oakland Park,P0215,6,14,3
2025-12-31,Oakland Park,P0248,1,125,2
2025-09-30,Oakland Park,P0170,14,134,1
2025-07-31,Dania Beach,P0006,9,48,2
2025-10-31,Dania Beach,P0011,0,38,2
2025-09-30,Oakland Park,P0106,0,14,2
2026-02-28,Dania Beach,P0281,6,43,2
2026-06-30,Oakland Park,P0021,4,172,2
2026-04-30,Lake Worth,P0235,1,34,2
2025-10-31,Dania Beach,P0012,4,66,2
2025-12-31,Lake Worth,P0255,4,43,3
2025-12-31,Dania Beach,P0267,4,43,2
2026-01-31,Dania Beach,P0238,5,183,3
2025-08-31,Lake Worth,P0026,2,14,2
2025-08-31,Dania Beach,P0201,2,309,2
2025-11-30,Lake Worth,P0098,5,60,2
2025-08-31,Oakland Park,P0207,0,70,1
2026-05-31,Lake Worth,P0261,3,7,1
2026-05-31,Dania Beach,P0272,4,65,2
2026-03-31,Dania Beach,P0104,7,27,2
2026-04-30,Lake Worth,P0250,44,8,2
2026-01-31,Dania Beach,P0272,1,60,3
2026-01-31,Oakland Park,P0153,6,48,1
2026-05-31,Lake Worth,P0242,6,207,2
2025-10-31,Lake Worth,P0185,2,299,3
2025-07-31,Dania Beach,P0231,0,61,2
2026-01-31,Lake Worth,P0149,3,39,2
2026-05-31,Lake Worth,P0153,5,13,1
2026-02-28,Dania Beach,P0006,5,20,2
2025-09-30,Oakland Park,P0092,3,44,3
2025-12-31,Oakland Park,P0243,2,6,1
2026-05-31,Lake Worth,P0066,2,58,3
2025-11-30,Oakland Park,P0028,61,74,2
2026-04-30,Lake Worth,P0187,2,34,1
2025-10-31,Oakland Park,P0211,5,31,2
2025-12-31,Oakland Park,P0251,7,6,2
2025-07-31,Lake Worth,P0007,1,6,1
2026-05-31,Oakland Park,P0036,12,265,2
2026-04-30,Dania Beach,P0205,0,0,1
2026-04-30,Lake Worth,P0155,2,23,3
2026-04-30,Oakland Park,P0182,6,54,1
2026-04-30,Dania Beach,P0072,3,35,1
2026-03-31,Lake Worth,P0006,8,41,2
2025-07-31,Dania Beach,P0126,4,303,1
2025-11-30,Dania Beach,P0165,3,296,2
2026-05-31,Dania Beach,P0210,2,34,1
2026-05-31,Dania Beach,P0133,3,40,2
2026-01-31,Dania Beach,P0012,2,230,3
2025-11-30,Dania Beach,P0140,3,148,2
2025-07-31,Dania Beach,P0007,0,22,1
2025-12-31,Lake Worth,P0297,8,74,2
2025-07-31,Oakland Park,P0131,3,27,1
2026-04-30,Lake Worth,P0140,5,23,3
2025-08-31,Oakland Park,P0208,0,67,3
2026-05-31,Lake Worth,P0161,6,23,3
2025-10-31,Dania Beach,P0213,2,55,2
2025-11-30,Oakland Park,P0213,2,35,2
2026-03-31,Oakland Park,P0288,7,15,2
2025-08-31,Oakland Park,P0046,3,65,1
2026-03-31,Lake Worth,P0004,11,104,3
2025-11-30,Oakland Park,P0194,0,24,1
2025-11-30,Oakland Park,P0282,2,22,2
2025-10-31,Dania Beach,P0010,0,0,3
2025-11-30,Lake Worth,P0115,0,49,2
2026-03-31,Oakland Park,P0242,5,26,2
2026-04-30,Oakland Park,P0226,5,159,3
2026-04-30,Oakland Park,P0023,1,75,1
2025-09-30,Lake Worth,P0298,12,10,3
2026-04-30,Oakland Park,P0072,4,308,2
2026-01-31,Dania Beach,P0034,3,75,2
2025-10-31,Lake Worth,P0108,5,62,2
2026-04-30,Dania Beach,P0131,3,6,2
2025-07-31,Lake Worth,P0151,1,63,2
2025-10-31,Dania Beach,P0125,2,15,3
2026-06-30,Oakland Park,P0135,0,29,1
2026-06-30,Dania Beach,P0206,0,0,1
2025-12-31,Dania Beach,P0064,1,248,3
2026-02-28,Dania Beach,P0114,2,261,2
2026-03-31,Dania Beach,P0293,2,44,1
2026-05-31,Oakland Park,P0277,5,195,2
2026-05-31,Dania Beach,P0098,6,50,2
2025-07-31,Oakland Park,P0266,2,42,2
2025-08-31,Dania Beach,P0079,2,54,1
2026-02-28,Dania Beach,P0256,0,36,2
2025-08-31,Dania Beach,P0062,3,58,3
2026-04-30,Dania Beach,P0193,4,185,2
2026-01-31,Lake Worth,P0089,0,55,3
2026-06-30,Dania Beach,P0155,3,61,3
2026-05-31,Lake Worth,P0228,5,6,2
2025-07-31,Dania Beach,P0197,3,47,1
2026-01-31,Dania Beach,P0076,3,35,3
2026-06-30,Lake Worth,P0298,14,66,2
2026-06-30,Dania Beach,P0148,0,7,3
2025-12-31,Lake Worth,P0132,0,7,2
2026-03-31,Oakland Park,P0118,3,62,3
2026-04-30,Lake Worth,P0284,6,6,2
2026-04-30,Dania Beach,P0130,0,49,2
2026-06-30,Lake Worth,P0250,44,43,2
2026-01-31,Lake Worth,P0170,0,51,2
2026-02-28,Oakland Park,P0236,6,75,1
2026-04-30,Dania Beach,P0227,9,21,2
2026-02-28,Oakland Park,P0061,2,18,2
2026-04-30,Oakland Park,P0118,4,16,1
2025-08-31,Oakland Park,P0081,4,14,3
2026-01-31,Dania Beach,P0117,1,67,2
2025-11-30,Oakland Park,P0237,3,181,3
2026-04-30,Dania Beach,P0256,0,11,3
2025-09-30,Dania Beach,P0073,0,0,1
2026-03-31,Oakland Park,P0176,6,33,2
2025-11-30,Oakland Park,P0158,2,219,1
2026-06-30,Dania Beach,P0014,2,21,1
2026-03-31,Lake Worth,P0143,4,198,2
2025-08-31,Dania Beach,P0207,6,75,1
2026-03-31,Lake Worth,P0105,4,11,2
2025-12-31,Oakland Park,P0048,1,319,2
2025-12-31,Lake Worth,P0294,7,11,2
2026-06-30,Lake Worth,P0130,0,68,2
2025-11-30,Oakland Park,P0042,17,71,2
2025-09-30,Dania Beach,P0257,6,63,3
2026-03-31,Lake Worth,P0136,3,23,1
2025-08-31,Dania Beach,P0131,1,48,1
2025-10-31,Lake Worth,P0095,10,13,2
2025-10-31,Lake Worth,P0072,4,56,2
2025-09-30,Lake Worth,P0040,3,72,2
2026-04-30,Oakland Park,P0256,0,25,3
2026-04-30,Dania Beach,P0181,28,38,1
2026-04-30,Oakland Park,P0013,2,11,2
2026-04-30,Dania Beach,P0162,2,45,3
2026-02-28,Lake Worth,P0196,14,29,2
2025-08-31,Oakland Park,P0248,4,60,2
2025-07-31,Oakland Park,P0154,12,120,2
2025-11-30,Lake Worth,P0299,0,55,1
2026-06-30,Oakland Park,P0028,62,61,2
2026-02-28,Lake Worth,P0288,6,47,2
2025-08-31,Dania Beach,P0135,0,46,2
2026-04-30,Lake Worth,P0052,0,58,2
2026-01-31,Oakland Park,P0257,4,30,2
2026-06-30,Lake Worth,P0205,10,13,2
2025-11-30,Dania Beach,P0085,4,64,1
2026-04-30,Oakland Park,P0212,2,37,2
2026-05-31,Dania Beach,P0281,6,297,3
2025-10-31,Oakland Park,P0165,4,55,2
2026-05-31,Dania Beach,P0131,0,41,2
2026-03-31,Oakland Park,P0243,0,30,1
2025-09-30,Lake Worth,P0023,3,19,3
2025-08-31,Dania Beach,P0138,26,73,1
2026-01-31,Oakland Park,P0028,63,28,2
2026-06-30,Dania Beach,P0078,3,29,2
2025-12-31,Oakland Park,P0205,11,130,2
2026-02-28,Oakland Park,P0072,1,66,2
2026-04-30,Dania Beach,P0062,2,49,3
2026-04-30,Oakland Park,P0026,4,257,2
2026-01-31,Oakland Park,P0099,25,190,2
2026-01-31,Oakland Park,P0140,2,17,1
2026-06-30,Lake Worth,P0270,3,25,2
2025-11-30,Lake Worth,P0042,16,187,2
2025-07-31,Oakland Park,P0080,0,49,3
2025-09-30,Dania Beach,P0263,0,0,3
2025-07-31,Dania Beach,P0119,5,58,1
2026-06-30,Oakland Park,P0234,5,51,2
2025-11-30,Lake Worth,P0003,1,64,3
2025-07-31,Lake Worth,P0046,0,46,3
2026-03-31,Lake Worth,P0294,9,241,1
2026-01-31,Oakland Park,P0182,2,70,1
2026-06-30,Lake Worth,P0045,17,180,3
2025-10-31,Dania Beach,P0100,18,67,1
2026-04-30,Oakland Park,P0189,7,112,2
2025-10-31,Lake Worth,P0061,2,58,2
2026-02-28,Oakland Park,P0201,3,8,3
2025-07-31,Oakland Park,P0102,8,244,2
2025-09-30,Dania Beach,P0280,3,54,2
2026-02-28,Lake Worth,P0210,2,66,1
2025-09-30,Dania Beach,P0223,2,21,1
2026-03-31,Oakland Park,P0205,6,108,3
2025-11-30,Lake Worth,P0092,2,60,2
2026-01-31,Oakland Park,P0109,5,43,3
2025-08-31,Lake Worth,P0165,6,108,1
2025-07-31,Lake Worth,P0160,6,40,2
2025-11-30,Oakland Park,P0023,2,65,2
2026-04-30,Dania Beach,P0147,8,58,1
2026-02-28,Oakland Park,P0190,5,257,2
2025-09-30,Oakland Park,P0104,8,41,3
2026-04-30,Oakland Park,P0210,2,225,2
2026-03-31,Dania Beach,P0126,3,69,3
2025-11-30,Oakland Park,P0049,1,29,3
2025-09-30,Oakland Park,P0230,1,26,2
2026-04-30,Oakland Park,P0267,4,28,3
2025-12-31,Oakland Park,P0255,5,26,2
2026-05-31,Lake Worth,P0216,1,45,1
2025-10-31,Oakland Park,P0062,6,294,2
2025-07-31,Dania Beach,P0233,12,33,3
2026-03-31,Oakland Park,P0148,6,50,2
2026-06-30,Oakland Park,P0277,0,23,1
2025-08-31,Oakland Park,P0183,0,74,1
2025-09-30,Dania Beach,P0043,6,41,1
2026-03-31,Lake Worth,P0036,5,30,2
2026-05-31,Dania Beach,P0262,1,33,2
2026-05-31,Oakland Park,P0149,2,18,2
2026-05-31,Oakland Park,P0063,8,7,3
2026-04-30,Oakland Park,P0250,46,23,2
2026-04-30,Dania Beach,P0283,7,8,2
2025-09-30,Lake Worth,P0246,4,63,2
2026-02-28,Lake Worth,P0287,0,45,3
2025-09-30,Oakland Park,P0245,6,215,2
2026-06-30,Lake Worth,P0179,0,51,2
2026-05-31,Dania Beach,P0232,19,45,3
2025-09-30,Dania Beach,P0159,0,32,3
2026-01-31,Lake Worth,P0073,4,25,1
2025-09-30,Dania Beach,P0222,7,36,3
2025-09-30,Oakland Park,P0289,0,11,2
2026-01-31,Lake Worth,P0040,2,51,1
2026-04-30,Dania Beach,P0219,0,54,2
2026-04-30,Dania Beach,P0027,3,48,2
2026-01-31,Lake Worth,P0019,0,27,1
2026-06-30,Lake Worth,P0236,2,214,1
2026-02-28,Dania Beach,P0196,16,35,3
2025-10-31,Lake Worth,P0218,1,74,3
2025-11-30,Dania Beach,P0060,8,59,1
2026-02-28,Lake Worth,P0286,4,74,2
2026-05-31,Oakland Park,P0199,2,48,1
2025-10-31,Dania Beach,P0220,2,40,1
2026-05-31,Lake Worth,P0191,3,33,2
2026-04-30,Oakland Park,P0126,4,62,1
2026-04-30,Lake Worth,P0286,9,69,2
2026-06-30,Oakland Park,P0191,0,7,1
2026-03-31,Lake Worth,P0226,3,260,2
2025-09-30,Lake Worth,P0050,12,65,1
2026-01-31,Oakland Park,P0215,2,51,1
2026-02-28,Dania Beach,P0088,2,173,2
2026-04-30,Oakland Park,P0155,3,28,2
2026-06-30,Lake Worth,P0287,0,25,3
2025-07-31,Dania Beach,P0287,0,65,1
2026-03-31,Dania Beach,P0159,3,73,1
2025-08-31,Oakland Park,P0164,3,34,3
2025-11-30,Lake Worth,P0190,4,8,1
2025-07-31,Oakland Park,P0172,0,17,1
2026-01-31,Oakland Park,P0217,2,61,2
2026-02-28,Dania Beach,P0060,8,70,2
2025-08-31,Oakland Park,P0119,2,43,1
2025-11-30,Dania Beach,P0291,3,19,3
2026-01-31,Dania Beach,P0011,3,66,1
2025-07-31,Lake Worth,P0179,3,27,3
2026-04-30,Dania Beach,P0183,2,304,3
2026-03-31,Lake Worth,P0160,3,34,3
2025-12-31,Dania Beach,P0123,27,16,2
2026-01-31,Lake Worth,P0044,0,28,3
2026-03-31,Lake Worth,P0113,7,35,1
2026-03-31,Oakland Park,P0197,0,68,2
2026-04-30,Oakland Park,P0006,3,66,1
2025-07-31,Dania Beach,P0057,6,36,3
2025-09-30,Dania Beach,P0143,2,8,2
2026-01-31,Oakland Park,P0201,1,32,2
2026-05-31,Lake Worth,P0148,3,58,2
2026-03-31,Lake Worth,P0186,5,17,3
2026-03-31,Dania Beach,P0014,4,57,3
2025-07-31,Dania Beach,P0025,0,62,2
2025-08-31,Oakland Park,P0122,9,155,2
2025-11-30,Lake Worth,P0040,2,16,2
2026-06-30,Dania Beach,P0244,5,11,1
2026-06-30,Lake Worth,P0200,1,265,1
2026-06-30,Oakland Park,P0219,0,23,2
2026-03-31,Lake Worth,P0041,12,26,3
2026-02-28,Dania Beach,P0118,0,20,3
2026-04-30,Oakland Park,P0151,14,148,2
2026-02-28,Lake Worth,P0208,2,59,3
2026-02-28,Oakland Park,P0115,7,75,3
2025-11-30,Lake Worth,P0294,7,72,3
2025-08-31,Oakland Park,P0212,2,14,1
2025-12-31,Lake Worth,P0193,4,317,2
2026-03-31,Dania Beach,P0283,5,180,1
2025-11-30,Oakland Park,P0179,0,36,1
2025-12-31,Oakland Park,P0218,4,71,2
2026-05-31,Lake Worth,P0172,0,38,2
2026-03-31,Lake Worth,P0074,1,51,1
2025-07-31,Lake Worth,P0107,7,235,3
2025-12-31,Dania Beach,P0071,9,65,2
2026-02-28,Oakland Park,P0153,3,40,2
2026-03-31,Oakland Park,P0209,15,139,3
2025-07-31,Oakland Park,P0031,7,42,3
2026-01-31,Dania Beach,P0153,4,38,3
2026-03-31,Dania Beach,P0138,25,252,1
2025-11-30,Oakland Park,P0118,4,72,1
2026-06-30,Dania Beach,P0021,6,41,2
2026-06-30,Dania Beach,P0248,7,55,2
2025-12-31,Oakland Park,P0177,6,15,1
2026-01-31,Lake Worth,P0041,12,18,1
2026-01-31,Oakland Park,P0207,5,19,3
2026-03-31,Lake Worth,P0265,4,24,2
2026-03-31,Lake Worth,P0273,0,42,2
2026-02-28,Oakland Park,P0083,1,194,2
2026-04-30,Dania Beach,P0153,4,26,2
2025-08-31,Oakland Park,P0210,0,68,1
2026-03-31,Dania Beach,P0069,20,25,3
2025-12-31,Oakland Park,P0246,0,35,1
2025-08-31,Dania Beach,P0124,4,35,2
2025-11-30,Lake Worth,P0266,7,315,1
2025-10-31,Dania Beach,P0186,5,72,2
2026-04-30,Dania Beach,P0135,7,19,1
2025-12-31,Dania Beach,P0084,4,31,2
2025-08-31,Dania Beach,P0277,0,33,3
2025-07-31,Dania Beach,P0212,2,18,1
2025-11-30,Oakland Park,P0045,21,31,2
2026-04-30,Dania Beach,P0156,0,0,2
2025-08-31,Dania Beach,P0100,16,46,2
2025-08-31,Dania Beach,P0017,0,55,2
2026-01-31,Dania Beach,P0035,0,0,2
2026-03-31,Dania Beach,P0281,1,61,3
2025-10-31,Oakland Park,P0292,2,46,1
2026-05-31,Oakland Park,P0037,6,21,2
2025-10-31,Oakland Park,P0212,5,6,2
2025-12-31,Dania Beach,P0043,5,62,1
2025-08-31,Lake Worth,P0204,2,203,2
2025-09-30,Dania Beach,P0214,1,55,2
2025-07-31,Lake Worth,P0230,3,225,3
2025-11-30,Oakland Park,P0105,3,73,3
2025-08-31,Lake Worth,P0136,4,26,1
2026-05-31,Lake Worth,P0230,3,54,1
2026-02-28,Oakland Park,P0080,0,51,3
2026-04-30,Dania Beach,P0106,1,10,2
2026-01-31,Oakland Park,P0114,4,7,2
2025-09-30,Dania Beach,P0255,0,59,1
2026-02-28,Lake Worth,P0038,1,5,1
2025-11-30,Lake Worth,P0241,2,27,2
2025-07-31,Oakland Park,P0288,9,47,3
2025-09-30,Lake Worth,P0248,2,39,3
2025-09-30,Dania Beach,P0283,3,133,2
2025-08-31,Dania Beach,P0272,4,232,1
2026-02-28,Dania Beach,P0014,0,35,1
2026-05-31,Dania Beach,P0177,0,29,2
2026-06-30,Dania Beach,P0086,4,135,2
2026-03-31,Dania Beach,P0054,6,63,3
2025-12-31,Oakland Park,P0227,7,30,2
2026-02-28,Dania Beach,P0249,4,47,2
2026-01-31,Oakland Park,P0173,8,62,2
2025-09-30,Lake Worth,P0161,6,40,2
2026-06-30,Lake Worth,P0098,12,42,2
2025-08-31,Oakland Park,P0217,0,58,2
2026-04-30,Oakland Park,P0181,28,39,3
2025-12-31,Oakland Park,P0145,11,75,3
2025-12-31,Lake Worth,P0022,13,15,2
2026-01-31,Oakland Park,P0053,3,63,2
2026-02-28,Lake Worth,P0132,9,275,2
2026-01-31,Lake Worth,P0243,0,18,2
2026-01-31,Dania Beach,P0249,8,24,2
2026-01-31,Dania Beach,P0193,4,156,2
2025-12-31,Oakland Park,P0084,1,216,3
2026-04-30,Lake Worth,P0115,3,72,1
2025-09-30,Lake Worth,P0197,0,13,2
2025-12-31,Lake Worth,P0212,0,71,1
2026-06-30,Dania Beach,P0061,2,30,3
2026-02-28,Oakland Park,P0277,3,55,1
2026-05-31,Lake Worth,P0208,1,59,1
2025-11-30,Dania Beach,P0059,2,41,3
2025-07-31,Oakland Park,P0270,2,45,2
2025-11-30,Oakland Park,P0295,3,57,2
2026-04-30,Dania Beach,P0141,22,25,2
2026-03-31,Oakland Park,P0287,0,32,1
2025-09-30,Oakland Park,P0132,7,33,2
2026-04-30,Dania Beach,P0190,5,63,1
2026-05-31,Oakland Park,P0158,0,71,1
2026-04-30,Dania Beach,P0108,4,57,1
2025-12-31,Oakland Park,P0126,5,42,2
2026-04-30,Oakland Park,P0257,0,36,1
2025-11-30,Oakland Park,P0274,0,30,3
2025-07-31,Lake Worth,P0009,5,200,2
2025-12-31,Lake Worth,P0210,0,61,2
2026-05-31,Lake Worth,P0040,5,219,3
2026-05-31,Dania Beach,P0256,0,29,2
2026-05-31,Lake Worth,P0284,5,25,2
2025-12-31,Lake Worth,P0038,2,285,2
2026-03-31,Lake Worth,P0061,4,123,3
2026-01-31,Oakland Park,P0286,7,47,1
2025-10-31,Oakland Park,P0222,4,58,2
2025-09-30,Oakland Park,P0214,4,48,2
2026-02-28,Oakland Park,P0017,4,39,2
2025-12-31,Lake Worth,P0178,5,60,1
2026-02-28,Oakland Park,P0004,12,64,2
2025-10-31,Dania Beach,P0297,1,17,1
2025-12-31,Lake Worth,P0213,0,46,2
2026-02-28,Lake Worth,P0207,4,33,1
2026-05-31,Lake Worth,P0238,1,45,3
2026-03-31,Lake Worth,P0203,4,50,3
2026-03-31,Lake Worth,P0296,1,278,2
2026-05-31,Oakland Park,P0224,6,25,1
2026-01-31,Oakland Park,P0013,5,7,2
2026-05-31,Lake Worth,P0018,2,17,1
2025-11-30,Dania Beach,P0040,0,35,3
2025-08-31,Oakland Park,P0138,29,14,2
2025-08-31,Lake Worth,P0108,6,207,3
2025-08-31,Oakland Park,P0112,19,62,2
2025-08-31,Oakland Park,P0005,3,172,2
2026-04-30,Dania Beach,P0089,3,13,3
2026-02-28,Lake Worth,P0012,0,54,2
2025-12-31,Oakland Park,P0063,10,37,3
2026-03-31,Dania Beach,P0044,1,64,2
2025-12-31,Lake Worth,P0189,6,14,2
2025-07-31,Dania Beach,P0157,10,15,2
2025-11-30,Oakland Park,P0012,4,48,1
2026-03-31,Dania Beach,P0243,4,31,2
2026-05-31,Dania Beach,P0115,0,0,1
2025-07-31,Dania Beach,P0159,2,31,3
2026-04-30,Dania Beach,P0220,0,43,1
2025-07-31,Lake Worth,P0202,3,6,2
2026-02-28,Oakland Park,P0019,4,68,2
2026-06-30,Lake Worth,P0124,0,19,2
2026-01-31,Lake Worth,P0100,15,25,2
2025-10-31,Oakland Park,P0135,0,62,3
2026-06-30,Dania Beach,P0047,5,52,3
2025-07-31,Dania Beach,P0123,23,36,1
2025-08-31,Lake Worth,P0053,2,41,3
2026-04-30,Lake Worth,P0008,4,137,3
2025-09-30,Lake Worth,P0178,5,69,2
2025-08-31,Lake Worth,P0298,10,31,1
2025-09-30,Lake Worth,P0061,4,20,2
2025-12-31,Dania Beach,P0153,5,11,3
2026-02-28,Oakland Park,P0273,0,45,3
2026-06-30,Oakland Park,P0242,2,225,2
2025-08-31,Dania Beach,P0281,5,27,2
2026-03-31,Lake Worth,P0093,8,142,3
2025-08-31,Dania Beach,P0185,0,41,3
2025-07-31,Dania Beach,P0218,1,256,1
2026-02-28,Dania Beach,P0198,0,0,3
2025-11-30,Oakland Park,P0196,14,255,3
2025-07-31,Dania Beach,P0122,0,0,2
2026-03-31,Oakland Park,P0274,3,197,2
2025-10-31,Lake Worth,P0192,4,24,2
2026-06-30,Lake Worth,P0011,0,21,2
2025-12-31,Lake Worth,P0209,14,46,2
2025-09-30,Oakland Park,P0172,4,37,1
2026-04-30,Lake Worth,P0032,3,194,2
2025-09-30,Lake Worth,P0295,1,68,2
2025-07-31,Dania Beach,P0277,4,8,2
2025-08-31,Oakland Park,P0073,7,136,2
2026-03-31,Dania Beach,P0158,8,53,2
2025-08-31,Oakland Park,P0037,2,14,3
2026-06-30,Oakland Park,P0141,20,61,2
2025-07-31,Oakland Park,P0173,5,12,2
2025-10-31,Dania Beach,P0103,2,30,2
2025-09-30,Dania Beach,P0068,10,72,3
2026-02-28,Dania Beach,P0251,6,132,3
2026-05-31,Lake Worth,P0290,2,55,3
2025-09-30,Dania Beach,P0201,4,30,2
2026-02-28,Lake Worth,P0029,3,27,1
2025-09-30,Lake Worth,P0204,3,69,3
2026-05-31,Lake Worth,P0060,7,54,3
2025-12-31,Oakland Park,P0104,8,37,1
2025-12-31,Dania Beach,P0044,2,12,3
2026-01-31,Dania Beach,P0158,4,73,2
2025-07-31,Lake Worth,P0229,69,253,3
2025-08-31,Lake Worth,P0191,1,20,2
2025-12-31,Lake Worth,P0175,9,110,3
2025-12-31,Oakland Park,P0111,2,60,1
2026-03-31,Lake Worth,P0107,7,102,1
2025-09-30,Oakland Park,P0145,15,8,2
2025-11-30,Lake Worth,P0191,2,317,2
2025-07-31,Oakland Park,P0090,10,72,2
2026-03-31,Lake Worth,P0097,7,17,1
2026-02-28,Dania Beach,P0107,0,0,2
2025-10-31,Dania Beach,P0033,13,23,2
2026-05-31,Lake Worth,P0057,5,9,2
2025-11-30,Oakland Park,P0015,1,34,2
2025-09-30,Lake Worth,P0159,2,109,2
2025-09-30,Lake Worth,P0263,1,34,2
2026-05-31,Oakland Park,P0225,15,225,1
2026-01-31,Dania Beach,P0071,10,169,3
2026-04-30,Oakland Park,P0110,1,59,2
2025-12-31,Dania Beach,P0226,5,50,2
2026-06-30,Lake Worth,P0014,2,56,1
2025-07-31,Dania Beach,P0161,10,11,3
2025-12-31,Oakland Park,P0125,10,49,3
2025-12-31,Lake Worth,P0099,23,74,1
2026-04-30,Dania Beach,P0010,0,0,2
2025-07-31,Dania Beach,P0124,5,69,2
2025-09-30,Lake Worth,P0205,10,41,2
2025-12-31,Oakland Park,P0050,16,316,3
2026-01-31,Lake Worth,P0287,2,15,2
2026-03-31,Lake Worth,P0083,0,72,2
2026-02-28,Lake Worth,P0051,5,49,1
2025-09-30,Lake Worth,P0234,6,48,2
2025-10-31,Lake Worth,P0268,3,7,2
2025-09-30,Oakland Park,P0280,3,5,1
2026-03-31,Dania Beach,P0203,0,48,3
2026-05-31,Lake Worth,P0079,11,13,1
2026-01-31,Dania Beach,P0284,0,0,3
2025-07-31,Lake Worth,P0039,2,38,2
2026-04-30,Dania Beach,P0001,0,38,2
2025-11-30,Lake Worth,P0139,0,72,2
2026-05-31,Dania Beach,P0159,4,59,1
2026-06-30,Lake Worth,P0046,2,203,2
2025-07-31,Dania Beach,P0171,2,26,1
2026-06-30,Dania Beach,P0241,0,32,2
2026-05-31,Lake Worth,P0255,1,45,2
2025-07-31,Dania Beach,P0201,4,69,1
2026-05-31,Oakland Park,P0001,5,45,2
2025-07-31,Dania Beach,P0279,6,300,2
2026-06-30,Oakland Park,P0280,1,244,2
2026-05-31,Oakland Park,P0109,5,29,2
2026-01-31,Oakland Park,P0120,31,216,2
2026-03-31,Oakland Park,P0251,7,57,1
2025-10-31,Oakland Park,P0173,7,22,2
2026-06-30,Lake Worth,P0106,0,42,1
2026-04-30,Dania Beach,P0244,4,61,3
2026-03-31,Lake Worth,P0053,0,58,3
2025-07-31,Oakland Park,P0018,1,19,1
2026-02-28,Dania Beach,P0244,4,41,2
2025-10-31,Oakland Park,P0286,11,50,2
2026-06-30,Lake Worth,P0268,4,53,2
2025-07-31,Lake Worth,P0037,6,21,2
2025-08-31,Lake Worth,P0038,2,58,3
2026-01-31,Dania Beach,P0137,2,37,3
2026-03-31,Dania Beach,P0164,1,8,2
2025-12-31,Oakland Park,P0088,0,63,2
2026-03-31,Oakland Park,P0229,64,8,1
2025-07-31,Lake Worth,P0002,2,10,1
2025-09-30,Lake Worth,P0058,11,47,2
2025-11-30,Dania Beach,P0123,25,67,3
2025-08-31,Dania Beach,P0265,2,14,2
2025-12-31,Lake Worth,P0257,1,37,2
2025-10-31,Lake Worth,P0070,0,69,1
2026-04-30,Lake Worth,P0070,0,69,2
2026-02-28,Dania Beach,P0140,3,53,3
2025-07-31,Lake Worth,P0130,0,27,2
2025-11-30,Lake Worth,P0019,0,40,3
2025-07-31,Oakland Park,P0127,4,15,3
2025-09-30,Oakland Park,P0126,1,49,2
2026-02-28,Lake Worth,P0166,0,42,3
2026-02-28,Oakland Park,P0295,3,14,3
2025-08-31,Lake Worth,P0265,4,14,3
2025-11-30,Dania Beach,P0186,0,13,2
2025-12-31,Lake Worth,P0096,0,55,3
2026-02-28,Dania Beach,P0162,1,291,2
2026-06-30,Dania Beach,P0111,0,5,2
2026-01-31,Dania Beach,P0174,0,8,2
2026-05-31,Dania Beach,P0036,0,0,1
2025-07-31,Oakland Park,P0111,3,51,2
2026-03-31,Dania Beach,P0182,1,58,3
2026-02-28,Lake Worth,P0296,1,320,3
2026-02-28,Oakland Park,P0281,5,8,2
2025-10-31,Lake Worth,P0292,0,42,3
2025-08-31,Oakland Park,P0120,26,16,2
2025-11-30,Lake Worth,P0192,3,8,1
2025-07-31,Lake Worth,P0278,4,294,2
2026-03-31,Lake Worth,P0278,4,301,2
2025-11-30,Lake Worth,P0219,1,209,2
2025-10-31,Lake Worth,P0260,0,7,3
2025-09-30,Oakland Park,P0124,2,14,2
2026-02-28,Dania Beach,P0035,0,0,1
2026-06-30,Lake Worth,P0218,3,16,3
2026-04-30,Lake Worth,P0297,5,241,2
2025-09-30,Dania Beach,P0287,1,13,1
2026-05-31,Dania Beach,P0089,2,46,2
2026-05-31,Dania Beach,P0217,1,52,3
2025-09-30,Dania Beach,P0149,2,35,2
2025-12-31,Dania Beach,P0105,4,259,1
2026-06-30,Oakland Park,P0290,0,59,3
2026-04-30,Lake Worth,P0258,156,58,2
2026-03-31,Oakland Park,P0159,4,75,2
2026-01-31,Oakland Park,P0216,1,47,3
2026-02-28,Oakland Park,P0065,3,64,3
2026-01-31,Dania Beach,P0297,1,28,3
2025-12-31,Oakland Park,P0046,1,42,2
2025-07-31,Oakland Park,P0149,0,72,3
2025-12-31,Oakland Park,P0146,2,49,1
2026-02-28,Dania Beach,P0078,3,289,2
2026-05-31,Lake Worth,P0022,11,50,2
2026-02-28,Oakland Park,P0162,6,5,2
2025-09-30,Oakland Park,P0190,8,45,2
2025-09-30,Dania Beach,P0125,9,209,3
2025-09-30,Lake Worth,P0076,4,244,1
2026-01-31,Lake Worth,P0037,6,30,3
2026-02-28,Dania Beach,P0027,7,67,2
2025-12-31,Lake Worth,P0059,4,164,1
2026-05-31,Dania Beach,P0088,3,285,2
2026-02-28,Dania Beach,P0219,2,106,1
2026-05-31,Lake Worth,P0259,5,31,3
2025-08-31,Dania Beach,P0103,0,20,3
2026-01-31,Lake Worth,P0255,4,19,2
2025-10-31,Lake Worth,P0206,2,55,2
2025-09-30,Lake Worth,P0185,2,25,1
2026-02-28,Dania Beach,P0290,5,23,2
2025-08-31,Oakland Park,P0044,0,30,2
2025-10-31,Dania Beach,P0018,4,184,1
2025-09-30,Lake Worth,P0153,3,8,1
2026-03-31,Lake Worth,P0115,2,34,2
2025-09-30,Lake Worth,P0189,6,14,3
2025-10-31,Dania Beach,P0116,15,139,3
2025-08-31,Dania Beach,P0096,0,62,1
2025-10-31,Dania Beach,P0274,4,51,2
2025-09-30,Oakland Park,P0111,1,6,2
2025-09-30,Dania Beach,P0046,0,20,2
2026-01-31,Lake Worth,P0011,0,56,2
2026-04-30,Lake Worth,P0246,3,40,3
2025-09-30,Dania Beach,P0236,2,56,1
2026-01-31,Oakland Park,P0107,10,175,2
2025-10-31,Lake Worth,P0067,0,14,2
2026-06-30,Oakland Park,P0077,3,66,2
2026-01-31,Oakland Park,P0293,2,20,2
2025-10-31,Oakland Park,P0276,0,26,2
2026-05-31,Dania Beach,P0245,9,66,2
2026-04-30,Lake Worth,P0152,8,48,3
2026-03-31,Lake Worth,P0030,3,46,2
2025-12-31,Lake Worth,P0171,1,7,1
2025-09-30,Dania Beach,P0072,0,51,3
2025-09-30,Dania Beach,P0215,2,74,1
2026-02-28,Oakland Park,P0171,5,47,2
2026-05-31,Oakland Park,P0007,2,36,1
2026-03-31,Lake Worth,P0078,5,210,2
2026-04-30,Oakland Park,P0037,7,62,2
2025-07-31,Lake Worth,P0196,16,43,2
2025-11-30,Dania Beach,P0278,5,20,3
2025-08-31,Lake Worth,P0181,28,172,2
2025-09-30,Lake Worth,P0099,24,271,2
2025-07-31,Lake Worth,P0069,21,268,1
2026-04-30,Lake Worth,P0252,6,192,1
2025-12-31,Lake Worth,P0251,2,58,2
2025-08-31,Oakland Park,P0094,0,16,3
2025-09-30,Lake Worth,P0051,5,15,2
2025-10-31,Dania Beach,P0280,0,8,2
2025-10-31,Oakland Park,P0137,2,60,2
2025-09-30,Lake Worth,P0206,1,48,3
2026-02-28,Oakland Park,P0077,6,54,2
2025-09-30,Lake Worth,P0116,10,14,1
2026-01-31,Lake Worth,P0294,7,62,1
2025-11-30,Lake Worth,P0253,13,75,3
2026-05-31,Dania Beach,P0248,6,20,1
2025-12-31,Oakland Park,P0240,4,26,2
2026-04-30,Lake Worth,P0040,3,22,3
2026-05-31,Dania Beach,P0176,3,208,2
2025-09-30,Lake Worth,P0227,7,49,2
2025-10-31,Oakland Park,P0169,1,70,1
2025-11-30,Oakland Park,P0150,5,12,2
2026-05-31,Lake Worth,P0280,2,273,2
2026-03-31,Lake Worth,P0182,2,34,3
2026-05-31,Lake Worth,P0031,3,52,2
2025-11-30,Dania Beach,P0273,1,244,3
2025-09-30,Lake Worth,P0022,13,50,3
2026-04-30,Oakland Park,P0033,9,24,1
2025-11-30,Dania Beach,P0018,3,237,2
2025-11-30,Lake Worth,P0117,1,13,2
2025-11-30,Oakland Park,P0121,4,222,2
2025-10-31,Lake Worth,P0046,0,7,2
2025-09-30,Dania Beach,P0246,5,40,1
2025-07-31,Dania Beach,P0089,1,151,1
2025-11-30,Dania Beach,P0148,5,25,3
2026-06-30,Dania Beach,P0002,2,51,3
2026-02-28,Dania Beach,P0126,2,50,3
2025-10-31,Lake Worth,P0190,4,50,3
2026-01-31,Oakland Park,P0119,1,220,2
2025-12-31,Lake Worth,P0191,1,29,2
2026-03-31,Dania Beach,P0073,0,0,1
2026-05-31,Oakland Park,P0118,4,248,2
2025-12-31,Dania Beach,P0001,4,30,2
2025-08-31,Oakland Park,P0078,2,12,2
2026-01-31,Lake Worth,P0278,7,8,1
2025-09-30,Lake Worth,P0149,3,74,2
2025-08-31,Dania Beach,P0204,1,13,2
2025-08-31,Dania Beach,P0260,1,36,2
2026-03-31,Oakland Park,P0192,4,21,1
2025-08-31,Oakland Park,P0060,8,53,2
2025-09-30,Lake Worth,P0256,2,5,1
2025-07-31,Dania Beach,P0293,5,210,1
2026-04-30,Oakland Park,P0278,3,54,2
2025-11-30,Dania Beach,P0023,6,8,1
2025-08-31,Lake Worth,P0299,2,5,1
2026-02-28,Lake Worth,P0215,3,45,3
2026-02-28,Dania Beach,P0203,0,28,3
2026-06-30,Lake Worth,P0266,2,29,3
2025-08-31,Oakland Park,P0278,6,293,3
2025-12-31,Lake Worth,P0190,8,70,2
2025-07-31,Lake Worth,P0288,5,31,2
2025-10-31,Oakland Park,P0130,1,61,2
2025-08-31,Lake Worth,P0052,5,68,2
2026-03-31,Oakland Park,P0258,156,55,1
2026-06-30,Lake Worth,P0237,6,63,2
2025-10-31,Dania Beach,P0082,9,42,1
2026-04-30,Oakland Park,P0113,8,72,3
2026-03-31,Dania Beach,P0146,3,65,3
2025-12-31,Oakland Park,P0131,0,18,2
2026-04-30,Oakland Park,P0009,4,291,2
2026-01-31,Oakland Park,P0179,0,56,1
2026-01-31,Oakland Park,P0011,0,59,3
2025-11-30,Oakland Park,P0011,0,67,1
2025-12-31,Dania Beach,P0273,0,8,2
2026-04-30,Dania Beach,P0253,12,33,2
2026-02-28,Oakland Park,P0225,17,39,2
2025-09-30,Dania Beach,P0130,1,66,2
2026-01-31,Oakland Park,P0300,6,16,2
2025-07-31,Dania Beach,P0177,1,36,3
2025-07-31,Dania Beach,P0084,4,26,3
2026-06-30,Dania Beach,P0088,3,44,3
2025-07-31,Lake Worth,P0252,0,34,2
2026-05-31,Lake Worth,P0026,1,304,2
2026-05-31,Dania Beach,P0130,0,56,3
2025-09-30,Dania Beach,P0245,6,165,2
2026-02-28,Oakland Park,P0210,0,24,1
2026-03-31,Oakland Park,P0172,2,268,2
2025-11-30,Oakland Park,P0219,1,73,1
2025-07-31,Lake Worth,P0220,1,30,3
2026-06-30,Dania Beach,P0234,9,45,1
2026-04-30,Oakland Park,P0028,66,10,2
2025-12-31,Lake Worth,P0090,2,27,2
2025-11-30,Lake Worth,P0116,11,6,2
2025-12-31,Oakland Park,P0115,8,158,3
2025-08-31,Dania Beach,P0061,2,66,2
2026-04-30,Oakland Park,P0003,0,24,3
2026-02-28,Dania Beach,P0294,4,42,2
2025-11-30,Lake Worth,P0238,7,114,3
2025-07-31,Dania Beach,P0224,5,69,2
2025-07-31,Oakland Park,P0008,10,42,3
2025-09-30,Oakland Park,P0287,2,12,2
2025-12-31,Dania Beach,P0056,6,56,1
2025-10-31,Dania Beach,P0212,4,55,2
2025-10-31,Oakland Park,P0007,4,244,2
2026-05-31,Dania Beach,P0142,0,74,3
2026-03-31,Oakland Park,P0035,9,111,2
2025-09-30,Dania Beach,P0093,3,49,2
2025-10-31,Oakland Park,P0129,4,47,2
2026-06-30,Lake Worth,P0187,0,18,2
2026-03-31,Lake Worth,P0055,1,57,2
2026-01-31,Oakland Park,P0218,3,32,2
2025-08-31,Lake Worth,P0009,2,57,2
2025-07-31,Oakland Park,P0098,6,16,2
2026-04-30,Dania Beach,P0214,1,53,1
2026-06-30,Lake Worth,P0036,2,36,2
2026-04-30,Lake Worth,P0143,2,19,2
2025-10-31,Oakland Park,P0274,0,35,2
2025-07-31,Lake Worth,P0122,9,22,2
2026-03-31,Dania Beach,P0065,0,44,2
2025-09-30,Lake Worth,P0069,19,58,1
2026-04-30,Lake Worth,P0226,3,23,3
2025-10-31,Dania Beach,P0078,7,59,1
2025-11-30,Dania Beach,P0220,3,30,1
2026-05-31,Lake Worth,P0044,3,45,1
2026-01-31,Dania Beach,P0136,0,35,2
2026-04-30,Lake Worth,P0113,9,51,2
2026-04-30,Oakland Park,P0135,6,29,2
2026-02-28,Lake Worth,P0120,27,14,1
2026-01-31,Dania Beach,P0235,0,27,2
2026-01-31,Oakland Park,P0020,6,62,1
2025-12-31,Dania Beach,P0247,2,35,2
2026-01-31,Lake Worth,P0239,3,127,2
2026-06-30,Oakland Park,P0093,6,70,3
2025-11-30,Lake Worth,P0018,4,18,2
2026-03-31,Dania Beach,P0016,4,63,2
2025-10-31,Oakland Park,P0205,7,86,1
2026-01-31,Oakland Park,P0243,0,27,3
2026-05-31,Dania Beach,P0260,0,33,3
2026-02-28,Lake Worth,P0236,2,16,3
2026-03-31,Oakland Park,P0265,2,37,2
2026-06-30,Oakland Park,P0025,4,14,1
2026-04-30,Lake Worth,P0137,5,63,3
2026-06-30,Oakland Park,P0294,8,16,1
2026-02-28,Oakland Park,P0071,11,52,2
2026-01-31,Oakland Park,P0298,17,34,2
2025-09-30,Dania Beach,P0138,30,239,3
2026-06-30,Oakland Park,P0062,5,60,3
2025-12-31,Lake Worth,P0290,0,51,3
2026-02-28,Dania Beach,P0288,7,294,2
2025-10-31,Oakland Park,P0199,0,32,3
2025-08-31,Oakland Park,P0014,0,62,3
2026-06-30,Dania Beach,P0126,4,37,3
2026-02-28,Lake Worth,P0167,2,35,3
2026-03-31,Dania Beach,P0070,0,64,3
2025-09-30,Dania Beach,P0258,156,205,1
2026-04-30,Lake Worth,P0005,0,19,1
2026-05-31,Dania Beach,P0081,3,13,3
2025-12-31,Lake Worth,P0242,3,279,1
2025-08-31,Oakland Park,P0129,6,61,3
2025-07-31,Lake Worth,P0208,2,23,3
2025-12-31,Lake Worth,P0110,3,52,3
2026-02-28,Dania Beach,P0168,5,103,2
2025-09-30,Dania Beach,P0115,0,0,1
2025-09-30,Lake Worth,P0160,0,18,2
2026-05-31,Oakland Park,P0107,9,132,1
2025-12-31,Oakland Park,P0141,23,30,2
2025-10-31,Oakland Park,P0231,6,32,2
2025-10-31,Oakland Park,P0128,12,265,3
2026-02-28,Oakland Park,P0149,1,49,2
2025-10-31,Oakland Park,P0064,0,14,2
2025-10-31,Lake Worth,P0125,8,32,3
2026-04-30,Dania Beach,P0052,3,15,1
2026-05-31,Lake Worth,P0048,0,54,1
2026-03-31,Lake Worth,P0048,7,38,2
2025-09-30,Oakland Park,P0209,13,274,3
2026-01-31,Lake Worth,P0193,6,156,1
2026-02-28,Oakland Park,P0275,0,14,1
2025-08-31,Dania Beach,P0009,1,24,2
2025-10-31,Dania Beach,P0206,0,0,2
2026-01-31,Oakland Park,P0177,4,254,3
2025-11-30,Lake Worth,P0041,11,194,2
2026-01-31,Lake Worth,P0230,2,37,2
2026-01-31,Oakland Park,P0181,31,65,1
2025-12-31,Dania Beach,P0177,0,74,1
2026-04-30,Dania Beach,P0025,5,9,1
2025-12-31,Dania Beach,P0022,16,71,2
2026-04-30,Oakland Park,P0252,0,33,2
2026-04-30,Oakland Park,P0058,12,26,2
2026-05-31,Dania Beach,P0158,2,41,1
2025-12-31,Oakland Park,P0148,5,282,3
2026-02-28,Oakland Park,P0197,0,19,2
2026-05-31,Oakland Park,P0294,5,13,3
2026-06-30,Oakland Park,P0102,7,70,2
2026-03-31,Dania Beach,P0169,5,311,2
2026-02-28,Lake Worth,P0220,0,59,3
2025-12-31,Dania Beach,P0255,2,39,2
2026-05-31,Lake Worth,P0135,1,37,2
2026-01-31,Oakland Park,P0043,0,72,3
2026-04-30,Oakland Park,P0159,2,19,2
2025-09-30,Lake Worth,P0179,1,196,2
2026-04-30,Dania Beach,P0002,3,26,1
2025-07-31,Dania Beach,P0136,2,41,1
2025-10-31,Lake Worth,P0220,0,62,1
2025-10-31,Lake Worth,P0064,1,179,1
2025-11-30,Oakland Park,P0255,6,5,1
2026-05-31,Lake Worth,P0090,7,25,2
2026-06-30,Oakland Park,P0223,5,26,2
2026-06-30,Oakland Park,P0157,10,253,3
2026-03-31,Dania Beach,P0196,14,186,2
2025-09-30,Lake Worth,P0254,0,38,1
2025-10-31,Dania Beach,P0046,3,31,3
2025-11-30,Oakland Park,P0065,0,17,1
2026-01-31,Dania Beach,P0176,5,31,1
2026-05-31,Dania Beach,P0103,0,64,1
2025-08-31,Oakland Park,P0011,3,60,3
2025-07-31,Lake Worth,P0106,4,18,3
2026-02-28,Oakland Park,P0249,3,24,2
2026-02-28,Lake Worth,P0002,3,27,3
2026-06-30,Lake Worth,P0226,3,42,3
2025-09-30,Lake Worth,P0075,1,141,1
2026-05-31,Oakland Park,P0265,5,22,2
2025-08-31,Lake Worth,P0183,0,46,3
2026-02-28,Dania Beach,P0013,0,7,3
2026-04-30,Lake Worth,P0125,9,18,1
2025-10-31,Dania Beach,P0061,1,14,2
2026-02-28,Oakland Park,P0266,6,33,1
2025-09-30,Lake Worth,P0010,0,63,1
2026-02-28,Oakland Park,P0101,5,10,3
2025-12-31,Lake Worth,P0050,16,257,1
2025-11-30,Dania Beach,P0054,5,43,2
2025-11-30,Dania Beach,P0236,4,27,2
2026-05-31,Dania Beach,P0155,4,21,3
2026-02-28,Lake Worth,P0089,0,15,2
2026-05-31,Oakland Park,P0218,2,222,3
2025-10-31,Oakland Park,P0290,3,208,2
2026-05-31,Lake Worth,P0035,3,13,1
2026-04-30,Dania Beach,P0259,7,25,2
2026-01-31,Oakland Park,P0096,0,62,1
2025-07-31,Oakland Park,P0263,9,153,1
2026-05-31,Lake Worth,P0013,3,67,1
2026-05-31,Dania Beach,P0113,8,57,3
2026-05-31,Dania Beach,P0275,5,183,3
2026-02-28,Dania Beach,P0299,5,69,2
2025-08-31,Lake Worth,P0036,5,11,2
2026-06-30,Lake Worth,P0138,26,29,2
2025-08-31,Dania Beach,P0013,0,12,1
2026-04-30,Lake Worth,P0116,10,40,3
2025-10-31,Oakland Park,P0070,3,39,2
2025-10-31,Dania Beach,P0109,4,281,2
2025-11-30,Dania Beach,P0026,2,34,3
2026-04-30,Lake Worth,P0215,2,47,2
2025-10-31,Dania Beach,P0106,2,35,2
2026-06-30,Dania Beach,P0251,6,11,2
2025-08-31,Dania Beach,P0203,5,19,2
2026-02-28,Oakland Park,P0221,0,66,2
2025-09-30,Oakland Park,P0083,4,15,2
2026-06-30,Dania Beach,P0003,2,37,1
2025-10-31,Lake Worth,P0148,5,32,3
2026-03-31,Lake Worth,P0120,31,46,3
2025-12-31,Lake Worth,P0195,0,10,2
2025-09-30,Lake Worth,P0228,4,290,2
2026-02-28,Oakland Park,P0230,4,8,2
2026-01-31,Dania Beach,P0062,0,73,2
2026-03-31,Oakland Park,P0121,5,19,3
2025-08-31,Oakland Park,P0039,0,49,1
2026-03-31,Lake Worth,P0138,25,248,1
2026-01-31,Oakland Park,P0136,5,21,2
2026-03-31,Oakland Park,P0109,4,30,3
2026-02-28,Oakland Park,P0245,2,11,2
2026-01-31,Lake Worth,P0152,10,41,1
2025-12-31,Lake Worth,P0160,4,210,2
2026-02-28,Oakland Park,P0241,2,37,2
2025-07-31,Dania Beach,P0176,5,18,2
2026-05-31,Oakland Park,P0139,2,20,1
2025-11-30,Oakland Park,P0297,3,75,1
2026-06-30,Oakland Park,P0003,3,7,2
2025-10-31,Oakland Park,P0155,5,66,2
2026-01-31,Oakland Park,P0079,11,28,1
2025-09-30,Dania Beach,P0219,1,16,2
2026-01-31,Lake Worth,P0084,0,48,3
2025-09-30,Dania Beach,P0056,8,29,1
2026-05-31,Dania Beach,P0087,4,264,1
2025-08-31,Oakland Park,P0153,5,55,2
2025-09-30,Oakland Park,P0200,3,192,3
2025-08-31,Lake Worth,P0234,10,20,2
2026-05-31,Dania Beach,P0120,26,67,1
2026-02-28,Oakland Park,P0003,4,69,3
2026-02-28,Dania Beach,P0056,2,60,2
2025-11-30,Oakland Park,P0026,2,43,3
2025-10-31,Lake Worth,P0251,8,30,2
2026-06-30,Oakland Park,P0051,1,41,2
2025-10-31,Lake Worth,P0149,2,119,2
2025-07-31,Dania Beach,P0045,18,8,3
2026-06-30,Lake Worth,P0031,4,228,1
2025-09-30,Dania Beach,P0203,4,40,2
2025-07-31,Lake Worth,P0049,0,48,1
2025-12-31,Dania Beach,P0291,0,54,2
2026-05-31,Lake Worth,P0033,11,16,2
2026-05-31,Lake Worth,P0168,5,48,2
2026-06-30,Oakland Park,P0032,3,52,2
2025-12-31,Lake Worth,P0115,0,12,2
2026-02-28,Oakland Park,P0092,4,232,2
2026-06-30,Oakland Park,P0060,5,29,1
2026-05-31,Dania Beach,P0149,0,61,2
2026-01-31,Dania Beach,P0080,0,70,2
2026-06-30,Dania Beach,P0192,1,59,3
2025-11-30,Oakland Park,P0130,3,71,2
2026-05-31,Lake Worth,P0046,0,47,3
2025-10-31,Dania Beach,P0149,3,31,2
2026-04-30,Lake Worth,P0282,3,105,3
2025-07-31,Oakland Park,P0255,1,49,2
2026-05-31,Dania Beach,P0184,0,67,2
2025-09-30,Lake Worth,P0033,9,25,1
2025-09-30,Dania Beach,P0007,2,235,3
2026-05-31,Dania Beach,P0282,4,141,1
2026-03-31,Oakland Park,P0271,8,88,2
2026-05-31,Dania Beach,P0271,0,0,2
2025-08-31,Lake Worth,P0277,2,64,1
2025-08-31,Dania Beach,P0216,4,298,3
2025-12-31,Lake Worth,P0188,12,173,2
2026-06-30,Lake Worth,P0196,9,13,2
2025-10-31,Lake Worth,P0083,2,44,2
2026-05-31,Oakland Park,P0132,4,19,1
2025-12-31,Dania Beach,P0030,2,35,2
2025-07-31,Dania Beach,P0023,5,44,2
2026-01-31,Oakland Park,P0075,0,50,1
2026-03-31,Dania Beach,P0180,5,36,1
2025-09-30,Dania Beach,P0100,16,46,1
2026-04-30,Lake Worth,P0272,5,169,2
2026-02-28,Lake Worth,P0228,3,261,2
2026-06-30,Oakland Park,P0092,3,8,2
2025-07-31,Dania Beach,P0184,1,7,2
2026-01-31,Dania Beach,P0251,7,44,3
2026-03-31,Dania Beach,P0127,0,62,3
2026-06-30,Dania Beach,P0297,3,152,1
2025-08-31,Dania Beach,P0202,2,43,1
2026-06-30,Dania Beach,P0150,5,157,3
2026-06-30,Lake Worth,P0018,1,107,1
2025-11-30,Lake Worth,P0171,0,55,1
2026-05-31,Oakland Park,P0186,5,34,2
2025-09-30,Oakland Park,P0087,5,68,1
2026-04-30,Oakland Park,P0144,9,161,3
2025-09-30,Dania Beach,P0016,6,5,2
2026-05-31,Oakland Park,P0129,3,15,2
2025-12-31,Dania Beach,P0228,0,17,1
2026-02-28,Oakland Park,P0239,2,261,1
2026-01-31,Lake Worth,P0269,0,28,2
2026-05-31,Lake Worth,P0029,1,54,2
2026-05-31,Lake Worth,P0164,3,9,1
2026-05-31,Lake Worth,P0217,3,67,2
2026-03-31,Dania Beach,P0186,0,30,2
2026-02-28,Oakland Park,P0298,10,6,2
2025-11-30,Dania Beach,P0101,2,17,1
2026-06-30,Dania Beach,P0099,25,5,3
2026-04-30,Lake Worth,P0212,2,61,1
2026-03-31,Dania Beach,P0156,0,0,2
2026-05-31,Dania Beach,P0056,5,24,1
2026-04-30,Oakland Park,P0298,13,54,3
2026-03-31,Oakland Park,P0127,1,23,2
2025-10-31,Lake Worth,P0026,2,215,1
2025-08-31,Dania Beach,P0212,3,29,1
2025-10-31,Dania Beach,P0073,0,0,3
2026-04-30,Lake Worth,P0244,3,44,3
2026-02-28,Lake Worth,P0251,7,16,3
2025-08-31,Dania Beach,P0271,0,0,1
2025-07-31,Oakland Park,P0194,0,63,2
2025-12-31,Lake Worth,P0300,4,45,2
2026-04-30,Lake Worth,P0249,3,99,3
2025-07-31,Oakland Park,P0171,0,48,2
2026-05-31,Oakland Park,P0159,4,44,2
2026-04-30,Dania Beach,P0016,6,23,1
2025-07-31,Dania Beach,P0192,4,186,2
2026-01-31,Dania Beach,P0065,2,165,2
2025-10-31,Lake Worth,P0159,3,173,2
2026-02-28,Lake Worth,P0124,0,51,3
2026-02-28,Dania Beach,P0246,1,59,2
2025-07-31,Dania Beach,P0227,6,37,2
2025-07-31,Oakland Park,P0244,6,65,3
2026-04-30,Lake Worth,P0020,3,58,3
2026-04-30,Dania Beach,P0236,5,43,3
2025-12-31,Dania Beach,P0140,5,123,3
2025-12-31,Dania Beach,P0225,19,38,2
2026-03-31,Lake Worth,P0210,3,41,2
2025-09-30,Dania Beach,P0161,2,142,2
2025-08-31,Lake Worth,P0045,22,48,2
2026-03-31,Lake Worth,P0167,3,67,2
2026-06-30,Oakland Park,P0169,3,58,2
2025-12-31,Dania Beach,P0045,19,65,2
2026-06-30,Dania Beach,P0298,13,138,1
2025-09-30,Dania Beach,P0086,0,11,2
2026-04-30,Oakland Park,P0056,6,35,2
2025-08-31,Oakland Park,P0135,2,44,2
2025-10-31,Dania Beach,P0204,6,56,2
2025-08-31,Dania Beach,P0071,6,52,2
2026-01-31,Lake Worth,P0195,5,27,3
2025-08-31,Lake Worth,P0198,5,59,1
2026-03-31,Oakland Park,P0011,0,68,1
2025-11-30,Lake Worth,P0047,7,42,2
2026-03-31,Oakland Park,P0219,0,70,1
2025-11-30,Dania Beach,P0279,8,8,2
2026-01-31,Lake Worth,P0031,5,17,2
2025-07-31,Lake Worth,P0042,18,233,2
2026-06-30,Lake Worth,P0242,5,57,2
2025-09-30,Oakland Park,P0072,5,66,2
2026-06-30,Dania Beach,P0194,2,24,1
2025-10-31,Oakland Park,P0299,4,7,2
2026-04-30,Oakland Park,P0264,10,192,2
2026-04-30,Dania Beach,P0033,11,12,2
2025-12-31,Oakland Park,P0064,3,48,3
2026-02-28,Lake Worth,P0039,2,52,2
2025-09-30,Lake Worth,P0155,1,65,2
2026-05-31,Lake Worth,P0239,8,60,3
2025-09-30,Oakland Park,P0239,0,29,2
2025-08-31,Dania Beach,P0043,0,40,2
2025-08-31,Oakland Park,P0063,5,272,2
2025-12-31,Dania Beach,P0069,18,59,2
2025-09-30,Dania Beach,P0064,0,41,3
2025-11-30,Dania Beach,P0051,2,7,2
2025-09-30,Lake Worth,P0184,5,212,2
2026-06-30,Dania Beach,P0022,10,42,2
2025-10-31,Lake Worth,P0145,16,39,2
2026-02-28,Lake Worth,P0211,4,61,2
2026-01-31,Oakland Park,P0157,11,26,2
2025-07-31,Dania Beach,P0223,4,63,3
2026-01-31,Lake Worth,P0108,8,12,2
2025-07-31,Oakland Park,P0213,0,5,3
2026-04-30,Lake Worth,P0145,12,7,2
2025-08-31,Lake Worth,P0213,0,23,1
2026-05-31,Lake Worth,P0247,6,46,2
2025-09-30,Oakland Park,P0154,9,148,2
2025-11-30,Dania Beach,P0124,3,222,2
2026-02-28,Lake Worth,P0204,0,69,2
2025-12-31,Dania Beach,P0297,7,49,2
2025-07-31,Dania Beach,P0254,0,69,2
2025-11-30,Lake Worth,P0021,5,38,2
2026-03-31,Oakland Park,P0279,8,134,1
2026-01-31,Oakland Park,P0150,3,33,3
2025-12-31,Oakland Park,P0222,3,51,2
2026-06-30,Dania Beach,P0056,4,27,1
2025-07-31,Dania Beach,P0267,2,75,1
2026-04-30,Dania Beach,P0113,11,316,2
2026-01-31,Dania Beach,P0173,6,278,3
2026-06-30,Dania Beach,P0284,0,0,2
2026-04-30,Oakland Park,P0244,1,22,2
2026-02-28,Dania Beach,P0230,0,14,1
2025-10-31,Dania Beach,P0265,5,36,2
2026-02-28,Oakland Park,P0172,1,28,3
2026-04-30,Lake Worth,P0268,3,62,1
2025-08-31,Lake Worth,P0110,0,48,3
2026-01-31,Lake Worth,P0246,1,53,2
2026-05-31,Lake Worth,P0037,4,15,2
2025-07-31,Lake Worth,P0095,10,17,2
2025-08-31,Lake Worth,P0252,0,54,2
2025-07-31,Oakland Park,P0217,2,59,2
2026-04-30,Dania Beach,P0217,0,73,2
2025-09-30,Dania Beach,P0260,3,63,3
2026-04-30,Lake Worth,P0141,23,176,1
2025-08-31,Dania Beach,P0160,2,51,2
2026-03-31,Lake Worth,P0029,2,20,2
2026-04-30,Lake Worth,P0078,3,20,2
2025-09-30,Lake Worth,P0038,0,25,2
2025-10-31,Dania Beach,P0177,1,60,2
2026-02-28,Lake Worth,P0112,20,268,3
2025-11-30,Lake Worth,P0275,0,28,3
2026-01-31,Dania Beach,P0063,7,42,1
2026-03-31,Oakland Park,P0107,14,94,2
2026-03-31,Lake Worth,P0079,9,7,3
2026-03-31,Oakland Park,P0058,10,67,1
2025-09-30,Lake Worth,P0017,2,69,3
2025-11-30,Oakland Park,P0041,8,11,1
2026-02-28,Oakland Park,P0206,10,96,2
2025-08-31,Dania Beach,P0069,18,55,3
2025-07-31,Oakland Park,P0086,2,122,1
2026-02-28,Lake Worth,P0022,15,190,2
2025-09-30,Lake Worth,P0203,0,56,2
2026-02-28,Oakland Park,P0026,0,9,2
2025-10-31,Lake Worth,P0091,14,15,3
2026-03-31,Oakland Park,P0099,24,51,2
2025-10-31,Dania Beach,P0164,3,20,3
2025-07-31,Dania Beach,P0047,4,173,3
2025-07-31,Dania Beach,P0241,1,74,2
2026-05-31,Dania Beach,P0100,14,15,1
2025-08-31,Lake Worth,P0012,3,12,2
2025-12-31,Dania Beach,P0021,1,23,3
2025-11-30,Lake Worth,P0248,6,21,3
2025-10-31,Dania Beach,P0294,11,33,2
2025-09-30,Dania Beach,P0018,2,59,3
2025-09-30,Oakland Park,P0146,1,41,3
2026-04-30,Lake Worth,P0098,9,71,3
2025-08-31,Lake Worth,P0162,1,111,2
2025-10-31,Oakland Park,P0269,1,64,1
2025-11-30,Dania Beach,P0088,5,7,3
2026-05-31,Oakland Park,P0231,5,144,2
2026-05-31,Dania Beach,P0243,2,7,3
2026-02-28,Lake Worth,P0110,4,68,3
2026-06-30,Lake Worth,P0104,2,15,2
2025-09-30,Oakland Park,P0298,15,178,1
2026-04-30,Lake Worth,P0231,7,29,1
2026-06-30,Lake Worth,P0191,3,55,2
2026-05-31,Dania Beach,P0280,6,48,1
2025-10-31,Lake Worth,P0090,9,5,2
2026-01-31,Oakland Park,P0113,7,30,3
2025-07-31,Lake Worth,P0112,21,296,3
2026-06-30,Oakland Park,P0124,0,39,3
2026-02-28,Dania Beach,P0172,1,73,3
2025-11-30,Dania Beach,P0282,4,102,2
2025-08-31,Oakland Park,P0051,5,74,3
2025-12-31,Dania Beach,P0269,4,32,1
2025-12-31,Dania Beach,P0139,5,260,2
2025-12-31,Dania Beach,P0094,5,56,1
2025-07-31,Lake Worth,P0096,0,69,2
2026-04-30,Dania Beach,P0204,3,127,2
2025-09-30,Oakland Park,P0212,2,140,2
2026-02-28,Oakland Park,P0018,2,57,2
2025-11-30,Dania Beach,P0239,2,180,2
2025-07-31,Dania Beach,P0147,4,66,3
2026-03-31,Oakland Park,P0233,19,13,2
2026-06-30,Lake Worth,P0272,2,57,2
2026-04-30,Dania Beach,P0299,0,64,1
2025-07-31,Lake Worth,P0158,5,242,3
2025-07-31,Dania Beach,P0263,0,0,3
2026-03-31,Lake Worth,P0204,3,8,1
2026-02-28,Dania Beach,P0242,5,6,2
2026-04-30,Oakland Park,P0194,0,41,1
2026-02-28,Oakland Park,P0233,11,67,3
2026-06-30,Oakland Park,P0030,0,18,1
2025-07-31,Dania Beach,P0058,12,70,2
2025-09-30,Oakland Park,P0143,3,43,3
2025-12-31,Lake Worth,P0244,6,47,2
2025-09-30,Oakland Park,P0066,2,19,3
2026-05-31,Lake Worth,P0258,154,57,3
2025-09-30,Lake Worth,P0154,1,52,3
2026-05-31,Lake Worth,P0065,1,61,1
2025-09-30,Lake Worth,P0082,6,165,3
2025-12-31,Lake Worth,P0205,8,13,3
2026-05-31,Oakland Park,P0291,0,66,2
2026-04-30,Dania Beach,P0099,23,38,3
2025-09-30,Dania Beach,P0049,0,64,1
2026-04-30,Lake Worth,P0108,9,14,2
2025-08-31,Dania Beach,P0282,3,27,3
2025-10-31,Dania Beach,P0122,0,0,1
2026-05-31,Dania Beach,P0255,4,64,2
2025-10-31,Dania Beach,P0063,8,70,2
2025-11-30,Oakland Park,P0060,7,276,2
2026-01-31,Lake Worth,P0254,1,227,2
2026-03-31,Oakland Park,P0297,8,40,2
2026-04-30,Dania Beach,P0210,1,188,3
2025-08-31,Dania Beach,P0145,12,14,2
2026-01-31,Dania Beach,P0265,1,65,1
2025-10-31,Dania Beach,P0135,1,13,2
2026-05-31,Lake Worth,P0056,3,45,3
2025-07-31,Lake Worth,P0034,3,27,2
2025-09-30,Lake Worth,P0222,5,52,2
2026-01-31,Dania Beach,P0003,1,28,3
2025-07-31,Oakland Park,P0229,63,29,1
2026-06-30,Lake Worth,P0145,12,18,3
2026-04-30,Lake Worth,P0225,17,5,1
2025-07-31,Oakland Park,P0058,7,60,2
2025-11-30,Dania Beach,P0210,0,71,2
2025-11-30,Dania Beach,P0225,20,64,2
2026-01-31,Oakland Park,P0164,2,45,2
2025-12-31,Lake Worth,P0129,7,14,2
2025-11-30,Oakland Park,P0074,2,142,2
2025-11-30,Dania Beach,P0290,0,35,2
2026-04-30,Oakland Park,P0047,3,24,2
2025-12-31,Oakland Park,P0010,7,192,2
2025-09-30,Lake Worth,P0146,0,66,3
2025-07-31,Oakland Park,P0067,10,165,3
2026-01-31,Lake Worth,P0090,4,39,1
2026-03-31,Dania Beach,P0035,0,0,1
2026-05-31,Lake Worth,P0150,3,8,3
2025-12-31,Lake Worth,P0197,7,44,2
2025-12-31,Oakland Park,P0139,4,14,2
2025-09-30,Lake Worth,P0094,2,12,2
2025-10-31,Oakland Park,P0035,7,224,2
2026-06-30,Oakland Park,P0274,1,66,2
2025-10-31,Dania Beach,P0097,1,61,3
2025-07-31,Oakland Park,P0116,12,28,2
2026-04-30,Dania Beach,P0042,15,21,2
2025-08-31,Oakland Park,P0002,0,58,3
2025-11-30,Dania Beach,P0062,2,65,2
2026-02-28,Dania Beach,P0239,3,156,2
2026-06-30,Lake Worth,P0213,1,70,3
2025-11-30,Oakland Park,P0120,29,98,3
2025-09-30,Oakland Park,P0030,4,11,2
2026-01-31,Lake Worth,P0268,4,214,2
2025-11-30,Dania Beach,P0011,0,45,1
2025-07-31,Oakland Park,P0215,2,32,2
2026-03-31,Oakland Park,P0087,3,307,2
2026-01-31,Oakland Park,P0105,5,61,2
2026-06-30,Dania Beach,P0287,2,8,3
2025-07-31,Dania Beach,P0178,0,0,2
2025-11-30,Lake Worth,P0239,5,34,3
2025-08-31,Oakland Park,P0146,1,17,1
2026-04-30,Oakland Park,P0174,2,18,1
2025-08-31,Lake Worth,P0069,16,16,2
2025-11-30,Dania Beach,P0142,2,272,3
2026-05-31,Dania Beach,P0298,16,22,2
2025-10-31,Lake Worth,P0150,5,44,1
2025-07-31,Lake Worth,P0084,0,72,2
2026-02-28,Dania Beach,P0042,18,96,2
2026-05-31,Dania Beach,P0065,0,37,2
2025-09-30,Lake Worth,P0199,2,72,3
2026-06-30,Oakland Park,P0260,1,265,2
2025-09-30,Oakland Park,P0108,7,74,2
2026-02-28,Dania Beach,P0073,0,0,1
2026-02-28,Dania Beach,P0179,2,294,3
2026-01-31,Oakland Park,P0027,8,304,3
2026-06-30,Dania Beach,P0279,6,10,2
2026-02-28,Oakland Park,P0213,0,13,3
2025-08-31,Lake Worth,P0174,2,122,3
2026-03-31,Lake Worth,P0152,7,32,1
2025-07-31,Oakland Park,P0294,4,70,2
2025-07-31,Oakland Park,P0120,30,71,2
2026-06-30,Dania Beach,P0041,14,13,2
2026-04-30,Lake Worth,P0188,14,29,2
2026-02-28,Dania Beach,P0261,0,28,3
2026-06-30,Lake Worth,P0074,2,43,2
2026-02-28,Dania Beach,P0130,0,59,2
2025-08-31,Oakland Park,P0026,2,62,2
2026-01-31,Lake Worth,P0169,3,69,2
2026-06-30,Dania Beach,P0127,3,213,2
2026-03-31,Lake Worth,P0118,3,7,3
2026-04-30,Lake Worth,P0194,0,54,2
2025-12-31,Oakland Park,P0067,11,146,3
2025-12-31,Oakland Park,P0029,5,28,2
2026-02-28,Lake Worth,P0156,6,25,1
2026-04-30,Oakland Park,P0200,0,71,1
2026-01-31,Oakland Park,P0018,0,73,2
2026-04-30,Dania Beach,P0180,6,15,1
2025-10-31,Dania Beach,P0180,1,269,2
2025-11-30,Oakland Park,P0266,7,184,2
2026-06-30,Lake Worth,P0155,4,15,1
2025-07-31,Lake Worth,P0221,0,30,1
2026-04-30,Dania Beach,P0232,15,24,1
2025-08-31,Oakland Park,P0299,0,16,2
2026-06-30,Dania Beach,P0108,6,60,1
2025-10-31,Oakland Park,P0010,12,83,1
2026-01-31,Oakland Park,P0069,19,275,3
2026-02-28,Lake Worth,P0299,0,52,2
2026-06-30,Lake Worth,P0235,0,51,3
2026-02-28,Dania Beach,P0111,0,17,3
2025-09-30,Oakland Park,P0019,1,47,2
2025-12-31,Lake Worth,P0185,2,116,2
2025-07-31,Dania Beach,P0288,6,55,2
2025-12-31,Oakland Park,P0171,3,234,1
2025-12-31,Oakland Park,P0140,6,41,3
2026-05-31,Oakland Park,P0267,2,238,3
2026-03-31,Lake Worth,P0052,3,28,2
2025-11-30,Lake Worth,P0023,4,17,3
2025-12-31,Dania Beach,P0193,4,47,2
2026-06-30,Lake Worth,P0069,21,197,3
2025-12-31,Dania Beach,P0082,5,32,3
2025-12-31,Oakland Park,P0257,1,15,2
2025-11-30,Dania Beach,P0174,2,34,2
2025-10-31,Dania Beach,P0134,11,33,2
2026-01-31,Oakland Park,P0056,3,12,2
2025-08-31,Dania Beach,P0245,7,72,2
2026-02-28,Dania Beach,P0283,14,45,3
2026-05-31,Lake Worth,P0192,0,8,2
2026-01-31,Dania Beach,P0209,12,143,2
2025-10-31,Lake Worth,P0202,7,301,1
2025-08-31,Oakland Park,P0080,1,70,3
2025-11-30,Oakland Park,P0047,5,50,2
2025-08-31,Lake Worth,P0228,7,37,1
2026-06-30,Oakland Park,P0096,0,25,3
2026-02-28,Oakland Park,P0160,5,44,2
2026-01-31,Dania Beach,P0053,0,19,1
2025-12-31,Oakland Park,P0203,3,67,3
2026-01-31,Oakland Park,P0004,8,13,2
2026-05-31,Dania Beach,P0073,0,0,2
2025-10-31,Dania Beach,P0083,2,28,1
2025-12-31,Dania Beach,P0287,2,63,1
2025-09-30,Oakland Park,P0213,3,51,2
2025-09-30,Oakland Park,P0284,14,268,2
2025-08-31,Lake Worth,P0098,10,47,2
2026-01-31,Lake Worth,P0276,0,19,2
2025-09-30,Lake Worth,P0128,2,24,1
2025-08-31,Lake Worth,P0236,3,32,3
2026-01-31,Oakland Park,P0091,14,73,1
2026-03-31,Oakland Park,P0036,14,92,2
2025-12-31,Dania Beach,P0122,0,0,3
2025-12-31,Lake Worth,P0227,9,57,1
2026-03-31,Dania Beach,P0257,5,265,2
2026-03-31,Dania Beach,P0171,6,69,1
2026-05-31,Oakland Park,P0043,3,107,2
2026-05-31,Oakland Park,P0181,29,214,3
2026-05-31,Lake Worth,P0141,20,67,2
2026-04-30,Oakland Park,P0132,3,14,1
2025-10-31,Dania Beach,P0093,7,26,3
2026-06-30,Oakland Park,P0185,3,27,2
2025-08-31,Oakland Park,P0114,4,69,3
2025-08-31,Oakland Park,P0258,152,53,2
2025-11-30,Dania Beach,P0241,0,68,1
2026-04-30,Dania Beach,P0020,7,5,2
2026-05-31,Oakland Park,P0152,7,72,3
2025-10-31,Dania Beach,P0087,5,11,2
2026-05-31,Lake Worth,P0054,4,66,2
2026-05-31,Lake Worth,P0179,0,70,1
2026-06-30,Dania Beach,P0004,13,38,3
2026-06-30,Lake Worth,P0222,4,315,2
2025-09-30,Oakland Park,P0103,0,7,1
2025-08-31,Lake Worth,P0132,7,28,2
2026-02-28,Dania Beach,P0021,3,59,2
2026-02-28,Dania Beach,P0284,0,0,2
2025-08-31,Dania Beach,P0024,0,0,3
2026-01-31,Dania Beach,P0179,0,25,2
2025-08-31,Lake Worth,P0219,6,68,2
2026-05-31,Dania Beach,P0032,0,64,1
2026-02-28,Lake Worth,P0284,2,21,2
2026-01-31,Lake Worth,P0039,2,72,2
2025-07-31,Lake Worth,P0236,3,22,2
2025-11-30,Lake Worth,P0300,2,64,3
2025-07-31,Lake Worth,P0262,2,56,2
2026-05-31,Oakland Park,P0010,11,316,1
2026-06-30,Oakland Park,P0220,3,71,1
2026-01-31,Oakland Park,P0145,11,211,2
2026-01-31,Lake Worth,P0013,2,69,2
2025-09-30,Dania Beach,P0269,1,44,2
2025-08-31,Oakland Park,P0194,0,29,2
2026-02-28,Oakland Park,P0300,3,42,2
2025-09-30,Lake Worth,P0217,1,166,1
2025-10-31,Oakland Park,P0287,3,55,3
2026-03-31,Dania Beach,P0011,0,27,2
2026-06-30,Dania Beach,P0300,5,66,1
2025-08-31,Lake Worth,P0282,2,11,1
2025-11-30,Oakland Park,P0131,2,62,3
2025-07-31,Lake Worth,P0019,1,59,3
2026-03-31,Lake Worth,P0267,4,301,3
2026-05-31,Lake Worth,P0005,0,66,3
2026-06-30,Dania Beach,P0281,6,5,2
2026-03-31,Dania Beach,P0241,0,6,2
2025-12-31,Lake Worth,P0181,29,26,2
2025-11-30,Dania Beach,P0030,0,72,1
2026-05-31,Lake Worth,P0131,0,66,2
2025-07-31,Oakland Park,P0204,0,48,1
2025-09-30,Lake Worth,P0230,1,18,1
2025-10-31,Dania Beach,P0247,3,54,3
2026-05-31,Lake Worth,P0070,1,20,2
2025-08-31,Dania Beach,P0222,6,272,3
2025-09-30,Oakland Park,P0091,15,91,1
2025-12-31,Oakland Park,P0163,0,54,2
2025-12-31,Lake Worth,P0146,0,18,3
2025-09-30,Dania Beach,P0081,2,46,2
2026-06-30,Oakland Park,P0285,1,42,2
2025-10-31,Dania Beach,P0160,1,305,2
2026-04-30,Lake Worth,P0288,7,14,2
2026-05-31,Oakland Park,P0260,4,46,2
2025-11-30,Oakland Park,P0217,1,43,1
2026-02-28,Lake Worth,P0059,5,58,3
2026-03-31,Dania Beach,P0132,2,306,2
2026-02-28,Lake Worth,P0092,4,23,2
2025-12-31,Lake Worth,P0101,3,147,2
2026-04-30,Dania Beach,P0103,0,54,3
2025-09-30,Lake Worth,P0242,4,177,2
2025-12-31,Lake Worth,P0292,3,69,1
2025-09-30,Lake Worth,P0237,2,238,1
2025-12-31,Lake Worth,P0274,0,10,3
2026-03-31,Lake Worth,P0157,12,54,1
2026-01-31,Lake Worth,P0232,16,239,1
2026-04-30,Oakland Park,P0201,2,53,1
2025-10-31,Lake Worth,P0151,0,17,2
2025-08-31,Lake Worth,P0222,6,42,3
2025-07-31,Dania Beach,P0300,4,65,2
2026-06-30,Lake Worth,P0010,1,74,2
2026-02-28,Oakland Park,P0029,1,68,2
2026-06-30,Oakland Park,P0152,7,9,3
2025-09-30,Lake Worth,P0080,1,289,1
2026-06-30,Oakland Park,P0214,2,57,3
2026-01-31,Oakland Park,P0137,2,30,1
2025-10-31,Oakland Park,P0277,0,51,2
2025-08-31,Dania Beach,P0181,31,59,2
2025-08-31,Dania Beach,P0257,6,214,3
2025-08-31,Lake Worth,P0059,3,40,3
2026-06-30,Oakland Park,P0137,4,69,2
2025-08-31,Lake Worth,P0030,5,14,2
2025-09-30,Lake Worth,P0046,0,65,1
2026-03-31,Oakland Park,P0145,15,236,3
2026-02-28,Oakland Park,P0248,2,35,1
2025-12-31,Oakland Park,P0223,4,33,2
2025-12-31,Dania Beach,P0171,7,35,3
2026-01-31,Dania Beach,P0057,0,58,1
2025-11-30,Oakland Park,P0267,1,300,3
2025-09-30,Oakland Park,P0254,5,36,2
2025-11-30,Oakland Park,P0171,2,72,1
2026-01-31,Lake Worth,P0106,1,73,1
2025-11-30,Lake Worth,P0193,1,65,2
2026-03-31,Dania Beach,P0270,2,43,3
2026-03-31,Oakland Park,P0187,4,281,3
2025-10-31,Dania Beach,P0147,5,58,2
2025-08-31,Lake Worth,P0224,5,54,2
2025-12-31,Dania Beach,P0088,0,69,3
2025-10-31,Lake Worth,P0004,10,192,2
2026-03-31,Dania Beach,P0154,0,0,2
2026-05-31,Oakland Park,P0259,5,286,1
2026-03-31,Lake Worth,P0180,4,8,2
2025-07-31,Dania Beach,P0247,6,202,3
2025-07-31,Dania Beach,P0190,8,53,2
2025-08-31,Lake Worth,P0189,4,55,3
2025-11-30,Lake Worth,P0216,1,248,1
2025-12-31,Lake Worth,P0008,6,12,3
2026-06-30,Dania Beach,P0200,3,20,2
2025-08-31,Dania Beach,P0011,2,23,1
2026-05-31,Lake Worth,P0155,2,255,2
2025-10-31,Dania Beach,P0225,16,23,2
2026-06-30,Lake Worth,P0033,13,75,3
2026-04-30,Dania Beach,P0007,2,37,3
2026-04-30,Dania Beach,P0260,4,66,2
2026-01-31,Oakland Park,P0154,11,77,2
2025-07-31,Oakland Park,P0081,8,16,2
2026-01-31,Oakland Park,P0076,2,29,2
2025-10-31,Oakland Park,P0067,11,159,1
2025-07-31,Dania Beach,P0175,8,15,1
2026-03-31,Oakland Park,P0090,5,55,2
2026-06-30,Dania Beach,P0157,12,21,2
2026-05-31,Dania Beach,P0204,2,34,1
2025-11-30,Lake Worth,P0071,14,38,1
2025-09-30,Dania Beach,P0074,0,7,3
2025-07-31,Lake Worth,P0137,7,34,2
2025-09-30,Oakland Park,P0020,3,67,1
2025-10-31,Lake Worth,P0258,156,64,1
2026-06-30,Dania Beach,P0142,0,7,1
2026-01-31,Dania Beach,P0171,0,48,3
2025-10-31,Dania Beach,P0237,7,115,1
2026-06-30,Dania Beach,P0040,0,72,2
2026-05-31,Lake Worth,P0220,1,16,2
2025-12-31,Dania Beach,P0007,1,57,2
2026-04-30,Lake Worth,P0019,3,46,1
2026-04-30,Oakland Park,P0280,0,65,3
2025-10-31,Oakland Park,P0237,4,43,2
2026-03-31,Lake Worth,P0019,1,51,1
2026-06-30,Dania Beach,P0116,12,63,1
2026-01-31,Oakland Park,P0007,1,67,3
2025-10-31,Dania Beach,P0110,0,32,3
2026-02-28,Oakland Park,P0181,31,7,1
2026-05-31,Oakland Park,P0207,3,132,2
2025-09-30,Oakland Park,P0220,3,46,3
2025-10-31,Lake Worth,P0033,10,75,1
2026-04-30,Oakland Park,P0213,0,35,2
2026-05-31,Lake Worth,P0212,4,11,3
2026-01-31,Lake Worth,P0295,0,38,2
2026-01-31,Oakland Park,P0265,2,49,1
2026-01-31,Dania Beach,P0210,0,54,2
2026-02-28,Oakland Park,P0194,2,46,3
2025-12-31,Oakland Park,P0113,6,48,3
2026-02-28,Oakland Park,P0062,3,32,2
2026-06-30,Dania Beach,P0253,18,54,2
2026-05-31,Lake Worth,P0004,13,178,1
2025-08-31,Lake Worth,P0028,64,16,3
2026-03-31,Dania Beach,P0246,4,64,2
2025-07-31,Dania Beach,P0139,2,70,2
2025-07-31,Dania Beach,P0021,5,44,2
2025-12-31,Oakland Park,P0216,2,306,2
2025-09-30,Dania Beach,P0054,4,21,3
2026-06-30,Lake Worth,P0212,6,276,2
2026-04-30,Oakland Park,P0141,21,69,1
2026-04-30,Dania Beach,P0281,6,166,3
2026-01-31,Dania Beach,P0128,0,0,3
2026-04-30,Dania Beach,P0264,0,0,1
2026-04-30,Oakland Park,P0276,0,65,2
2025-11-30,Dania Beach,P0298,13,280,2
2025-09-30,Dania Beach,P0144,0,0,3
2025-12-31,Oakland Park,P0199,0,65,3
2026-03-31,Dania Beach,P0191,0,39,2
2026-01-31,Lake Worth,P0093,5,40,1
2025-12-31,Oakland Park,P0291,1,26,1
2026-06-30,Lake Worth,P0003,1,115,2
2026-04-30,Oakland Park,P0164,0,36,3
2025-09-30,Lake Worth,P0152,4,7,3
2025-11-30,Dania Beach,P0204,5,33,3
2026-06-30,Oakland Park,P0039,0,64,2
2025-10-31,Oakland Park,P0255,1,38,2
2025-09-30,Dania Beach,P0013,4,186,3
2026-05-31,Dania Beach,P0185,6,72,2
2026-06-30,Oakland Park,P0146,0,27,2
2026-05-31,Lake Worth,P0203,4,22,1
2026-05-31,Dania Beach,P0123,28,70,3
2026-03-31,Dania Beach,P0221,2,113,3
2025-09-30,Oakland Park,P0031,1,14,1
2026-05-31,Oakland Park,P0236,5,73,1
2025-09-30,Dania Beach,P0281,1,6,1
2025-08-31,Oakland Park,P0179,0,14,1
2025-11-30,Oakland Park,P0133,4,20,1
2026-04-30,Dania Beach,P0008,5,69,2
2025-08-31,Oakland Park,P0219,1,6,2
2025-09-30,Dania Beach,P0126,3,60,2
2025-08-31,Lake Worth,P0258,153,17,3
2025-07-31,Lake Worth,P0260,2,22,1
2025-09-30,Dania Beach,P0209,13,52,3
2025-10-31,Dania Beach,P0290,0,69,2
2026-06-30,Dania Beach,P0254,2,219,3
2025-09-30,Oakland Park,P0125,8,23,2
2026-06-30,Oakland Park,P0224,7,18,3
2026-06-30,Lake Worth,P0220,0,32,2
2025-09-30,Lake Worth,P0126,0,51,1
2026-05-31,Dania Beach,P0279,6,176,1
2025-08-31,Oakland Park,P0155,0,66,1
2026-06-30,Dania Beach,P0113,11,8,2
2026-04-30,Lake Worth,P0038,0,30,1
2026-06-30,Lake Worth,P0043,2,260,2
2026-01-31,Lake Worth,P0045,18,244,2
2025-11-30,Lake Worth,P0153,4,26,3
2025-07-31,Lake Worth,P0031,4,301,2
2026-06-30,Oakland Park,P0229,71,66,1
2025-07-31,Dania Beach,P0167,3,70,2
2026-01-31,Dania Beach,P0124,2,60,3
2025-08-31,Lake Worth,P0294,8,46,1
2025-10-31,Dania Beach,P0006,7,70,2
2025-09-30,Oakland Park,P0010,9,118,1
2026-04-30,Oakland Park,P0149,4,41,2
2025-07-31,Lake Worth,P0240,3,18,1
2026-04-30,Lake Worth,P0128,4,56,1
2026-02-28,Lake Worth,P0140,5,148,2
2025-10-31,Dania Beach,P0155,0,74,2
2026-02-28,Oakland Park,P0291,3,58,2
2026-04-30,Dania Beach,P0123,26,9,3
2025-08-31,Lake Worth,P0291,3,45,3
2025-08-31,Oakland Park,P0264,6,91,1
2026-04-30,Dania Beach,P0237,3,37,2
2025-08-31,Dania Beach,P0278,2,11,1
2025-12-31,Oakland Park,P0260,1,11,1
2025-07-31,Dania Beach,P0027,7,92,3
2025-07-31,Lake Worth,P0184,5,72,3
2026-02-28,Lake Worth,P0217,0,19,2
2025-11-30,Lake Worth,P0020,3,44,1
2025-07-31,Oakland Park,P0121,3,58,2
2025-11-30,Oakland Park,P0207,2,30,1
2025-07-31,Lake Worth,P0089,0,72,2
2026-05-31,Lake Worth,P0084,3,70,2
2025-07-31,Lake Worth,P0157,10,249,1
2026-04-30,Oakland Park,P0020,3,128,1
2026-01-31,Dania Beach,P0102,6,53,2
2025-12-31,Dania Beach,P0070,0,29,2
2026-06-30,Dania Beach,P0191,1,136,3
2025-12-31,Dania Beach,P0068,14,52,3
2025-11-30,Dania Beach,P0116,10,22,2
2025-09-30,Lake Worth,P0030,2,59,2
2025-11-30,Oakland Park,P0087,2,56,1
2026-01-31,Dania Beach,P0024,0,0,1
2026-01-31,Oakland Park,P0285,3,10,2
2026-04-30,Lake Worth,P0074,5,73,2
2025-07-31,Oakland Park,P0284,7,143,2
2025-12-31,Dania Beach,P0218,3,21,2
2026-04-30,Oakland Park,P0205,12,85,2
2025-10-31,Dania Beach,P0257,2,50,1
2026-04-30,Oakland Park,P0046,0,43,3
2025-11-30,Oakland Park,P0277,0,20,3
2026-05-31,Lake Worth,P0085,2,50,2
2026-03-31,Oakland Park,P0173,6,8,2
2025-08-31,Lake Worth,P0161,6,34,1
2025-07-31,Oakland Park,P0082,5,50,3
2025-07-31,Oakland Park,P0281,3,40,1
2026-03-31,Dania Beach,P0004,9,56,3
2026-04-30,Lake Worth,P0219,4,57,2
2026-06-30,Oakland Park,P0075,0,62,1
2026-02-28,Dania Beach,P0232,19,69,2
2026-06-30,Lake Worth,P0093,2,21,3
2026-01-31,Dania Beach,P0108,7,270,1
2025-11-30,Dania Beach,P0102,7,165,2
2026-05-31,Lake Worth,P0170,2,6,3
2026-04-30,Dania Beach,P0273,1,43,2
2026-06-30,Oakland Park,P0116,10,17,1
2026-04-30,Dania Beach,P0247,4,180,2
2025-11-30,Lake Worth,P0201,3,71,1
2025-08-31,Oakland Park,P0007,3,11,2
2025-08-31,Lake Worth,P0280,0,21,1
2026-01-31,Lake Worth,P0021,3,6,3
2026-02-28,Dania Beach,P0085,3,54,2
2025-08-31,Oakland Park,P0229,66,16,2
2026-06-30,Oakland Park,P0145,7,263,1
2026-02-28,Lake Worth,P0161,6,63,2
2025-11-30,Lake Worth,P0210,1,204,2
2026-06-30,Dania Beach,P0212,0,58,3
2026-02-28,Dania Beach,P0235,0,28,3
2026-03-31,Lake Worth,P0252,3,56,3
2026-05-31,Oakland Park,P0065,3,5,1
2025-10-31,Oakland Park,P0282,3,116,3
2026-02-28,Lake Worth,P0168,2,66,2
2025-10-31,Oakland Park,P0192,5,157,1
2025-08-31,Dania Beach,P0067,0,0,2
2025-12-31,Lake Worth,P0064,0,74,2
2026-01-31,Oakland Park,P0198,7,85,1
2025-09-30,Lake Worth,P0003,0,54,2
2026-03-31,Dania Beach,P0269,6,59,3
2026-05-31,Dania Beach,P0230,0,64,1
2025-10-31,Dania Beach,P0165,1,42,2
2025-07-31,Dania Beach,P0271,0,0,2
2026-01-31,Dania Beach,P0155,1,73,3
2026-05-31,Dania Beach,P0053,3,14,2
2026-06-30,Oakland Park,P0201,3,64,1
2025-07-31,Lake Worth,P0047,4,299,1
2025-09-30,Oakland Park,P0006,10,161,2
2025-12-31,Oakland Park,P0185,4,60,1
2025-11-30,Lake Worth,P0043,1,24,2
2026-04-30,Lake Worth,P0031,4,8,1
2025-10-31,Oakland Park,P0023,5,49,1
2026-05-31,Oakland Park,P0034,2,38,3
2026-02-28,Oakland Park,P0060,13,16,1
2026-04-30,Dania Beach,P0151,0,0,3
2025-08-31,Oakland Park,P0101,4,149,2
2026-03-31,Dania Beach,P0019,0,54,1
2025-08-31,Dania Beach,P0179,0,42,2
2026-06-30,Lake Worth,P0251,4,49,2
2025-11-30,Oakland Park,P0053,2,62,3
2025-11-30,Dania Beach,P0098,8,31,1
2026-05-31,Dania Beach,P0250,41,72,1
2026-02-28,Oakland Park,P0215,3,96,1
2026-06-30,Dania Beach,P0018,0,35,3
2025-08-31,Lake Worth,P0138,26,39,2
2026-01-31,Oakland Park,P0287,0,55,3
2025-11-30,Lake Worth,P0086,0,50,2
2025-11-30,Lake Worth,P0158,0,33,2
2025-09-30,Dania Beach,P0282,5,54,2
2025-09-30,Oakland Park,P0007,0,5,2
2026-06-30,Dania Beach,P0106,6,24,1
2026-06-30,Dania Beach,P0231,3,35,2
2026-01-31,Lake Worth,P0035,1,23,3
2026-05-31,Dania Beach,P0144,0,0,3
2026-03-31,Lake Worth,P0110,0,13,3
2026-03-31,Lake Worth,P0224,2,71,1
2025-10-31,Lake Worth,P0262,0,27,2
2026-03-31,Lake Worth,P0116,9,29,2
2026-02-28,Lake Worth,P0239,6,53,1
2025-08-31,Dania Beach,P0253,13,44,2
2025-11-30,Oakland Park,P0056,3,33,2
2025-09-30,Lake Worth,P0229,65,37,2
2025-10-31,Dania Beach,P0281,7,177,3
2025-10-31,Dania Beach,P0230,3,319,2
2025-07-31,Oakland Park,P0070,0,39,2
2025-10-31,Oakland Park,P0217,1,141,2
2026-01-31,Oakland Park,P0292,3,54,2
2025-09-30,Lake Worth,P0181,29,69,2
2025-10-31,Oakland Park,P0032,2,36,2
2025-08-31,Lake Worth,P0074,0,37,2
2026-03-31,Dania Beach,P0100,20,36,2
2025-11-30,Lake Worth,P0031,4,63,3
2026-06-30,Dania Beach,P0120,29,24,2
2025-08-31,Lake Worth,P0102,5,55,2
2026-04-30,Dania Beach,P0014,3,69,1
2026-03-31,Dania Beach,P0239,3,48,2
2026-02-28,Dania Beach,P0238,5,153,2
2025-12-31,Lake Worth,P0240,4,20,1
2026-02-28,Oakland Park,P0184,4,22,3
2025-09-30,Lake Worth,P0188,16,28,1
2026-02-28,Oakland Park,P0112,22,194,2
2026-01-31,Lake Worth,P0163,0,18,1
2026-06-30,Lake Worth,P0059,3,40,1
2025-10-31,Dania Beach,P0127,2,55,3
2025-10-31,Oakland Park,P0052,3,258,3
2026-02-28,Dania Beach,P0136,0,55,1
2025-12-31,Dania Beach,P0102,5,215,2
2026-04-30,Lake Worth,P0201,1,11,2
2026-01-31,Oakland Park,P0124,3,59,3
2026-05-31,Dania Beach,P0162,0,24,1
2025-07-31,Dania Beach,P0039,0,58,3
2025-07-31,Lake Worth,P0114,5,33,1
2025-09-30,Oakland Park,P0071,17,52,3
2025-07-31,Oakland Park,P0072,0,56,2
2025-08-31,Oakland Park,P0298,12,182,1
2025-09-30,Dania Beach,P0147,5,50,2
2026-03-31,Lake Worth,P0213,1,69,1
2026-01-31,Lake Worth,P0290,2,239,2
2025-10-31,Dania Beach,P0117,2,33,3
2026-03-31,Oakland Park,P0115,9,156,1
2025-08-31,Lake Worth,P0019,2,65,2
2026-04-30,Lake Worth,P0118,0,75,3
2026-04-30,Dania Beach,P0060,10,6,2
2025-11-30,Lake Worth,P0220,0,54,2
2026-06-30,Lake Worth,P0224,1,50,2
2026-02-28,Oakland Park,P0168,2,50,2
2025-08-31,Dania Beach,P0110,0,47,2
2025-10-31,Dania Beach,P0030,2,6,3
2026-05-31,Dania Beach,P0261,0,40,2
2025-07-31,Oakland Park,P0157,12,27,2
2025-12-31,Lake Worth,P0291,0,58,2
2025-11-30,Oakland Park,P0290,0,26,1
2026-02-28,Dania Beach,P0212,0,71,3
2025-08-31,Lake Worth,P0116,14,66,2
2025-09-30,Lake Worth,P0092,4,58,1
2025-09-30,Oakland Park,P0199,3,254,2
2025-11-30,Dania Beach,P0238,1,9,2
2025-11-30,Oakland Park,P0128,11,84,1
2026-02-28,Oakland Park,P0229,67,121,2
2025-10-31,Dania Beach,P0077,6,62,2
2026-05-31,Lake Worth,P0136,2,301,1
2025-12-31,Dania Beach,P0090,8,219,2
2026-04-30,Oakland Park,P0105,1,174,2
2025-09-30,Dania Beach,P0165,3,41,3
2025-11-30,Lake Worth,P0085,2,44,1
2026-05-31,Dania Beach,P0150,6,128,3
2026-06-30,Dania Beach,P0066,0,25,2
2026-02-28,Dania Beach,P0224,4,69,2
2026-03-31,Lake Worth,P0250,44,238,2
2026-06-30,Lake Worth,P0259,6,35,2
2025-09-30,Lake Worth,P0279,8,67,2
2026-01-31,Lake Worth,P0141,22,58,1
2025-07-31,Dania Beach,P0194,0,22,3
2025-07-31,Lake Worth,P0015,0,17,1
2025-12-31,Lake Worth,P0113,8,52,3
2026-02-28,Oakland Park,P0293,8,15,3
2026-05-31,Oakland Park,P0098,8,13,2
2026-04-30,Lake Worth,P0277,2,205,2
2026-01-31,Dania Beach,P0084,2,24,2
2026-02-28,Oakland Park,P0024,6,160,2
2025-10-31,Oakland Park,P0083,2,61,1
2025-11-30,Lake Worth,P0228,3,27,1
2026-02-28,Dania Beach,P0007,4,6,2
2026-03-31,Lake Worth,P0033,8,46,2
2026-04-30,Oakland Park,P0069,18,30,3
2026-04-30,Dania Beach,P0065,4,64,2
2026-02-28,Oakland Park,P0124,2,39,2
2025-08-31,Dania Beach,P0168,5,66,1
2026-02-28,Lake Worth,P0074,0,62,2
2025-11-30,Oakland Park,P0203,2,55,2
2026-05-31,Dania Beach,P0061,5,13,3
2025-10-31,Lake Worth,P0269,2,8,1
2025-12-31,Lake Worth,P0214,2,218,2
2026-05-31,Lake Worth,P0041,5,23,2
2026-02-28,Lake Worth,P0100,17,91,2
2026-03-31,Oakland Park,P0224,2,49,1
2026-01-31,Oakland Park,P0131,4,12,3
2026-06-30,Oakland Park,P0034,3,67,3
2025-11-30,Oakland Park,P0066,6,10,1
2026-01-31,Lake Worth,P0212,1,69,2
2025-08-31,Oakland Park,P0152,4,234,3
2026-02-28,Oakland Park,P0131,2,9,2
2026-06-30,Oakland Park,P0138,29,19,1
2026-01-31,Oakland Park,P0074,3,102,2
2026-03-31,Oakland Park,P0152,7,15,1
2026-01-31,Lake Worth,P0177,1,19,2
2025-07-31,Oakland Park,P0187,4,210,1
2026-06-30,Lake Worth,P0290,1,72,2
2025-07-31,Dania Beach,P0205,0,0,1
2026-02-28,Oakland Park,P0111,0,40,2
2025-11-30,Lake Worth,P0225,17,105,3
2026-06-30,Dania Beach,P0141,23,142,2
2026-02-28,Oakland Park,P0276,3,69,2
2026-02-28,Lake Worth,P0235,0,52,2
2026-02-28,Dania Beach,P0205,0,0,2
2026-01-31,Dania Beach,P0081,3,38,3
2026-05-31,Oakland Park,P0080,0,74,2
2026-02-28,Lake Worth,P0105,3,72,2
2025-11-30,Lake Worth,P0180,8,246,2
2025-11-30,Dania Beach,P0111,3,70,2
2025-09-30,Dania Beach,P0085,5,13,1
2025-08-31,Oakland Park,P0108,8,15,3
2026-01-31,Oakland Park,P0190,5,14,3
2026-01-31,Lake Worth,P0197,0,7,3
2026-04-30,Dania Beach,P0164,2,14,3
2025-11-30,Dania Beach,P0093,6,53,2
2025-07-31,Dania Beach,P0245,6,30,2
2026-03-31,Dania Beach,P0208,5,43,2
2025-12-31,Lake Worth,P0112,19,64,1
2025-11-30,Dania Beach,P0201,1,11,3
2026-01-31,Dania Beach,P0032,1,99,2
2026-05-31,Lake Worth,P0231,7,216,2
2025-10-31,Oakland Park,P0124,0,19,2
2025-07-31,Oakland Park,P0004,8,45,3
2026-01-31,Lake Worth,P0168,5,41,2
2025-11-30,Oakland Park,P0076,2,54,3
2025-09-30,Oakland Park,P0262,0,17,3
2026-03-31,Oakland Park,P0027,5,30,3
2026-04-30,Dania Beach,P0188,0,0,2
2025-09-30,Oakland Park,P0135,4,7,1
2025-10-31,Dania Beach,P0120,30,55,2
2025-11-30,Oakland Park,P0298,15,55,1
2026-05-31,Dania Beach,P0235,0,49,1
2026-06-30,Oakland Park,P0109,3,18,2
2025-10-31,Dania Beach,P0167,0,39,2
2025-09-30,Lake Worth,P0183,3,123,2
2025-10-31,Dania Beach,P0275,5,66,2
2025-07-31,Oakland Park,P0177,6,204,3
2025-10-31,Dania Beach,P0254,0,52,2
2026-06-30,Lake Worth,P0094,0,47,1
2026-05-31,Oakland Park,P0024,10,122,1
2026-06-30,Oakland Park,P0098,9,69,2
2025-11-30,Oakland Park,P0251,4,13,2
2026-06-30,Lake Worth,P0016,7,16,3
2026-01-31,Lake Worth,P0114,3,36,2
2025-11-30,Lake Worth,P0006,6,38,2
2025-08-31,Oakland Park,P0241,0,21,2
2025-11-30,Dania Beach,P0242,3,134,3
2026-04-30,Dania Beach,P0059,0,58,2
2026-06-30,Lake Worth,P0211,3,5,2
2025-09-30,Lake Worth,P0077,5,237,2
2025-07-31,Dania Beach,P0015,3,41,2
2026-03-31,Oakland Park,P0141,21,304,3
2026-04-30,Lake Worth,P0287,0,67,1
2026-02-28,Oakland Park,P0035,8,214,1
2025-08-31,Oakland Park,P0269,1,67,3
2025-12-31,Lake Worth,P0219,2,169,1
2026-02-28,Dania Beach,P0040,3,220,3
2026-04-30,Lake Worth,P0117,1,75,3
2025-08-31,Lake Worth,P0262,1,101,1
2026-02-28,Oakland Park,P0126,1,45,3
2025-07-31,Lake Worth,P0263,2,74,2
2026-03-31,Dania Beach,P0198,0,0,3
2025-07-31,Oakland Park,P0243,0,64,3
2025-11-30,Oakland Park,P0300,1,72,2
2026-05-31,Lake Worth,P0055,2,207,3
2025-11-30,Dania Beach,P0100,12,52,2
2025-12-31,Lake Worth,P0114,6,5,3
2025-12-31,Dania Beach,P0152,9,70,2
2026-01-31,Oakland Park,P0234,5,16,3
2026-05-31,Oakland Park,P0161,10,7,2
2025-07-31,Lake Worth,P0008,6,51,1
2026-04-30,Oakland Park,P0057,4,166,2
2025-08-31,Lake Worth,P0082,1,48,2
2026-04-30,Oakland Park,P0176,0,63,2
2026-05-31,Lake Worth,P0091,16,57,1
2025-12-31,Dania Beach,P0042,19,75,3
2025-11-30,Oakland Park,P0135,0,32,1
2025-09-30,Lake Worth,P0013,3,11,2
2025-11-30,Oakland Park,P0039,0,32,3
2025-10-31,Oakland Park,P0085,1,66,2
2025-10-31,Lake Worth,P0029,4,206,2
2025-11-30,Oakland Park,P0172,1,35,3
2026-01-31,Oakland Park,P0094,2,20,2
2025-12-31,Dania Beach,P0085,5,10,1
2025-07-31,Dania Beach,P0071,7,14,2
2025-12-31,Lake Worth,P0270,2,153,3
2025-07-31,Dania Beach,P0186,6,11,2
2026-03-31,Dania Beach,P0039,0,62,2
2025-12-31,Oakland Park,P0196,13,61,2
2025-07-31,Dania Beach,P0156,0,0,2
2025-10-31,Lake Worth,P0188,15,64,3
2025-07-31,Oakland Park,P0185,4,32,1
2025-10-31,Oakland Park,P0069,19,45,2
2026-05-31,Dania Beach,P0138,26,42,2
2026-01-31,Lake Worth,P0022,17,311,2
2026-02-28,Oakland Park,P0039,0,17,2
2026-04-30,Oakland Park,P0107,9,150,2
2026-05-31,Lake Worth,P0283,5,39,3
2026-01-31,Oakland Park,P0203,1,44,1
2026-05-31,Lake Worth,P0030,4,68,3
2025-10-31,Oakland Park,P0178,9,175,1
2025-07-31,Dania Beach,P0049,3,74,2
2025-12-31,Dania Beach,P0110,0,53,2
2025-07-31,Oakland Park,P0155,3,207,1
2025-09-30,Lake Worth,P0223,2,27,2
2026-04-30,Dania Beach,P0078,6,205,2
2026-01-31,Lake Worth,P0076,5,69,2
2025-09-30,Dania Beach,P0167,0,24,2
2025-08-31,Oakland Park,P0142,0,54,3
2025-08-31,Oakland Park,P0255,2,40,2
2025-09-30,Lake Worth,P0028,65,182,3
2025-10-31,Oakland Park,P0208,2,30,3
2025-07-31,Lake Worth,P0168,1,105,1
2025-09-30,Oakland Park,P0117,0,70,2
2025-12-31,Lake Worth,P0151,4,22,3
2026-04-30,Dania Beach,P0199,0,57,3
2025-08-31,Oakland Park,P0173,6,11,3
2026-03-31,Dania Beach,P0037,4,127,2
2025-09-30,Lake Worth,P0209,13,32,2
2025-11-30,Dania Beach,P0256,0,66,2
2026-02-28,Oakland Park,P0220,1,74,2
2025-10-31,Dania Beach,P0020,4,22,1
2026-03-31,Lake Worth,P0037,7,75,1
2026-04-30,Lake Worth,P0044,0,36,1
2026-02-28,Dania Beach,P0050,8,29,3
2026-01-31,Dania Beach,P0126,3,72,2
2025-12-31,Lake Worth,P0018,1,13,2
2025-07-31,Dania Beach,P0262,2,45,2
2026-03-31,Dania Beach,P0015,3,21,2
2025-12-31,Oakland Park,P0256,3,17,3
2025-11-30,Dania Beach,P0104,4,47,3
2026-05-31,Oakland Park,P0099,22,7,3
2025-09-30,Dania Beach,P0300,0,67,2
2025-07-31,Lake Worth,P0146,0,17,3
2025-07-31,Dania Beach,P0181,29,12,1
2025-10-31,Oakland Park,P0049,0,64,2
2026-06-30,Lake Worth,P0247,4,12,3
2026-04-30,Dania Beach,P0125,7,19,1
2026-04-30,Oakland Park,P0088,3,137,1
2025-09-30,Dania Beach,P0232,17,318,2
2025-10-31,Lake Worth,P0041,10,28,2
2025-08-31,Dania Beach,P0127,7,69,3
2025-12-31,Dania Beach,P0128,0,0,1
2025-08-31,Lake Worth,P0199,1,285,1
2026-02-28,Lake Worth,P0064,3,19,2
2025-10-31,Dania Beach,P0264,0,0,2
2026-05-31,Lake Worth,P0222,2,124,2
2025-10-31,Oakland Park,P0156,7,231,3
2026-02-28,Dania Beach,P0122,0,0,2
2025-11-30,Oakland Park,P0161,5,67,1
2026-03-31,Lake Worth,P0298,12,7,1
2026-02-28,Lake Worth,P0145,10,12,2
2026-01-31,Lake Worth,P0261,6,300,3
2026-02-28,Lake Worth,P0005,1,73,2
2026-01-31,Oakland Park,P0196,17,29,1
2025-10-31,Oakland Park,P0198,6,171,3
2026-02-28,Oakland Park,P0145,15,5,2
2025-09-30,Oakland Park,P0173,8,72,2
2026-02-28,Oakland Park,P0053,9,51,3
2026-02-28,Oakland Park,P0147,5,36,3
2026-06-30,Oakland Park,P0018,1,297,2
2026-06-30,Lake Worth,P0199,0,74,3
2025-07-31,Lake Worth,P0271,4,72,1
2026-03-31,Dania Beach,P0233,9,306,2
2026-05-31,Dania Beach,P0289,0,75,2
2026-06-30,Lake Worth,P0244,7,263,2
2025-12-31,Lake Worth,P0179,0,37,2
2026-05-31,Lake Worth,P0184,2,62,2
2025-12-31,Oakland Park,P0220,0,61,1
2026-04-30,Dania Beach,P0038,1,195,2
2025-12-31,Oakland Park,P0062,4,39,2
2026-03-31,Lake Worth,P0147,5,92,3
2026-06-30,Lake Worth,P0080,1,67,2
2025-08-31,Dania Beach,P0274,2,23,3
2026-01-31,Dania Beach,P0105,3,55,2
2026-02-28,Lake Worth,P0015,3,20,1
2025-10-31,Dania Beach,P0055,5,42,2
2025-11-30,Lake Worth,P0285,5,54,3
2026-03-31,Dania Beach,P0197,5,38,1
2026-04-30,Lake Worth,P0121,3,41,1
2026-04-30,Oakland Park,P0286,8,23,1
2026-04-30,Lake Worth,P0154,0,37,2
2025-10-31,Dania Beach,P0016,4,59,2
2025-11-30,Lake Worth,P0234,6,59,2
2026-05-31,Oakland Park,P0283,5,131,3
2026-02-28,Oakland Park,P0195,2,68,3
2026-03-31,Lake Worth,P0025,5,109,2
2025-09-30,Dania Beach,P0184,4,39,2
2026-04-30,Oakland Park,P0207,4,35,3
2026-03-31,Oakland Park,P0068,10,170,2
2025-10-31,Lake Worth,P0144,0,32,2
2026-05-31,Dania Beach,P0264,0,0,1
2026-04-30,Lake Worth,P0222,7,68,2
2025-07-31,Oakland Park,P0159,3,52,1
2026-06-30,Lake Worth,P0256,0,42,2
2025-07-31,Oakland Park,P0071,12,19,3
2025-11-30,Oakland Park,P0157,11,67,2
2025-09-30,Dania Beach,P0298,15,42,2
2025-12-31,Dania Beach,P0280,0,19,2
2025-07-31,Lake Worth,P0058,11,11,2
2025-12-31,Oakland Park,P0042,17,13,3
2026-04-30,Oakland Park,P0150,4,43,3
2025-11-30,Lake Worth,P0141,22,41,3
2025-11-30,Oakland Park,P0212,3,45,2
2025-09-30,Oakland Park,P0014,0,7,3
2026-03-31,Oakland Park,P0190,6,71,2
2025-12-31,Dania Beach,P0159,3,48,2
2026-01-31,Dania Beach,P0219,1,42,1
2026-04-30,Lake Worth,P0049,1,50,2
2025-10-31,Dania Beach,P0221,1,32,2
2025-10-31,Oakland Park,P0117,0,66,2
2026-04-30,Dania Beach,P0061,1,33,3
2026-02-28,Oakland Park,P0199,3,46,2
2025-08-31,Lake Worth,P0223,2,15,1
2025-10-31,Dania Beach,P0211,0,47,1
2025-09-30,Dania Beach,P0092,4,16,2
2025-10-31,Dania Beach,P0178,0,0,2
2026-05-31,Dania Beach,P0019,0,66,2
2025-07-31,Dania Beach,P0008,7,44,1
2026-05-31,Lake Worth,P0298,17,29,2
2026-03-31,Dania Beach,P0052,0,29,2
2026-02-28,Dania Beach,P0143,1,36,2
2026-02-28,Lake Worth,P0246,3,11,2
2025-07-31,Dania Beach,P0255,3,250,2
2025-12-31,Dania Beach,P0257,1,45,2
2026-01-31,Dania Beach,P0198,0,0,1
2026-04-30,Oakland Park,P0258,158,37,1
2026-06-30,Dania Beach,P0290,2,35,3
2025-10-31,Oakland Park,P0201,5,64,3
2026-02-28,Dania Beach,P0297,3,40,2
2026-05-31,Lake Worth,P0248,2,194,2
2025-10-31,Dania Beach,P0045,19,196,2
2026-01-31,Oakland Park,P0270,5,63,2
2025-10-31,Lake Worth,P0071,8,44,2
2025-08-31,Lake Worth,P0269,5,69,2
2026-04-30,Oakland Park,P0027,10,141,2
2025-12-31,Oakland Park,P0091,12,65,3
2026-02-28,Lake Worth,P0138,31,51,3
2026-03-31,Lake Worth,P0059,2,61,1
2025-08-31,Lake Worth,P0127,4,74,1
2026-01-31,Dania Beach,P0083,1,26,2
2026-02-28,Lake Worth,P0119,1,31,2
2026-05-31,Dania Beach,P0274,2,55,2
2025-11-30,Dania Beach,P0185,3,69,1
2026-02-28,Lake Worth,P0081,0,29,1
2026-04-30,Dania Beach,P0082,3,180,3
2026-03-31,Lake Worth,P0023,4,26,2
2025-07-31,Dania Beach,P0270,1,282,2
2025-09-30,Oakland Park,P0148,5,26,1
2025-10-31,Lake Worth,P0237,5,59,2
2026-03-31,Lake Worth,P0057,5,7,2
2025-08-31,Oakland Park,P0230,2,46,1
2026-02-28,Oakland Park,P0193,5,221,3
2026-03-31,Lake Worth,P0081,3,21,1
2025-08-31,Oakland Park,P0203,5,22,1
2025-07-31,Dania Beach,P0140,4,61,2
2025-12-31,Dania Beach,P0183,0,50,2
2026-03-31,Dania Beach,P0018,0,58,3
2026-04-30,Oakland Park,P0166,1,67,2
2026-01-31,Dania Beach,P0157,9,38,1
2025-07-31,Oakland Park,P0009,2,75,3
2025-10-31,Lake Worth,P0126,4,55,1
2026-06-30,Lake Worth,P0129,6,65,2
2026-02-28,Lake Worth,P0290,3,33,2
2026-06-30,Lake Worth,P0258,158,57,1
2026-06-30,Lake Worth,P0195,3,181,2
2025-07-31,Oakland Park,P0285,3,39,3
2026-05-31,Lake Worth,P0178,3,294,2
2025-12-31,Dania Beach,P0150,5,5,2
2026-01-31,Oakland Park,P0023,3,22,1
2026-02-28,Dania Beach,P0003,6,10,2
2026-05-31,Dania Beach,P0211,4,10,2
2026-02-28,Lake Worth,P0232,17,27,2
2026-01-31,Dania Beach,P0020,5,55,2
2025-11-30,Lake Worth,P0011,0,50,3
2026-03-31,Oakland Park,P0153,2,41,3
2025-10-31,Lake Worth,P0073,0,26,2
2025-10-31,Oakland Park,P0293,8,21,2
2025-11-30,Oakland Park,P0234,9,69,2
2026-01-31,Dania Beach,P0040,2,22,2
2026-03-31,Oakland Park,P0184,2,61,2
2025-07-31,Lake Worth,P0187,1,151,3
2026-04-30,Oakland Park,P0025,3,25,3
2025-08-31,Oakland Park,P0033,9,48,1
2026-02-28,Dania Beach,P0157,5,287,2
2025-12-31,Lake Worth,P0128,0,75,3
2026-05-31,Oakland Park,P0083,0,29,3
2025-10-31,Lake Worth,P0289,1,33,2
2026-03-31,Lake Worth,P0246,1,63,1
2025-08-31,Lake Worth,P0134,7,138,2
2025-07-31,Oakland Park,P0252,2,60,2
2025-07-31,Lake Worth,P0125,9,28,3
2025-10-31,Oakland Park,P0189,13,130,2
2025-10-31,Dania Beach,P0248,4,62,2
2025-12-31,Oakland Park,P0043,0,7,2
2025-09-30,Dania Beach,P0172,0,6,3
2025-11-30,Dania Beach,P0176,2,67,2
2026-03-31,Lake Worth,P0131,2,241,2
2025-09-30,Dania Beach,P0122,0,0,1
2025-11-30,Dania Beach,P0113,6,27,2
2025-07-31,Dania Beach,P0070,2,32,2
2025-08-31,Lake Worth,P0286,6,49,3
2026-04-30,Lake Worth,P0129,6,69,2
2025-08-31,Oakland Park,P0067,12,155,3
2026-05-31,Oakland Park,P0097,4,12,3
2026-01-31,Dania Beach,P0201,4,68,2
2026-04-30,Lake Worth,P0034,6,18,1
2026-03-31,Dania Beach,P0096,2,279,2
2026-01-31,Oakland Park,P0142,1,61,2
2026-02-28,Dania Beach,P0036,0,0,3
2026-05-31,Dania Beach,P0007,6,34,2
2026-01-31,Dania Beach,P0018,0,35,3
2026-03-31,Dania Beach,P0008,7,32,2
2026-06-30,Oakland Park,P0070,0,70,2
2025-11-30,Oakland Park,P0073,9,119,3
2026-04-30,Oakland Park,P0123,27,12,2
2025-12-31,Oakland Park,P0055,4,43,2
2026-05-31,Oakland Park,P0261,4,33,3
2025-09-30,Dania Beach,P0132,4,39,1
2025-09-30,Oakland Park,P0291,0,51,2
2025-07-31,Dania Beach,P0158,4,20,2
2025-07-31,Dania Beach,P0172,2,54,1
2025-07-31,Dania Beach,P0005,3,11,1
2025-12-31,Dania Beach,P0060,10,54,2
2025-07-31,Dania Beach,P0274,1,22,2
2026-04-30,Lake Worth,P0300,3,59,2
2026-04-30,Dania Beach,P0101,2,13,2
2025-07-31,Lake Worth,P0218,1,64,1
2026-05-31,Oakland Park,P0045,20,57,3
2025-12-31,Dania Beach,P0098,9,72,1
2025-08-31,Oakland Park,P0133,3,58,2
2026-05-31,Dania Beach,P0107,0,0,3
2025-11-30,Dania Beach,P0254,4,22,1
2026-01-31,Oakland Park,P0024,12,99,2
2025-09-30,Lake Worth,P0280,5,62,3
2026-02-28,Oakland Park,P0108,0,48,2
2025-08-31,Dania Beach,P0186,4,36,3
2026-05-31,Oakland Park,P0183,3,15,2
2025-12-31,Dania Beach,P0032,3,69,2
2026-01-31,Oakland Park,P0002,0,45,1
2025-09-30,Dania Beach,P0001,2,38,3
2025-12-31,Oakland Park,P0277,6,22,2
2025-12-31,Dania Beach,P0127,4,16,2
2025-12-31,Oakland Park,P0081,5,219,2
2025-12-31,Dania Beach,P0080,0,59,2
2026-01-31,Lake Worth,P0208,2,10,3
2026-03-31,Oakland Park,P0125,7,20,3
2026-03-31,Oakland Park,P0050,11,37,1
2026-02-28,Oakland Park,P0203,1,34,1
2026-05-31,Lake Worth,P0009,5,70,1
2026-02-28,Lake Worth,P0200,3,57,2
2026-01-31,Oakland Park,P0161,8,46,3
2025-11-30,Dania Beach,P0010,0,0,1
2025-07-31,Dania Beach,P0065,3,36,1
2025-11-30,Dania Beach,P0136,0,60,2
2025-12-31,Oakland Park,P0268,4,41,2
2026-03-31,Lake Worth,P0117,2,39,2
2026-02-28,Dania Beach,P0129,5,236,2
2025-11-30,Oakland Park,P0209,9,14,3
2025-10-31,Oakland Park,P0102,5,42,1
2026-03-31,Lake Worth,P0163,1,183,2
2025-09-30,Oakland Park,P0265,5,49,2
2026-05-31,Dania Beach,P0101,0,6,3
2025-07-31,Lake Worth,P0166,1,297,3
2025-07-31,Lake Worth,P0081,2,59,3
2026-01-31,Oakland Park,P0111,0,24,1
2025-08-31,Oakland Park,P0085,6,67,3
2025-07-31,Lake Worth,P0140,3,117,1
2026-05-31,Lake Worth,P0086,4,18,3
2025-11-30,Lake Worth,P0026,1,49,3
2026-02-28,Dania Beach,P0084,0,62,1
2026-02-28,Oakland Park,P0009,0,68,2
2025-09-30,Lake Worth,P0169,1,18,2
2025-12-31,Oakland Park,P0129,6,7,2
2026-06-30,Dania Beach,P0270,1,244,2
2026-01-31,Dania Beach,P0110,0,16,2
2026-03-31,Lake Worth,P0014,0,25,3
2026-03-31,Dania Beach,P0043,2,49,3
2025-09-30,Dania Beach,P0010,0,0,1
2025-09-30,Oakland Park,P0142,0,37,1
2026-05-31,Lake Worth,P0162,2,96,2
2025-12-31,Dania Beach,P0067,0,0,2
2025-10-31,Oakland Park,P0203,1,233,3
2026-04-30,Oakland Park,P0021,4,62,2
2026-03-31,Dania Beach,P0123,25,26,2
2026-01-31,Lake Worth,P0151,5,6,2
2026-04-30,Lake Worth,P0196,12,30,2
2025-09-30,Oakland Park,P0137,2,54,2
2025-07-31,Oakland Park,P0186,6,298,2
2025-11-30,Dania Beach,P0012,3,19,1
2025-12-31,Dania Beach,P0039,0,70,2
2026-01-31,Lake Worth,P0032,1,14,3
2025-11-30,Lake Worth,P0074,2,6,3
2026-05-31,Lake Worth,P0218,2,11,3
2025-09-30,Dania Beach,P0239,6,37,3
2025-09-30,Lake Worth,P0156,2,18,2
2025-08-31,Dania Beach,P0147,5,25,2
2025-07-31,Oakland Park,P0247,6,56,3
2026-01-31,Oakland Park,P0132,1,15,2
2026-06-30,Lake Worth,P0292,0,43,2
2025-08-31,Lake Worth,P0260,2,51,1
2025-08-31,Dania Beach,P0154,0,0,3
2026-01-31,Lake Worth,P0049,1,43,3
2025-09-30,Lake Worth,P0232,12,23,2
2026-02-28,Dania Beach,P0135,1,255,3
2025-09-30,Lake Worth,P0047,1,16,2
2026-04-30,Lake Worth,P0011,1,20,1
2025-08-31,Dania Beach,P0214,1,159,3
2026-06-30,Dania Beach,P0006,6,64,3
2025-10-31,Oakland Park,P0029,2,5,2
2026-01-31,Lake Worth,P0051,0,70,2
2025-11-30,Dania Beach,P0013,1,40,3
2025-11-30,Dania Beach,P0047,2,61,2
2025-07-31,Oakland Park,P0283,11,50,2
2026-06-30,Dania Beach,P0010,0,0,1
2025-12-31,Lake Worth,P0148,6,103,1
2025-11-30,Oakland Park,P0137,7,64,3
2025-08-31,Oakland Park,P0147,9,120,2
2026-06-30,Lake Worth,P0162,3,242,3
2026-01-31,Dania Beach,P0185,7,135,2
2026-06-30,Dania Beach,P0038,3,56,2
2026-06-30,Oakland Park,P0076,3,45,2
2025-10-31,Lake Worth,P0270,2,5,2
2025-12-31,Dania Beach,P0285,2,16,2
2025-09-30,Lake Worth,P0063,3,26,3
2026-01-31,Oakland Park,P0155,3,32,3
2026-05-31,Dania Beach,P0074,0,59,1
2025-08-31,Lake Worth,P0128,2,24,2
2025-12-31,Dania Beach,P0260,0,23,1
2026-02-28,Dania Beach,P0031,2,145,1
2026-06-30,Dania Beach,P0137,9,53,2
2026-02-28,Lake Worth,P0068,13,5,2
2025-11-30,Lake Worth,P0223,4,11,2
2026-02-28,Lake Worth,P0198,8,18,2
2026-01-31,Lake Worth,P0240,5,37,2
2025-07-31,Oakland Park,P0214,2,67,3
2026-05-31,Oakland Park,P0222,5,220,2
2025-09-30,Oakland Park,P0105,0,16,2
2026-03-31,Dania Beach,P0299,3,95,3
2026-04-30,Dania Beach,P0070,0,12,2
2025-12-31,Lake Worth,P0278,6,120,2
2025-11-30,Lake Worth,P0076,3,186,1
2025-11-30,Dania Beach,P0184,0,6,3
2026-05-31,Lake Worth,P0115,0,68,2
2026-02-28,Dania Beach,P0269,4,125,1
2025-11-30,Lake Worth,P0102,7,33,3
2025-12-31,Oakland Park,P0039,1,67,3
2025-11-30,Lake Worth,P0012,0,6,2
2026-01-31,Lake Worth,P0182,2,171,2
2025-11-30,Lake Worth,P0273,2,24,2
2026-03-31,Oakland Park,P0010,9,166,2
2025-07-31,Oakland Park,P0108,8,28,2
2025-12-31,Lake Worth,P0259,4,61,2
2026-06-30,Dania Beach,P0197,4,240,3
2025-09-30,Dania Beach,P0037,11,37,2
2026-04-30,Lake Worth,P0001,4,20,2
2025-09-30,Dania Beach,P0227,6,69,2
2026-03-31,Dania Beach,P0189,0,0,2
2025-11-30,Dania Beach,P0183,2,201,2
2025-12-31,Dania Beach,P0142,3,42,2
2025-11-30,Oakland Park,P0197,4,5,2
2026-02-28,Oakland Park,P0118,2,63,2
2026-04-30,Dania Beach,P0257,2,27,3
2025-10-31,Oakland Park,P0288,5,44,3
2025-12-31,Dania Beach,P0129,3,45,1
2025-10-31,Lake Worth,P0274,1,35,1
2026-04-30,Lake Worth,P0193,5,276,2
2026-02-28,Dania Beach,P0086,2,27,2
2026-06-30,Lake Worth,P0142,5,14,2
2025-10-31,Lake Worth,P0021,3,53,2
2026-01-31,Oakland Park,P0061,2,14,3
2025-08-31,Oakland Park,P0123,24,22,2
2025-11-30,Oakland Park,P0246,4,42,3
2025-12-31,Lake Worth,P0056,2,23,3
2026-01-31,Lake Worth,P0196,18,41,1
2026-01-31,Lake Worth,P0273,0,53,2
2025-09-30,Lake Worth,P0117,0,65,3
2026-02-28,Dania Beach,P0038,0,63,3
2026-02-28,Oakland Park,P0261,0,73,2
2026-06-30,Lake Worth,P0127,3,30,2
2026-03-31,Oakland Park,P0244,4,5,1
2025-07-31,Oakland Park,P0066,5,53,3
2026-04-30,Lake Worth,P0254,0,35,1
2025-07-31,Oakland Park,P0129,4,75,2
2025-08-31,Lake Worth,P0192,0,28,2
2026-04-30,Oakland Park,P0045,20,43,2
2026-06-30,Lake Worth,P0044,0,72,2
2025-12-31,Lake Worth,P0224,3,39,2
2026-04-30,Dania Beach,P0274,0,66,2
2026-05-31,Oakland Park,P0066,2,162,2
2026-03-31,Lake Worth,P0038,0,36,3
2025-07-31,Oakland Park,P0118,1,262,2
2025-09-30,Oakland Park,P0029,4,67,1
2025-12-31,Lake Worth,P0141,19,25,1
2026-05-31,Lake Worth,P0103,2,53,2
2026-03-31,Dania Beach,P0274,4,131,1
2026-03-31,Dania Beach,P0166,0,69,1
2026-03-31,Dania Beach,P0099,21,264,1
2026-02-28,Dania Beach,P0081,5,303,1
2025-12-31,Oakland Park,P0206,14,144,2
2026-06-30,Oakland Park,P0195,2,33,2
2025-07-31,Oakland Park,P0096,0,65,2
2026-01-31,Dania Beach,P0082,5,66,2
2025-07-31,Dania Beach,P0009,5,7,2
2026-02-28,Oakland Park,P0182,7,29,1
2025-10-31,Oakland Park,P0108,6,12,3
2026-06-30,Dania Beach,P0230,0,35,3
2025-08-31,Dania Beach,P0112,22,21,2
2025-11-30,Lake Worth,P0148,1,116,3
2025-08-31,Dania Beach,P0108,4,49,2
2026-02-28,Oakland Park,P0141,21,58,2
2026-06-30,Lake Worth,P0067,3,34,2
2025-12-31,Oakland Park,P0284,7,194,1
2025-12-31,Dania Beach,P0131,2,98,2
2025-07-31,Dania Beach,P0041,10,202,2
2026-06-30,Dania Beach,P0055,3,74,2
2025-11-30,Oakland Park,P0125,7,113,2
2026-06-30,Oakland Park,P0249,7,61,1
2025-10-31,Lake Worth,P0156,4,44,2
2025-08-31,Dania Beach,P0122,0,0,1
2026-03-31,Dania Beach,P0133,5,42,3
2026-04-30,Oakland Park,P0295,3,317,2
2026-02-28,Dania Beach,P0139,3,30,2
2026-06-30,Lake Worth,P0123,26,42,2
2026-03-31,Lake Worth,P0211,6,63,2
2026-04-30,Dania Beach,P0097,4,32,2
2025-10-31,Oakland Park,P0154,9,93,1
2026-04-30,Oakland Park,P0083,0,74,2
2026-05-31,Oakland Park,P0238,3,72,1
2026-06-30,Lake Worth,P0279,6,16,2
2025-12-31,Oakland Park,P0165,4,16,1
2025-07-31,Lake Worth,P0053,0,61,3
2026-02-28,Oakland Park,P0106,5,61,1
2026-01-31,Lake Worth,P0119,0,37,2
2025-09-30,Oakland Park,P0038,3,195,1
2025-08-31,Lake Worth,P0267,1,45,1
2026-06-30,Lake Worth,P0171,3,28,2
2025-09-30,Oakland Park,P0292,0,10,2
2026-02-28,Oakland Park,P0188,8,299,3
2026-02-28,Lake Worth,P0067,2,72,3
2025-07-31,Lake Worth,P0249,3,27,2
2025-11-30,Oakland Park,P0260,0,54,3
2025-09-30,Dania Beach,P0288,7,24,3
2026-03-31,Oakland Park,P0213,1,21,2
2025-10-31,Dania Beach,P0015,0,12,2
2025-09-30,Dania Beach,P0242,2,58,2
2026-03-31,Lake Worth,P0270,4,61,1
2026-01-31,Lake Worth,P0262,0,55,2
2026-02-28,Dania Beach,P0141,23,304,2
2026-04-30,Oakland Park,P0288,4,57,2
2025-07-31,Dania Beach,P0196,17,63,1
2026-03-31,Oakland Park,P0183,3,94,2
2025-10-31,Lake Worth,P0020,6,21,1
2026-01-31,Oakland Park,P0289,0,67,2
2026-03-31,Lake Worth,P0060,9,23,3
2026-04-30,Dania Beach,P0243,1,30,2
2025-09-30,Lake Worth,P0278,2,26,2
2025-07-31,Lake Worth,P0153,5,159,1
2026-06-30,Oakland Park,P0144,13,141,2
2025-11-30,Oakland Park,P0214,1,36,2
2026-02-28,Oakland Park,P0020,6,68,2
2025-10-31,Oakland Park,P0260,0,17,2
2026-04-30,Oakland Park,P0165,4,14,1
2026-05-31,Oakland Park,P0088,2,38,2
2025-07-31,Dania Beach,P0299,4,7,1
2026-02-28,Oakland Park,P0044,0,32,2
2026-06-30,Dania Beach,P0091,12,5,3
2026-06-30,Oakland Park,P0012,1,8,2
2026-01-31,Oakland Park,P0019,2,41,2
2025-08-31,Oakland Park,P0204,3,74,2
2025-09-30,Dania Beach,P0107,0,0,2
2026-03-31,Lake Worth,P0076,3,38,1
2026-04-30,Dania Beach,P0177,3,39,3
2026-06-30,Lake Worth,P0248,2,306,2
2026-03-31,Lake Worth,P0035,4,56,3
2025-10-31,Dania Beach,P0066,2,27,3
2026-01-31,Lake Worth,P0248,2,238,3
2025-10-31,Dania Beach,P0035,0,0,1
2026-06-30,Lake Worth,P0300,0,63,1
2025-12-31,Dania Beach,P0148,2,21,2
2026-06-30,Dania Beach,P0117,1,90,3
2026-04-30,Lake Worth,P0114,0,29,2
2026-01-31,Lake Worth,P0274,2,75,2
2025-07-31,Oakland Park,P0205,11,173,2
2026-02-28,Dania Beach,P0022,10,31,3
2026-06-30,Oakland Park,P0299,0,73,1
2026-01-31,Dania Beach,P0072,6,28,3
2025-07-31,Lake Worth,P0266,5,55,3
2025-07-31,Dania Beach,P0060,9,28,2
2025-08-31,Dania Beach,P0137,6,24,2
2026-04-30,Oakland Park,P0241,1,38,1
2025-09-30,Dania Beach,P0276,0,51,2
2025-12-31,Dania Beach,P0246,3,66,2
2025-10-31,Dania Beach,P0107,0,0,1
2025-07-31,Oakland Park,P0136,0,71,2
2025-11-30,Lake Worth,P0106,2,9,3
2026-04-30,Lake Worth,P0023,1,12,1
2025-07-31,Lake Worth,P0138,28,55,2
2026-01-31,Lake Worth,P0217,0,21,2
2025-08-31,Dania Beach,P0251,0,12,2
2026-06-30,Oakland Park,P0170,8,185,3
2026-02-28,Lake Worth,P0250,47,7,1
2025-10-31,Dania Beach,P0270,1,24,2
2026-05-31,Oakland Park,P0120,30,280,2
2026-06-30,Lake Worth,P0170,3,45,2
2025-10-31,Oakland Park,P0019,1,290,2
2025-12-31,Oakland Park,P0041,12,16,2
2025-08-31,Lake Worth,P0263,5,116,3
2025-10-31,Dania Beach,P0223,6,70,2
2025-10-31,Lake Worth,P0035,1,38,2
2026-02-28,Oakland Park,P0139,1,20,1
2026-06-30,Dania Beach,P0242,4,120,2
2026-01-31,Dania Beach,P0237,4,5,1
2025-09-30,Lake Worth,P0102,8,22,2
2025-10-31,Dania Beach,P0085,0,16,1
2026-01-31,Lake Worth,P0184,4,133,1
2025-09-30,Lake Worth,P0166,4,16,2
2025-11-30,Oakland Park,P0030,5,120,3
2025-10-31,Dania Beach,P0242,2,18,2
2026-02-28,Dania Beach,P0115,0,0,3
2025-11-30,Lake Worth,P0099,22,30,2
2025-08-31,Lake Worth,P0187,5,32,1
2025-09-30,Oakland Park,P0171,4,14,3
2025-09-30,Oakland Park,P0120,32,215,1
2025-12-31,Dania Beach,P0261,6,67,3
2026-05-31,Oakland Park,P0268,2,265,2
2026-05-31,Dania Beach,P0084,3,38,1
2025-11-30,Dania Beach,P0251,4,48,3
2025-07-31,Oakland Park,P0063,7,48,2
2025-08-31,Dania Beach,P0060,9,67,2
2025-12-31,Dania Beach,P0164,0,34,3
2026-05-31,Lake Worth,P0111,0,72,3
2025-09-30,Lake Worth,P0283,2,10,1
2026-04-30,Lake Worth,P0243,0,37,3
2025-08-31,Lake Worth,P0047,4,54,2
2026-04-30,Dania Beach,P0226,0,48,1
2025-08-31,Lake Worth,P0238,2,9,2
2026-02-28,Lake Worth,P0205,9,31,2
2025-09-30,Dania Beach,P0250,43,40,1
2025-07-31,Dania Beach,P0069,19,272,2
2026-04-30,Lake Worth,P0122,10,99,3
2026-05-31,Oakland Park,P0052,3,224,3
2026-03-31,Dania Beach,P0081,3,37,3
2025-08-31,Oakland Park,P0052,1,122,2
2026-01-31,Dania Beach,P0121,7,21,2
2025-11-30,Lake Worth,P0290,3,23,2
2025-09-30,Oakland Park,P0032,0,46,2
2026-04-30,Oakland Park,P0076,4,57,3
2026-02-28,Lake Worth,P0091,12,72,3
2025-07-31,Dania Beach,P0220,2,58,2
2025-07-31,Oakland Park,P0029,5,37,2
2025-08-31,Oakland Park,P0157,11,27,2
2026-06-30,Lake Worth,P0113,7,29,2
2026-01-31,Oakland Park,P0147,8,14,2
2025-11-30,Oakland Park,P0222,6,53,2
2026-02-28,Lake Worth,P0054,4,24,1
2025-09-30,Oakland Park,P0223,6,33,2
2026-03-31,Oakland Park,P0077,3,60,1
2026-04-30,Lake Worth,P0133,1,8,2
2026-04-30,Lake Worth,P0173,6,56,1
2026-01-31,Oakland Park,P0199,0,54,3
2025-09-30,Dania Beach,P0023,3,72,1
2025-12-31,Lake Worth,P0282,1,54,2
2026-05-31,Oakland Park,P0205,11,86,3
2025-12-31,Oakland Park,P0147,5,61,2
2025-07-31,Lake Worth,P0203,3,41,2
2025-10-31,Lake Worth,P0016,4,222,2
2026-05-31,Dania Beach,P0066,1,42,3
2025-09-30,Lake Worth,P0196,13,234,2
2026-01-31,Dania Beach,P0245,3,27,2
2025-09-30,Dania Beach,P0199,0,67,2
2025-10-31,Lake Worth,P0183,4,167,2
2025-11-30,Dania Beach,P0197,3,146,2
2026-02-28,Lake Worth,P0035,0,42,1
2026-04-30,Dania Beach,P0036,0,0,1
2026-03-31,Dania Beach,P0017,1,36,1
2025-12-31,Dania Beach,P0254,0,23,2
2026-02-28,Dania Beach,P0236,2,23,2
2025-07-31,Dania Beach,P0016,2,26,1
2025-10-31,Oakland Park,P0110,3,37,1
2026-02-28,Dania Beach,P0223,3,257,2
2026-03-31,Oakland Park,P0248,4,124,3
2026-01-31,Oakland Park,P0284,7,146,2
2026-05-31,Dania Beach,P0116,11,23,2
2026-05-31,Lake Worth,P0287,0,14,2
2026-04-30,Lake Worth,P0131,4,228,1
2026-03-31,Dania Beach,P0201,3,48,2
2026-05-31,Dania Beach,P0042,16,50,3
2025-10-31,Oakland Park,P0024,14,103,2
2026-01-31,Dania Beach,P0298,11,13,2
2025-10-31,Oakland Park,P0273,0,14,2
2026-06-30,Dania Beach,P0289,3,128,2
2025-09-30,Oakland Park,P0234,9,72,1
2026-04-30,Oakland Park,P0018,0,29,2
2025-07-31,Lake Worth,P0268,3,15,3
2025-10-31,Lake Worth,P0040,4,74,3
2025-11-30,Oakland Park,P0072,0,5,2
2025-11-30,Dania Beach,P0099,24,35,1
2025-07-31,Dania Beach,P0238,1,42,2
2025-11-30,Lake Worth,P0200,0,33,2
2026-02-28,Dania Beach,P0106,3,32,3
2025-10-31,Dania Beach,P0284,0,0,2
2026-03-31,Oakland Park,P0156,9,114,1
2026-04-30,Oakland Park,P0222,8,314,2
2025-07-31,Oakland Park,P0152,7,35,3
2025-11-30,Dania Beach,P0134,7,32,2
2026-04-30,Dania Beach,P0095,14,13,3
2025-10-31,Dania Beach,P0023,5,16,2
2026-03-31,Lake Worth,P0020,4,32,1
2026-04-30,Lake Worth,P0260,3,49,1
2026-06-30,Oakland Park,P0238,1,33,2
2025-08-31,Oakland Park,P0161,1,61,1
2026-04-30,Dania Beach,P0200,2,72,3
2025-10-31,Lake Worth,P0178,2,117,2
2025-10-31,Lake Worth,P0170,2,75,2
2026-01-31,Oakland Park,P0202,2,30,1
2025-09-30,Oakland Park,P0082,1,13,2
2025-09-30,Lake Worth,P0016,4,39,2
2026-03-31,Oakland Park,P0143,3,45,1
2025-11-30,Lake Worth,P0207,5,219,2
2026-05-31,Oakland Park,P0055,9,35,2
2025-09-30,Lake Worth,P0258,155,58,2
2026-03-31,Dania Beach,P0130,4,38,1
2025-10-31,Dania Beach,P0105,3,18,2
2025-07-31,Lake Worth,P0062,4,30,2
2025-09-30,Oakland Park,P0107,11,119,3
2026-06-30,Dania Beach,P0158,0,64,1
2025-09-30,Oakland Park,P0229,64,226,2
2026-06-30,Oakland Park,P0110,4,36,3
2025-10-31,Lake Worth,P0119,0,38,3
2025-08-31,Dania Beach,P0041,8,39,3
2025-11-30,Dania Beach,P0240,3,157,2
2025-09-30,Dania Beach,P0012,4,219,3
2025-09-30,Dania Beach,P0293,4,108,1
2025-10-31,Dania Beach,P0166,0,45,2
2025-11-30,Lake Worth,P0202,2,113,1
2026-01-31,Dania Beach,P0101,0,43,3
2026-06-30,Oakland Park,P0222,2,5,1
2026-05-31,Oakland Park,P0211,2,229,1
2026-03-31,Lake Worth,P0212,4,11,3
2025-09-30,Lake Worth,P0125,10,272,1
2026-05-31,Oakland Park,P0273,1,57,2
2025-07-31,Oakland Park,P0268,0,68,2
2026-03-31,Lake Worth,P0254,2,55,2
2025-09-30,Dania Beach,P0065,4,156,2
2025-11-30,Lake Worth,P0214,3,299,2
2026-03-31,Oakland Park,P0013,1,29,3
2025-09-30,Oakland Park,P0168,2,37,3
2026-04-30,Oakland Park,P0066,3,42,2
2025-11-30,Dania Beach,P0255,1,43,2
2025-08-31,Lake Worth,P0024,4,39,2
2025-12-31,Lake Worth,P0271,5,64,2
2025-12-31,Lake Worth,P0118,4,53,2
2026-01-31,Oakland Park,P0041,10,74,2
2026-04-30,Lake Worth,P0247,4,41,2
2025-12-31,Dania Beach,P0020,10,167,1
2026-01-31,Lake Worth,P0211,4,46,1
2025-07-31,Lake Worth,P0185,3,13,3
2026-02-28,Dania Beach,P0272,4,9,2
2026-05-31,Dania Beach,P0129,3,15,1
2026-02-28,Lake Worth,P0033,9,56,2
2026-02-28,Dania Beach,P0094,0,16,1
2025-09-30,Dania Beach,P0058,12,26,2
2025-07-31,Dania Beach,P0249,4,61,3
2026-05-31,Lake Worth,P0099,24,26,1
2025-07-31,Oakland Park,P0197,1,40,3
2025-07-31,Lake Worth,P0212,0,64,1
2026-05-31,Oakland Park,P0175,3,43,1
2026-05-31,Dania Beach,P0001,0,74,2
2025-12-31,Lake Worth,P0124,0,51,1
2026-01-31,Lake Worth,P0226,0,23,2
2025-10-31,Lake Worth,P0238,0,34,2
2026-03-31,Lake Worth,P0153,3,66,3
2025-09-30,Oakland Park,P0022,15,33,1
2025-10-31,Oakland Park,P0084,0,35,2
2026-01-31,Lake Worth,P0057,5,56,2
2025-11-30,Lake Worth,P0094,0,50,2
2026-05-31,Oakland Park,P0061,1,14,1
2025-08-31,Oakland Park,P0245,4,163,1
2026-04-30,Oakland Park,P0214,2,33,1
2026-04-30,Lake Worth,P0239,6,314,2
2026-03-31,Lake Worth,P0156,1,6,2
2026-05-31,Oakland Park,P0168,2,71,3
2026-05-31,Lake Worth,P0175,6,35,2
2025-09-30,Lake Worth,P0202,2,47,1
2026-03-31,Dania Beach,P0055,6,66,2
2026-01-31,Oakland Park,P0108,6,22,2
2026-04-30,Oakland Park,P0221,1,61,2
2026-06-30,Oakland Park,P0013,5,18,1
2025-10-31,Lake Worth,P0012,0,72,3
2025-12-31,Lake Worth,P0006,3,18,3
2025-07-31,Dania Beach,P0149,0,28,2
2025-09-30,Lake Worth,P0020,10,35,3
2026-02-28,Dania Beach,P0248,0,33,1
2025-10-31,Oakland Park,P0213,0,28,3
2025-11-30,Dania Beach,P0276,1,70,2
2025-07-31,Lake Worth,P0205,12,15,3
2025-09-30,Oakland Park,P0290,4,38,2
2026-04-30,Lake Worth,P0198,4,54,1
2026-02-28,Lake Worth,P0024,0,62,2
2025-12-31,Lake Worth,P0177,4,182,1
2025-10-31,Lake Worth,P0228,2,30,3
2025-09-30,Dania Beach,P0173,8,66,2
2025-09-30,Dania Beach,P0231,9,308,2
2025-09-30,Lake Worth,P0133,8,18,1
2025-07-31,Oakland Park,P0077,5,22,3
2025-08-31,Oakland Park,P0136,0,39,1
2025-10-31,Dania Beach,P0021,5,67,2
2026-01-31,Dania Beach,P0046,0,23,2
2025-08-31,Lake Worth,P0157,11,36,2
2026-06-30,Oakland Park,P0136,0,24,1
2025-11-30,Dania Beach,P0277,4,196,3
2025-09-30,Oakland Park,P0286,7,26,3
2025-09-30,Dania Beach,P0160,3,49,3
2026-04-30,Lake Worth,P0015,0,30,3
2025-08-31,Dania Beach,P0016,8,70,1
2026-02-28,Oakland Park,P0279,4,64,1
2025-12-31,Oakland Park,P0237,6,57,3
2025-11-30,Lake Worth,P0235,4,48,2
2025-08-31,Dania Beach,P0066,3,145,2
2025-12-31,Lake Worth,P0262,1,33,3
2025-07-31,Oakland Park,P0085,1,16,1
2025-09-30,Lake Worth,P0066,5,39,3
2026-02-28,Oakland Park,P0030,3,15,2
2025-11-30,Oakland Park,P0174,0,6,1
2026-06-30,Oakland Park,P0118,0,15,3
2026-01-31,Dania Beach,P0036,0,0,3
2026-06-30,Oakland Park,P0292,0,35,3
2026-05-31,Oakland Park,P0105,2,19,2
2026-05-31,Oakland Park,P0137,4,17,2
2025-08-31,Oakland Park,P0239,4,67,2
2025-09-30,Dania Beach,P0192,5,42,2
2025-09-30,Lake Worth,P0252,2,62,2
2025-11-30,Oakland Park,P0165,4,66,3
2026-01-31,Lake Worth,P0159,4,13,2
2026-06-30,Oakland Park,P0085,1,73,1
2026-02-28,Dania Beach,P0245,3,65,2
2026-04-30,Oakland Park,P0146,2,17,2
2025-08-31,Dania Beach,P0007,5,151,1
2025-08-31,Lake Worth,P0190,7,9,3
2025-07-31,Oakland Park,P0050,12,153,2
2026-04-30,Oakland Park,P0073,11,88,2
2025-09-30,Dania Beach,P0217,0,10,1
2026-03-31,Lake Worth,P0095,8,67,1
2026-03-31,Oakland Park,P0037,3,72,2
2026-04-30,Dania Beach,P0050,17,17,1
2025-07-31,Dania Beach,P0298,12,17,1
2026-05-31,Lake Worth,P0232,14,65,1
2025-07-31,Oakland Park,P0271,11,89,1
2026-02-28,Oakland Park,P0048,6,42,3
2025-11-30,Oakland Park,P0190,4,56,2
2026-05-31,Lake Worth,P0271,7,72,2
2026-01-31,Oakland Park,P0134,9,62,3
2025-08-31,Lake Worth,P0158,5,51,3
2026-01-31,Dania Beach,P0186,4,60,2
2026-01-31,Oakland Park,P0112,18,11,3
2025-10-31,Dania Beach,P0132,0,15,3
2025-08-31,Oakland Park,P0128,11,136,3
2026-06-30,Dania Beach,P0143,1,32,2
2025-12-31,Lake Worth,P0130,0,51,1
2025-07-31,Dania Beach,P0204,0,21,3
2026-05-31,Dania Beach,P0096,0,43,1
2026-02-28,Lake Worth,P0199,2,64,1
2025-10-31,Lake Worth,P0118,0,51,2
2026-04-30,Oakland Park,P0061,3,70,3
2026-03-31,Dania Beach,P0048,0,49,2
2025-11-30,Lake Worth,P0097,0,40,2
2025-08-31,Oakland Park,P0220,5,15,1
2026-05-31,Oakland Park,P0096,2,34,2
2025-09-30,Oakland Park,P0102,5,52,2
2025-10-31,Dania Beach,P0159,1,22,2
2026-05-31,Lake Worth,P0249,1,68,2
2025-08-31,Oakland Park,P0070,0,36,1
2025-10-31,Lake Worth,P0179,3,66,1
2026-04-30,Lake Worth,P0102,8,65,2
2026-02-28,Oakland Park,P0064,0,56,1
2026-04-30,Dania Beach,P0155,3,21,1
2026-02-28,Lake Worth,P0118,3,67,1
2026-01-31,Lake Worth,P0191,0,10,1
2025-07-31,Dania Beach,P0040,4,291,2
2025-08-31,Lake Worth,P0084,1,18,2
2025-08-31,Dania Beach,P0169,2,43,2
2026-04-30,Lake Worth,P0095,8,22,3
2025-09-30,Lake Worth,P0269,4,28,1
2026-02-28,Lake Worth,P0026,0,14,2
2026-05-31,Lake Worth,P0256,0,46,1
2026-05-31,Oakland Park,P0257,5,36,1
2025-07-31,Oakland Park,P0239,6,41,3
2025-07-31,Oakland Park,P0176,5,179,2
2026-05-31,Dania Beach,P0265,2,216,3
2025-10-31,Lake Worth,P0078,4,28,3
2026-06-30,Dania Beach,P0292,4,9,3
2026-05-31,Dania Beach,P0058,9,30,2
2025-12-31,Oakland Park,P0054,4,63,2
2025-12-31,Lake Worth,P0077,6,56,2
2025-07-31,Lake Worth,P0030,0,55,2
2026-01-31,Oakland Park,P0228,6,138,3
2025-12-31,Dania Beach,P0041,9,21,2
2026-06-30,Dania Beach,P0236,2,74,1
2025-12-31,Lake Worth,P0085,3,277,2
2025-07-31,Oakland Park,P0296,2,62,1
2025-12-31,Oakland Park,P0056,1,30,3
2026-06-30,Oakland Park,P0069,18,177,3
2025-08-31,Lake Worth,P0072,2,39,3
2026-02-28,Lake Worth,P0176,6,38,2
2025-12-31,Lake Worth,P0021,0,19,2
2026-04-30,Dania Beach,P0272,3,256,2
2026-02-28,Lake Worth,P0106,3,45,2
2025-09-30,Lake Worth,P0276,5,54,2
2025-12-31,Lake Worth,P0035,4,45,2
2025-11-30,Oakland Park,P0027,5,67,2
2026-01-31,Oakland Park,P0143,3,64,2
2025-09-30,Lake Worth,P0215,6,25,1
2025-09-30,Oakland Park,P0144,10,112,3
2026-04-30,Oakland Park,P0206,7,192,1
2026-06-30,Dania Beach,P0285,4,265,2
2026-06-30,Lake Worth,P0188,16,71,3
2026-06-30,Oakland Park,P0006,8,34,2
2025-11-30,Dania Beach,P0071,12,40,2
2026-06-30,Lake Worth,P0068,9,24,1
2025-09-30,Oakland Park,P0163,1,74,2
2026-02-28,Oakland Park,P0152,10,270,2
2026-04-30,Lake Worth,P0004,13,43,1
2026-01-31,Dania Beach,P0188,0,0,3
2026-03-31,Dania Beach,P0259,8,312,3
2025-11-30,Lake Worth,P0254,0,11,1
2025-07-31,Oakland Park,P0238,2,108,1
2026-01-31,Lake Worth,P0187,2,14,2
2025-08-31,Lake Worth,P0232,14,58,3
2025-07-31,Lake Worth,P0193,6,36,2
2026-03-31,Dania Beach,P0210,0,71,1
2026-01-31,Lake Worth,P0260,0,65,2
2025-07-31,Lake Worth,P0133,2,19,3
2025-08-31,Oakland Park,P0015,0,27,3
2026-01-31,Dania Beach,P0141,23,63,2
2026-04-30,Oakland Park,P0062,8,56,1
2026-05-31,Lake Worth,P0077,6,47,3
2025-07-31,Lake Worth,P0298,12,56,1
2025-09-30,Oakland Park,P0016,7,72,1
2026-05-31,Oakland Park,P0234,9,11,3
2026-02-28,Oakland Park,P0078,5,14,1
2026-03-31,Dania Beach,P0147,6,45,1
2025-10-31,Lake Worth,P0037,0,32,3
2026-01-31,Dania Beach,P0168,0,13,1
2025-12-31,Lake Worth,P0001,1,299,2
2025-10-31,Dania Beach,P0157,11,71,1
2025-12-31,Oakland Park,P0269,3,73,1
2025-08-31,Lake Worth,P0073,0,35,1
2025-09-30,Lake Worth,P0072,0,15,1
2026-02-28,Dania Beach,P0121,6,14,3
2026-02-28,Oakland Park,P0192,6,21,2
2026-01-31,Oakland Park,P0156,8,192,2
2026-05-31,Lake Worth,P0236,7,51,2
2025-08-31,Dania Beach,P0244,3,182,1
2025-08-31,Oakland Park,P0092,4,45,1
2025-09-30,Oakland Park,P0166,1,234,2
2025-12-31,Lake Worth,P0068,8,295,2
2026-01-31,Oakland Park,P0047,5,40,3
2026-04-30,Dania Beach,P0054,4,104,3
2025-11-30,Dania Beach,P0126,4,211,2
2025-11-30,Dania Beach,P0264,0,0,2
2025-07-31,Oakland Park,P0275,1,27,2
2025-12-31,Dania Beach,P0258,152,103,2
2025-09-30,Dania Beach,P0097,5,142,3
2025-09-30,Dania Beach,P0109,3,21,2
2025-12-31,Lake Worth,P0289,0,27,1
2025-09-30,Oakland Park,P0039,0,48,2
2025-12-31,Oakland Park,P0044,0,41,2
2026-04-30,Lake Worth,P0295,0,62,3
2026-03-31,Lake Worth,P0044,0,62,3
2025-10-31,Dania Beach,P0019,5,64,2
2025-08-31,Oakland Park,P0156,14,133,3
2026-04-30,Oakland Park,P0112,22,46,2
2026-05-31,Oakland Park,P0190,5,62,3
2025-07-31,Oakland Park,P0014,2,308,1
2026-05-31,Oakland Park,P0121,0,6,1
2025-08-31,Dania Beach,P0275,2,58,2
2026-02-28,Oakland Park,P0001,1,47,2
2026-02-28,Dania Beach,P0263,0,0,3
2025-11-30,Oakland Park,P0094,1,45,1
2026-03-31,Oakland Park,P0108,9,36,3
2025-11-30,Lake Worth,P0100,16,25,3
2026-02-28,Dania Beach,P0166,0,50,2
2026-02-28,Dania Beach,P0174,0,16,2
2025-11-30,Oakland Park,P0272,5,68,2
2025-12-31,Lake Worth,P0253,16,24,3
2025-10-31,Dania Beach,P0089,0,68,2
2025-10-31,Lake Worth,P0058,7,63,1
2026-06-30,Oakland Park,P0264,12,106,1
2025-12-31,Lake Worth,P0079,10,160,1
2026-03-31,Lake Worth,P0024,4,38,2
2026-04-30,Oakland Park,P0279,4,54,2
2025-07-31,Dania Beach,P0076,4,109,2
2025-08-31,Dania Beach,P0177,3,58,2
2025-10-31,Oakland Park,P0066,3,52,2
2026-03-31,Oakland Park,P0105,2,60,2
2026-05-31,Lake Worth,P0233,14,34,3
2026-06-30,Dania Beach,P0029,7,8,2
2025-11-30,Lake Worth,P0029,3,71,1
2025-12-31,Dania Beach,P0156,0,0,1
2026-02-28,Oakland Park,P0155,0,71,2
2026-04-30,Dania Beach,P0296,3,60,2
2026-03-31,Dania Beach,P0177,3,54,1
2026-01-31,Lake Worth,P0174,5,63,3
2026-06-30,Oakland Park,P0172,0,29,2
2026-05-31,Oakland Park,P0280,4,274,3
2025-12-31,Dania Beach,P0219,7,236,2
2026-03-31,Dania Beach,P0050,10,49,3
2025-07-31,Lake Worth,P0117,0,74,2
2026-04-30,Dania Beach,P0045,23,301,3
2026-02-28,Lake Worth,P0265,4,47,2
2026-05-31,Oakland Park,P0210,4,30,2
2025-09-30,Lake Worth,P0078,2,310,2
2026-03-31,Oakland Park,P0225,17,16,3
2025-08-31,Dania Beach,P0219,5,58,2
2025-12-31,Lake Worth,P0161,3,19,2
2025-09-30,Dania Beach,P0066,3,44,2
2026-03-31,Dania Beach,P0141,19,19,3
2025-11-30,Oakland Park,P0009,4,6,1
2026-05-31,Oakland Park,P0059,2,39,3
2025-07-31,Dania Beach,P0239,3,34,3
2025-09-30,Oakland Park,P0236,5,48,2
2026-03-31,Oakland Park,P0254,2,49,1
2025-07-31,Oakland Park,P0104,4,20,2
2025-10-31,Lake Worth,P0110,2,50,1
2025-09-30,Lake Worth,P0135,4,23,2
2026-01-31,Lake Worth,P0004,9,43,2
2025-10-31,Dania Beach,P0047,4,39,3
2026-05-31,Oakland Park,P0049,1,66,2
2025-09-30,Lake Worth,P0012,1,69,1
2025-09-30,Lake Worth,P0113,5,70,3
2025-12-31,Lake Worth,P0070,0,53,2
2026-04-30,Oakland Park,P0096,2,61,2
2026-02-28,Dania Beach,P0287,1,56,3
2026-03-31,Oakland Park,P0130,2,20,1
2026-05-31,Oakland Park,P0150,9,75,2
2025-09-30,Oakland Park,P0129,4,58,2
2026-05-31,Dania Beach,P0214,0,69,3
2026-03-31,Oakland Park,P0282,2,61,2
2026-02-28,Oakland Park,P0069,22,31,2
2025-11-30,Dania Beach,P0109,4,6,3
2026-06-30,Oakland Park,P0100,14,52,2
2026-04-30,Dania Beach,P0041,12,6,2
2025-10-31,Oakland Park,P0079,9,34,2
2025-07-31,Lake Worth,P0111,0,29,2
2025-08-31,Oakland Park,P0197,5,50,3
2025-10-31,Lake Worth,P0082,3,32,3
2025-08-31,Lake Worth,P0076,4,12,1
2026-06-30,Dania Beach,P0227,6,310,2
2025-07-31,Lake Worth,P0219,0,36,2
2026-02-28,Dania Beach,P0201,3,39,3
2026-06-30,Oakland Park,P0250,44,135,1
2025-10-31,Oakland Park,P0256,2,43,1
2025-12-31,Dania Beach,P0221,1,26,3
2026-03-31,Dania Beach,P0236,2,10,2
2025-08-31,Lake Worth,P0235,3,72,3
2025-11-30,Oakland Park,P0048,3,51,3
2026-02-28,Lake Worth,P0021,3,25,1
2025-11-30,Lake Worth,P0112,23,17,1
2026-01-31,Lake Worth,P0143,2,301,3
2025-07-31,Oakland Park,P0258,154,37,2
2026-03-31,Dania Beach,P0148,5,72,3
2025-12-31,Dania Beach,P0047,2,60,3
2025-08-31,Oakland Park,P0226,0,54,2
2026-01-31,Dania Beach,P0127,0,46,1
2025-09-30,Oakland Park,P0241,0,55,2
2025-12-31,Lake Worth,P0075,0,42,3
2026-06-30,Oakland Park,P0197,0,36,1
2025-09-30,Oakland Park,P0134,10,9,2
2026-04-30,Lake Worth,P0048,5,41,2
2026-04-30,Oakland Park,P0220,4,61,3
2026-05-31,Lake Worth,P0237,2,15,2
2026-06-30,Lake Worth,P0076,3,119,2
2026-05-31,Dania Beach,P0242,3,48,2
2025-10-31,Oakland Park,P0013,1,74,1
2025-10-31,Dania Beach,P0034,3,287,2
2025-11-30,Lake Worth,P0251,1,23,3
2026-05-31,Lake Worth,P0081,3,71,2
2025-10-31,Oakland Park,P0176,3,56,3
2025-12-31,Dania Beach,P0165,6,285,1
2025-12-31,Lake Worth,P0206,0,39,2
2026-03-31,Lake Worth,P0266,9,45,2
2025-09-30,Lake Worth,P0049,1,35,2
2026-03-31,Oakland Park,P0134,9,70,2
2025-09-30,Dania Beach,P0123,26,13,2
2025-09-30,Lake Worth,P0081,6,32,2
2026-06-30,Dania Beach,P0286,8,40,2
2026-05-31,Lake Worth,P0008,5,60,3
2025-08-31,Oakland Park,P0132,2,38,2
2026-03-31,Oakland Park,P0074,0,47,1
2025-12-31,Oakland Park,P0290,6,32,1
2026-05-31,Oakland Park,P0258,156,37,2
2025-10-31,Dania Beach,P0108,7,10,2
2025-12-31,Oakland Park,P0297,3,16,2
2026-05-31,Oakland Park,P0126,0,17,3
2026-05-31,Lake Worth,P0128,1,25,1
2026-03-31,Oakland Park,P0154,11,163,3
2025-08-31,Lake Worth,P0271,3,19,1
2025-08-31,Lake Worth,P0094,1,43,2
2025-09-30,Dania Beach,P0271,0,0,2
2026-06-30,Oakland Park,P0089,0,74,2
2026-03-31,Lake Worth,P0223,1,46,2
2025-12-31,Lake Worth,P0027,8,15,2
2026-05-31,Oakland Park,P0241,6,233,2
2025-10-31,Lake Worth,P0223,3,49,1
2025-10-31,Dania Beach,P0187,0,56,3
2025-10-31,Dania Beach,P0202,3,48,2
2025-10-31,Oakland Park,P0048,6,58,1
2026-06-30,Oakland Park,P0265,2,145,3
2026-06-30,Dania Beach,P0183,5,280,2
2025-09-30,Oakland Park,P0299,1,51,3
2025-12-31,Dania Beach,P0166,0,26,2
2025-11-30,Oakland Park,P0089,0,8,2
2026-05-31,Oakland Park,P0128,8,88,1
2025-07-31,Dania Beach,P0153,3,33,2
2026-06-30,Oakland Park,P0022,16,70,1
2025-10-31,Dania Beach,P0056,4,13,3
2026-05-31,Dania Beach,P0027,4,200,1
2026-06-30,Dania Beach,P0028,64,19,2
2026-02-28,Dania Beach,P0175,9,158,2
2026-02-28,Lake Worth,P0157,7,16,3
2025-12-31,Lake Worth,P0207,3,251,2
2026-01-31,Oakland Park,P0115,10,85,3
2026-01-31,Lake Worth,P0247,5,157,1
2026-03-31,Lake Worth,P0293,5,56,1
2025-07-31,Oakland Park,P0165,1,109,2
2025-09-30,Lake Worth,P0068,13,8,1
2026-03-31,Oakland Park,P0285,4,117,2
2025-10-31,Dania Beach,P0144,0,0,2
2026-06-30,Dania Beach,P0288,3,219,2
2026-06-30,Oakland Park,P0007,4,47,1
2026-05-31,Oakland Park,P0068,11,49,3
2025-08-31,Lake Worth,P0142,0,63,2
2026-06-30,Oakland Park,P0160,4,66,1
2025-07-31,Lake Worth,P0144,0,12,1
2025-07-31,Oakland Park,P0135,3,10,2
2025-08-31,Oakland Park,P0077,8,65,2
2026-06-30,Lake Worth,P0049,1,64,3
2025-12-31,Lake Worth,P0218,3,17,2
2025-07-31,Lake Worth,P0076,2,34,3
2026-02-28,Oakland Park,P0154,8,191,2
2026-05-31,Dania Beach,P0269,4,26,2
2025-09-30,Oakland Park,P0034,3,69,3
2026-06-30,Dania Beach,P0096,0,54,2
2026-03-31,Lake Worth,P0263,1,68,2
2026-06-30,Lake Worth,P0232,16,25,2
2026-01-31,Dania Beach,P0042,18,7,2
2026-03-31,Oakland Park,P0017,1,67,2
2026-03-31,Oakland Park,P0091,15,25,3
2026-01-31,Dania Beach,P0287,1,7,1
2025-07-31,Oakland Park,P0005,2,233,2
2025-08-31,Dania Beach,P0050,10,37,2
2026-05-31,Oakland Park,P0194,1,41,2
2026-05-31,Oakland Park,P0111,0,9,2
2025-08-31,Dania Beach,P0196,13,256,3
2026-03-31,Lake Worth,P0229,68,12,2
2026-02-28,Oakland Park,P0258,156,9,2
2025-07-31,Lake Worth,P0066,4,110,2
2026-06-30,Lake Worth,P0112,21,35,1
2026-05-31,Oakland Park,P0058,10,223,3
2025-12-31,Lake Worth,P0228,5,44,1
2026-05-31,Lake Worth,P0130,1,110,3
2026-06-30,Oakland Park,P0268,5,68,2
2025-07-31,Lake Worth,P0296,5,40,1
2025-07-31,Oakland Park,P0074,2,60,2
2025-10-31,Dania Beach,P0273,2,252,2
2025-08-31,Dania Beach,P0261,1,50,1
2026-03-31,Lake Worth,P0189,7,15,2
2025-08-31,Lake Worth,P0145,11,31,2
2026-02-28,Lake Worth,P0209,14,17,1
2025-12-31,Dania Beach,P0133,6,54,2
2026-05-31,Oakland Park,P0078,1,7,1
2026-02-28,Lake Worth,P0095,10,63,3
2026-03-31,Dania Beach,P0228,5,47,3
2025-07-31,Lake Worth,P0045,19,257,3
2025-10-31,Oakland Park,P0223,1,8,2
2025-09-30,Dania Beach,P0087,1,33,2
2026-03-31,Lake Worth,P0220,3,153,3
2026-03-31,Oakland Park,P0117,1,277,3
2025-07-31,Dania Beach,P0260,0,27,2
2026-05-31,Lake Worth,P0121,7,123,1
2026-02-28,Oakland Park,P0267,4,64,2
2026-03-31,Lake Worth,P0007,0,10,2
2026-04-30,Oakland Park,P0079,7,23,1
2026-01-31,Dania Beach,P0025,3,11,3
2026-03-31,Lake Worth,P0090,7,30,2
2026-01-31,Lake Worth,P0067,3,27,2
2025-07-31,Lake Worth,P0283,9,50,1
2026-02-28,Lake Worth,P0052,1,11,2
2026-03-31,Oakland Park,P0031,2,246,3
2025-07-31,Oakland Park,P0166,1,37,2
2025-12-31,Lake Worth,P0299,0,20,2
2025-09-30,Lake Worth,P0001,0,52,2
2025-08-31,Dania Beach,P0158,3,67,2
2025-09-30,Dania Beach,P0006,3,57,2
2026-06-30,Oakland Park,P0048,6,290,1
2026-03-31,Oakland Park,P0226,2,46,2
2026-02-28,Oakland Park,P0116,7,139,1
2026-03-31,Oakland Park,P0294,9,20,2
2026-06-30,Dania Beach,P0268,1,50,2
2026-04-30,Lake Worth,P0057,9,24,1
2026-06-30,Dania Beach,P0049,0,60,3
2026-05-31,Lake Worth,P0051,1,37,2
2026-02-28,Lake Worth,P0222,6,21,2
2026-01-31,Dania Beach,P0288,4,6,1
2026-06-30,Lake Worth,P0180,1,134,1
2026-04-30,Oakland Park,P0168,4,11,3
2025-09-30,Oakland Park,P0191,0,13,2
2025-08-31,Lake Worth,P0186,3,51,1
2025-07-31,Oakland Park,P0033,10,307,3
2025-11-30,Lake Worth,P0090,9,29,2
2025-10-31,Dania Beach,P0059,2,304,2
2026-06-30,Dania Beach,P0163,5,36,2
2025-07-31,Dania Beach,P0266,6,51,2
2025-09-30,Lake Worth,P0118,1,20,1
2025-08-31,Lake Worth,P0067,2,271,3
2025-11-30,Lake Worth,P0150,6,54,3
2026-02-28,Lake Worth,P0053,1,240,2
2025-07-31,Lake Worth,P0159,0,12,3
2025-08-31,Dania Beach,P0126,8,68,2
2025-10-31,Oakland Park,P0125,7,20,3
2025-08-31,Lake Worth,P0022,17,47,2
2025-11-30,Oakland Park,P0149,5,48,3
2026-04-30,Dania Beach,P0104,5,9,2
2026-02-28,Dania Beach,P0259,6,69,1
2026-02-28,Dania Beach,P0149,0,24,1
2026-04-30,Lake Worth,P0013,4,65,3
2026-03-31,Dania Beach,P0003,1,63,1
2026-03-31,Dania Beach,P0216,6,58,3
2026-05-31,Oakland Park,P0248,3,10,2
2026-04-30,Lake Worth,P0175,4,204,3
2026-01-31,Lake Worth,P0153,5,34,1
2026-06-30,Dania Beach,P0252,1,26,1
2026-03-31,Oakland Park,P0256,3,315,2
2026-05-31,Oakland Park,P0102,11,30,2
2026-06-30,Dania Beach,P0151,0,0,2
2026-04-30,Oakland Park,P0074,1,75,2
2025-08-31,Dania Beach,P0047,4,63,1
2026-06-30,Dania Beach,P0071,10,33,1
2026-04-30,Dania Beach,P0167,5,66,1
2026-02-28,Oakland Park,P0216,1,239,2
2025-11-30,Dania Beach,P0086,2,15,1
2025-11-30,Lake Worth,P0015,1,47,3
2025-08-31,Dania Beach,P0091,14,19,1
2025-07-31,Oakland Park,P0184,3,243,3
2026-04-30,Dania Beach,P0083,0,30,1
2026-02-28,Lake Worth,P0192,5,14,2
2025-12-31,Lake Worth,P0045,19,57,3
2026-04-30,Lake Worth,P0123,23,39,1
2026-05-31,Oakland Park,P0195,0,10,2
2025-07-31,Dania Beach,P0137,2,5,2
2026-04-30,Oakland Park,P0008,6,34,2
2026-05-31,Dania Beach,P0206,0,0,2
2025-10-31,Dania Beach,P0262,4,240,2
2025-11-30,Dania Beach,P0232,15,60,2
2026-06-30,Dania Beach,P0070,0,24,1
2025-11-30,Dania Beach,P0028,65,253,3
2025-07-31,Dania Beach,P0258,156,25,3
2025-08-31,Dania Beach,P0026,0,47,2
2026-02-28,Lake Worth,P0244,5,60,1
2025-09-30,Lake Worth,P0262,6,104,2
2026-06-30,Lake Worth,P0039,5,17,3
2026-01-31,Dania Beach,P0250,46,74,3
2026-02-28,Oakland Park,P0263,10,71,2
2026-05-31,Lake Worth,P0273,3,63,1
2025-10-31,Lake Worth,P0246,3,53,2
2026-01-31,Oakland Park,P0248,4,43,3
2025-11-30,Oakland Park,P0046,0,54,2
2025-10-31,Dania Beach,P0146,4,15,3
2026-04-30,Oakland Park,P0042,15,26,1
2025-10-31,Dania Beach,P0028,63,61,2
2025-07-31,Oakland Park,P0051,3,74,2
2026-04-30,Lake Worth,P0164,0,46,3
2026-02-28,Dania Beach,P0262,3,67,2
2026-01-31,Lake Worth,P0088,0,30,2
2026-01-31,Dania Beach,P0056,1,50,2
2026-03-31,Oakland Park,P0291,1,30,2
2025-08-31,Oakland Park,P0076,3,220,3
2025-10-31,Lake Worth,P0068,9,43,3
2026-01-31,Oakland Park,P0279,4,100,2
2025-09-30,Oakland Park,P0235,0,60,2
2025-08-31,Lake Worth,P0185,4,33,3
2026-02-28,Lake Worth,P0182,0,63,2
2026-05-31,Lake Worth,P0027,6,39,3
2026-05-31,Lake Worth,P0159,2,5,2
2025-09-30,Oakland Park,P0196,16,38,2
2025-08-31,Oakland Park,P0012,0,7,2
2026-01-31,Lake Worth,P0300,3,20,2
2025-07-31,Oakland Park,P0175,6,164,2
2026-02-28,Oakland Park,P0008,4,60,3
2025-08-31,Oakland Park,P0040,4,317,2
2025-10-31,Dania Beach,P0195,2,39,2
2026-06-30,Oakland Park,P0002,1,193,2
2026-05-31,Dania Beach,P0200,0,54,1
2025-09-30,Lake Worth,P0104,4,66,3
2026-02-28,Lake Worth,P0249,4,61,2
2025-11-30,Lake Worth,P0174,1,70,2
2026-02-28,Oakland Park,P0032,3,46,2
2025-10-31,Oakland Park,P0240,1,37,1
2026-02-28,Dania Beach,P0265,5,53,2
2025-10-31,Oakland Park,P0191,0,12,3
2026-03-31,Lake Worth,P0276,0,70,3
2026-05-31,Dania Beach,P0091,13,19,2
2026-06-30,Oakland Park,P0266,4,197,3
2025-07-31,Oakland Park,P0230,0,46,2
2026-01-31,Lake Worth,P0286,5,33,2
2026-04-30,Dania Beach,P0011,2,5,2
2026-03-31,Dania Beach,P0291,0,38,2
2026-01-31,Dania Beach,P0044,0,52,2
2025-12-31,Dania Beach,P0176,3,10,2
2026-06-30,Lake Worth,P0221,5,65,3
2025-10-31,Dania Beach,P0193,3,28,2
2026-04-30,Dania Beach,P0163,1,25,2
2025-10-31,Lake Worth,P0069,20,17,2
2026-01-31,Oakland Park,P0093,2,119,1
2025-11-30,Oakland Park,P0235,0,41,2
2026-06-30,Lake Worth,P0273,0,62,1
2025-12-31,Lake Worth,P0249,4,12,3
2025-08-31,Dania Beach,P0157,13,237,3
2026-01-31,Dania Beach,P0286,7,24,3
2026-03-31,Oakland Park,P0040,3,67,1
2025-10-31,Oakland Park,P0216,0,38,2
2026-03-31,Oakland Park,P0142,4,71,2
2026-04-30,Lake Worth,P0242,2,18,2
2026-04-30,Oakland Park,P0296,1,123,3
2025-07-31,Oakland Park,P0047,2,182,3
2026-04-30,Oakland Park,P0196,14,46,2
2026-02-28,Lake Worth,P0123,22,11,2
2026-04-30,Dania Beach,P0138,28,75,1
2025-08-31,Oakland Park,P0285,0,35,3
2026-03-31,Lake Worth,P0190,4,17,1
2025-12-31,Dania Beach,P0134,9,51,1
2026-06-30,Lake Worth,P0110,2,59,1
2025-11-30,Lake Worth,P0055,5,47,3
2025-08-31,Lake Worth,P0089,0,33,2
2026-03-31,Oakland Park,P0038,0,13,2
2026-05-31,Lake Worth,P0225,20,62,2
2025-09-30,Oakland Park,P0174,5,62,1
2026-01-31,Dania Beach,P0166,0,52,2
2025-10-31,Oakland Park,P0131,0,45,2
2025-07-31,Lake Worth,P0056,2,39,2
2025-12-31,Dania Beach,P0180,4,49,3
2026-03-31,Lake Worth,P0173,6,61,1
2026-05-31,Dania Beach,P0266,4,101,1
2025-12-31,Lake Worth,P0105,3,39,3
2025-09-30,Dania Beach,P0091,12,67,2
2026-01-31,Dania Beach,P0184,2,20,2
2026-02-28,Dania Beach,P0066,2,22,2
2025-09-30,Oakland Park,P0201,1,39,3
2026-02-28,Dania Beach,P0095,9,12,2
2026-04-30,Lake Worth,P0220,1,48,2
2025-07-31,Lake Worth,P0182,0,66,3
2025-08-31,Oakland Park,P0050,13,313,1
2025-11-30,Dania Beach,P0009,4,110,3
2025-07-31,Lake Worth,P0200,1,254,2
2025-08-31,Lake Worth,P0289,3,30,2
2025-09-30,Oakland Park,P0027,6,73,2
2026-01-31,Lake Worth,P0001,0,35,3
2025-10-31,Lake Worth,P0122,11,247,2
2025-08-31,Oakland Park,P0056,5,24,2
2025-11-30,Oakland Park,P0169,1,50,3
2026-05-31,Oakland Park,P0046,0,72,2
2025-11-30,Lake Worth,P0206,1,73,2
2025-10-31,Lake Worth,P0057,2,60,3
2025-11-30,Lake Worth,P0296,1,12,1
2026-01-31,Dania Beach,P0027,5,33,3
2025-09-30,Dania Beach,P0094,2,34,2
2025-07-31,Oakland Park,P0168,1,62,2
2026-06-30,Lake Worth,P0289,2,13,3
2026-03-31,Oakland Park,P0020,9,61,3
2025-11-30,Lake Worth,P0247,3,46,3
2026-06-30,Lake Worth,P0157,15,70,2
2025-09-30,Lake Worth,P0137,6,164,2
2025-08-31,Dania Beach,P0288,10,12,2
2026-04-30,Lake Worth,P0149,2,294,2
2026-04-30,Lake Worth,P0165,3,49,2
2025-11-30,Oakland Park,P0102,7,59,2
2025-10-31,Dania Beach,P0255,3,71,2
2025-09-30,Dania Beach,P0038,0,41,3
2026-05-31,Dania Beach,P0254,0,8,2
2026-04-30,Oakland Park,P0188,7,80,3
2025-12-31,Dania Beach,P0170,0,0,2
2025-08-31,Oakland Park,P0250,44,111,2
2025-11-30,Lake Worth,P0101,0,51,2
2026-05-31,Lake Worth,P0011,2,38,2
2025-12-31,Oakland Park,P0049,2,52,2
2025-10-31,Oakland Park,P0026,0,26,2
2025-08-31,Dania Beach,P0292,2,5,3
2026-02-28,Dania Beach,P0009,2,48,3
2025-09-30,Dania Beach,P0290,0,63,2
2026-03-31,Lake Worth,P0221,1,54,1
2026-03-31,Dania Beach,P0207,2,59,3
2026-05-31,Lake Worth,P0025,3,21,1
2026-06-30,Dania Beach,P0016,4,65,2
2026-05-31,Lake Worth,P0089,0,67,2
2025-12-31,Dania Beach,P0191,1,128,3
2026-04-30,Oakland Park,P0218,0,13,2
2025-07-31,Lake Worth,P0154,1,27,3
2025-11-30,Dania Beach,P0300,5,23,3
2026-04-30,Lake Worth,P0132,6,65,2
2025-08-31,Lake Worth,P0229,68,39,2
2025-10-31,Dania Beach,P0181,30,19,1
2025-10-31,Oakland Park,P0161,5,18,2
2026-06-30,Oakland Park,P0291,0,16,2
2026-03-31,Dania Beach,P0188,0,0,2
2025-11-30,Oakland Park,P0127,4,70,3
2026-05-31,Lake Worth,P0223,2,31,1
2026-03-31,Dania Beach,P0199,2,66,2
2025-08-31,Lake Worth,P0250,49,8,2
2026-05-31,Lake Worth,P0195,4,47,1
2026-02-28,Lake Worth,P0273,1,29,2
2026-05-31,Lake Worth,P0180,4,270,3
2026-04-30,Oakland Park,P0131,5,68,2
2025-07-31,Oakland Park,P0220,0,6,2
2025-11-30,Dania Beach,P0070,2,7,2
2026-06-30,Dania Beach,P0263,0,0,2
2025-07-31,Dania Beach,P0108,3,39,2
2025-11-30,Oakland Park,P0252,0,29,2
2025-12-31,Oakland Park,P0184,6,49,1
2025-08-31,Lake Worth,P0123,23,17,2
2026-03-31,Dania Beach,P0142,1,39,2
2026-01-31,Dania Beach,P0254,3,52,1
2025-11-30,Lake Worth,P0147,7,66,3
2025-11-30,Oakland Park,P0057,2,32,1
2026-02-28,Lake Worth,P0230,3,11,2
2026-04-30,Lake Worth,P0237,3,47,2
2026-05-31,Lake Worth,P0265,7,50,2
2025-10-31,Lake Worth,P0244,5,5,2
2025-07-31,Lake Worth,P0152,5,63,2
2026-01-31,Lake Worth,P0072,5,67,2
2025-12-31,Oakland Park,P0037,7,23,3
2026-02-28,Lake Worth,P0006,11,273,2
2025-07-31,Oakland Park,P0292,0,21,3
2026-03-31,Dania Beach,P0296,0,56,2
2025-11-30,Lake Worth,P0151,2,59,3
2026-03-31,Dania Beach,P0211,4,216,1
2026-05-31,Lake Worth,P0199,0,68,2
2026-06-30,Lake Worth,P0034,5,37,2
2026-02-28,Lake Worth,P0028,67,59,1
2025-10-31,Dania Beach,P0256,0,46,2
2025-08-31,Dania Beach,P0153,3,73,1
2026-01-31,Dania Beach,P0150,5,70,3
2025-07-31,Oakland Park,P0110,0,74,1
2025-11-30,Dania Beach,P0045,20,52,1
2026-03-31,Dania Beach,P0267,5,36,1
2026-02-28,Oakland Park,P0294,10,22,1
2025-11-30,Oakland Park,P0240,4,48,2
2025-07-31,Oakland Park,P0208,0,21,1
2025-10-31,Oakland Park,P0031,2,151,1
2025-10-31,Dania Beach,P0205,0,0,1
2025-07-31,Oakland Park,P0115,12,264,2
2025-12-31,Oakland Park,P0021,2,5,2
2026-02-28,Lake Worth,P0194,3,283,2
2026-02-28,Dania Beach,P0068,16,128,3
2026-03-31,Dania Beach,P0192,7,305,2
2025-07-31,Oakland Park,P0076,3,26,3
2026-02-28,Lake Worth,P0093,3,56,2
2026-02-28,Oakland Park,P0049,0,24,2
2026-06-30,Lake Worth,P0131,1,47,3
2026-06-30,Oakland Park,P0084,0,69,2
2026-06-30,Lake Worth,P0185,3,20,1
2025-07-31,Oakland Park,P0287,0,67,2
2026-04-30,Dania Beach,P0074,2,30,3
2025-09-30,Dania Beach,P0191,1,53,3
2026-05-31,Dania Beach,P0090,6,26,3
2026-06-30,Oakland Park,P0151,11,71,2
2026-05-31,Lake Worth,P0096,0,5,1
2026-06-30,Oakland Park,P0258,158,6,1
2026-05-31,Dania Beach,P0286,7,209,1
2026-01-31,Dania Beach,P0004,10,19,2
2026-06-30,Oakland Park,P0072,2,16,2
2025-07-31,Lake Worth,P0285,3,8,1
2026-04-30,Dania Beach,P0003,2,135,2
2026-01-31,Oakland Park,P0022,9,68,3
2025-11-30,Oakland Park,P0013,2,10,2
2025-10-31,Oakland Park,P0297,2,45,2
2026-03-31,Dania Beach,P0277,1,18,3
2025-08-31,Lake Worth,P0075,3,190,2
2025-07-31,Dania Beach,P0275,2,14,1
2025-11-30,Oakland Park,P0184,2,19,1
2026-05-31,Oakland Park,P0025,0,47,3
2025-07-31,Oakland Park,P0042,20,65,1
2025-08-31,Oakland Park,P0162,3,58,2
2026-02-28,Lake Worth,P0162,6,52,2
2026-05-31,Dania Beach,P0052,2,20,2
2025-12-31,Dania Beach,P0238,2,17,2
2025-11-30,Dania Beach,P0048,2,10,3
2026-03-31,Oakland Park,P0195,5,46,2
2026-03-31,Oakland Park,P0249,5,17,3
2026-02-28,Dania Beach,P0285,4,44,3
2026-01-31,Lake Worth,P0038,0,44,2
2025-07-31,Lake Worth,P0198,4,72,2
2026-06-30,Oakland Park,P0056,1,64,3
2025-10-31,Lake Worth,P0287,4,239,2
2025-07-31,Dania Beach,P0217,2,152,1
2025-10-31,Dania Beach,P0238,4,202,1
2026-04-30,Oakland Park,P0300,1,25,1
2026-02-28,Oakland Park,P0202,2,308,3
2025-11-30,Oakland Park,P0227,5,19,3
2026-01-31,Oakland Park,P0017,3,10,3
2026-02-28,Lake Worth,P0065,2,25,3
2026-05-31,Lake Worth,P0133,4,43,1
2026-03-31,Lake Worth,P0168,3,27,2
2026-04-30,Dania Beach,P0161,7,60,1
2026-03-31,Oakland Park,P0158,2,65,3
2026-03-31,Lake Worth,P0092,3,35,1
2025-10-31,Dania Beach,P0051,2,21,2
2025-10-31,Oakland Park,P0251,7,59,2
2026-02-28,Dania Beach,P0233,14,6,3
2025-10-31,Oakland Park,P0041,9,161,3
2025-08-31,Lake Worth,P0079,12,122,2
2026-05-31,Lake Worth,P0149,1,64,2
2026-02-28,Oakland Park,P0079,7,258,2
2026-03-31,Lake Worth,P0135,4,59,2
2025-09-30,Oakland Park,P0221,0,13,1
2025-08-31,Lake Worth,P0119,1,20,1
2025-11-30,Dania Beach,P0289,0,29,1
2025-10-31,Oakland Park,P0104,8,28,2
2026-04-30,Dania Beach,P0285,1,60,2
2025-10-31,Dania Beach,P0121,6,35,2
2026-02-28,Oakland Park,P0204,3,56,2
2025-09-30,Dania Beach,P0235,0,6,1
2026-05-31,Dania Beach,P0105,3,73,1
2025-07-31,Lake Worth,P0054,3,11,3
2025-07-31,Oakland Park,P0295,2,296,3
2025-11-30,Dania Beach,P0252,0,10,2
2025-07-31,Oakland Park,P0227,7,63,3
2026-06-30,Lake Worth,P0209,14,313,1
2026-06-30,Lake Worth,P0262,0,19,3
2025-09-30,Oakland Park,P0260,0,67,3
2026-04-30,Oakland Park,P0081,3,254,3
2026-04-30,Lake Worth,P0138,27,209,2
2025-08-31,Oakland Park,P0171,7,157,1
2026-04-30,Oakland Park,P0139,2,52,2
2026-02-28,Oakland Park,P0150,4,40,2
2026-02-28,Dania Beach,P0218,0,36,2
2025-07-31,Dania Beach,P0034,4,44,2
2026-05-31,Dania Beach,P0168,2,12,2
2025-07-31,Oakland Park,P0203,0,66,2
2026-02-28,Dania Beach,P0267,2,121,2
2025-12-31,Oakland Park,P0187,5,47,2
2025-10-31,Oakland Park,P0242,4,17,3
2026-02-28,Oakland Park,P0264,12,119,2
2026-03-31,Oakland Park,P0223,1,61,2
2025-08-31,Dania Beach,P0113,8,275,2
2025-11-30,Lake Worth,P0272,4,39,2
2026-03-31,Lake Worth,P0012,2,53,1
2025-07-31,Dania Beach,P0093,6,33,2
2026-02-28,Lake Worth,P0034,7,72,1
2025-11-30,Lake Worth,P0067,0,66,1
2025-12-31,Lake Worth,P0208,2,13,1
2026-02-28,Dania Beach,P0237,1,31,2
2026-05-31,Lake Worth,P0006,6,96,3
2026-01-31,Dania Beach,P0030,3,258,1
2026-02-28,Oakland Park,P0223,1,32,2
2026-06-30,Lake Worth,P0215,3,21,2
2026-01-31,Oakland Park,P0176,1,31,2
2026-03-31,Lake Worth,P0292,0,67,3
2026-05-31,Dania Beach,P0164,2,62,2
2025-12-31,Lake Worth,P0162,3,19,2
2026-03-31,Oakland Park,P0002,0,69,2
2025-09-30,Oakland Park,P0147,8,11,2
2025-07-31,Lake Worth,P0018,4,92,3
2026-04-30,Oakland Park,P0011,0,43,1
2026-03-31,Dania Beach,P0106,0,18,2
2026-06-30,Oakland Park,P0112,21,201,3
2026-01-31,Dania Beach,P0239,5,311,3
2025-12-31,Oakland Park,P0175,2,5,3
2026-03-31,Dania Beach,P0112,17,131,2
2025-10-31,Dania Beach,P0241,1,58,1
2026-01-31,Dania Beach,P0214,1,68,2
2026-04-30,Lake Worth,P0210,4,146,3
2025-12-31,Oakland Park,P0174,0,37,2
2025-07-31,Dania Beach,P0243,1,74,3
2026-03-31,Dania Beach,P0084,3,43,1
2025-08-31,Lake Worth,P0025,4,188,2
2026-06-30,Dania Beach,P0090,6,26,3
2025-10-31,Lake Worth,P0279,6,72,1
2026-04-30,Lake Worth,P0051,3,73,2
2025-07-31,Dania Beach,P0215,3,43,1
2025-08-31,Dania Beach,P0005,1,40,3
2025-08-31,Dania Beach,P0254,0,15,3
2025-11-30,Dania Beach,P0188,0,0,2
2025-07-31,Lake Worth,P0102,6,29,2
2025-08-31,Lake Worth,P0197,0,33,3
2026-05-31,Oakland Park,P0122,13,124,2
2025-09-30,Dania Beach,P0028,61,255,2
2025-07-31,Oakland Park,P0068,7,13,3
2026-04-30,Lake Worth,P0065,3,34,2
2026-05-31,Lake Worth,P0169,3,49,2
2025-09-30,Lake Worth,P0088,3,59,1
2026-06-30,Lake Worth,P0071,9,56,1
2025-12-31,Dania Beach,P0126,5,44,2
2026-04-30,Lake Worth,P0214,3,7,1
2025-07-31,Lake Worth,P0170,6,60,3
2025-11-30,Oakland Park,P0085,3,14,3
2026-01-31,Lake Worth,P0292,1,74,2
2026-02-28,Oakland Park,P0231,6,59,1
2026-03-31,Oakland Park,P0218,0,49,1
2025-11-30,Oakland Park,P0147,2,316,3
2025-09-30,Lake Worth,P0027,2,73,3
2025-11-30,Lake Worth,P0124,5,19,2
2026-03-31,Lake Worth,P0063,4,37,2
2026-01-31,Lake Worth,P0192,3,22,2
2025-07-31,Lake Worth,P0250,44,44,3
2026-03-31,Oakland Park,P0083,0,68,2
2025-11-30,Oakland Park,P0166,3,8,2
2025-08-31,Dania Beach,P0213,1,73,1
2025-07-31,Dania Beach,P0085,4,213,1
2025-09-30,Dania Beach,P0052,4,68,2
2026-02-28,Oakland Park,P0104,9,15,1
2025-09-30,Dania Beach,P0185,1,74,3
2026-04-30,Lake Worth,P0062,0,29,3
2026-06-30,Dania Beach,P0185,0,52,2
2025-08-31,Dania Beach,P0117,0,10,2
2025-07-31,Lake Worth,P0033,8,58,2
2026-01-31,Dania Beach,P0135,2,7,1
2025-10-31,Lake Worth,P0056,3,35,1
2025-10-31,Oakland Park,P0016,2,26,1
2025-12-31,Lake Worth,P0233,13,56,2
2025-11-30,Dania Beach,P0096,0,74,2
2026-03-31,Dania Beach,P0298,15,47,2
2026-02-28,Oakland Park,P0027,5,35,2
2025-08-31,Lake Worth,P0068,11,259,1
2026-06-30,Oakland Park,P0188,14,147,1
2026-05-31,Oakland Park,P0246,3,68,3
2025-07-31,Oakland Park,P0193,2,18,3
2025-07-31,Lake Worth,P0100,16,284,1
2026-04-30,Lake Worth,P0093,8,69,2
2025-08-31,Oakland Park,P0168,2,165,2
2025-11-30,Dania Beach,P0284,0,0,1
2025-09-30,Oakland Park,P0225,14,21,3
2025-12-31,Oakland Park,P0198,8,171,2
2026-06-30,Dania Beach,P0121,7,20,1
2026-06-30,Oakland Park,P0180,0,16,2
2026-05-31,Dania Beach,P0259,4,69,2
2025-08-31,Oakland Park,P0143,1,14,3
2025-07-31,Dania Beach,P0054,5,70,2
2025-07-31,Lake Worth,P0086,0,51,1
2025-08-31,Lake Worth,P0083,3,24,2
2025-10-31,Dania Beach,P0203,3,10,3
2026-05-31,Dania Beach,P0060,8,53,1
2026-02-28,Oakland Park,P0209,14,58,1
2025-10-31,Dania Beach,P0158,1,108,1
2026-01-31,Lake Worth,P0116,10,24,2
2026-04-30,Dania Beach,P0231,9,231,2
2026-03-31,Dania Beach,P0063,4,70,2
2025-11-30,Lake Worth,P0065,4,21,2
2025-09-30,Lake Worth,P0235,0,71,2
2025-10-31,Dania Beach,P0142,0,18,2
2026-04-30,Dania Beach,P0049,0,54,1
2026-06-30,Oakland Park,P0254,0,15,3
2026-05-31,Oakland Park,P0072,5,72,1
2025-11-30,Oakland Park,P0099,25,9,2
2025-10-31,Dania Beach,P0014,0,9,1
2025-12-31,Dania Beach,P0063,9,74,2
2026-02-28,Lake Worth,P0149,1,103,2
2026-01-31,Lake Worth,P0271,1,21,1
2026-01-31,Oakland Park,P0148,1,30,2
2025-10-31,Dania Beach,P0261,3,34,3
2025-07-31,Dania Beach,P0221,0,40,1
2026-02-28,Dania Beach,P0034,5,35,2
2026-04-30,Oakland Park,P0229,64,59,2
2026-01-31,Oakland Park,P0090,5,48,3
2025-11-30,Lake Worth,P0203,1,47,3
2025-07-31,Lake Worth,P0065,1,67,2
2025-10-31,Lake Worth,P0079,8,190,3
2026-05-31,Dania Beach,P0004,11,6,1
2025-08-31,Dania Beach,P0015,0,57,2
2025-09-30,Dania Beach,P0268,5,43,1
2025-08-31,Dania Beach,P0150,6,23,2
2025-10-31,Oakland Park,P0225,17,47,2
2025-08-31,Dania Beach,P0120,30,16,2
2025-11-30,Dania Beach,P0297,6,48,1
2026-05-31,Dania Beach,P0136,2,56,2
2026-02-28,Oakland Park,P0167,0,62,2
2026-01-31,Oakland Park,P0245,7,56,1
2026-05-31,Dania Beach,P0194,0,36,1
2026-01-31,Lake Worth,P0124,3,28,3
2026-04-30,Dania Beach,P0142,0,35,2
2026-01-31,Lake Worth,P0218,2,28,3
2025-12-31,Oakland Park,P0212,2,29,2
2026-05-31,Lake Worth,P0061,4,57,2
2025-09-30,Oakland Park,P0026,1,45,2
2026-03-31,Dania Beach,P0161,4,198,2
2025-09-30,Oakland Park,P0118,0,27,1
2026-05-31,Dania Beach,P0225,14,66,2
2025-09-30,Lake Worth,P0019,1,72,1
2026-03-31,Dania Beach,P0282,3,57,2
2025-08-31,Oakland Park,P0199,1,14,2
2026-06-30,Dania Beach,P0195,3,36,2
2026-05-31,Oakland Park,P0035,6,149,2
2026-05-31,Oakland Park,P0148,1,42,2
2025-07-31,Dania Beach,P0073,0,0,3
2025-09-30,Oakland Park,P0204,0,74,3
2025-12-31,Lake Worth,P0166,2,49,2
2026-05-31,Lake Worth,P0110,3,70,3
2026-05-31,Oakland Park,P0232,15,9,3
2026-05-31,Oakland Park,P0020,7,303,2
2026-01-31,Lake Worth,P0125,7,274,1
2026-06-30,Dania Beach,P0020,4,229,2
2026-06-30,Lake Worth,P0284,6,16,1
2025-07-31,Dania Beach,P0237,0,21,2
2025-11-30,Dania Beach,P0092,3,69,3
2026-05-31,Dania Beach,P0173,7,34,3
2025-07-31,Lake Worth,P0197,1,43,2
2025-10-31,Oakland Park,P0090,7,153,2
2026-02-28,Dania Beach,P0250,45,65,2
2026-02-28,Lake Worth,P0057,5,129,1
2026-01-31,Lake Worth,P0086,1,41,2
2025-09-30,Dania Beach,P0272,3,13,1
2025-12-31,Oakland Park,P0293,3,107,2
2026-05-31,Lake Worth,P0067,4,72,2
2026-05-31,Lake Worth,P0253,14,6,3
2025-11-30,Dania Beach,P0027,7,59,2
2026-03-31,Dania Beach,P0264,0,0,2
2026-03-31,Lake Worth,P0034,4,59,3
2025-09-30,Dania Beach,P0096,4,255,2
2025-09-30,Dania Beach,P0212,0,33,3
2026-06-30,Dania Beach,P0208,3,38,2
2026-05-31,Dania Beach,P0132,5,226,1
2025-10-31,Oakland Park,P0121,5,23,3
2026-02-28,Dania Beach,P0216,0,15,2
2025-11-30,Dania Beach,P0057,3,24,2
2025-11-30,Lake Worth,P0195,4,14,2
2026-05-31,Oakland Park,P0084,6,45,1
2026-02-28,Oakland Park,P0063,8,71,3
2026-02-28,Dania Beach,P0054,3,7,2
2025-10-31,Dania Beach,P0287,0,51,1
2026-04-30,Dania Beach,P0127,3,311,2
2026-02-28,Lake Worth,P0148,1,203,2
2026-05-31,Lake Worth,P0229,68,36,3
2025-07-31,Dania Beach,P0230,0,8,3
2026-02-28,Lake Worth,P0004,7,24,1
2025-10-31,Oakland Park,P0265,7,58,1
2026-02-28,Lake Worth,P0096,1,28,2
2025-07-31,Dania Beach,P0050,15,48,1
2026-01-31,Oakland Park,P0084,3,43,1
2026-03-31,Oakland Park,P0085,1,33,3
2025-07-31,Dania Beach,P0074,2,6,2
2026-06-30,Dania Beach,P0039,6,119,2
2025-08-31,Oakland Park,P0261,3,31,1
2025-07-31,Dania Beach,P0092,3,248,1
2026-04-30,Dania Beach,P0026,1,5,2
2025-11-30,Dania Beach,P0287,0,43,1
2025-12-31,Dania Beach,P0078,5,64,1
2026-02-28,Oakland Park,P0070,2,292,1
2025-10-31,Lake Worth,P0282,3,54,2
2025-09-30,Oakland Park,P0183,3,61,2
2026-03-31,Lake Worth,P0062,5,41,2
2025-12-31,Lake Worth,P0202,5,292,2
2026-06-30,Lake Worth,P0122,6,49,2
2025-09-30,Oakland Park,P0251,6,45,2
2025-09-30,Lake Worth,P0186,5,75,3
2025-10-31,Oakland Park,P0072,2,47,2
2026-01-31,Oakland Park,P0012,2,136,1
2026-04-30,Dania Beach,P0187,0,17,3
2026-05-31,Dania Beach,P0076,4,247,3
2025-10-31,Dania Beach,P0161,4,20,2
2025-07-31,Oakland Park,P0107,11,291,2
2025-07-31,Dania Beach,P0002,0,19,1
2026-05-31,Lake Worth,P0145,13,13,3
2026-04-30,Lake Worth,P0197,2,27,3
2025-09-30,Lake Worth,P0264,13,46,3
2026-05-31,Dania Beach,P0006,10,28,2
2026-05-31,Lake Worth,P0158,6,45,3
2026-06-30,Oakland Park,P0233,15,40,3
2025-10-31,Lake Worth,P0045,24,48,2
2026-01-31,Lake Worth,P0235,0,60,2
2025-11-30,Dania Beach,P0169,3,73,1
2026-03-31,Oakland Park,P0246,2,64,1
2026-01-31,Oakland Park,P0237,5,71,2
2025-08-31,Lake Worth,P0255,1,36,2
2026-06-30,Oakland Park,P0257,0,27,3
2025-09-30,Oakland Park,P0065,3,73,1
2025-09-30,Dania Beach,P0120,30,44,2
2025-10-31,Lake Worth,P0225,14,22,2
2026-03-31,Dania Beach,P0297,5,130,3
2025-11-30,Dania Beach,P0167,0,49,1
2025-07-31,Lake Worth,P0016,4,63,2
2026-04-30,Dania Beach,P0288,6,42,3
2026-05-31,Oakland Park,P0243,2,123,3
2025-07-31,Dania Beach,P0028,65,51,2
2026-02-28,Dania Beach,P0154,0,0,3
2025-10-31,Dania Beach,P0069,19,59,2
2025-09-30,Dania Beach,P0055,0,35,3
2026-03-31,Oakland Park,P0234,7,67,1
2026-06-30,Dania Beach,P0175,5,26,1
2025-08-31,Oakland Park,P0111,2,138,1
2025-11-30,Lake Worth,P0229,64,73,2
2026-05-31,Lake Worth,P0020,2,28,3
2025-12-31,Lake Worth,P0039,5,60,2
2025-11-30,Lake Worth,P0142,0,66,1
2026-02-28,Dania Beach,P0057,6,38,2
2026-06-30,Lake Worth,P0161,7,19,2
2025-11-30,Oakland Park,P0153,2,5,3
2025-10-31,Lake Worth,P0189,4,71,1
2026-02-28,Dania Beach,P0029,6,33,1
2026-03-31,Dania Beach,P0118,4,72,1
2025-09-30,Dania Beach,P0230,2,172,2
2025-11-30,Lake Worth,P0054,2,72,3
2025-11-30,Oakland Park,P0280,0,52,2
2025-08-31,Oakland Park,P0088,1,233,3
2026-02-28,Lake Worth,P0257,3,74,3
2025-08-31,Oakland Park,P0177,2,39,2
2025-08-31,Dania Beach,P0209,16,50,1
2026-05-31,Lake Worth,P0204,2,6,2
2026-04-30,Lake Worth,P0276,0,60,2
2026-02-28,Dania Beach,P0225,16,21,2
2025-10-31,Oakland Park,P0182,4,20,3
2025-09-30,Dania Beach,P0175,6,58,2
2025-12-31,Oakland Park,P0262,0,34,2
2026-01-31,Oakland Park,P0166,0,42,3
2025-12-31,Oakland Park,P0118,4,25,2
2026-06-30,Dania Beach,P0042,19,25,3
2026-04-30,Oakland Park,P0156,14,198,3
2025-12-31,Dania Beach,P0061,1,275,3
2026-04-30,Oakland Park,P0254,1,58,3
2025-11-30,Dania Beach,P0050,12,49,2
2025-12-31,Oakland Park,P0197,2,34,3
2026-03-31,Oakland Park,P0057,3,6,2
2025-08-31,Dania Beach,P0078,3,45,3
2026-06-30,Oakland Park,P0228,3,16,3
2026-01-31,Lake Worth,P0280,0,50,1
2025-12-31,Dania Beach,P0004,10,73,2
2026-06-30,Oakland Park,P0107,9,115,3
2026-04-30,Oakland Park,P0136,2,73,2
2025-07-31,Dania Beach,P0290,4,91,1
2025-12-31,Dania Beach,P0161,7,48,1
2026-05-31,Lake Worth,P0132,8,17,2
2025-11-30,Oakland Park,P0271,9,89,1
2026-06-30,Oakland Park,P0256,3,39,2
2026-04-30,Dania Beach,P0295,0,13,2
2025-08-31,Lake Worth,P0240,7,234,2
2026-03-31,Dania Beach,P0253,18,47,1
2025-08-31,Oakland Park,P0283,11,41,3
2025-09-30,Dania Beach,P0082,2,173,3
2026-06-30,Oakland Park,P0073,11,133,3
2025-11-30,Dania Beach,P0229,64,223,2
2025-07-31,Lake Worth,P0156,5,38,2
2025-10-31,Lake Worth,P0255,3,64,2
2026-05-31,Oakland Park,P0028,64,34,3
2026-05-31,Oakland Park,P0220,3,22,1
2026-03-31,Lake Worth,P0183,0,31,2
2025-09-30,Lake Worth,P0163,1,20,2
2025-08-31,Dania Beach,P0077,9,51,2
2025-12-31,Oakland Park,P0117,2,15,3
2026-03-31,Oakland Park,P0231,6,28,3
2026-01-31,Dania Beach,P0097,1,54,2
2026-02-28,Lake Worth,P0090,7,47,2
2025-10-31,Dania Beach,P0062,2,105,3
2026-04-30,Oakland Park,P0090,2,44,2
2026-03-31,Oakland Park,P0188,14,108,1
2025-07-31,Oakland Park,P0053,3,290,3
2025-08-31,Dania Beach,P0073,0,0,2
2026-05-31,Dania Beach,P0005,3,307,1
2025-08-31,Oakland Park,P0294,7,286,1
2026-06-30,Lake Worth,P0052,0,49,2
2026-01-31,Lake Worth,P0070,0,48,2
2025-11-30,Oakland Park,P0078,2,43,2
2026-04-30,Dania Beach,P0289,2,259,2
2026-04-30,Lake Worth,P0072,2,42,3
2026-04-30,Oakland Park,P0225,15,60,1
2025-12-31,Oakland Park,P0075,5,50,1
2025-10-31,Dania Beach,P0192,3,48,1
2025-07-31,Dania Beach,P0195,2,46,2
2026-02-28,Oakland Park,P0114,2,39,1
2026-05-31,Oakland Park,P0216,3,63,1
2025-11-30,Dania Beach,P0160,4,40,2
2025-12-31,Dania Beach,P0182,4,23,3
2026-01-31,Oakland Park,P0003,2,267,1
2025-11-30,Dania Beach,P0091,12,26,3
2026-06-30,Dania Beach,P0199,1,19,3
2026-03-31,Oakland Park,P0067,14,209,2
2026-04-30,Lake Worth,P0111,5,57,2
2025-08-31,Lake Worth,P0096,4,38,3
2025-07-31,Dania Beach,P0185,4,53,2
2025-10-31,Lake Worth,P0062,3,52,2
2026-03-31,Dania Beach,P0067,0,0,2
2026-03-31,Dania Beach,P0057,6,8,3
2025-11-30,Oakland Park,P0063,6,61,1
2025-12-31,Lake Worth,P0198,3,25,1
2025-12-31,Dania Beach,P0288,7,21,3
2026-05-31,Oakland Park,P0012,2,15,2
2026-04-30,Oakland Park,P0275,0,60,1
2026-03-31,Oakland Park,P0025,0,30,1
2025-09-30,Lake Worth,P0294,9,74,3
2026-01-31,Dania Beach,P0059,6,65,2
2026-02-28,Lake Worth,P0203,1,55,2
2025-12-31,Lake Worth,P0154,1,25,1
2025-12-31,Dania Beach,P0097,2,40,3
2025-10-31,Dania Beach,P0080,3,68,2
2025-09-30,Oakland Park,P0115,11,199,2
2026-02-28,Lake Worth,P0269,3,216,1
2025-10-31,Lake Worth,P0203,1,47,2
2025-12-31,Dania Beach,P0092,6,11,2
2026-06-30,Lake Worth,P0297,5,90,3
2025-11-30,Dania Beach,P0223,3,302,2
2025-11-30,Dania Beach,P0215,2,60,1
2026-05-31,Lake Worth,P0023,4,23,2
2026-02-28,Dania Beach,P0046,0,37,3
2026-06-30,Dania Beach,P0122,0,0,1
2026-03-31,Dania Beach,P0041,10,60,2
2026-04-30,Oakland Park,P0137,4,16,2
2025-12-31,Oakland Park,P0019,0,5,1
2025-11-30,Dania Beach,P0144,0,0,2
2025-10-31,Lake Worth,P0234,8,39,2
2026-02-28,Oakland Park,P0180,3,11,1
2025-07-31,Oakland Park,P0298,13,210,2
2026-03-31,Dania Beach,P0258,155,71,2
2026-02-28,Oakland Park,P0033,5,276,1
2026-02-28,Oakland Park,P0166,4,99,2
2026-06-30,Oakland Park,P0130,3,23,3
2026-03-31,Lake Worth,P0233,10,27,1
2025-08-31,Dania Beach,P0291,3,34,1
2026-02-28,Lake Worth,P0127,1,40,2
2026-04-30,Dania Beach,P0223,3,22,1
2025-09-30,Dania Beach,P0032,0,18,3
2026-06-30,Dania Beach,P0130,2,24,2
2026-06-30,Oakland Park,P0035,9,100,1
2025-12-31,Lake Worth,P0086,0,70,1
2025-08-31,Dania Beach,P0247,2,103,3
2025-08-31,Oakland Park,P0198,13,108,1
2025-12-31,Oakland Park,P0105,0,24,3
2025-11-30,Oakland Park,P0083,1,36,3
2026-04-30,Oakland Park,P0087,2,65,3
2026-01-31,Oakland Park,P0172,4,200,1
2025-08-31,Lake Worth,P0095,6,49,2
2026-01-31,Lake Worth,P0065,1,64,1
2026-06-30,Lake Worth,P0271,8,5,2
2026-05-31,Oakland Park,P0133,5,157,1
2025-12-31,Oakland Park,P0149,1,69,2
2026-02-28,Lake Worth,P0280,0,42,1
2025-10-31,Oakland Park,P0243,1,301,2
2026-04-30,Dania Beach,P0076,2,70,2
2025-11-30,Lake Worth,P0187,0,29,1
2025-08-31,Dania Beach,P0049,4,20,3
2026-04-30,Lake Worth,P0091,13,53,3
2025-07-31,Lake Worth,P0057,4,30,1
2026-03-31,Lake Worth,P0179,2,75,1
2026-06-30,Oakland Park,P0082,1,10,1
2026-01-31,Oakland Park,P0158,2,37,2
2025-09-30,Oakland Park,P0055,3,71,2
2026-04-30,Oakland Park,P0282,2,41,2
2025-08-31,Dania Beach,P0052,0,23,2
2025-11-30,Lake Worth,P0231,3,70,2
2026-05-31,Oakland Park,P0164,1,19,2
2026-03-31,Oakland Park,P0043,4,38,2
2026-04-30,Oakland Park,P0099,25,226,1
2025-08-31,Oakland Park,P0023,5,42,2
2025-09-30,Lake Worth,P0029,1,25,3
2025-07-31,Dania Beach,P0291,1,73,2
2025-11-30,Lake Worth,P0056,4,41,1
2026-06-30,Oakland Park,P0267,4,12,1
2026-03-31,Dania Beach,P0047,4,15,3
2026-03-31,Lake Worth,P0299,0,45,2
2026-02-28,Lake Worth,P0242,3,261,2
2026-03-31,Oakland Park,P0221,4,61,3
2026-06-30,Dania Beach,P0296,2,71,1
2026-02-28,Oakland Park,P0185,6,57,2
2025-11-30,Lake Worth,P0037,6,7,3
2025-07-31,Dania Beach,P0134,9,73,2
2026-06-30,Oakland Park,P0263,13,148,3
2026-03-31,Lake Worth,P0228,3,43,1
2025-09-30,Dania Beach,P0286,10,285,3
2026-02-28,Lake Worth,P0109,7,43,2
2026-01-31,Oakland Park,P0138,28,25,2
2025-10-31,Lake Worth,P0216,0,71,2
2026-03-31,Lake Worth,P0285,3,65,3
2025-11-30,Dania Beach,P0221,1,7,3
2026-01-31,Dania Beach,P0151,0,0,1
2025-10-31,Oakland Park,P0011,0,58,2
2025-07-31,Lake Worth,P0129,1,28,2
2025-12-31,Dania Beach,P0108,8,70,2
2025-10-31,Lake Worth,P0009,6,91,1
2025-09-30,Dania Beach,P0050,11,35,3
2025-07-31,Lake Worth,P0029,2,201,1
2025-09-30,Oakland Park,P0053,2,54,2
2025-10-31,Oakland Park,P0039,6,20,2
2025-08-31,Dania Beach,P0240,2,65,3
2025-12-31,Oakland Park,P0135,2,70,2
2025-12-31,Dania Beach,P0147,7,303,3
2026-05-31,Dania Beach,P0141,23,220,2
2026-03-31,Oakland Park,P0059,1,69,1
2026-01-31,Oakland Park,P0297,4,25,2
2025-10-31,Dania Beach,P0072,2,37,2
2025-07-31,Oakland Park,P0028,61,50,2
2025-09-30,Dania Beach,P0020,6,41,1
2026-03-31,Dania Beach,P0255,1,25,2
2026-05-31,Lake Worth,P0243,1,136,2
2025-07-31,Oakland Park,P0143,2,60,3
2026-03-31,Dania Beach,P0085,3,21,2
2025-11-30,Lake Worth,P0110,2,35,3
2026-01-31,Oakland Park,P0040,3,57,3
2025-08-31,Oakland Park,P0151,9,196,2
2025-12-31,Dania Beach,P0298,16,32,1
2026-03-31,Oakland Park,P0101,0,75,3
2025-09-30,Lake Worth,P0157,13,69,1
2026-06-30,Lake Worth,P0278,1,57,1
2025-10-31,Lake Worth,P0224,2,143,2
2025-08-31,Lake Worth,P0043,0,20,2
2026-01-31,Dania Beach,P0066,2,61,2
2026-01-31,Lake Worth,P0183,0,69,3
2026-06-30,Dania Beach,P0044,0,13,1
2026-06-30,Oakland Park,P0278,4,41,2
2025-12-31,Lake Worth,P0116,12,265,1
2026-06-30,Lake Worth,P0103,0,21,2
2025-11-30,Dania Beach,P0041,10,14,2
2025-09-30,Lake Worth,P0253,12,305,2
2026-01-31,Oakland Park,P0241,2,54,1
2025-09-30,Lake Worth,P0121,7,145,1
2026-01-31,Oakland Park,P0030,1,138,2
2025-07-31,Oakland Park,P0221,0,33,3
2026-01-31,Lake Worth,P0046,2,22,2
2025-12-31,Lake Worth,P0137,7,63,2
2026-03-31,Oakland Park,P0102,9,49,3
2025-11-30,Dania Beach,P0122,0,0,2
2026-02-28,Dania Beach,P0023,4,238,2
2026-03-31,Lake Worth,P0146,1,21,2
2025-12-31,Oakland Park,P0292,0,28,2
2026-05-31,Lake Worth,P0002,0,22,1
2026-05-31,Dania Beach,P0295,2,12,2
2025-07-31,Oakland Park,P0161,4,26,2
2025-08-31,Oakland Park,P0125,6,50,1
2026-04-30,Oakland Park,P0133,6,276,1
2026-02-28,Oakland Park,P0010,14,90,1
2025-10-31,Lake Worth,P0121,9,71,2
2025-09-30,Dania Beach,P0196,13,29,2
2025-11-30,Lake Worth,P0215,4,65,3
2025-08-31,Lake Worth,P0221,1,317,2
2026-03-31,Dania Beach,P0074,0,65,1
2025-11-30,Lake Worth,P0156,1,26,3
2025-10-31,Oakland Park,P0166,0,6,2
2025-07-31,Dania Beach,P0163,3,39,1
2026-04-30,Lake Worth,P0105,6,22,3
2026-04-30,Lake Worth,P0142,0,75,3
2026-06-30,Lake Worth,P0261,1,59,3
2025-08-31,Dania Beach,P0048,3,39,2
2025-08-31,Lake Worth,P0284,4,24,1
2025-09-30,Lake Worth,P0284,4,139,3
2026-04-30,Dania Beach,P0186,2,118,1
2026-02-28,Oakland Park,P0284,9,75,3
2025-10-31,Dania Beach,P0229,67,48,2
2025-11-30,Lake Worth,P0149,2,67,3
2025-09-30,Dania Beach,P0105,4,58,3
2026-01-31,Lake Worth,P0008,7,67,2
2026-01-31,Lake Worth,P0002,0,57,2
2026-04-30,Oakland Park,P0143,2,40,2
2025-10-31,Lake Worth,P0134,12,176,2
2026-01-31,Oakland Park,P0253,16,38,1
2026-03-31,Lake Worth,P0123,30,301,2
2026-06-30,Oakland Park,P0253,15,31,1
2025-10-31,Oakland Park,P0202,3,32,2
2026-02-28,Dania Beach,P0097,0,53,2
2026-04-30,Dania Beach,P0009,5,15,2
2025-10-31,Oakland Park,P0159,4,69,1
2026-06-30,Oakland Park,P0284,8,90,3
2025-12-31,Lake Worth,P0012,0,66,1
2025-08-31,Lake Worth,P0247,5,44,1
2025-11-30,Dania Beach,P0260,0,26,2
2026-06-30,Lake Worth,P0140,5,26,3
2026-02-28,Oakland Park,P0093,6,41,1
2026-05-31,Dania Beach,P0086,3,24,2
2026-01-31,Oakland Park,P0135,1,48,1
2025-10-31,Dania Beach,P0168,4,62,1
2026-06-30,Dania Beach,P0224,4,9,2
2026-01-31,Dania Beach,P0098,5,73,3
2025-12-31,Dania Beach,P0046,1,45,2
2025-09-30,Dania Beach,P0076,3,312,1
2026-03-31,Dania Beach,P0058,12,24,2
2026-05-31,Lake Worth,P0093,7,74,1
2025-08-31,Dania Beach,P0075,0,45,1
2026-04-30,Oakland Park,P0086,1,31,1
2026-01-31,Oakland Park,P0290,2,50,2
2025-10-31,Dania Beach,P0269,0,13,3
2026-01-31,Oakland Park,P0200,0,66,1
2026-02-28,Lake Worth,P0183,1,13,2
2026-06-30,Oakland Park,P0275,3,111,3
2026-06-30,Lake Worth,P0041,10,23,1
2025-08-31,Lake Worth,P0167,4,137,3
2025-11-30,Oakland Park,P0187,2,181,1
2025-08-31,Oakland Park,P0256,1,35,2
2026-04-30,Dania Beach,P0114,0,34,2
2025-09-30,Oakland Park,P0063,3,26,3
2026-02-28,Dania Beach,P0055,4,250,2
2026-05-31,Lake Worth,P0050,11,40,2
2025-08-31,Oakland Park,P0170,14,99,2
2025-12-31,Dania Beach,P0005,0,33,2
2025-07-31,Lake Worth,P0294,5,6,2
2025-09-30,Lake Worth,P0112,19,27,1
2025-07-31,Oakland Park,P0207,6,33,2
2026-04-30,Oakland Park,P0246,4,6,2
2026-06-30,Dania Beach,P0084,3,36,2
2025-07-31,Oakland Park,P0109,8,63,2
2026-06-30,Dania Beach,P0156,0,0,3
2025-11-30,Oakland Park,P0243,3,270,1
2026-03-31,Oakland Park,P0240,7,313,2
2026-06-30,Dania Beach,P0114,0,71,1
2025-12-31,Lake Worth,P0168,1,39,2
2026-04-30,Oakland Park,P0102,9,48,2
2025-10-31,Lake Worth,P0154,1,70,2
2025-07-31,Dania Beach,P0213,1,49,3
2026-06-30,Dania Beach,P0101,3,69,2
2026-01-31,Dania Beach,P0279,7,201,3
2026-02-28,Oakland Park,P0068,11,61,1
2025-07-31,Oakland Park,P0199,3,69,3
2026-01-31,Dania Beach,P0146,1,71,2
2026-02-28,Oakland Park,P0296,3,47,3
2025-07-31,Lake Worth,P0134,7,37,3
2025-12-31,Oakland Park,P0202,5,72,2
2026-01-31,Dania Beach,P0182,2,6,2
2025-07-31,Oakland Park,P0290,0,71,2
2026-02-28,Dania Beach,P0075,3,209,2
2025-09-30,Lake Worth,P0044,0,62,1
2025-09-30,Oakland Park,P0187,5,18,3
2026-02-28,Oakland Park,P0138,28,37,2
2026-04-30,Oakland Park,P0114,0,41,2
2026-03-31,Dania Beach,P0036,0,0,2
2025-11-30,Dania Beach,P0182,3,167,2
2026-01-31,Dania Beach,P0244,2,117,2
2026-02-28,Lake Worth,P0084,1,47,1
2026-05-31,Dania Beach,P0196,15,5,1
2025-11-30,Oakland Park,P0058,9,31,1
2026-01-31,Oakland Park,P0184,0,58,3
2026-02-28,Lake Worth,P0117,2,236,3
2025-11-30,Dania Beach,P0137,4,67,2
2026-04-30,Lake Worth,P0248,0,44,2
2025-08-31,Dania Beach,P0266,6,47,3
2025-09-30,Oakland Park,P0295,0,50,3
2025-07-31,Lake Worth,P0210,2,54,2
2026-03-31,Lake Worth,P0151,1,294,2
2025-10-31,Lake Worth,P0001,0,15,1
2026-01-31,Dania Beach,P0068,11,41,2
2025-07-31,Oakland Park,P0167,0,19,2
2026-01-31,Oakland Park,P0139,0,13,2
2026-06-30,Lake Worth,P0156,0,53,3
2026-02-28,Oakland Park,P0226,1,22,2
2026-04-30,Oakland Park,P0263,8,86,3
2026-02-28,Lake Worth,P0279,5,18,1
2025-07-31,Oakland Park,P0253,17,9,1
2026-03-31,Dania Beach,P0181,30,63,2
2026-05-31,Lake Worth,P0209,16,67,2
2026-02-28,Oakland Park,P0086,0,41,2
2025-11-30,Lake Worth,P0167,0,24,3
2026-04-30,Oakland Park,P0019,0,46,3
2026-06-30,Lake Worth,P0285,3,42,2
2026-05-31,Oakland Park,P0197,0,60,1
2026-03-31,Lake Worth,P0144,1,34,1
2026-03-31,Lake Worth,P0208,0,64,3
2025-08-31,Oakland Park,P0234,6,56,1
2025-10-31,Lake Worth,P0288,8,38,3
2025-08-31,Lake Worth,P0006,10,281,2
2025-10-31,Dania Beach,P0276,0,27,2
2026-05-31,Oakland Park,P0075,3,22,1
2025-08-31,Oakland Park,P0093,6,50,3
2025-12-31,Lake Worth,P0287,5,54,2
2026-04-30,Dania Beach,P0292,0,66,2
2026-01-31,Lake Worth,P0205,10,162,3
2026-03-31,Dania Beach,P0174,0,40,2
2025-10-31,Dania Beach,P0074,6,159,2
2026-06-30,Lake Worth,P0015,0,29,1
2025-09-30,Dania Beach,P0238,5,177,2
2026-01-31,Dania Beach,P0015,5,46,2
2025-08-31,Lake Worth,P0044,0,52,3
2025-12-31,Dania Beach,P0167,4,238,3
2025-07-31,Lake Worth,P0242,2,9,2
2025-11-30,Dania Beach,P0115,0,0,2
2026-04-30,Oakland Park,P0038,0,60,2
2025-11-30,Oakland Park,P0090,5,23,3
2025-10-31,Lake Worth,P0114,0,71,2
2026-02-28,Oakland Park,P0255,1,28,3
2026-03-31,Lake Worth,P0232,15,44,2
2026-03-31,Oakland Park,P0094,4,21,2
2026-04-30,Lake Worth,P0228,0,45,3
2026-01-31,Oakland Park,P0235,0,23,2
2025-08-31,Lake Worth,P0169,5,68,2
2026-05-31,Oakland Park,P0204,5,50,2
2025-10-31,Dania Beach,P0232,15,51,1
2026-06-30,Dania Beach,P0027,6,9,1
2025-11-30,Oakland Park,P0140,8,148,1
2026-01-31,Lake Worth,P0244,8,169,1
2026-04-30,Dania Beach,P0017,2,39,2
2025-08-31,Lake Worth,P0085,1,68,2
2026-02-28,Dania Beach,P0278,3,246,3
2026-02-28,Dania Beach,P0282,3,27,2
2025-08-31,Oakland Park,P0041,10,54,2
2025-10-31,Lake Worth,P0139,3,22,1
2025-10-31,Lake Worth,P0117,0,37,2
2026-01-31,Lake Worth,P0126,5,212,3
2026-04-30,Lake Worth,P0213,0,49,1
2025-12-31,Lake Worth,P0223,1,59,3
2025-08-31,Dania Beach,P0228,3,40,3
2026-01-31,Oakland Park,P0160,3,41,1
2026-01-31,Dania Beach,P0026,2,38,3
2026-05-31,Oakland Park,P0279,4,232,1
2026-06-30,Dania Beach,P0051,5,245,2
2026-06-30,Lake Worth,P0160,1,12,2
2025-12-31,Dania Beach,P0214,0,6,2
2026-02-28,Dania Beach,P0074,2,69,1
2026-05-31,Lake Worth,P0151,1,268,2
2025-10-31,Oakland Park,P0056,1,8,2
2025-11-30,Oakland Park,P0242,4,39,1
2026-02-28,Dania Beach,P0142,1,37,2
2026-03-31,Oakland Park,P0283,8,61,1
2025-09-30,Oakland Park,P0069,18,50,2
2026-04-30,Lake Worth,P0158,6,29,3
2026-03-31,Oakland Park,P0139,1,19,3
2026-01-31,Lake Worth,P0241,3,145,3
2025-12-31,Oakland Park,P0178,10,102,3
2026-01-31,Dania Beach,P0045,18,64,3
2026-03-31,Dania Beach,P0042,17,8,2
2025-07-31,Oakland Park,P0026,0,40,3
2025-10-31,Lake Worth,P0141,18,283,1
2025-09-30,Dania Beach,P0170,0,0,2
2025-08-31,Dania Beach,P0248,8,23,3
2026-02-28,Dania Beach,P0058,8,10,1
2025-07-31,Dania Beach,P0281,8,66,2
2025-11-30,Dania Beach,P0053,0,62,2
2026-06-30,Dania Beach,P0295,0,59,2
2026-04-30,Dania Beach,P0132,2,11,2
2025-11-30,Oakland Park,P0284,13,132,3
2025-07-31,Dania Beach,P0208,1,14,2
2026-02-28,Oakland Park,P0007,0,18,3
2026-03-31,Oakland Park,P0178,7,162,1
2025-12-31,Lake Worth,P0269,4,7,2
2026-03-31,Dania Beach,P0193,6,11,3
2025-08-31,Lake Worth,P0149,2,12,1
2025-08-31,Oakland Park,P0252,1,41,2
2025-09-30,Oakland Park,P0139,2,44,2
2026-01-31,Oakland Park,P0264,11,311,1
2026-04-30,Dania Beach,P0248,5,30,3
2025-10-31,Lake Worth,P0138,28,62,2
2025-10-31,Lake Worth,P0175,5,259,2
2025-08-31,Oakland Park,P0167,3,35,2
2025-10-31,Oakland Park,P0267,0,29,2
2026-03-31,Lake Worth,P0018,2,73,1
2026-05-31,Oakland Park,P0198,8,70,2
2026-06-30,Dania Beach,P0186,3,35,2
2025-11-30,Oakland Park,P0111,2,39,2
2025-12-31,Dania Beach,P0262,0,16,2
2025-10-31,Lake Worth,P0157,11,20,1
2025-10-31,Dania Beach,P0029,3,21,3
2025-08-31,Oakland Park,P0214,3,43,2
2025-12-31,Lake Worth,P0049,0,30,2
2026-06-30,Lake Worth,P0253,12,35,2
2025-10-31,Lake Worth,P0286,8,68,1
2026-04-30,Oakland Park,P0084,1,26,2
2026-06-30,Lake Worth,P0249,3,59,2
2025-07-31,Oakland Park,P0078,7,35,2
2026-02-28,Oakland Park,P0127,2,16,1
2026-04-30,Dania Beach,P0086,4,21,2
2026-02-28,Dania Beach,P0271,0,0,2
2025-12-31,Oakland Park,P0281,9,38,3
2026-03-31,Oakland Park,P0024,13,128,2
2026-06-30,Dania Beach,P0135,3,74,2
2025-10-31,Dania Beach,P0068,12,127,2
2025-12-31,Oakland Park,P0234,5,9,3
2026-03-31,Lake Worth,P0119,2,27,1
2025-07-31,Oakland Park,P0286,8,11,2
2025-07-31,Oakland Park,P0272,3,189,1
2026-06-30,Lake Worth,P0055,0,68,2
2025-10-31,Oakland Park,P0218,0,71,1
2026-04-30,Dania Beach,P0209,13,36,3
2025-12-31,Lake Worth,P0030,4,27,1
2026-06-30,Dania Beach,P0098,8,32,2
2026-04-30,Dania Beach,P0035,0,0,3
2025-12-31,Oakland Park,P0073,9,131,2
2025-12-31,Oakland Park,P0225,18,317,2
2025-07-31,Dania Beach,P0135,0,26,2
2026-05-31,Oakland Park,P0127,4,25,2
2025-09-30,Oakland Park,P0109,1,20,1
2026-04-30,Dania Beach,P0092,0,8,2
2026-02-28,Lake Worth,P0295,2,41,2
2025-09-30,Oakland Park,P0012,4,72,2
2026-02-28,Oakland Park,P0023,5,5,1
2026-05-31,Oakland Park,P0284,10,186,1
2025-12-31,Lake Worth,P0275,3,20,1
2026-02-28,Lake Worth,P0063,6,147,1
2025-10-31,Oakland Park,P0230,0,29,1
2026-02-28,Lake Worth,P0043,2,22,1
2025-07-31,Lake Worth,P0186,2,42,2
2026-04-30,Oakland Park,P0199,0,49,2
2025-10-31,Lake Worth,P0008,6,46,2
2026-02-28,Dania Beach,P0063,9,34,2
2025-10-31,Dania Beach,P0092,4,55,2
2025-10-31,Oakland Park,P0088,5,46,2
2026-06-30,Lake Worth,P0265,3,28,2
2026-03-31,Dania Beach,P0009,6,74,1
2026-01-31,Dania Beach,P0052,0,72,1
2026-01-31,Lake Worth,P0209,14,34,2
2025-10-31,Dania Beach,P0208,0,46,2
2026-02-28,Oakland Park,P0095,11,19,3
2026-06-30,Lake Worth,P0004,7,74,3
2026-06-30,Oakland Park,P0178,13,119,2
2026-06-30,Dania Beach,P0239,3,12,1
2026-03-31,Lake Worth,P0126,0,35,1
2026-04-30,Dania Beach,P0229,67,226,2
2026-02-28,Lake Worth,P0159,1,27,2
2025-07-31,Oakland Park,P0046,1,40,2
2026-01-31,Lake Worth,P0003,0,22,2
2025-07-31,Dania Beach,P0110,2,44,2
2026-03-31,Oakland Park,P0015,3,37,2
2026-04-30,Lake Worth,P0271,5,47,1
2026-03-31,Lake Worth,P0155,0,41,2
2026-03-31,Oakland Park,P0171,3,70,2
2026-04-30,Dania Beach,P0221,0,67,1
2025-08-31,Dania Beach,P0189,0,0,1
2026-01-31,Oakland Park,P0104,6,55,2
2025-11-30,Dania Beach,P0065,2,105,1
2026-04-30,Dania Beach,P0091,12,70,2
2026-05-31,Oakland Park,P0112,20,102,3
2025-11-30,Oakland Park,P0143,3,267,3
2026-02-28,Lake Worth,P0272,0,33,1
2026-06-30,Dania Beach,P0280,0,28,1
2025-12-31,Lake Worth,P0071,10,230,3
2026-03-31,Dania Beach,P0077,7,10,2
2025-10-31,Oakland Park,P0005,1,180,2
2025-10-31,Dania Beach,P0239,4,15,2
2026-03-31,Lake Worth,P0239,2,247,2
2025-12-31,Oakland Park,P0047,2,45,2
2026-04-30,Lake Worth,P0192,4,197,1
2026-02-28,Dania Beach,P0024,0,0,2
2026-01-31,Dania Beach,P0023,5,12,2
2025-11-30,Oakland Park,P0115,12,90,3
2025-12-31,Oakland Park,P0217,1,36,2
2026-06-30,Oakland Park,P0001,4,18,3
2026-05-31,Dania Beach,P0166,3,51,2
2026-06-30,Lake Worth,P0012,3,27,3
2025-09-30,Dania Beach,P0075,0,42,2
2026-01-31,Dania Beach,P0089,2,16,3
2025-09-30,Lake Worth,P0096,1,18,2
2025-09-30,Lake Worth,P0224,1,47,2
2025-07-31,Oakland Park,P0148,1,46,2
2025-12-31,Dania Beach,P0149,1,65,1
2025-11-30,Lake Worth,P0194,1,29,2
2025-08-31,Dania Beach,P0132,7,37,2
2026-01-31,Lake Worth,P0160,3,34,2
2025-10-31,Oakland Park,P0080,0,8,1
2025-11-30,Oakland Park,P0038,0,17,3
2025-11-30,Oakland Park,P0138,30,27,2
2025-07-31,Lake Worth,P0083,4,44,3
2026-02-28,Dania Beach,P0128,0,0,2
2026-03-31,Oakland Park,P0113,10,36,3
2026-01-31,Dania Beach,P0079,11,56,2
2026-03-31,Lake Worth,P0248,2,61,2
2026-06-30,Oakland Park,P0148,1,36,2
2026-02-28,Lake Worth,P0144,0,53,1
2026-04-30,Oakland Park,P0283,3,12,3
2025-12-31,Dania Beach,P0293,6,157,2
2025-09-30,Dania Beach,P0029,1,169,2
2026-02-28,Oakland Park,P0262,1,70,2
2026-06-30,Lake Worth,P0114,0,56,3
2026-05-31,Oakland Park,P0103,0,58,3
2026-03-31,Oakland Park,P0042,17,36,3
2026-06-30,Oakland Park,P0149,2,12,1
2025-08-31,Dania Beach,P0040,7,17,2
2026-01-31,Dania Beach,P0228,2,67,2
2026-02-28,Lake Worth,P0171,3,33,2
2026-02-28,Lake Worth,P0206,0,42,1
2025-12-31,Dania Beach,P0209,13,21,2
2025-12-31,Lake Worth,P0040,4,235,2
2026-04-30,Dania Beach,P0290,2,14,2
2025-09-30,Lake Worth,P0007,1,24,2
2026-06-30,Lake Worth,P0214,3,96,1
2025-12-31,Dania Beach,P0169,1,8,2
2026-04-30,Lake Worth,P0068,10,172,1
2026-03-31,Dania Beach,P0090,9,52,2
2026-03-31,Dania Beach,P0178,0,0,2
2025-10-31,Lake Worth,P0243,0,62,1
2025-07-31,Oakland Park,P0202,4,259,2
2026-05-31,Lake Worth,P0183,2,252,3
2025-09-30,Oakland Park,P0216,0,46,1
2025-11-30,Lake Worth,P0291,0,57,2
2026-05-31,Lake Worth,P0102,6,57,2
2026-03-31,Oakland Park,P0269,5,8,2
2025-10-31,Dania Beach,P0227,4,29,2
2026-05-31,Dania Beach,P0179,0,49,2
2026-01-31,Lake Worth,P0135,0,70,2
2025-07-31,Oakland Park,P0019,3,262,2
2026-01-31,Dania Beach,P0234,8,21,3
2026-06-30,Dania Beach,P0220,2,50,1
2026-01-31,Oakland Park,P0232,17,17,2
2026-01-31,Dania Beach,P0199,0,74,1
2026-02-28,Oakland Park,P0156,10,149,3
2025-10-31,Dania Beach,P0096,0,34,2
2026-04-30,Oakland Park,P0129,3,154,1
2025-09-30,Oakland Park,P0211,7,57,3
2026-05-31,Lake Worth,P0047,1,212,3
2026-01-31,Lake Worth,P0267,4,15,3
2025-12-31,Oakland Park,P0279,7,208,3
2026-05-31,Dania Beach,P0189,0,0,2
2025-08-31,Lake Worth,P0051,3,281,2
2025-08-31,Oakland Park,P0211,5,18,2
2026-04-30,Oakland Park,P0154,6,190,2
2026-01-31,Dania Beach,P0038,1,314,2
2026-03-31,Lake Worth,P0111,3,269,2
2026-01-31,Lake Worth,P0007,4,74,2
2026-06-30,Lake Worth,P0042,16,219,1
2025-07-31,Oakland Park,P0180,4,68,1
2025-11-30,Dania Beach,P0192,3,191,2
2026-06-30,Dania Beach,P0160,5,64,1
2025-09-30,Oakland Park,P0035,7,81,1
2025-10-31,Oakland Park,P0278,1,75,3
2025-11-30,Dania Beach,P0299,0,36,2
2026-01-31,Lake Worth,P0228,2,100,2
2025-07-31,Dania Beach,P0120,29,70,3
2025-09-30,Lake Worth,P0170,2,30,1
2025-09-30,Lake Worth,P0107,8,41,2
2025-09-30,Oakland Park,P0282,6,36,2
2026-06-30,Lake Worth,P0024,3,45,2
2026-06-30,Oakland Park,P0200,3,102,1
2026-03-31,Dania Beach,P0227,9,54,2
2025-07-31,Oakland Park,P0054,1,14,1
2026-03-31,Lake Worth,P0236,3,18,1
2026-02-28,Oakland Park,P0234,8,49,3
2025-10-31,Lake Worth,P0219,4,57,1
2026-02-28,Oakland Park,P0057,2,29,2
2026-02-28,Dania Beach,P0226,2,35,2
2026-02-28,Oakland Park,P0041,8,52,1
2025-12-31,Dania Beach,P0093,6,66,3
2026-01-31,Oakland Park,P0225,13,160,2
2026-02-28,Oakland Park,P0165,1,133,2
2026-06-30,Lake Worth,P0083,0,33,3
2026-01-31,Lake Worth,P0142,0,60,2
2025-08-31,Lake Worth,P0109,2,69,3
2025-08-31,Lake Worth,P0257,3,94,3
2025-08-31,Dania Beach,P0106,0,47,1
2025-08-31,Oakland Park,P0169,4,176,2
2025-07-31,Dania Beach,P0105,2,32,2
2026-03-31,Oakland Park,P0124,3,43,2
2026-05-31,Dania Beach,P0215,0,29,2
2026-03-31,Lake Worth,P0124,6,48,2
2025-12-31,Dania Beach,P0207,3,43,2
2026-01-31,Oakland Park,P0208,0,31,1
2026-01-31,Oakland Park,P0220,1,75,2
2025-08-31,Oakland Park,P0266,6,45,2
2026-03-31,Oakland Park,P0123,29,58,2
2026-06-30,Oakland Park,P0017,0,36,2
2026-02-28,Oakland Park,P0005,5,20,3
2025-10-31,Dania Beach,P0216,1,16,2
2025-09-30,Oakland Park,P0156,6,153,2
2025-10-31,Lake Worth,P0284,5,166,3
2025-07-31,Dania Beach,P0082,6,36,2
2025-11-30,Lake Worth,P0109,4,258,1
2026-04-30,Oakland Park,P0284,14,87,2
2025-10-31,Lake Worth,P0031,5,13,1
2026-05-31,Lake Worth,P0286,11,57,2
2026-01-31,Oakland Park,P0006,3,73,2
2025-07-31,Lake Worth,P0135,4,48,1
2026-05-31,Oakland Park,P0113,5,95,2
2025-10-31,Dania Beach,P0210,2,38,1
2025-07-31,Oakland Park,P0006,6,9,3
2026-01-31,Oakland Park,P0191,0,65,2
2025-10-31,Dania Beach,P0272,0,28,3
2026-05-31,Dania Beach,P0124,1,32,1
2025-09-30,Oakland Park,P0119,2,16,2
2025-09-30,Oakland Park,P0275,3,30,2
2026-02-28,Dania Beach,P0120,31,50,1
2025-08-31,Oakland Park,P0291,0,40,3
2026-03-31,Lake Worth,P0259,6,49,1
2026-03-31,Dania Beach,P0288,4,69,2
2026-01-31,Oakland Park,P0280,1,17,3
2026-06-30,Dania Beach,P0226,0,20,2
2026-03-31,Lake Worth,P0084,0,32,1
2026-05-31,Oakland Park,P0296,4,70,2
2026-03-31,Dania Beach,P0056,3,66,2
2026-01-31,Dania Beach,P0191,0,15,3
2026-04-30,Lake Worth,P0059,2,287,1
2025-12-31,Oakland Park,P0082,4,39,1
2026-03-31,Lake Worth,P0075,4,13,3
2026-01-31,Lake Worth,P0185,6,268,2
2026-04-30,Dania Beach,P0115,0,0,2
2026-04-30,Lake Worth,P0045,21,43,2
2026-03-31,Dania Beach,P0032,0,37,2
2026-01-31,Lake Worth,P0134,5,42,2
2026-02-28,Dania Beach,P0264,0,0,3
2025-12-31,Lake Worth,P0019,2,58,2
2025-10-31,Oakland Park,P0147,6,7,2
2025-09-30,Dania Beach,P0228,3,39,2
2025-10-31,Lake Worth,P0113,11,12,2
2026-06-30,Lake Worth,P0198,3,56,1
2025-11-30,Lake Worth,P0159,1,52,1
2026-04-30,Lake Worth,P0253,11,17,1
2026-02-28,Dania Beach,P0207,2,59,3
2026-02-28,Oakland Park,P0081,4,32,2
2026-02-28,Dania Beach,P0070,2,8,1
2026-06-30,Oakland Park,P0126,2,47,1
2025-08-31,Lake Worth,P0212,4,32,2
2025-07-31,Lake Worth,P0275,2,72,2
2026-02-28,Lake Worth,P0282,3,52,2
2025-12-31,Dania Beach,P0283,8,5,1
2025-12-31,Oakland Park,P0045,17,300,1
2025-11-30,Dania Beach,P0119,0,69,2
2026-03-31,Lake Worth,P0103,0,59,3
2026-04-30,Lake Worth,P0126,3,134,3
2026-02-28,Dania Beach,P0163,5,61,2
2025-10-31,Oakland Park,P0017,2,49,2
2025-09-30,Lake Worth,P0212,4,265,3
2025-10-31,Lake Worth,P0271,3,29,3
2026-04-30,Dania Beach,P0057,3,44,2
2026-02-28,Lake Worth,P0020,8,23,1
2026-02-28,Oakland Park,P0075,2,101,3
2026-01-31,Dania Beach,P0109,6,75,1
2026-01-31,Dania Beach,P0211,5,10,2
2026-03-31,Dania Beach,P0263,0,0,1
2026-03-31,Dania Beach,P0024,0,0,3
2025-07-31,Lake Worth,P0199,0,10,1
2026-03-31,Dania Beach,P0120,30,142,2
2025-12-31,Lake Worth,P0138,24,39,3
2025-09-30,Oakland Park,P0043,0,42,3
2026-02-28,Dania Beach,P0182,0,39,2
2026-02-28,Dania Beach,P0104,6,58,2
2025-09-30,Oakland Park,P0076,0,11,3
2026-05-31,Dania Beach,P0160,2,22,2
2026-01-31,Lake Worth,P0155,2,147,2
2025-07-31,Oakland Park,P0151,9,148,2
2025-09-30,Lake Worth,P0039,0,68,2
2026-02-28,Oakland Park,P0122,10,106,1
2025-07-31,Oakland Park,P0091,13,28,2
2026-01-31,Oakland Park,P0044,0,25,2
2026-04-30,Dania Beach,P0270,3,108,2
2025-09-30,Oakland Park,P0089,0,59,3
2026-04-30,Lake Worth,P0208,6,73,2
2025-09-30,Oakland Park,P0224,3,19,2
2026-02-28,Dania Beach,P0150,1,64,3
2026-01-31,Oakland Park,P0239,5,203,2
2025-07-31,Oakland Park,P0023,1,178,2
2025-09-30,Lake Worth,P0065,0,29,1
2025-10-31,Oakland Park,P0028,63,49,3
2025-11-30,Lake Worth,P0177,2,53,1
2026-03-31,Dania Beach,P0214,1,48,1
2026-04-30,Dania Beach,P0196,11,277,1
2026-03-31,Dania Beach,P0252,3,7,2
2026-04-30,Oakland Park,P0080,1,21,2
2025-12-31,Lake Worth,P0036,5,261,2
2026-01-31,Dania Beach,P0159,0,39,1
2025-12-31,Lake Worth,P0087,0,11,1
2025-08-31,Oakland Park,P0259,8,319,1
2025-11-30,Dania Beach,P0034,7,26,3
2026-05-31,Oakland Park,P0214,0,63,2
2025-08-31,Lake Worth,P0151,5,311,3
2025-10-31,Oakland Park,P0074,4,65,2
2026-01-31,Dania Beach,P0049,0,13,3
2026-06-30,Dania Beach,P0232,13,34,1
2025-12-31,Lake Worth,P0143,4,43,1
2025-08-31,Lake Worth,P0120,26,7,3
2026-02-28,Oakland Park,P0119,1,60,2
2026-02-28,Dania Beach,P0011,1,71,3
2025-10-31,Oakland Park,P0291,1,28,2
2026-01-31,Dania Beach,P0164,0,70,2
2026-03-31,Lake Worth,P0202,3,29,2
2026-02-28,Dania Beach,P0274,2,53,1
2025-10-31,Oakland Park,P0037,6,53,3
2025-11-30,Lake Worth,P0161,7,107,1
2026-05-31,Lake Worth,P0267,0,48,2
2025-07-31,Lake Worth,P0190,6,29,2
2025-12-31,Dania Beach,P0037,6,71,2
2026-02-28,Dania Beach,P0093,4,310,2
2025-10-31,Lake Worth,P0265,4,30,2
2025-09-30,Oakland Park,P0040,2,49,2
2025-09-30,Dania Beach,P0003,3,43,2
2025-07-31,Dania Beach,P0048,3,60,2
2025-10-31,Dania Beach,P0041,10,28,2
2025-10-31,Oakland Park,P0183,0,46,2
2026-01-31,Lake Worth,P0101,0,20,2
2026-04-30,Dania Beach,P0240,3,12,3
2025-07-31,Oakland Park,P0030,3,234,2
2026-01-31,Dania Beach,P0154,0,0,1
2025-09-30,Lake Worth,P0090,5,263,1
2025-08-31,Dania Beach,P0170,0,0,3
2025-08-31,Oakland Park,P0257,0,37,3
2025-08-31,Oakland Park,P0072,1,43,3
2026-02-28,Dania Beach,P0147,7,56,3
2026-04-30,Dania Beach,P0136,1,254,2
2025-08-31,Oakland Park,P0192,5,31,1
2026-02-28,Oakland Park,P0238,2,48,2
2026-05-31,Oakland Park,P0131,2,304,3
2026-01-31,Lake Worth,P0015,2,192,1
2026-06-30,Dania Beach,P0177,3,6,2
2026-03-31,Lake Worth,P0022,15,70,1
2025-07-31,Dania Beach,P0095,5,21,2
2025-08-31,Lake Worth,P0033,8,48,2
2026-03-31,Oakland Park,P0006,6,72,3
2026-02-28,Lake Worth,P0268,2,34,2
2026-03-31,Lake Worth,P0065,0,30,2
2025-07-31,Dania Beach,P0294,5,54,2
2025-07-31,Dania Beach,P0284,0,0,2
2026-05-31,Oakland Park,P0187,1,125,3
2025-11-30,Lake Worth,P0113,10,50,3
2026-03-31,Oakland Park,P0136,3,60,3
2025-08-31,Oakland Park,P0042,19,46,2
2026-04-30,Lake Worth,P0055,1,14,2
2025-07-31,Lake Worth,P0051,3,44,2
2025-10-31,Lake Worth,P0003,1,22,3
2026-01-31,Oakland Park,P0180,1,54,3
2025-12-31,Oakland Park,P0170,7,171,2
2026-04-30,Lake Worth,P0002,0,15,1
2025-12-31,Lake Worth,P0009,5,271,1
2026-03-31,Dania Beach,P0230,3,72,2
2025-11-30,Dania Beach,P0081,6,42,2
2025-11-30,Dania Beach,P0078,8,46,2
2026-02-28,Oakland Park,P0175,1,11,3
2025-07-31,Oakland Park,P0156,7,176,2
2025-10-31,Lake Worth,P0272,9,25,2
2025-12-31,Dania Beach,P0194,1,256,1
2025-08-31,Lake Worth,P0272,3,10,3
2025-07-31,Dania Beach,P0222,6,154,2
2026-03-31,Oakland Park,P0089,0,45,2
2026-02-28,Oakland Park,P0142,1,165,1
2026-01-31,Dania Beach,P0140,0,74,2
2026-03-31,Dania Beach,P0027,5,71,3
2025-11-30,Oakland Park,P0223,5,23,3
2025-09-30,Oakland Park,P0068,14,112,1
2026-05-31,Oakland Park,P0182,0,58,1
2025-07-31,Dania Beach,P0022,13,31,2
2025-10-31,Lake Worth,P0089,0,26,1
2026-06-30,Lake Worth,P0097,3,32,1
2026-01-31,Lake Worth,P0231,11,69,2
2025-09-30,Lake Worth,P0273,0,67,3
2026-01-31,Dania Beach,P0064,4,5,3
2025-10-31,Lake Worth,P0241,1,42,2
2026-03-31,Lake Worth,P0031,4,70,2
2026-03-31,Dania Beach,P0265,7,61,2
2026-02-28,Oakland Park,P0144,10,200,3
2025-09-30,Oakland Park,P0240,2,15,1
2025-11-30,Lake Worth,P0107,7,35,1
2026-03-31,Lake Worth,P0098,7,5,2
2026-03-31,Lake Worth,P0255,5,310,2
2025-10-31,Dania Beach,P0039,2,214,2
2025-10-31,Lake Worth,P0211,4,28,2
2025-12-31,Oakland Park,P0193,3,16,2
2026-03-31,Lake Worth,P0284,6,16,2
2026-06-30,Dania Beach,P0109,1,75,3
2026-05-31,Oakland Park,P0006,7,73,2
2025-12-31,Oakland Park,P0110,0,42,3
2026-05-31,Dania Beach,P0126,0,73,2
2026-04-30,Oakland Park,P0230,0,66,2
2026-04-30,Oakland Park,P0014,3,8,2
2025-12-31,Dania Beach,P0174,1,183,3
2025-09-30,Dania Beach,P0040,0,28,1
2025-09-30,Dania Beach,P0108,4,46,2
2026-01-31,Lake Worth,P0098,11,14,1
2025-08-31,Dania Beach,P0262,0,52,3
2026-01-31,Lake Worth,P0018,4,70,2
2025-09-30,Dania Beach,P0221,4,196,2
2026-05-31,Oakland Park,P0095,8,311,1
2026-05-31,Oakland Park,P0162,2,63,1
2025-08-31,Lake Worth,P0285,7,48,1
2026-04-30,Oakland Park,P0285,5,21,3
2025-11-30,Lake Worth,P0096,4,8,2
2025-09-30,Oakland Park,P0094,5,67,3
2025-09-30,Dania Beach,P0137,8,97,2
2025-08-31,Oakland Park,P0200,2,72,2
2026-03-31,Dania Beach,P0025,3,7,3
2026-04-30,Dania Beach,P0040,6,22,2
2025-10-31,Oakland Park,P0210,2,67,1
2026-05-31,Dania Beach,P0067,0,0,2
2025-08-31,Oakland Park,P0228,3,69,2
2026-06-30,Lake Worth,P0105,3,48,2
2026-03-31,Dania Beach,P0254,0,34,3
2025-09-30,Lake Worth,P0175,7,43,3
2025-08-31,Oakland Park,P0053,2,117,2
2025-12-31,Oakland Park,P0009,7,15,3
2026-04-30,Dania Beach,P0068,15,50,2
2026-05-31,Dania Beach,P0288,4,69,2
2026-06-30,Dania Beach,P0162,4,147,2
2025-07-31,Lake Worth,P0248,6,35,1
2025-12-31,Lake Worth,P0015,0,57,2
2026-05-31,Lake Worth,P0187,5,209,2
2025-11-30,Oakland Park,P0189,10,287,2
2026-05-31,Lake Worth,P0201,0,56,2
2026-05-31,Dania Beach,P0153,5,31,3
2026-06-30,Lake Worth,P0028,66,21,2
2025-07-31,Lake Worth,P0141,24,10,2
2026-06-30,Oakland Park,P0239,0,49,2
2025-12-31,Oakland Park,P0267,2,70,1
2026-05-31,Dania Beach,P0013,1,30,1
2026-03-31,Oakland Park,P0093,7,35,3
2026-04-30,Dania Beach,P0174,5,176,3
2026-01-31,Lake Worth,P0210,1,12,2
2025-09-30,Lake Worth,P0267,1,225,2
2025-07-31,Dania Beach,P0133,3,188,3
2026-04-30,Lake Worth,P0024,6,308,2
2025-08-31,Oakland Park,P0116,10,45,3
2026-01-31,Dania Beach,P0008,9,73,1
2026-04-30,Lake Worth,P0029,4,48,2
2026-04-30,Oakland Park,P0243,3,143,1
2026-01-31,Lake Worth,P0064,6,21,2
2026-06-30,Lake Worth,P0060,8,37,2
2025-08-31,Oakland Park,P0071,14,46,3
2026-01-31,Lake Worth,P0132,4,65,2
2025-10-31,Dania Beach,P0191,0,8,3
2025-12-31,Lake Worth,P0062,1,14,2
2025-08-31,Lake Worth,P0118,1,10,2
2025-12-31,Oakland Park,P0008,5,40,2
2026-02-28,Oakland Park,P0178,7,160,2
2026-04-30,Dania Beach,P0094,0,6,1
2025-10-31,Oakland Park,P0004,14,54,3
2026-06-30,Oakland Park,P0183,0,33,1
2025-07-31,Lake Worth,P0001,0,33,2
2026-05-31,Dania Beach,P0277,0,50,3
2025-10-31,Oakland Park,P0022,13,27,3
2026-01-31,Dania Beach,P0048,4,45,3
2025-12-31,Oakland Park,P0280,0,43,3
2026-03-31,Lake Worth,P0134,8,60,1
2025-09-30,Dania Beach,P0237,3,31,3
2025-11-30,Lake Worth,P0168,4,61,2
2025-12-31,Dania Beach,P0081,2,37,1
2026-06-30,Lake Worth,P0030,0,25,2
2025-08-31,Dania Beach,P0053,0,62,2
2025-12-31,Lake Worth,P0098,8,52,2
2025-10-31,Lake Worth,P0111,0,25,2
2025-11-30,Lake Worth,P0292,0,59,2
2025-08-31,Oakland Park,P0117,1,47,1
2026-01-31,Lake Worth,P0136,1,73,2
2025-08-31,Lake Worth,P0166,2,25,2
2026-01-31,Lake Worth,P0085,3,187,3
2026-03-31,Oakland Park,P0003,4,299,3
2026-06-30,Dania Beach,P0064,0,73,1
2026-05-31,Lake Worth,P0176,7,50,1
2026-03-31,Oakland Park,P0273,1,45,3
2025-11-30,Oakland Park,P0110,0,12,3
2025-09-30,Dania Beach,P0197,3,280,2
2025-09-30,Oakland Park,P0121,8,72,1
2025-12-31,Dania Beach,P0089,5,33,2
2026-05-31,Oakland Park,P0285,5,170,2
2025-09-30,Dania Beach,P0145,12,56,1
2025-07-31,Oakland Park,P0163,0,59,3
2026-06-30,Lake Worth,P0006,2,38,3
2026-04-30,Dania Beach,P0037,5,65,3
2025-10-31,Oakland Park,P0097,0,9,1
2026-03-31,Oakland Park,P0276,1,10,1
2025-09-30,Lake Worth,P0036,4,57,2
2026-01-31,Dania Beach,P0043,0,7,1
2025-09-30,Lake Worth,P0211,3,320,2
2025-10-31,Oakland Park,P0151,12,140,2
2026-02-28,Oakland Park,P0040,2,37,2
2025-11-30,Oakland Park,P0040,4,39,2
2025-09-30,Dania Beach,P0220,0,24,1
2026-02-28,Oakland Park,P0163,0,15,3
2026-02-28,Lake Worth,P0008,10,6,3
2026-05-31,Lake Worth,P0234,11,11,2
2026-02-28,Dania Beach,P0255,3,303,3
2025-11-30,Dania Beach,P0248,6,32,3
2026-02-28,Dania Beach,P0105,0,8,1
2025-12-31,Oakland Park,P0151,11,293,2
2025-09-30,Dania Beach,P0241,2,28,1
2026-03-31,Dania Beach,P0155,5,10,2
2026-04-30,Dania Beach,P0137,8,48,3
2026-06-30,Dania Beach,P0057,8,62,2
2025-08-31,Oakland Park,P0196,16,102,2
2025-10-31,Dania Beach,P0044,0,28,2
2025-11-30,Lake Worth,P0059,1,104,2
2025-12-31,Oakland Park,P0265,6,63,1
2026-04-30,Dania Beach,P0241,0,66,2
2025-10-31,Dania Beach,P0288,5,45,2
2025-12-31,Lake Worth,P0011,3,51,2
2025-09-30,Dania Beach,P0178,0,0,2
2026-02-28,Dania Beach,P0012,4,58,1
2026-02-28,Dania Beach,P0209,18,302,2
2026-04-30,Oakland Park,P0007,3,14,2
2025-08-31,Lake Worth,P0143,0,25,3
2025-09-30,Dania Beach,P0248,5,65,1
2025-11-30,Oakland Park,P0202,4,242,2
2026-03-31,Lake Worth,P0145,7,33,3
2026-04-30,Oakland Park,P0238,6,186,3
2026-04-30,Oakland Park,P0040,4,183,2
2025-07-31,Dania Beach,P0142,2,170,1
2026-05-31,Lake Worth,P0240,6,45,3
2025-10-31,Dania Beach,P0182,3,244,2
2025-09-30,Oakland Park,P0086,0,38,1
2026-06-30,Oakland Park,P0061,3,7,3
2026-01-31,Lake Worth,P0050,15,50,3
2026-04-30,Lake Worth,P0150,4,7,2
2025-07-31,Lake Worth,P0011,0,41,2
2026-04-30,Lake Worth,P0293,5,9,2
2026-05-31,Oakland Park,P0157,13,60,2
2026-04-30,Lake Worth,P0205,10,29,2
2025-09-30,Lake Worth,P0288,9,54,3
2026-04-30,Lake Worth,P0080,0,58,2
2026-04-30,Dania Beach,P0262,3,38,3
2025-08-31,Oakland Park,P0243,0,64,3
2026-04-30,Lake Worth,P0050,14,40,2
2025-10-31,Oakland Park,P0113,9,16,2
2025-09-30,Dania Beach,P0247,2,73,2
2026-03-31,Oakland Park,P0290,0,44,2
2026-02-28,Oakland Park,P0090,10,71,1
2026-05-31,Lake Worth,P0293,3,36,2
2025-10-31,Dania Beach,P0263,0,0,2
2025-11-30,Dania Beach,P0133,7,37,3
2025-12-31,Dania Beach,P0054,2,72,3
2025-12-31,Dania Beach,P0178,0,0,1
2026-06-30,Lake Worth,P0174,4,34,2
2026-01-31,Dania Beach,P0227,8,7,1
2025-11-30,Lake Worth,P0155,1,74,2
2026-05-31,Dania Beach,P0276,0,34,3
2025-07-31,Oakland Park,P0280,1,25,3
2025-08-31,Dania Beach,P0101,0,65,1
2025-08-31,Oakland Park,P0182,0,18,2
2025-08-31,Lake Worth,P0244,5,50,3
2025-11-30,Dania Beach,P0121,5,21,1
2025-08-31,Oakland Park,P0030,1,26,3
2025-07-31,Dania Beach,P0011,0,6,2
2025-11-30,Dania Beach,P0161,5,258,2
2026-03-31,Oakland Park,P0162,4,153,2
2026-05-31,Oakland Park,P0244,4,17,3
2026-04-30,Oakland Park,P0147,6,50,3
2026-06-30,Dania Beach,P0216,2,39,1
2026-06-30,Oakland Park,P0209,14,93,1
2025-11-30,Oakland Park,P0226,0,63,2
2025-10-31,Dania Beach,P0084,0,57,3
2026-04-30,Dania Beach,P0122,0,0,2
2025-08-31,Oakland Park,P0279,11,62,2
2025-08-31,Oakland Park,P0016,2,64,2
2026-04-30,Dania Beach,P0242,5,159,2
2026-04-30,Dania Beach,P0268,2,298,2
2025-12-31,Dania Beach,P0233,14,70,3
2025-12-31,Dania Beach,P0120,27,27,3
2026-03-31,Lake Worth,P0188,11,11,1
2026-05-31,Dania Beach,P0186,0,30,1
2025-12-31,Lake Worth,P0081,4,6,1
2026-05-31,Dania Beach,P0017,0,10,2
2025-12-31,Lake Worth,P0017,2,31,2
2026-03-31,Oakland Park,P0167,2,26,2
2026-04-30,Dania Beach,P0126,0,68,3
2026-06-30,Oakland Park,P0120,32,55,2
2026-04-30,Lake Worth,P0148,3,12,3
2026-05-31,Lake Worth,P0063,5,143,2
2026-06-30,Lake Worth,P0084,1,300,2
2025-10-31,Oakland Park,P0140,6,244,3
2026-03-31,Dania Beach,P0134,7,46,1
2026-05-31,Dania Beach,P0244,7,12,1
2025-09-30,Oakland Park,P0288,7,35,2
2026-02-28,Lake Worth,P0047,5,11,3
2026-06-30,Oakland Park,P0300,3,17,1
2026-03-31,Lake Worth,P0174,4,39,2
2026-04-30,Dania Beach,P0100,17,25,2
2025-08-31,Dania Beach,P0197,2,5,2
2025-12-31,Dania Beach,P0019,4,93,2
2026-05-31,Dania Beach,P0024,0,0,2
2026-06-30,Oakland Park,P0068,16,36,2
2025-08-31,Oakland Park,P0205,9,123,2
2026-06-30,Oakland Park,P0005,4,15,2
2026-04-30,Dania Beach,P0189,0,0,2
2026-04-30,Dania Beach,P0067,0,0,1
2026-03-31,Lake Worth,P0106,4,255,2
2025-11-30,Dania Beach,P0108,8,16,2
2025-07-31,Oakland Park,P0039,3,66,2
2025-12-31,Oakland Park,P0158,0,67,1
2026-03-31,Dania Beach,P0033,7,12,1
2026-05-31,Lake Worth,P0076,6,64,3
2025-07-31,Dania Beach,P0174,1,75,3
2026-02-28,Dania Beach,P0051,3,41,2
2025-12-31,Oakland Park,P0133,4,24,3
2026-04-30,Lake Worth,P0255,2,34,2
2025-09-30,Dania Beach,P0294,10,101,2
2025-08-31,Oakland Park,P0019,5,28,1
2025-07-31,Oakland Park,P0013,0,70,1
2026-04-30,Oakland Park,P0157,12,8,2
2025-10-31,Dania Beach,P0054,4,26,2
2025-09-30,Oakland Park,P0088,5,59,1
2026-01-31,Oakland Park,P0168,4,45,3
2026-06-30,Lake Worth,P0193,4,75,2
2026-01-31,Dania Beach,P0283,7,23,3
2025-07-31,Dania Beach,P0182,1,65,2
2026-06-30,Oakland Park,P0173,8,23,1
2026-04-30,Oakland Park,P0209,16,128,3
2025-11-30,Oakland Park,P0002,4,284,2
2025-08-31,Oakland Park,P0064,0,42,3
2026-03-31,Oakland Park,P0041,8,34,2
2025-07-31,Dania Beach,P0146,1,21,3
2025-10-31,Oakland Park,P0122,9,151,2
2025-10-31,Oakland Park,P0181,28,60,3
2025-07-31,Oakland Park,P0079,6,48,2
2026-02-28,Lake Worth,P0058,3,29,1
2026-02-28,Oakland Park,P0073,13,92,3
2026-02-28,Oakland Park,P0016,7,30,1
2026-06-30,Lake Worth,P0088,0,10,2
2025-09-30,Lake Worth,P0091,13,291,3
2025-09-30,Oakland Park,P0067,8,196,1
2026-03-31,Lake Worth,P0166,0,40,1
2026-01-31,Lake Worth,P0148,1,5,1
2026-01-31,Oakland Park,P0251,9,33,2
2025-07-31,Dania Beach,P0103,1,10,3
2026-05-31,Oakland Park,P0011,0,23,2
2025-12-31,Dania Beach,P0275,0,73,3
2025-09-30,Oakland Park,P0138,29,13,2
2026-04-30,Lake Worth,P0082,3,301,1
2026-02-28,Lake Worth,P0231,9,234,3
2025-12-31,Dania Beach,P0075,2,10,2
2025-10-31,Oakland Park,P0200,3,67,1
2025-11-30,Dania Beach,P0173,9,49,2
2026-06-30,Dania Beach,P0048,8,28,1
2025-09-30,Oakland Park,P0279,6,211,1
2026-03-31,Dania Beach,P0187,0,19,1
2026-01-31,Lake Worth,P0277,4,75,2
2026-02-28,Oakland Park,P0151,8,129,1
2025-12-31,Dania Beach,P0144,0,0,2
2026-04-30,Lake Worth,P0290,2,67,3
2025-10-31,Oakland Park,P0006,3,41,1
2026-04-30,Lake Worth,P0267,5,65,3
2026-06-30,Lake Worth,P0203,1,59,1
2026-05-31,Oakland Park,P0146,0,37,1
2025-08-31,Lake Worth,P0130,2,20,2
2026-04-30,Oakland Park,P0002,4,56,2
2026-05-31,Lake Worth,P0193,6,16,2
2026-01-31,Dania Beach,P0022,14,37,1
2026-02-28,Lake Worth,P0040,3,39,2
2025-10-31,Dania Beach,P0184,1,31,2
2025-09-30,Dania Beach,P0102,7,69,2
2026-02-28,Oakland Park,P0158,0,22,2
2025-08-31,Dania Beach,P0299,4,16,2
2025-12-31,Lake Worth,P0226,4,6,2
2026-01-31,Dania Beach,P0207,8,147,2
2026-02-28,Lake Worth,P0187,1,75,3
2025-08-31,Lake Worth,P0131,0,15,2
2025-09-30,Lake Worth,P0110,2,71,2
2025-07-31,Dania Beach,P0062,3,67,2
2025-11-30,Oakland Park,P0037,5,12,1
2025-10-31,Oakland Park,P0126,3,32,1
2026-03-31,Lake Worth,P0161,7,55,1
2025-09-30,Dania Beach,P0233,11,49,3
2025-07-31,Oakland Park,P0145,13,57,3
2025-09-30,Lake Worth,P0037,2,12,2
2026-02-28,Lake Worth,P0107,8,32,3
2025-11-30,Oakland Park,P0159,3,197,2
2025-09-30,Oakland Park,P0207,3,75,1
2025-11-30,Dania Beach,P0190,3,37,2
2025-08-31,Dania Beach,P0046,1,20,2
2026-02-28,Lake Worth,P0073,2,58,2
2025-08-31,Dania Beach,P0090,8,43,3
2026-03-31,Lake Worth,P0291,0,39,2
2025-09-30,Oakland Park,P0152,7,13,1
2025-08-31,Lake Worth,P0005,0,7,3
2026-01-31,Lake Worth,P0257,3,23,3
2026-05-31,Dania Beach,P0234,8,23,2
2026-04-30,Oakland Park,P0117,0,32,2
2026-02-28,Dania Beach,P0132,3,144,2
2026-01-31,Lake Worth,P0066,1,131,3
2026-05-31,Dania Beach,P0180,1,174,2
2026-01-31,Oakland Park,P0229,63,203,2
2025-11-30,Oakland Park,P0112,24,58,2
2026-02-28,Oakland Park,P0066,1,5,1
2025-10-31,Lake Worth,P0230,0,16,2
2026-01-31,Oakland Park,P0210,1,18,2
2026-06-30,Lake Worth,P0201,2,31,1
2026-03-31,Lake Worth,P0042,15,102,2
2025-08-31,Dania Beach,P0198,0,0,2
2025-12-31,Lake Worth,P0279,7,202,3
2025-08-31,Oakland Park,P0045,16,35,2
2026-06-30,Oakland Park,P0066,4,57,2
2025-10-31,Lake Worth,P0014,0,52,2
2026-02-28,Dania Beach,P0131,0,63,1
2026-02-28,Lake Worth,P0277,2,48,2
2025-07-31,Oakland Park,P0011,0,36,2
2025-08-31,Oakland Park,P0106,3,42,2
2026-06-30,Lake Worth,P0245,5,34,3
2025-08-31,Dania Beach,P0004,12,38,1
2026-04-30,Oakland Park,P0192,7,29,1
2025-07-31,Lake Worth,P0232,17,30,2
2025-12-31,Dania Beach,P0245,5,27,1
2026-02-28,Dania Beach,P0252,3,61,1
2025-09-30,Oakland Park,P0248,4,178,3
2026-04-30,Oakland Park,P0063,3,65,1
2025-09-30,Oakland Park,P0208,1,8,3
2025-12-31,Lake Worth,P0180,1,236,1
2026-03-31,Dania Beach,P0140,8,64,1
2026-03-31,Lake Worth,P0175,6,37,2
2025-07-31,Oakland Park,P0061,3,48,3
2025-12-31,Oakland Park,P0173,5,32,2
2026-05-31,Oakland Park,P0027,6,60,2
2025-12-31,Lake Worth,P0122,5,98,2
2026-01-31,Oakland Park,P0231,6,49,3
2025-09-30,Oakland Park,P0044,0,6,3
2026-02-28,Dania Beach,P0026,2,39,3
2025-09-30,Oakland Park,P0179,3,33,2
2026-03-31,Lake Worth,P0272,3,51,3
2026-01-31,Lake Worth,P0059,2,28,1
2026-01-31,Dania Beach,P0161,3,36,2
2025-11-30,Dania Beach,P0146,6,10,1
2026-02-28,Lake Worth,P0153,5,6,1
2026-06-30,Oakland Park,P0008,5,17,2
2025-11-30,Oakland Park,P0124,0,59,2
2025-08-31,Lake Worth,P0206,1,46,2
2026-06-30,Dania Beach,P0034,2,73,1
2026-01-31,Dania Beach,P0016,5,184,2
2026-02-28,Lake Worth,P0154,1,251,2
2026-01-31,Oakland Park,P0037,4,208,3
2025-12-31,Oakland Park,P0176,6,279,3
2025-10-31,Dania Beach,P0293,4,16,1
2025-11-30,Oakland Park,P0051,3,32,3
2026-02-28,Dania Beach,P0065,1,114,1
2025-07-31,Lake Worth,P0080,0,71,2
2026-05-31,Oakland Park,P0130,0,61,3
2025-10-31,Oakland Park,P0187,3,59,2
2025-09-30,Dania Beach,P0099,24,60,3
2026-06-30,Lake Worth,P0202,3,6,2
2025-12-31,Oakland Park,P0022,11,240,3
2025-09-30,Dania Beach,P0017,2,45,3
2026-06-30,Dania Beach,P0097,0,71,2
2025-07-31,Dania Beach,P0067,0,0,1
2025-10-31,Oakland Park,P0174,2,43,2
2025-10-31,Dania Beach,P0099,22,141,2
2025-12-31,Oakland Park,P0005,4,40,1
2025-10-31,Dania Beach,P0043,0,8,2
2026-04-30,Oakland Park,P0119,3,11,2
2025-12-31,Oakland Park,P0026,0,73,3
2026-01-31,Dania Beach,P0258,157,75,2
2025-08-31,Oakland Park,P0271,11,136,2
2025-08-31,Dania Beach,P0300,3,40,2
2026-01-31,Lake Worth,P0052,1,72,2
2026-03-31,Dania Beach,P0244,5,58,2
2025-08-31,Dania Beach,P0093,8,109,2
2025-08-31,Lake Worth,P0297,4,209,1
2025-10-31,Dania Beach,P0163,3,269,1
2026-05-31,Dania Beach,P0031,2,44,2
2026-06-30,Oakland Park,P0244,3,22,1
2026-01-31,Lake Worth,P0201,7,62,1
2026-05-31,Oakland Park,P0166,1,36,3
2025-08-31,Dania Beach,P0116,11,62,2
2026-03-31,Oakland Park,P0168,2,23,3
2025-07-31,Oakland Park,P0097,0,21,1
2025-08-31,Oakland Park,P0159,1,59,3
2025-07-31,Oakland Park,P0064,1,217,2
2026-01-31,Lake Worth,P0157,13,69,2
2026-06-30,Dania Beach,P0283,8,44,2
2026-05-31,Dania Beach,P0125,6,14,3
2025-11-30,Oakland Park,P0263,12,83,2
2025-11-30,Dania Beach,P0294,8,58,2
2025-07-31,Lake Worth,P0173,10,8,2
2025-12-31,Lake Worth,P0054,6,47,3
2026-05-31,Lake Worth,P0279,6,51,2
2026-01-31,Oakland Park,P0060,8,31,1
2025-12-31,Lake Worth,P0216,0,62,2
2025-10-31,Dania Beach,P0226,2,22,3
2026-05-31,Lake Worth,P0100,16,7,2
2026-06-30,Oakland Park,P0240,3,191,2
2026-01-31,Dania Beach,P0073,0,0,3
2026-06-30,Lake Worth,P0005,0,24,1
2026-03-31,Lake Worth,P0040,3,35,3
2025-08-31,Lake Worth,P0058,7,46,2
2025-11-30,Lake Worth,P0007,2,74,3
2025-11-30,Dania Beach,P0214,2,53,1
2026-03-31,Dania Beach,P0195,3,144,3
2026-03-31,Dania Beach,P0278,3,14,2
2025-12-31,Oakland Park,P0152,5,37,2
2025-08-31,Lake Worth,P0160,1,313,3
2026-06-30,Lake Worth,P0070,2,71,2
2025-10-31,Dania Beach,P0197,3,34,2
2026-02-28,Lake Worth,P0085,2,66,2
2026-01-31,Oakland Park,P0025,3,208,2
2026-04-30,Lake Worth,P0178,3,68,3
2025-08-31,Dania Beach,P0128,0,0,1
2026-06-30,Oakland Park,P0083,0,32,2
2026-04-30,Lake Worth,P0112,21,260,2
2025-07-31,Oakland Park,P0297,3,54,2
2026-01-31,Oakland Park,P0081,3,52,3
2025-11-30,Dania Beach,P0005,4,68,1
2026-03-31,Oakland Park,P0179,0,48,1
2025-08-31,Oakland Park,P0274,2,178,1
2025-07-31,Dania Beach,P0024,0,0,2
2025-12-31,Lake Worth,P0094,4,16,3
2026-02-28,Oakland Park,P0136,2,20,2
2026-02-28,Oakland Park,P0002,4,23,3
2026-01-31,Oakland Park,P0116,8,269,2
2025-08-31,Dania Beach,P0289,0,64,2
2026-03-31,Oakland Park,P0106,4,290,3
2025-08-31,Dania Beach,P0092,5,11,2
2025-09-30,Oakland Park,P0130,0,69,1
2025-07-31,Dania Beach,P0141,22,29,3
2026-04-30,Dania Beach,P0213,0,48,2
2026-05-31,Lake Worth,P0272,6,36,2
2025-11-30,Dania Beach,P0170,0,0,3
2026-06-30,Oakland Park,P0010,8,93,2
2025-10-31,Dania Beach,P0289,1,288,2
2026-01-31,Lake Worth,P0014,0,51,2
2025-11-30,Lake Worth,P0298,16,17,1
2026-03-31,Lake Worth,P0300,0,7,3
2026-06-30,Lake Worth,P0121,4,56,3
2025-09-30,Dania Beach,P0254,1,211,2
2026-05-31,Oakland Park,P0174,2,68,2
2025-08-31,Dania Beach,P0295,1,74,2
2026-05-31,Lake Worth,P0197,1,69,1
2026-06-30,Dania Beach,P0276,0,12,3
2026-06-30,Dania Beach,P0105,0,52,1
2026-06-30,Oakland Park,P0281,3,96,2
2026-05-31,Oakland Park,P0039,0,33,3
2025-10-31,Oakland Park,P0263,10,236,1
2025-08-31,Oakland Park,P0084,4,61,3
2025-11-30,Lake Worth,P0175,4,64,2
2026-01-31,Dania Beach,P0217,0,75,2
2025-07-31,Oakland Park,P0022,12,254,2
2026-05-31,Oakland Park,P0002,0,30,3
2026-05-31,Oakland Park,P0245,8,71,1
2025-10-31,Lake Worth,P0002,2,49,2
2026-04-30,Oakland Park,P0016,6,14,3
2025-09-30,Lake Worth,P0031,0,5,1
2026-06-30,Dania Beach,P0019,0,26,2
2026-05-31,Dania Beach,P0191,0,42,1
2026-06-30,Lake Worth,P0252,0,64,2
2026-01-31,Oakland Park,P0100,16,18,3
2026-02-28,Lake Worth,P0179,0,54,3
2025-10-31,Dania Beach,P0052,0,50,3
2025-07-31,Lake Worth,P0022,13,12,2
2026-02-28,Dania Beach,P0052,2,37,1
2026-03-31,Lake Worth,P0178,5,74,2
2026-06-30,Lake Worth,P0194,3,26,2
2026-06-30,Lake Worth,P0296,2,68,2
2025-07-31,Lake Worth,P0043,3,123,3
2025-07-31,Oakland Park,P0126,3,7,2
2025-10-31,Lake Worth,P0168,4,11,2
2025-10-31,Oakland Park,P0215,1,49,2
2026-02-28,Oakland Park,P0006,6,33,2
2025-08-31,Oakland Park,P0176,3,56,3
2025-09-30,Lake Worth,P0265,3,31,2
2025-10-31,Lake Worth,P0201,0,57,1
2026-02-28,Lake Worth,P0007,3,71,2
2026-05-31,Oakland Park,P0276,0,65,2
2025-07-31,Oakland Park,P0236,3,25,1
2025-07-31,Dania Beach,P0131,2,310,2
2025-10-31,Oakland Park,P0027,2,50,2
2025-07-31,Lake Worth,P0201,0,9,3
2026-06-30,Oakland Park,P0230,3,8,1
2025-08-31,Oakland Park,P0107,6,183,2
2025-12-31,Lake Worth,P0093,5,182,3
2026-04-30,Oakland Park,P0128,14,179,1
2025-09-30,Lake Worth,P0083,3,26,2
2026-04-30,Lake Worth,P0153,3,72,1
2025-08-31,Lake Worth,P0203,0,31,3
2025-12-31,Oakland Park,P0188,14,102,2
2026-04-30,Lake Worth,P0296,2,47,2
2025-09-30,Lake Worth,P0109,2,276,3
2026-06-30,Oakland Park,P0236,0,16,2
2025-10-31,Lake Worth,P0127,5,169,3
2026-05-31,Lake Worth,P0101,3,68,1
2026-03-31,Dania Beach,P0061,2,281,1
2026-05-31,Dania Beach,P0292,0,7,1
2026-02-28,Dania Beach,P0124,3,69,2
2026-05-31,Dania Beach,P0285,3,59,2
2026-06-30,Oakland Park,P0235,3,16,2
2025-10-31,Oakland Park,P0298,18,51,2
2026-03-31,Dania Beach,P0049,0,38,2
2025-09-30,Lake Worth,P0289,2,35,2
2025-11-30,Lake Worth,P0072,0,42,2
2025-11-30,Dania Beach,P0058,10,108,3
2026-03-31,Dania Beach,P0220,5,32,3
2026-04-30,Oakland Park,P0091,12,28,2
2025-09-30,Lake Worth,P0165,0,38,3
2026-05-31,Lake Worth,P0021,3,67,1
2026-05-31,Oakland Park,P0249,0,6,2
2025-09-30,Lake Worth,P0105,8,73,1
2026-01-31,Dania Beach,P0070,2,61,2
2026-05-31,Oakland Park,P0013,5,32,1
2025-08-31,Oakland Park,P0043,1,65,2
2026-03-31,Lake Worth,P0130,3,68,2
2025-12-31,Dania Beach,P0227,7,233,2
2026-02-28,Lake Worth,P0125,6,31,3
2026-06-30,Lake Worth,P0135,6,36,1
2025-10-31,Dania Beach,P0102,5,37,1
2026-06-30,Lake Worth,P0085,0,43,2
2025-10-31,Oakland Park,P0009,6,24,3
2026-06-30,Oakland Park,P0043,2,226,2
2026-01-31,Dania Beach,P0269,2,41,1
2025-10-31,Dania Beach,P0070,0,14,2
2025-09-30,Lake Worth,P0194,2,44,3
2026-05-31,Dania Beach,P0002,0,40,2
2025-10-31,Oakland Park,P0132,6,5,1
2026-06-30,Lake Worth,P0288,5,253,2
2025-11-30,Lake Worth,P0179,1,50,3
2026-02-28,Oakland Park,P0140,5,30,3
2025-09-30,Dania Beach,P0083,1,20,3
2025-12-31,Lake Worth,P0088,5,17,2
2026-04-30,Dania Beach,P0046,3,9,2
2025-07-31,Lake Worth,P0215,2,21,2
2026-04-30,Dania Beach,P0133,1,46,2
2026-03-31,Oakland Park,P0100,13,64,1
2026-02-28,Lake Worth,P0155,0,49,1
2025-11-30,Oakland Park,P0146,2,193,2
2026-05-31,Dania Beach,P0041,10,62,1
2025-08-31,Lake Worth,P0027,5,47,1
2025-10-31,Lake Worth,P0273,0,8,2
2025-11-30,Lake Worth,P0048,9,159,2
2025-08-31,Lake Worth,P0111,0,28,1
2025-09-30,Oakland Park,P0011,2,11,3
2026-01-31,Lake Worth,P0006,5,124,2
2026-01-31,Dania Beach,P0256,0,38,2
2025-11-30,Lake Worth,P0108,6,17,3
2025-08-31,Lake Worth,P0159,5,35,2
2025-07-31,Dania Beach,P0240,2,18,2
2025-07-31,Dania Beach,P0150,3,26,2
2025-11-30,Lake Worth,P0120,27,61,2
2025-08-31,Lake Worth,P0207,2,34,2
2026-06-30,Oakland Park,P0271,9,146,2
2026-03-31,Oakland Park,P0280,2,58,3
2025-10-31,Lake Worth,P0011,0,31,2
2026-02-28,Dania Beach,P0160,2,252,2
2025-11-30,Lake Worth,P0051,0,72,3
2025-12-31,Dania Beach,P0256,2,20,3
2026-01-31,Dania Beach,P0197,0,27,2
2026-02-28,Dania Beach,P0109,8,20,1
2026-01-31,Dania Beach,P0133,7,9,3
2025-09-30,Dania Beach,P0226,0,36,2
2025-09-30,Dania Beach,P0104,7,8,2
2025-08-31,Dania Beach,P0033,8,29,1
2026-02-28,Lake Worth,P0281,5,8,2
2026-04-30,Oakland Park,P0299,0,75,2
2026-02-28,Dania Beach,P0082,5,110,2
2025-07-31,Dania Beach,P0282,5,283,2
2026-05-31,Oakland Park,P0203,1,61,2
2026-02-28,Oakland Park,P0205,6,141,1
2025-12-31,Oakland Park,P0295,0,73,2
2025-08-31,Lake Worth,P0035,8,59,2
2026-01-31,Oakland Park,P0165,6,7,2
2025-11-30,Lake Worth,P0062,3,23,2
2025-11-30,Oakland Park,P0095,7,22,3
2025-09-30,Oakland Park,P0222,4,37,3
2026-05-31,Lake Worth,P0125,5,69,2
2025-10-31,Dania Beach,P0252,0,18,3
2026-05-31,Lake Worth,P0053,1,71,2
2026-05-31,Oakland Park,P0169,0,28,3
2026-03-31,Dania Beach,P0031,4,73,3
2026-01-31,Lake Worth,P0223,1,74,2
2026-05-31,Oakland Park,P0056,4,131,2
2025-12-31,Oakland Park,P0052,2,24,2
2025-12-31,Lake Worth,P0264,10,64,3
2025-10-31,Lake Worth,P0199,0,14,1
2025-07-31,Dania Beach,P0010,0,0,2
2025-08-31,Dania Beach,P0129,7,33,2
2026-01-31,Dania Beach,P0156,0,0,3
2026-03-31,Oakland Park,P0005,2,40,3
2025-10-31,Dania Beach,P0189,0,0,2
2025-11-30,Lake Worth,P0080,0,21,3
2025-11-30,Dania Beach,P0266,5,74,2
2026-06-30,Oakland Park,P0252,0,75,1
2025-11-30,Lake Worth,P0004,8,8,1
2026-01-31,Oakland Park,P0211,5,14,2
2026-06-30,Dania Beach,P0119,2,39,3
2026-02-28,Lake Worth,P0121,6,297,2
2025-08-31,Oakland Park,P0024,11,79,3
2025-12-31,Dania Beach,P0146,1,46,1
2025-10-31,Oakland Park,P0296,3,15,3
2026-04-30,Dania Beach,P0075,1,63,1
2025-09-30,Lake Worth,P0272,4,46,3
2025-11-30,Oakland Park,P0285,3,36,2
2025-08-31,Oakland Park,P0021,6,57,2
2026-05-31,Dania Beach,P0268,5,51,3
2026-02-28,Dania Beach,P0171,4,63,3
2026-04-30,Lake Worth,P0039,0,12,2
2026-06-30,Oakland Park,P0147,5,14,2
2025-08-31,Lake Worth,P0042,19,36,1
2025-11-30,Lake Worth,P0264,11,141,2
2025-11-30,Dania Beach,P0114,2,56,3
2025-08-31,Oakland Park,P0131,1,161,2
2025-11-30,Lake Worth,P0184,0,22,3
2025-10-31,Lake Worth,P0204,4,65,3
2026-02-28,Dania Beach,P0020,4,25,2
2025-08-31,Oakland Park,P0150,5,68,2
2026-01-31,Lake Worth,P0190,4,149,1
2025-10-31,Dania Beach,P0048,3,21,2
2025-12-31,Dania Beach,P0066,2,229,1
2025-09-30,Dania Beach,P0070,4,57,3
2025-09-30,Oakland Park,P0058,6,68,2
2025-07-31,Lake Worth,P0257,1,72,3
2025-08-31,Dania Beach,P0172,4,44,3
2026-03-31,Lake Worth,P0234,9,31,1
2026-01-31,Oakland Park,P0103,1,63,3
2025-11-30,Lake Worth,P0061,1,63,3
2026-04-30,Lake Worth,P0030,3,15,2
2025-10-31,Oakland Park,P0236,3,27,2
2026-01-31,Lake Worth,P0165,5,34,2
2026-04-30,Dania Beach,P0269,3,103,2
2025-10-31,Lake Worth,P0098,9,241,2
2025-10-31,Dania Beach,P0267,3,20,3
2026-05-31,Dania Beach,P0014,3,37,3
2025-12-31,Dania Beach,P0190,5,69,3
2026-05-31,Dania Beach,P0104,7,65,2
2026-05-31,Oakland Park,P0251,4,198,1
2026-01-31,Lake Worth,P0058,9,27,1
2026-03-31,Lake Worth,P0245,7,196,1
2025-08-31,Oakland Park,P0175,7,152,2
2025-12-31,Lake Worth,P0133,5,231,3
2026-06-30,Dania Beach,P0094,1,38,2
2025-10-31,Oakland Park,P0271,9,161,2
2025-09-30,Dania Beach,P0168,4,40,1
2025-09-30,Oakland Park,P0278,2,33,1
2025-10-31,Oakland Park,P0289,1,55,1
2026-02-28,Dania Beach,P0087,0,45,1
2026-03-31,Dania Beach,P0128,0,0,1
2025-12-31,Oakland Park,P0017,1,69,2
2025-12-31,Lake Worth,P0065,4,247,2
2026-04-30,Oakland Park,P0122,10,173,2
2025-09-30,Lake Worth,P0130,0,6,1
2025-07-31,Oakland Park,P0206,12,134,1
2026-04-30,Oakland Park,P0093,5,22,2
2026-05-31,Lake Worth,P0114,5,50,2
2025-07-31,Lake Worth,P0109,2,126,3
2025-11-30,Oakland Park,P0103,2,49,1
2026-06-30,Lake Worth,P0077,5,74,2
2025-07-31,Dania Beach,P0246,0,5,3
2025-10-31,Lake Worth,P0158,6,160,2
2025-07-31,Dania Beach,P0252,3,18,1
2026-05-31,Oakland Park,P0138,28,69,1
2026-02-28,Lake Worth,P0077,3,20,1
2025-08-31,Lake Worth,P0113,7,59,1
2025-12-31,Lake Worth,P0222,4,7,2
2026-01-31,Lake Worth,P0179,0,24,1
2025-09-30,Dania Beach,P0262,2,12,1
2025-10-31,Lake Worth,P0050,11,63,1
2026-02-28,Oakland Park,P0292,2,38,1
2026-03-31,Dania Beach,P0300,4,41,3
2025-12-31,Lake Worth,P0211,5,48,2
2025-12-31,Lake Worth,P0159,2,209,1
2025-10-31,Dania Beach,P0260,0,8,3
2025-12-31,Dania Beach,P0216,0,44,2
2025-12-31,Lake Worth,P0052,5,259,1
2026-06-30,Oakland Park,P0067,8,159,2
2026-04-30,Oakland Park,P0160,2,42,2
2025-08-31,Lake Worth,P0107,7,222,2
2026-02-28,Dania Beach,P0002,1,11,2
2025-11-30,Lake Worth,P0119,2,57,1
2026-05-31,Dania Beach,P0079,10,43,2
2025-08-31,Oakland Park,P0281,5,43,1
2025-07-31,Lake Worth,P0068,11,27,2
2026-02-28,Lake Worth,P0294,5,52,2
2025-07-31,Dania Beach,P0075,1,71,2
2026-04-30,Dania Beach,P0128,0,0,1
2025-08-31,Lake Worth,P0293,4,67,1
2026-01-31,Dania Beach,P0120,34,48,2
2026-02-28,Lake Worth,P0173,8,35,3
2026-05-31,Oakland Park,P0093,8,30,1
2025-10-31,Dania Beach,P0098,7,44,2
2026-04-30,Oakland Park,P0067,8,75,3
2026-01-31,Oakland Park,P0159,2,38,3
2026-06-30,Lake Worth,P0050,15,46,3
2026-02-28,Oakland Park,P0082,5,50,2
2026-01-31,Oakland Park,P0064,1,19,3
2026-06-30,Lake Worth,P0007,4,173,1
2025-10-31,Oakland Park,P0171,0,25,1
2026-03-31,Oakland Park,P0097,1,258,2
2026-02-28,Lake Worth,P0190,5,40,2
2025-10-31,Dania Beach,P0244,6,66,2
2025-10-31,Dania Beach,P0198,0,0,1
2026-02-28,Lake Worth,P0218,2,162,1
2026-01-31,Oakland Park,P0144,6,236,2
2026-04-30,Dania Beach,P0090,7,39,1
2026-05-31,Oakland Park,P0228,2,204,2
2025-08-31,Lake Worth,P0066,7,64,3
2025-12-31,Dania Beach,P0038,0,39,3
2026-01-31,Dania Beach,P0236,1,62,3
2026-05-31,Dania Beach,P0293,6,309,1
2025-11-30,Oakland Park,P0088,4,295,2
2025-08-31,Dania Beach,P0210,4,62,3
2026-06-30,Lake Worth,P0053,3,12,2
2025-07-31,Oakland Park,P0224,0,5,1
2026-01-31,Dania Beach,P0225,17,7,1
2026-04-30,Lake Worth,P0177,0,54,3
2026-04-30,Lake Worth,P0100,17,95,1
2026-04-30,Lake Worth,P0006,6,26,3
2026-02-28,Oakland Park,P0129,5,45,1
2025-12-31,Oakland Park,P0057,8,27,2
2025-11-30,Dania Beach,P0035,0,0,1
2026-05-31,Lake Worth,P0007,6,68,3
2026-02-28,Dania Beach,P0004,9,59,3
2025-09-30,Dania Beach,P0025,2,38,3
2025-10-31,Oakland Park,P0248,5,18,2
2025-09-30,Oakland Park,P0009,1,45,3
2025-07-31,Lake Worth,P0273,0,18,3
2026-06-30,Oakland Park,P0237,1,18,2
2025-12-31,Lake Worth,P0042,23,67,3
2026-05-31,Dania Beach,P0122,0,0,2
2025-11-30,Oakland Park,P0031,6,45,2
2026-06-30,Dania Beach,P0068,12,300,3
2025-10-31,Oakland Park,P0196,15,105,1
2025-10-31,Lake Worth,P0181,29,57,1
2025-07-31,Lake Worth,P0222,7,296,2
2025-07-31,Lake Worth,P0237,2,93,1
2026-03-31,Oakland Park,P0053,0,48,2
2026-04-30,Oakland Park,P0152,4,152,1
2025-10-31,Lake Worth,P0103,0,42,3
2025-07-31,Lake Worth,P0126,4,17,3
2025-07-31,Dania Beach,P0244,4,14,2
2025-08-31,Dania Beach,P0284,0,0,3
2026-03-31,Lake Worth,P0282,2,19,2
2026-04-30,Oakland Park,P0292,0,43,2
2025-07-31,Lake Worth,P0209,10,57,1
2026-05-31,Dania Beach,P0097,0,63,2
2025-12-31,Lake Worth,P0158,2,47,2
2026-04-30,Lake Worth,P0230,0,18,3
2026-05-31,Lake Worth,P0292,0,6,1
2025-11-30,Dania Beach,P0156,0,0,3
2025-08-31,Oakland Park,P0097,2,66,2
2026-01-31,Lake Worth,P0161,8,20,1
2026-06-30,Oakland Park,P0049,0,23,2
2026-01-31,Oakland Park,P0254,1,74,3
2026-01-31,Oakland Park,P0065,4,34,2
2025-12-31,Oakland Park,P0100,18,61,2
2026-06-30,Dania Beach,P0030,5,148,2
2026-01-31,Lake Worth,P0291,4,49,2
2025-11-30,Dania Beach,P0151,0,0,1
2026-05-31,Dania Beach,P0119,3,8,2
2025-09-30,Lake Worth,P0048,2,41,2
2025-07-31,Dania Beach,P0106,1,30,3
2025-07-31,Lake Worth,P0055,1,45,3
2025-12-31,Oakland Park,P0273,0,59,3
2026-01-31,Oakland Park,P0086,0,26,1
2026-02-28,Dania Beach,P0110,2,10,2
2026-03-31,Lake Worth,P0129,4,258,1
2025-11-30,Lake Worth,P0286,7,95,3
2026-02-28,Dania Beach,P0113,7,74,2
2026-02-28,Dania Beach,P0137,5,106,1
2026-05-31,Lake Worth,P0126,5,14,2
2025-10-31,Oakland Park,P0195,4,24,2
2025-11-30,Lake Worth,P0022,10,43,1
2025-08-31,Lake Worth,P0063,4,66,2
2026-05-31,Dania Beach,P0146,2,191,3
2025-09-30,Dania Beach,P0189,0,0,3
2026-03-31,Lake Worth,P0137,7,20,2
2026-06-30,Oakland Park,P0225,16,201,1
2026-04-30,Lake Worth,P0018,1,9,1
2026-02-28,Dania Beach,P0169,6,20,3
2025-07-31,Lake Worth,P0092,3,35,2
2025-12-31,Dania Beach,P0234,8,22,2
2025-10-31,Lake Worth,P0044,2,71,2
2025-07-31,Dania Beach,P0046,0,15,2
2026-05-31,Lake Worth,P0001,0,64,2
2025-12-31,Lake Worth,P0134,9,22,2
2026-03-31,Oakland Park,P0080,0,34,3
2025-07-31,Oakland Park,P0257,4,26,2
2025-12-31,Dania Beach,P0163,0,19,2
2026-04-30,Lake Worth,P0251,6,46,2
2026-06-30,Dania Beach,P0133,2,239,2
2025-09-30,Oakland Park,P0049,4,70,3
2026-06-30,Lake Worth,P0264,13,247,2
2025-09-30,Dania Beach,P0171,0,36,2
2025-08-31,Oakland Park,P0240,4,39,1
2025-09-30,Dania Beach,P0077,7,237,1
2026-06-30,Oakland Park,P0194,0,25,2
2026-04-30,Oakland Park,P0127,0,45,2
2025-11-30,Lake Worth,P0044,4,53,1
2025-12-31,Oakland Park,P0018,0,20,1
2026-01-31,Lake Worth,P0043,3,42,3
2025-11-30,Oakland Park,P0144,10,128,1
2026-03-31,Dania Beach,P0242,5,45,2
2025-09-30,Lake Worth,P0286,8,53,3
2026-05-31,Oakland Park,P0145,11,34,3
2025-09-30,Lake Worth,P0035,1,56,1
2026-01-31,Lake Worth,P0029,3,50,1
2025-10-31,Oakland Park,P0186,2,67,2
2026-06-30,Oakland Park,P0261,0,63,1
2025-07-31,Lake Worth,P0003,3,320,2
2025-07-31,Lake Worth,P0238,2,9,2
2026-04-30,Lake Worth,P0086,4,66,1
2025-12-31,Oakland Park,P0092,1,211,2
2025-07-31,Lake Worth,P0277,2,33,1
2025-10-31,Oakland Park,P0239,2,32,2
2025-12-31,Dania Beach,P0272,1,22,3
2026-01-31,Lake Worth,P0092,1,26,2
2026-03-31,Lake Worth,P0215,2,22,1
2025-11-30,Oakland Park,P0097,2,302,3
2025-11-30,Oakland Park,P0117,3,45,3
2025-11-30,Lake Worth,P0105,1,65,1
2026-03-31,Oakland Park,P0181,30,21,1
2026-03-31,Dania Beach,P0071,12,58,3
2026-05-31,Lake Worth,P0038,1,10,2
2026-06-30,Lake Worth,P0051,0,26,3
2026-05-31,Lake Worth,P0062,3,11,2
2026-06-30,Lake Worth,P0079,7,74,2
2026-05-31,Dania Beach,P0174,2,59,2
2025-08-31,Lake Worth,P0227,8,70,2
2026-06-30,Dania Beach,P0209,8,285,3
2026-02-28,Oakland Park,P0135,2,5,1
2025-11-30,Lake Worth,P0064,4,224,2
2026-05-31,Lake Worth,P0167,1,34,3
2026-01-31,Oakland Park,P0174,0,61,3
2025-08-31,Oakland Park,P0165,3,42,2
2025-09-30,Lake Worth,P0098,5,142,2
2025-10-31,Oakland Park,P0233,14,18,2
2026-02-28,Lake Worth,P0233,10,68,2
2025-11-30,Dania Beach,P0218,3,46,2
2025-08-31,Lake Worth,P0220,3,49,1
2025-08-31,Dania Beach,P0215,6,12,2
2025-08-31,Lake Worth,P0146,0,55,3
2026-01-31,Lake Worth,P0091,15,110,2
2026-04-30,Lake Worth,P0172,6,72,1
2026-02-28,Dania Beach,P0101,2,21,2
2026-06-30,Oakland Park,P0279,5,52,3
2026-02-28,Dania Beach,P0043,1,166,2
2026-05-31,Lake Worth,P0068,8,34,2
2026-05-31,Lake Worth,P0246,0,29,2
2025-09-30,Lake Worth,P0190,6,193,1
2025-10-31,Lake Worth,P0039,0,25,3
2026-02-28,Oakland Park,P0012,4,49,1
2025-12-31,Oakland Park,P0263,14,144,2
2025-11-30,Lake Worth,P0176,0,42,3
2026-01-31,Lake Worth,P0224,2,50,2
2025-10-31,Dania Beach,P0038,2,13,1
2025-10-31,Lake Worth,P0222,7,36,2
2026-06-30,Lake Worth,P0204,1,28,2
2026-03-31,Dania Beach,P0240,3,20,2
2026-03-31,Dania Beach,P0150,6,25,2
2025-09-30,Oakland Park,P0293,8,65,2
2025-11-30,Oakland Park,P0265,5,150,1
2025-09-30,Dania Beach,P0273,3,95,2
2026-06-30,Lake Worth,P0159,1,34,1
2026-04-30,Dania Beach,P0005,0,54,2
2026-02-28,Lake Worth,P0014,5,19,2
2025-12-31,Lake Worth,P0034,5,199,3
2025-12-31,Dania Beach,P0051,2,15,1
2025-10-31,Oakland Park,P0143,3,150,1
2026-02-28,Dania Beach,P0227,8,48,1
2025-09-30,Dania Beach,P0299,3,39,1
2026-02-28,Oakland Park,P0288,4,7,2
2025-08-31,Dania Beach,P0297,4,22,2
2026-01-31,Lake Worth,P0121,5,254,2
2026-06-30,Lake Worth,P0164,2,43,3
2026-02-28,Dania Beach,P0158,1,19,2
2025-10-31,Oakland Park,P0300,1,64,2
2025-09-30,Dania Beach,P0101,0,49,3
2026-03-31,Dania Beach,P0190,2,63,1
2026-01-31,Lake Worth,P0095,8,60,1
2026-06-30,Dania Beach,P0095,9,5,2
2025-07-31,Dania Beach,P0036,0,0,3
2025-10-31,Oakland Park,P0071,13,22,2
2025-11-30,Oakland Park,P0091,13,58,1
2025-12-31,Dania Beach,P0014,3,55,3
2025-09-30,Oakland Park,P0090,8,8,2
2025-12-31,Dania Beach,P0252,0,39,3
2025-07-31,Oakland Park,P0040,2,32,2
2025-12-31,Oakland Park,P0016,7,15,2
2025-12-31,Oakland Park,P0099,25,69,2
2026-02-28,Oakland Park,P0164,0,64,2
2026-02-28,Lake Worth,P0189,2,108,1
2025-08-31,Dania Beach,P0065,0,30,1
2025-12-31,Oakland Park,P0023,5,63,3
2026-05-31,Dania Beach,P0083,0,38,3
2026-05-31,Dania Beach,P0299,0,22,3
2026-02-28,Lake Worth,P0216,3,31,1
2025-07-31,Lake Worth,P0093,6,50,2
2026-03-31,Dania Beach,P0260,0,71,1
2026-06-30,Oakland Park,P0079,9,6,2
2025-10-31,Dania Beach,P0150,5,30,1
2025-07-31,Lake Worth,P0247,5,75,1
2025-07-31,Oakland Park,P0201,0,44,1
2026-06-30,Oakland Park,P0099,25,73,1
2026-05-31,Dania Beach,P0038,2,64,2
2025-07-31,Lake Worth,P0235,0,11,2
2026-06-30,Oakland Park,P0045,20,103,3
2026-03-31,Oakland Park,P0220,2,253,1
2025-08-31,Lake Worth,P0182,3,42,2
2026-04-30,Dania Beach,P0211,7,296,2
2026-04-30,Oakland Park,P0163,2,315,2
2025-09-30,Lake Worth,P0067,4,34,3
2026-04-30,Dania Beach,P0218,5,11,3
2025-07-31,Lake Worth,P0004,8,34,3
2025-07-31,Dania Beach,P0013,3,12,2
2026-05-31,Oakland Park,P0151,13,163,2
2025-07-31,Oakland Park,P0265,2,31,3
2026-01-31,Lake Worth,P0249,2,14,3
2026-05-31,Dania Beach,P0059,2,57,3
2025-11-30,Lake Worth,P0057,5,23,2
2026-06-30,Dania Beach,P0024,0,0,3
2026-01-31,Oakland Park,P0152,8,32,2
2026-01-31,Lake Worth,P0131,3,32,2
2025-08-31,Oakland Park,P0158,2,69,2
2025-11-30,Oakland Park,P0022,14,25,3
2025-07-31,Lake Worth,P0099,25,154,2
2026-01-31,Oakland Park,P0223,2,126,3
2025-10-31,Lake Worth,P0106,2,49,1
2026-04-30,Oakland Park,P0032,3,54,2
2025-12-31,Lake Worth,P0095,9,157,2
2025-08-31,Oakland Park,P0185,0,44,3
2026-06-30,Oakland Park,P0027,5,27,2
2025-07-31,Lake Worth,P0090,8,11,2
2025-07-31,Lake Worth,P0280,1,26,1
2026-05-31,Oakland Park,P0272,3,61,2
2026-02-28,Lake Worth,P0041,10,10,2
2026-05-31,Oakland Park,P0021,2,244,2
2026-04-30,Oakland Park,P0173,8,75,3
2026-01-31,Lake Worth,P0082,4,221,2
2026-02-28,Lake Worth,P0245,9,9,2
2025-09-30,Oakland Park,P0078,3,39,1
2025-08-31,Oakland Park,P0013,7,320,1
2025-10-31,Oakland Park,P0042,18,131,2
2025-07-31,Oakland Park,P0273,0,47,2
2026-04-30,Dania Beach,P0271,0,0,1
2025-11-30,Lake Worth,P0128,1,169,3
2025-07-31,Dania Beach,P0020,8,36,2
2026-02-28,Oakland Park,P0087,1,54,2
2025-07-31,Dania Beach,P0077,7,12,3
2026-04-30,Lake Worth,P0274,1,264,2
2026-05-31,Dania Beach,P0011,1,46,2
2025-12-31,Oakland Park,P0229,69,60,2
2025-12-31,Oakland Park,P0153,6,65,1
2026-01-31,Dania Beach,P0031,6,51,3
2025-11-30,Lake Worth,P0252,1,71,2
2025-07-31,Dania Beach,P0068,13,133,3
2026-04-30,Lake Worth,P0106,4,46,3
2025-07-31,Oakland Park,P0179,1,67,2
2025-09-30,Lake Worth,P0245,6,43,2
2025-11-30,Lake Worth,P0172,1,28,3
2025-12-31,Lake Worth,P0025,2,46,2
2025-12-31,Lake Worth,P0172,3,295,2
2025-10-31,Dania Beach,P0139,0,7,2
2025-07-31,Lake Worth,P0241,5,180,2
2025-11-30,Lake Worth,P0217,0,40,2
2025-09-30,Lake Worth,P0274,1,74,1
2025-10-31,Lake Worth,P0217,0,19,2
2025-10-31,Dania Beach,P0185,0,64,3
2025-10-31,Oakland Park,P0241,2,70,3
2025-09-30,Lake Worth,P0172,5,5,1
2026-04-30,Oakland Park,P0049,0,46,2
2026-02-28,Dania Beach,P0053,0,28,3
2025-11-30,Dania Beach,P0064,2,52,3
2025-10-31,Lake Worth,P0213,0,19,1
2026-06-30,Oakland Park,P0243,0,23,3
2025-09-30,Dania Beach,P0251,4,10,2
2026-06-30,Dania Beach,P0168,1,32,2
2025-12-31,Lake Worth,P0120,32,23,2
2026-01-31,Oakland Park,P0296,0,60,2
2025-09-30,Oakland Park,P0259,7,59,2
2026-02-28,Lake Worth,P0266,9,42,2
2025-08-31,Lake Worth,P0148,3,38,2
2026-06-30,Dania Beach,P0075,1,22,2
2025-12-31,Lake Worth,P0076,3,38,2
2025-12-31,Dania Beach,P0237,3,35,2
2025-09-30,Oakland Park,P0128,6,171,1
2025-12-31,Dania Beach,P0002,0,65,2
2026-06-30,Oakland Park,P0023,1,74,1
2026-01-31,Dania Beach,P0002,2,61,2
2026-03-31,Oakland Park,P0157,11,99,3
2025-11-30,Dania Beach,P0001,1,20,2
2025-09-30,Lake Worth,P0241,5,15,3
2026-02-28,Lake Worth,P0263,4,24,3
2025-11-30,Dania Beach,P0205,0,0,2
2025-12-31,Dania Beach,P0033,10,56,2
2026-04-30,Oakland Park,P0233,12,68,3
2026-06-30,Oakland Park,P0040,5,48,3
2025-10-31,Dania Beach,P0088,5,55,2
2026-04-30,Oakland Park,P0077,9,58,2
2025-09-30,Dania Beach,P0034,1,272,2
2025-11-30,Lake Worth,P0185,2,34,2
2026-01-31,Oakland Park,P0247,6,55,3
2026-06-30,Oakland Park,P0273,0,45,2
2025-10-31,Lake Worth,P0293,4,35,2
2026-02-28,Lake Worth,P0016,3,72,2
2025-11-30,Dania Beach,P0129,2,58,3
2025-11-30,Oakland Park,P0182,1,52,3
2026-06-30,Lake Worth,P0099,28,56,2
2025-07-31,Dania Beach,P0256,0,22,2
2026-06-30,Lake Worth,P0190,2,47,2
2025-07-31,Lake Worth,P0115,2,46,2
2026-01-31,Oakland Park,P0033,10,9,3
2026-06-30,Dania Beach,P0012,3,66,1
2025-09-30,Dania Beach,P0078,5,57,3
2025-07-31,Dania Beach,P0061,4,168,2
2025-12-31,Dania Beach,P0076,3,204,1
2026-03-31,Oakland Park,P0194,2,98,1
2025-11-30,Lake Worth,P0163,2,31,3
2026-04-30,Dania Beach,P0140,4,49,2
2026-03-31,Oakland Park,P0063,7,25,2
2025-08-31,Dania Beach,P0001,1,17,3
2025-11-30,Lake Worth,P0265,5,58,2
2025-08-31,Oakland Park,P0225,18,44,2
2025-08-31,Dania Beach,P0224,5,65,1
2025-08-31,Lake Worth,P0200,0,18,2
2025-10-31,Oakland Park,P0136,5,32,2
2025-09-30,Dania Beach,P0210,2,46,3
2026-03-31,Dania Beach,P0160,2,44,2
2026-03-31,Oakland Park,P0175,3,23,2
2025-11-30,Lake Worth,P0016,6,11,1
2026-06-30,Oakland Park,P0044,0,25,2
2026-05-31,Oakland Park,P0079,8,31,1
2026-03-31,Dania Beach,P0066,0,67,2
2025-10-31,Lake Worth,P0253,15,64,3
2026-01-31,Dania Beach,P0295,0,30,2
2026-06-30,Lake Worth,P0217,1,19,1
2026-03-31,Oakland Park,P0018,3,36,1
2026-04-30,Oakland Park,P0120,30,62,3
2026-02-28,Lake Worth,P0238,3,35,2
2026-02-28,Oakland Park,P0257,1,39,2
2025-07-31,Oakland Park,P0041,10,13,2
2025-10-31,Oakland Park,P0284,11,78,2
2025-11-30,Dania Beach,P0281,5,75,1
2026-04-30,Oakland Park,P0240,2,11,2
2026-04-30,Lake Worth,P0168,1,26,3
2026-06-30,Lake Worth,P0144,0,40,1
2025-11-30,Dania Beach,P0147,6,166,2
2026-06-30,Lake Worth,P0227,6,65,2
2026-03-31,Oakland Park,P0155,1,217,1
2026-01-31,Oakland Park,P0282,4,38,2
2026-04-30,Dania Beach,P0178,0,0,3
2025-08-31,Dania Beach,P0252,0,29,2
2026-01-31,Oakland Park,P0031,5,12,2
2025-07-31,Lake Worth,P0258,154,32,1
2025-11-30,Lake Worth,P0135,0,55,2
2026-01-31,Oakland Park,P0141,23,205,3
2026-02-28,Oakland Park,P0208,0,21,1
2026-05-31,Lake Worth,P0122,9,33,2
2025-09-30,Dania Beach,P0174,2,12,2
2025-12-31,Dania Beach,P0160,1,15,1
2026-01-31,Lake Worth,P0005,2,71,2
2025-12-31,Dania Beach,P0241,1,16,1
2025-11-30,Dania Beach,P0268,2,31,3
2026-03-31,Lake Worth,P0198,6,30,2
2025-07-31,Oakland Park,P0123,26,16,2
2026-01-31,Lake Worth,P0061,4,7,3
2025-08-31,Lake Worth,P0195,2,61,3
2025-09-30,Oakland Park,P0242,0,67,2
2025-07-31,Oakland Park,P0223,3,309,3
2026-04-30,Lake Worth,P0280,1,50,1
2026-03-31,Dania Beach,P0098,9,51,2
2026-05-31,Lake Worth,P0034,8,303,2
2025-10-31,Dania Beach,P0129,5,50,2
2026-06-30,Dania Beach,P0237,3,42,2
2025-09-30,Dania Beach,P0169,3,34,3
2025-07-31,Lake Worth,P0279,5,11,2
2025-10-31,Dania Beach,P0031,5,133,2
2025-08-31,Lake Worth,P0266,5,36,1
2026-02-28,Lake Worth,P0151,0,32,2
2025-10-31,Lake Worth,P0005,1,36,3
2025-09-30,Dania Beach,P0048,4,34,2
2025-10-31,Lake Worth,P0093,4,187,1
2026-02-28,Dania Beach,P0260,0,63,3
2026-03-31,Dania Beach,P0046,4,30,2
2025-08-31,Dania Beach,P0139,2,192,1
2025-08-31,Oakland Park,P0130,0,12,3
2026-04-30,Lake Worth,P0240,10,42,2
2025-11-30,Oakland Park,P0192,6,12,2
2026-04-30,Oakland Park,P0161,4,15,1
2025-12-31,Dania Beach,P0100,17,28,2
2026-02-28,Oakland Park,P0047,5,159,1
2026-01-31,Dania Beach,P0252,0,48,1
2025-08-31,Oakland Park,P0233,12,23,1
2026-05-31,Lake Worth,P0245,5,39,2
2026-02-28,Lake Worth,P0274,2,26,2
2026-05-31,Oakland Park,P0017,1,30,3
2026-04-30,Lake Worth,P0234,9,60,3
2025-12-31,Dania Beach,P0195,5,141,3
2025-11-30,Lake Worth,P0271,6,63,1
2026-05-31,Lake Worth,P0205,10,45,2
2025-08-31,Oakland Park,P0227,6,182,2
2025-08-31,Dania Beach,P0206,0,0,1
2025-07-31,Oakland Park,P0178,8,133,2
2025-12-31,Dania Beach,P0231,1,61,1
2026-06-30,Lake Worth,P0240,2,228,2
2025-12-31,Oakland Park,P0053,0,54,2
2025-11-30,Oakland Park,P0198,14,183,2
2026-04-30,Lake Worth,P0160,3,32,1
2025-08-31,Lake Worth,P0086,0,6,1
2026-03-31,Dania Beach,P0034,5,40,3
2026-01-31,Lake Worth,P0229,71,31,2
2025-12-31,Dania Beach,P0121,7,263,1
2025-08-31,Dania Beach,P0230,0,68,2
2025-11-30,Lake Worth,P0208,3,26,2
2025-10-31,Dania Beach,P0295,5,230,3
2026-01-31,Oakland Park,P0249,3,97,3
2026-05-31,Dania Beach,P0195,2,67,1
2025-08-31,Lake Worth,P0290,1,70,2
2026-01-31,Dania Beach,P0216,3,45,2
2026-05-31,Oakland Park,P0089,3,46,2
2025-11-30,Lake Worth,P0002,3,228,2
2026-04-30,Dania Beach,P0198,0,0,3
2026-06-30,Dania Beach,P0031,2,50,2
2026-06-30,Oakland Park,P0208,3,13,1
2025-09-30,Dania Beach,P0279,8,37,2
2025-11-30,Dania Beach,P0077,3,60,2
2026-05-31,Oakland Park,P0206,12,144,2
2026-02-28,Dania Beach,P0184,5,15,1
2026-05-31,Oakland Park,P0189,10,171,3
2025-09-30,Dania Beach,P0060,7,13,3
2025-07-31,Oakland Park,P0094,1,28,3
2025-07-31,Oakland Park,P0084,2,73,2
2025-12-31,Oakland Park,P0137,5,52,3
2026-03-31,Lake Worth,P0184,0,54,2
2025-07-31,Oakland Park,P0069,18,72,2
2026-03-31,Oakland Park,P0189,6,73,2
2025-12-31,Lake Worth,P0241,0,16,2
2025-09-30,Dania Beach,P0044,0,24,2
2025-07-31,Dania Beach,P0268,3,56,1
2025-08-31,Dania Beach,P0142,2,47,1
2026-01-31,Lake Worth,P0164,0,52,3
2025-07-31,Lake Worth,P0161,7,154,3
2025-09-30,Dania Beach,P0289,1,46,1
2026-02-28,Dania Beach,P0241,1,10,1
2025-08-31,Lake Worth,P0170,3,17,1
2025-11-30,Lake Worth,P0144,0,49,2
2025-11-30,Lake Worth,P0033,11,5,3
2025-08-31,Dania Beach,P0105,3,70,3
2025-12-31,Dania Beach,P0157,9,7,2
2025-12-31,Oakland Park,P0007,2,8,3
2026-05-31,Dania Beach,P0134,7,157,3
2025-11-30,Dania Beach,P0243,4,48,3
2026-04-30,Oakland Park,P0078,7,67,2
2025-07-31,Oakland Park,P0017,3,8,2
2026-04-30,Dania Beach,P0085,3,63,1
2025-12-31,Oakland Park,P0231,4,11,2
2025-10-31,Dania Beach,P0207,3,56,3
2026-03-31,Oakland Park,P0166,0,75,3
2026-03-31,Oakland Park,P0250,43,8,2
2025-09-30,Oakland Park,P0167,2,71,1
2026-02-28,Dania Beach,P0041,12,64,2
2025-09-30,Oakland Park,P0261,3,36,1
2025-12-31,Lake Worth,P0230,0,5,3
2025-10-31,Lake Worth,P0186,3,26,2
2025-08-31,Oakland Park,P0206,6,152,2
2026-06-30,Lake Worth,P0073,1,71,2
2025-12-31,Lake Worth,P0026,0,61,2
2025-07-31,Oakland Park,P0060,10,75,3
2026-05-31,Lake Worth,P0124,3,284,1
2026-04-30,Oakland Park,P0219,5,118,3
2026-05-31,Lake Worth,P0154,1,44,2
2025-12-31,Oakland Park,P0159,0,67,1
2026-02-28,Dania Beach,P0213,1,42,2
2026-01-31,Oakland Park,P0188,13,123,2
2026-02-28,Oakland Park,P0055,3,182,2
2026-04-30,Oakland Park,P0051,0,20,1
2025-10-31,Lake Worth,P0015,3,73,3
2026-04-30,Dania Beach,P0208,3,75,3
2026-05-31,Dania Beach,P0198,0,0,2
2025-07-31,Dania Beach,P0052,1,75,2
2025-11-30,Oakland Park,P0075,3,44,2
2026-02-28,Lake Worth,P0197,0,40,1
2026-04-30,Lake Worth,P0281,11,71,1
2026-06-30,Oakland Park,P0024,13,125,1
2025-09-30,Oakland Park,P0003,4,45,1
2025-09-30,Oakland Park,P0025,1,56,2
2025-09-30,Lake Worth,P0014,3,74,3
2026-01-31,Dania Beach,P0261,3,74,2
2026-06-30,Lake Worth,P0152,5,9,3
2026-05-31,Lake Worth,P0088,6,40,1
2025-09-30,Oakland Park,P0159,3,36,1
2026-05-31,Dania Beach,P0093,9,28,3
2025-11-30,Lake Worth,P0224,6,11,2
2026-02-28,Lake Worth,P0175,5,27,2
2026-05-31,Lake Worth,P0156,2,34,2
2025-07-31,Oakland Park,P0012,1,53,3
2026-03-31,Dania Beach,P0183,1,17,2
2026-05-31,Oakland Park,P0019,4,50,3
2025-08-31,Dania Beach,P0118,2,24,3
2025-09-30,Lake Worth,P0074,0,33,1
2026-04-30,Oakland Park,P0116,8,48,2
2026-05-31,Dania Beach,P0022,13,5,2
2025-12-31,Dania Beach,P0284,0,0,2
2026-05-31,Dania Beach,P0223,1,42,3
2025-08-31,Lake Worth,P0016,6,278,2
2026-03-31,Oakland Park,P0022,17,6,1
2025-11-30,Oakland Park,P0231,9,51,2
2026-06-30,Oakland Park,P0296,6,67,2
2026-05-31,Lake Worth,P0069,19,73,1
2025-11-30,Dania Beach,P0055,0,60,3
2026-01-31,Lake Worth,P0083,0,47,2
2025-10-31,Oakland Park,P0272,4,296,1
2025-07-31,Lake Worth,P0041,12,54,3
2025-12-31,Oakland Park,P0278,5,26,2
2025-07-31,Oakland Park,P0218,1,25,1
2025-10-31,Lake Worth,P0256,2,44,1
2025-08-31,Dania Beach,P0246,0,65,2
2025-09-30,Dania Beach,P0129,3,30,3
2025-11-30,Oakland Park,P0154,10,92,2
2025-10-31,Oakland Park,P0167,0,72,1
2025-11-30,Lake Worth,P0211,2,12,2
2026-06-30,Dania Beach,P0011,0,55,2
2025-07-31,Oakland Park,P0200,0,34,3
2025-07-31,Lake Worth,P0233,12,5,2
2026-02-28,Oakland Park,P0278,2,27,1
2026-06-30,Oakland Park,P0150,0,25,2
2025-08-31,Dania Beach,P0163,0,30,2
2026-03-31,Oakland Park,P0119,3,307,3
2026-03-31,Lake Worth,P0169,5,128,3
2025-09-30,Dania Beach,P0042,12,42,2
2026-05-31,Dania Beach,P0187,0,20,3
2025-11-30,Lake Worth,P0143,0,19,2
2026-06-30,Oakland Park,P0052,5,22,3
2025-10-31,Oakland Park,P0226,3,18,2
2025-07-31,Lake Worth,P0094,7,318,2
2025-10-31,Oakland Park,P0179,1,106,2
2026-01-31,Lake Worth,P0034,7,248,1
2026-02-28,Lake Worth,P0227,7,45,3
2026-05-31,Dania Beach,P0233,13,55,2
2026-02-28,Oakland Park,P0096,2,30,2
2025-07-31,Lake Worth,P0060,9,69,2
2025-10-31,Lake Worth,P0212,1,241,1
2025-12-31,Dania Beach,P0235,0,56,2
2026-05-31,Oakland Park,P0192,4,47,2
2026-03-31,Dania Beach,P0212,4,10,1
2025-08-31,Lake Worth,P0215,0,54,3
2025-08-31,Dania Beach,P0171,0,16,1
2025-10-31,Lake Worth,P0239,3,57,2
2025-09-30,Oakland Park,P0045,21,27,2
2026-06-30,Dania Beach,P0087,3,11,2
2025-10-31,Oakland Park,P0168,6,28,1
2026-05-31,Oakland Park,P0254,2,211,2
2026-04-30,Oakland Park,P0245,6,50,1
2026-02-28,Oakland Park,P0269,3,45,1
2025-12-31,Lake Worth,P0014,3,216,1
2025-08-31,Lake Worth,P0100,15,43,2
2025-08-31,Dania Beach,P0130,4,68,2
2026-01-31,Dania Beach,P0114,0,60,2
2025-11-30,Dania Beach,P0154,0,0,2
2026-06-30,Oakland Park,P0177,2,6,1
2025-07-31,Lake Worth,P0017,2,16,2
2026-06-30,Lake Worth,P0025,4,17,2
2026-03-31,Oakland Park,P0051,5,18,2
2026-05-31,Dania Beach,P0018,0,8,3
2025-12-31,Lake Worth,P0261,3,71,3
2025-09-30,Lake Worth,P0191,1,53,2
2025-08-31,Dania Beach,P0239,2,52,2
2026-04-30,Dania Beach,P0031,5,17,2
2025-12-31,Dania Beach,P0282,0,56,2
2026-02-28,Lake Worth,P0019,0,65,3
2026-04-30,Dania Beach,P0004,5,25,2
2025-12-31,Oakland Park,P0031,1,207,2
2026-02-28,Lake Worth,P0099,24,5,2
2025-07-31,Oakland Park,P0150,5,65,1
2025-11-30,Oakland Park,P0126,5,69,3
2025-07-31,Lake Worth,P0078,6,118,2
2026-03-31,Lake Worth,P0066,4,252,2
2025-12-31,Oakland Park,P0143,3,32,1
2026-03-31,Oakland Park,P0277,1,7,2
2025-07-31,Dania Beach,P0100,15,55,2
2025-12-31,Lake Worth,P0145,7,38,1
2025-08-31,Oakland Park,P0238,3,41,2
2026-02-28,Dania Beach,P0018,0,35,2
2026-06-30,Lake Worth,P0091,13,41,1
2025-08-31,Lake Worth,P0208,0,75,2
2025-11-30,Oakland Park,P0248,5,26,1
2025-09-30,Lake Worth,P0244,6,53,2
2025-11-30,Oakland Park,P0098,7,74,2
2025-11-30,Lake Worth,P0052,2,50,2
2025-08-31,Lake Worth,P0029,5,263,1
2026-06-30,Oakland Park,P0031,2,132,1
2025-07-31,Lake Worth,P0064,0,53,1
2026-06-30,Dania Beach,P0249,0,41,3
2026-05-31,Lake Worth,P0202,1,18,2
2025-12-31,Lake Worth,P0073,2,317,1
2026-06-30,Lake Worth,P0111,0,67,2
2026-03-31,Lake Worth,P0070,0,59,3
2026-05-31,Oakland Park,P0018,2,36,2
2026-02-28,Lake Worth,P0212,1,72,2
2025-07-31,Oakland Park,P0003,4,18,2
2025-10-31,Lake Worth,P0267,1,34,1
2025-12-31,Oakland Park,P0162,2,320,1
2025-09-30,Lake Worth,P0292,0,64,1
2025-12-31,Dania Beach,P0248,3,30,2
2026-02-28,Oakland Park,P0265,4,69,1
2025-11-30,Oakland Park,P0299,1,59,1
2025-12-31,Oakland Park,P0264,7,109,1
2025-11-30,Oakland Park,P0067,10,187,3
2026-01-31,Oakland Park,P0175,7,11,2
2025-11-30,Dania Beach,P0067,0,0,3
2025-12-31,Oakland Park,P0296,0,13,2
2026-04-30,Dania Beach,P0234,7,14,2
2026-02-28,Lake Worth,P0013,4,53,2
2025-11-30,Lake Worth,P0157,10,54,2
2025-12-31,Dania Beach,P0091,16,46,1
2026-04-30,Oakland Park,P0223,6,47,1
2026-06-30,Lake Worth,P0153,5,20,2
2026-01-31,Lake Worth,P0145,14,67,3
2026-04-30,Dania Beach,P0148,5,143,1
2026-03-31,Dania Beach,P0059,0,62,1
2025-10-31,Dania Beach,P0104,5,272,3
2025-10-31,Dania Beach,P0119,1,43,2
2026-03-31,Oakland Park,P0191,4,69,2
2025-07-31,Dania Beach,P0283,7,34,3
2025-08-31,Oakland Park,P0265,3,25,2
2025-07-31,Oakland Park,P0059,0,31,2
2025-08-31,Lake Worth,P0295,0,74,1
2026-01-31,Dania Beach,P0010,0,0,3
2025-09-30,Dania Beach,P0119,4,65,2
2026-03-31,Lake Worth,P0121,5,71,2
2026-06-30,Lake Worth,P0109,7,150,2
2025-12-31,Dania Beach,P0034,5,63,2
2025-10-31,Oakland Park,P0106,3,255,2
2025-11-30,Dania Beach,P0036,0,0,1
2026-02-28,Lake Worth,P0225,15,43,2
2025-09-30,Lake Worth,P0054,8,37,1
2025-08-31,Dania Beach,P0028,62,13,3
2025-10-31,Lake Worth,P0065,1,110,3
2025-08-31,Lake Worth,P0202,3,71,2
2026-02-28,Oakland Park,P0056,3,53,2
2025-10-31,Oakland Park,P0197,2,151,2
2026-02-28,Dania Beach,P0181,32,27,2
2025-08-31,Lake Worth,P0173,7,121,1
2025-11-30,Dania Beach,P0037,2,18,2
2025-11-30,Lake Worth,P0256,0,58,2
2026-02-28,Lake Worth,P0291,1,27,1
2026-06-30,Dania Beach,P0093,4,63,2
2025-08-31,Lake Worth,P0168,5,29,3
2026-05-31,Dania Beach,P0095,7,118,2
2025-07-31,Dania Beach,P0037,5,53,2
2026-06-30,Dania Beach,P0193,6,72,2
2026-01-31,Lake Worth,P0036,2,72,2
2026-05-31,Lake Worth,P0072,4,53,1
2025-11-30,Dania Beach,P0155,0,41,3
2025-10-31,Dania Beach,P0008,3,55,2
2026-06-30,Oakland Park,P0217,0,50,2
2025-08-31,Lake Worth,P0281,5,130,3
2026-06-30,Dania Beach,P0210,0,47,2
2026-02-28,Lake Worth,P0134,7,46,2
2025-12-31,Oakland Park,P0189,6,287,2
2026-03-31,Dania Beach,P0145,15,27,3
2025-09-30,Lake Worth,P0213,0,45,2
2026-03-31,Dania Beach,P0093,7,7,2
2026-06-30,Oakland Park,P0063,6,177,3
2026-01-31,Dania Beach,P0246,2,23,3
2025-10-31,Oakland Park,P0227,10,61,1
2025-08-31,Lake Worth,P0242,0,35,3
2026-01-31,Oakland Park,P0038,2,32,3
2025-11-30,Dania Beach,P0258,152,164,2
2026-02-28,Dania Beach,P0292,1,69,2
2025-11-30,Oakland Park,P0096,2,48,2
2025-10-31,Lake Worth,P0196,14,40,3
2025-12-31,Lake Worth,P0100,13,239,2
2025-09-30,Dania Beach,P0069,18,21,3
2025-10-31,Dania Beach,P0156,0,0,3
2025-09-30,Lake Worth,P0187,2,68,2
2025-09-30,Dania Beach,P0177,5,54,1
2025-11-30,Lake Worth,P0103,4,40,2
2026-05-31,Dania Beach,P0145,9,12,3
2026-02-28,Oakland Park,P0054,2,74,1
2026-04-30,Oakland Park,P0108,7,39,2
2025-10-31,Dania Beach,P0009,5,18,2
2025-07-31,Lake Worth,P0110,0,33,3
2026-02-28,Dania Beach,P0266,1,122,2
2025-09-30,Lake Worth,P0136,3,90,2
2026-02-28,Lake Worth,P0143,2,5,2
2025-11-30,Oakland Park,P0250,44,64,3
2026-01-31,Oakland Park,P0127,2,45,1
2025-11-30,Oakland Park,P0245,6,268,3
2026-04-30,Lake Worth,P0092,4,139,2
2026-05-31,Dania Beach,P0252,0,57,2
2025-10-31,Lake Worth,P0240,2,27,2
2025-12-31,Lake Worth,P0108,4,65,3
2026-03-31,Lake Worth,P0241,5,259,1
2026-01-31,Lake Worth,P0221,1,234,1
2025-09-30,Dania Beach,P0027,0,34,3
2025-07-31,Dania Beach,P0152,6,45,3
2026-01-31,Dania Beach,P0096,0,39,2
2025-11-30,Dania Beach,P0261,2,92,3
2026-04-30,Dania Beach,P0222,4,70,2
2025-12-31,Lake Worth,P0286,8,42,3
2025-09-30,Lake Worth,P0009,5,142,3
2025-07-31,Dania Beach,P0162,2,43,2
2025-10-31,Oakland Park,P0224,1,8,1
2026-01-31,Dania Beach,P0223,4,30,3
2025-12-31,Dania Beach,P0117,0,44,2
2025-11-30,Dania Beach,P0075,0,64,2
2025-08-31,Dania Beach,P0042,19,67,3
2025-09-30,Oakland Park,P0056,4,40,2
2026-05-31,Dania Beach,P0028,60,41,3
2025-12-31,Lake Worth,P0234,9,75,1
2025-07-31,Oakland Park,P0169,5,65,3
2025-11-30,Oakland Park,P0020,7,12,2
2026-04-30,Dania Beach,P0047,6,28,2
2026-04-30,Oakland Park,P0203,3,36,2
2026-04-30,Oakland Park,P0185,4,175,2
2026-06-30,Dania Beach,P0266,6,232,2
2026-04-30,Dania Beach,P0291,0,60,2
2026-06-30,Dania Beach,P0167,4,26,3
2026-04-30,Lake Worth,P0144,1,71,2
2025-07-31,Dania Beach,P0042,16,48,3
2025-08-31,Dania Beach,P0156,0,0,2
2026-01-31,Dania Beach,P0160,2,42,3
2026-02-28,Oakland Park,P0094,0,15,3
2026-04-30,Lake Worth,P0209,19,33,3
2026-03-31,Lake Worth,P0286,9,68,1
2026-02-28,Oakland Park,P0036,13,81,2
2026-05-31,Lake Worth,P0252,1,47,2
2025-10-31,Lake Worth,P0163,3,33,1
2025-11-30,Oakland Park,P0292,0,47,1
2025-09-30,Dania Beach,P0204,3,20,3
2026-01-31,Oakland Park,P0206,9,113,1
2025-12-31,Dania Beach,P0172,0,53,3
2025-12-31,Dania Beach,P0192,3,11,2
2026-02-28,Oakland Park,P0189,6,89,2
2025-11-30,Lake Worth,P0035,2,40,2
2025-11-30,Oakland Park,P0167,0,74,3
2025-12-31,Lake Worth,P0051,0,47,2
2026-06-30,Dania Beach,P0201,0,12,2
2025-10-31,Oakland Park,P0258,159,25,3
2026-03-31,Dania Beach,P0075,0,22,2
2026-02-28,Lake Worth,P0214,0,20,3
2025-12-31,Dania Beach,P0025,2,61,3
2025-10-31,Oakland Park,P0054,4,171,2
2025-12-31,Lake Worth,P0024,5,17,2
2025-08-31,Oakland Park,P0102,8,65,1
2026-01-31,Dania Beach,P0232,12,53,2
2026-06-30,Oakland Park,P0255,1,50,1
2026-06-30,Lake Worth,P0100,15,35,1
2026-03-31,Dania Beach,P0271,0,0,3
2025-11-30,Lake Worth,P0123,25,67,2
2025-12-31,Dania Beach,P0109,4,53,1
2025-10-31,Dania Beach,P0090,7,63,1
2025-09-30,Oakland Park,P0250,45,32,3
2026-06-30,Dania Beach,P0077,8,92,2
2025-09-30,Oakland Park,P0057,4,23,1
2025-09-30,Lake Worth,P0055,5,29,3
2026-06-30,Dania Beach,P0139,0,52,3
2026-04-30,Oakland Park,P0232,17,71,2
2025-07-31,Dania Beach,P0113,6,103,3
2026-05-31,Dania Beach,P0218,7,70,1
2026-04-30,Oakland Park,P0227,6,36,2
2025-11-30,Lake Worth,P0230,0,40,3
2025-07-31,Dania Beach,P0001,3,37,3
2025-07-31,Oakland Park,P0099,25,46,1
2026-06-30,Oakland Park,P0162,3,225,2
2026-03-31,Lake Worth,P0003,4,55,3
2025-09-30,Lake Worth,P0255,1,171,3
2025-12-31,Oakland Park,P0020,7,180,3
2025-12-31,Oakland Park,P0097,6,40,2
2026-03-31,Dania Beach,P0095,7,274,2
2026-02-28,Lake Worth,P0009,4,205,3
2026-04-30,Oakland Park,P0001,6,53,2
2026-06-30,Dania Beach,P0147,5,8,2
2025-12-31,Oakland Park,P0027,4,72,3
2026-06-30,Lake Worth,P0058,12,11,1
2026-05-31,Lake Worth,P0092,3,146,1
2025-09-30,Dania Beach,P0259,7,35,2
2025-12-31,Lake Worth,P0280,3,47,3
2025-10-31,Lake Worth,P0128,4,18,3
2026-01-31,Oakland Park,P0271,12,114,3
2025-12-31,Dania Beach,P0026,3,42,2
2025-10-31,Lake Worth,P0233,12,264,2
2025-12-31,Lake Worth,P0004,11,7,3
2026-05-31,Lake Worth,P0134,7,50,2
2026-02-28,Lake Worth,P0042,17,115,2
2026-05-31,Dania Beach,P0241,1,26,2
2025-10-31,Lake Worth,P0017,4,38,2
2025-11-30,Lake Worth,P0014,3,26,1
2025-09-30,Lake Worth,P0115,2,22,2
2025-12-31,Lake Worth,P0265,6,110,3
2025-10-31,Lake Worth,P0130,2,163,3
2026-06-30,Oakland Park,P0065,0,54,3
2025-07-31,Dania Beach,P0273,0,61,2
2025-08-31,Dania Beach,P0023,5,61,3
2026-02-28,Dania Beach,P0030,1,269,2
2026-04-30,Lake Worth,P0016,6,34,1
2025-08-31,Lake Worth,P0081,4,13,2
2026-02-28,Lake Worth,P0275,2,25,1
2025-12-31,Dania Beach,P0187,7,196,2
2026-03-31,Lake Worth,P0094,0,67,3
2025-11-30,Oakland Park,P0177,3,131,2
2025-12-31,Dania Beach,P0006,9,10,2
2026-04-30,Oakland Park,P0231,9,265,2
2026-02-28,Dania Beach,P0079,10,294,3
2026-01-31,Dania Beach,P0194,4,316,2
2026-05-31,Oakland Park,P0223,0,61,1
2026-02-28,Lake Worth,P0224,3,241,2
2026-04-30,Dania Beach,P0071,10,30,2
2026-01-31,Dania Beach,P0078,6,54,2
2025-10-31,Oakland Park,P0114,4,59,3
2025-12-31,Oakland Park,P0204,2,32,2
2025-10-31,Dania Beach,P0175,4,8,2
2025-09-30,Lake Worth,P0073,3,269,3
2025-10-31,Oakland Park,P0257,7,56,3
2026-01-31,Oakland Park,P0294,7,9,1
2025-10-31,Lake Worth,P0084,1,16,2
2025-10-31,Oakland Park,P0051,1,38,1
2026-01-31,Dania Beach,P0014,0,74,2
2026-04-30,Dania Beach,P0018,0,57,2
2025-09-30,Oakland Park,P0175,7,36,2
2026-02-28,Oakland Park,P0045,20,33,2
2026-04-30,Lake Worth,P0061,1,66,1
2025-09-30,Oakland Park,P0281,3,295,2
2026-04-30,Lake Worth,P0176,1,142,2
2025-12-31,Lake Worth,P0109,4,62,3
2025-08-31,Lake Worth,P0261,1,19,2
2026-01-31,Dania Beach,P0206,0,0,3
2026-01-31,Dania Beach,P0069,19,143,2
2026-03-31,Dania Beach,P0010,0,0,3
2025-08-31,Dania Beach,P0133,6,69,2
2026-06-30,Lake Worth,P0086,2,7,1
2025-07-31,Oakland Park,P0259,8,28,1
2026-03-31,Oakland Park,P0064,0,48,3
2026-02-28,Oakland Park,P0254,0,45,2
2025-11-30,Oakland Park,P0269,8,28,3
2026-06-30,Lake Worth,P0269,1,63,2
2025-11-30,Lake Worth,P0034,4,132,2
2025-10-31,Lake Worth,P0054,0,33,2
2025-08-31,Oakland Park,P0109,7,315,3
2025-11-30,Lake Worth,P0170,6,35,2
2025-11-30,Oakland Park,P0142,1,8,2
2025-11-30,Oakland Park,P0086,0,32,1
2025-12-31,Oakland Park,P0123,25,16,2
2026-03-31,Dania Beach,P0206,0,0,1
2026-06-30,Lake Worth,P0147,3,69,2
2025-10-31,Dania Beach,P0245,9,292,2
2025-10-31,Lake Worth,P0281,6,12,3
2025-08-31,Dania Beach,P0039,4,17,2
2025-11-30,Oakland Park,P0052,0,48,2
2025-09-30,Lake Worth,P0057,7,244,2
2026-05-31,Oakland Park,P0298,15,13,2
2026-01-31,Dania Beach,P0148,2,67,3
2026-05-31,Dania Beach,P0099,20,297,2
2025-10-31,Dania Beach,P0005,4,19,1
2025-09-30,Oakland Park,P0185,1,18,2
2026-02-28,Oakland Park,P0105,3,39,3
2025-11-30,Lake Worth,P0075,3,139,1
2025-11-30,Dania Beach,P0003,3,53,2
2025-11-30,Lake Worth,P0289,2,162,2
2025-09-30,Lake Worth,P0002,1,167,1
2025-12-31,Oakland Park,P0001,1,44,3
2025-09-30,Dania Beach,P0224,1,244,2
2025-09-30,Lake Worth,P0296,0,58,1
2025-08-31,Dania Beach,P0188,0,0,2
2026-01-31,Lake Worth,P0299,5,94,2
2025-10-31,Dania Beach,P0079,6,225,3
2026-01-31,Dania Beach,P0259,3,57,3
2025-09-30,Dania Beach,P0139,4,7,2
2025-09-30,Oakland Park,P0023,4,61,3
2026-03-31,Lake Worth,P0002,0,54,2
2025-12-31,Oakland Park,P0036,9,192,1
2026-02-28,Dania Beach,P0153,3,69,3
2025-12-31,Dania Beach,P0197,3,42,2
2025-12-31,Lake Worth,P0029,1,11,1
2026-01-31,Lake Worth,P0016,7,37,2
2026-06-30,Dania Beach,P0152,7,46,3
2025-08-31,Lake Worth,P0001,0,13,1
2025-08-31,Lake Worth,P0013,1,68,2
2026-04-30,Dania Beach,P0246,3,68,2
2025-07-31,Dania Beach,P0143,3,74,3
2026-03-31,Oakland Park,P0103,3,194,2
2025-12-31,Dania Beach,P0250,42,150,3
2026-05-31,Dania Beach,P0208,0,43,2
2026-01-31,Oakland Park,P0066,2,71,2
2025-12-31,Lake Worth,P0200,1,300,2
2025-11-30,Dania Beach,P0230,0,43,2
2025-12-31,Oakland Park,P0219,2,8,2
2025-08-31,Dania Beach,P0114,2,72,2
2025-07-31,Lake Worth,P0105,4,13,3
2026-05-31,Oakland Park,P0217,0,51,1
2025-11-30,Dania Beach,P0168,5,112,1
2026-04-30,Oakland Park,P0095,13,261,1
2026-04-30,Dania Beach,P0023,1,5,1
2026-01-31,Oakland Park,P0048,2,27,2
2026-01-31,Lake Worth,P0202,0,8,2
2026-03-31,Dania Beach,P0268,4,38,1
2025-12-31,Lake Worth,P0074,2,104,2
2025-08-31,Oakland Park,P0048,3,41,1
2025-11-30,Lake Worth,P0236,4,7,3
2026-04-30,Lake Worth,P0229,63,19,1
2025-08-31,Oakland Park,P0006,6,17,2
2026-02-28,Lake Worth,P0103,0,11,2
2026-02-28,Dania Beach,P0234,8,40,2
2025-07-31,Oakland Park,P0282,0,24,2
2025-11-30,Oakland Park,P0050,13,113,1
2025-08-31,Dania Beach,P0223,1,7,2
2026-02-28,Dania Beach,P0089,2,18,1
2025-12-31,Lake Worth,P0281,6,267,2
2026-05-31,Dania Beach,P0109,6,12,2
2026-02-28,Lake Worth,P0061,5,34,2
2025-09-30,Oakland Park,P0219,3,66,2
2025-10-31,Oakland Park,P0096,0,43,2
2026-04-30,Lake Worth,P0291,7,36,2
2026-02-28,Lake Worth,P0062,4,52,1
2026-05-31,Lake Worth,P0146,2,56,1
2025-11-30,Lake Worth,P0093,8,30,1
2026-01-31,Dania Beach,P0275,3,52,3
2025-12-31,Oakland Park,P0142,4,74,2
2025-07-31,Dania Beach,P0145,14,40,2
2026-04-30,Lake Worth,P0101,4,61,2
2026-02-28,Lake Worth,P0056,4,46,2
2025-08-31,Dania Beach,P0019,0,49,1
2026-05-31,Oakland Park,P0153,5,27,3
2025-07-31,Lake Worth,P0292,1,58,1
2026-06-30,Oakland Park,P0282,1,105,1
2025-07-31,Dania Beach,P0203,3,54,2
2026-02-28,Dania Beach,P0208,1,37,3
2026-06-30,Lake Worth,P0008,6,7,3
2026-03-31,Lake Worth,P0225,17,58,1
2025-10-31,Oakland Park,P0279,9,22,2
2025-10-31,Dania Beach,P0076,3,50,2
2025-07-31,Oakland Park,P0219,1,34,2
2026-04-30,Dania Beach,P0172,4,43,1
2025-11-30,Dania Beach,P0288,7,5,2
2025-07-31,Oakland Park,P0052,5,38,2
2026-04-30,Oakland Park,P0064,3,48,2
2026-06-30,Dania Beach,P0129,9,122,2
2026-03-31,Dania Beach,P0237,7,10,2
2026-05-31,Lake Worth,P0189,7,179,2
2026-05-31,Dania Beach,P0284,0,0,2
2025-09-30,Oakland Park,P0005,2,18,3
2025-10-31,Dania Beach,P0219,1,102,2
2026-05-31,Dania Beach,P0016,6,42,2
2025-11-30,Oakland Park,P0228,9,25,2
2025-11-30,Dania Beach,P0049,0,55,1
2026-01-31,Dania Beach,P0019,2,36,2
2025-08-31,Dania Beach,P0002,2,9,2
2025-11-30,Lake Worth,P0126,2,43,2
2026-02-28,Lake Worth,P0060,8,74,1
2026-01-31,Lake Worth,P0178,8,9,3
2025-07-31,Lake Worth,P0145,9,14,2
2025-09-30,Lake Worth,P0250,44,72,3
2025-10-31,Dania Beach,P0298,12,62,2
2026-06-30,Oakland Park,P0248,7,20,2
2026-04-30,Dania Beach,P0012,3,16,2
2025-12-31,Dania Beach,P0138,30,50,1
2026-03-31,Lake Worth,P0214,1,11,1
2026-06-30,Oakland Park,P0011,0,61,1
2025-08-31,Dania Beach,P0111,2,206,1
2026-06-30,Oakland Park,P0269,3,26,2
2026-05-31,Dania Beach,P0170,0,0,1
2025-10-31,Oakland Park,P0046,0,51,1
2025-09-30,Lake Worth,P0174,1,40,2
2025-10-31,Lake Worth,P0051,3,12,2
2026-03-31,Dania Beach,P0131,2,61,2
2025-09-30,Oakland Park,P0177,4,40,1
2025-10-31,Oakland Park,P0036,11,128,2
2025-11-30,Oakland Park,P0106,3,61,2
2025-07-31,Dania Beach,P0259,6,40,3
2026-03-31,Lake Worth,P0026,1,59,2
2026-05-31,Lake Worth,P0186,3,28,1
2026-04-30,Oakland Park,P0235,1,39,2
2026-04-30,Lake Worth,P0171,0,44,2
2025-09-30,Lake Worth,P0164,4,38,1
2025-12-31,Dania Beach,P0017,0,58,1
2025-10-31,Dania Beach,P0253,14,39,3
2025-10-31,Oakland Park,P0044,0,61,1
2026-03-31,Lake Worth,P0127,7,5,2
2026-06-30,Oakland Park,P0121,7,26,2
2025-08-31,Oakland Park,P0166,0,34,2
2026-02-28,Lake Worth,P0139,6,28,2
2025-10-31,Dania Beach,P0243,0,54,1
2026-06-30,Lake Worth,P0115,3,61,1
2025-07-31,Oakland Park,P0001,2,70,1
2025-11-30,Lake Worth,P0081,5,115,2
2025-09-30,Dania Beach,P0022,13,118,3
2025-07-31,Oakland Park,P0092,2,27,2
2025-12-31,Lake Worth,P0217,0,5,1
2025-11-30,Dania Beach,P0068,12,10,1
2025-09-30,Oakland Park,P0270,2,294,1
2025-07-31,Lake Worth,P0136,2,177,1
2026-02-28,Dania Beach,P0185,2,65,2
2025-08-31,Oakland Park,P0290,4,60,2
2025-07-31,Oakland Park,P0249,4,19,2
2025-10-31,Lake Worth,P0124,2,62,2
2025-11-30,Lake Worth,P0084,6,33,1
2026-02-28,Lake Worth,P0046,0,51,2
2025-11-30,Dania Beach,P0285,1,61,2
2026-04-30,Dania Beach,P0105,2,75,2
2025-10-31,Dania Beach,P0143,4,12,3
2025-11-30,Lake Worth,P0025,2,41,2
2025-10-31,Oakland Park,P0012,2,55,1
2025-10-31,Dania Beach,P0171,3,26,1
2026-06-30,Dania Beach,P0222,6,127,2
2025-12-31,Oakland Park,P0192,6,75,1
2026-03-31,Dania Beach,P0238,6,53,2
2025-09-30,Dania Beach,P0163,0,7,1
2025-09-30,Oakland Park,P0097,1,284,2
2025-07-31,Lake Worth,P0174,2,64,3
2025-12-31,Dania Beach,P0058,8,22,1
2025-11-30,Oakland Park,P0270,3,33,1
2026-02-28,Dania Beach,P0221,2,7,1
2026-06-30,Oakland Park,P0036,11,83,3
2025-09-30,Lake Worth,P0231,7,31,2
2026-04-30,Dania Beach,P0032,3,56,2
2026-06-30,Dania Beach,P0178,0,0,1
2026-05-31,Oakland Park,P0165,4,37,2
2025-09-30,Lake Worth,P0210,0,55,2
2025-07-31,Lake Worth,P0289,0,42,3
2026-06-30,Dania Beach,P0043,4,74,2
2025-08-31,Lake Worth,P0125,6,75,3
2026-06-30,Lake Worth,P0095,10,34,2
2025-11-30,Dania Beach,P0105,5,23,3
2025-10-31,Dania Beach,P0250,46,258,1
2026-01-31,Dania Beach,P0281,7,57,2
2025-08-31,Dania Beach,P0173,7,46,2
2025-12-31,Oakland Park,P0154,6,199,2
2026-06-30,Lake Worth,P0150,7,41,3
2025-07-31,Lake Worth,P0131,0,49,2
2025-09-30,Dania Beach,P0128,0,0,2
2026-04-30,Oakland Park,P0103,0,27,1
2025-09-30,Oakland Park,P0110,1,54,2
2026-06-30,Oakland Park,P0033,6,43,2
2026-06-30,Dania Beach,P0165,4,70,2
2026-03-31,Oakland Park,P0081,7,60,2
2025-12-31,Dania Beach,P0083,0,28,2
2026-04-30,Lake Worth,P0156,7,12,3
2026-03-31,Lake Worth,P0243,2,15,3
2025-08-31,Oakland Park,P0184,4,72,2
2026-04-30,Lake Worth,P0036,0,17,2
2026-01-31,Lake Worth,P0111,2,6,2
2026-01-31,Dania Beach,P0167,0,31,1
2026-05-31,Oakland Park,P0239,1,39,2
2026-03-31,Oakland Park,P0160,1,225,1
2026-02-28,Lake Worth,P0083,1,69,2
2025-11-30,Oakland Park,P0008,4,149,2
2026-06-30,Dania Beach,P0202,5,44,3
2025-11-30,Dania Beach,P0217,0,66,1
2026-05-31,Dania Beach,P0039,5,147,2
2025-10-31,Dania Beach,P0017,0,71,2
2026-01-31,Dania Beach,P0181,30,34,2
2026-05-31,Lake Worth,P0215,5,30,2
2025-07-31,Dania Beach,P0101,0,24,2
2026-01-31,Oakland Park,P0110,2,62,2
2025-08-31,Dania Beach,P0003,1,25,1
2026-05-31,Dania Beach,P0240,2,137,3
2025-10-31,Dania Beach,P0067,0,0,3
2026-06-30,Lake Worth,P0101,1,14,2
2025-11-30,Lake Worth,P0284,0,25,3
2026-04-30,Lake Worth,P0227,8,68,2
2025-10-31,Lake Worth,P0285,2,42,2
2025-08-31,Dania Beach,P0152,7,68,1
2025-12-31,Oakland Park,P0266,4,55,2
2026-01-31,Lake Worth,P0133,4,43,1
2026-03-31,Dania Beach,P0261,2,28,2
2025-07-31,Dania Beach,P0031,0,18,3
2025-10-31,Lake Worth,P0245,4,59,2
2025-07-31,Lake Worth,P0035,4,31,2
2025-09-30,Dania Beach,P0198,0,0,2
2025-07-31,Dania Beach,P0030,0,33,2
2026-03-31,Lake Worth,P0071,13,13,2
2025-12-31,Dania Beach,P0189,0,0,3
2025-12-31,Oakland Park,P0235,3,249,2
2025-12-31,Lake Worth,P0245,4,21,1
2026-02-28,Oakland Park,P0246,2,5,3
2025-09-30,Lake Worth,P0025,2,273,3
2026-06-30,Dania Beach,P0023,5,39,1
2026-01-31,Dania Beach,P0278,4,13,1
2026-06-30,Oakland Park,P0270,2,36,1
2025-10-31,Oakland Park,P0141,20,94,2
2025-08-31,Oakland Park,P0149,1,69,2
2025-09-30,Lake Worth,P0198,8,10,2
2026-03-31,Lake Worth,P0046,0,32,3
2026-03-31,Dania Beach,P0279,7,55,2
2026-06-30,Dania Beach,P0277,0,13,2
2026-06-30,Dania Beach,P0063,3,58,3
2025-10-31,Oakland Park,P0060,9,155,1
2026-06-30,Dania Beach,P0085,4,72,2
2026-02-28,Dania Beach,P0146,1,37,2
2025-11-30,Oakland Park,P0254,1,18,2
2026-06-30,Dania Beach,P0132,0,34,3
2025-12-31,Lake Worth,P0044,2,6,1
2026-05-31,Lake Worth,P0173,9,6,3
2026-04-30,Dania Beach,P0252,4,20,2
2026-04-30,Lake Worth,P0120,31,31,2
2026-06-30,Oakland Park,P0211,1,38,2
2026-05-31,Dania Beach,P0246,5,10,3
2026-02-28,Lake Worth,P0036,6,35,3
2026-06-30,Dania Beach,P0204,0,55,2
2025-11-30,Oakland Park,P0107,14,154,2
2026-01-31,Oakland Park,P0255,2,49,1
2026-05-31,Lake Worth,P0224,4,29,3
2026-04-30,Lake Worth,P0262,3,252,2
2026-03-31,Oakland Park,P0016,4,72,1
2026-06-30,Oakland Park,P0286,6,43,2
2026-03-31,Lake Worth,P0177,2,53,2
2025-07-31,Oakland Park,P0242,3,28,3
2026-03-31,Lake Worth,P0268,2,42,1
2026-05-31,Lake Worth,P0219,2,52,2
2025-10-31,Lake Worth,P0247,4,51,1
2025-09-30,Lake Worth,P0207,0,36,1
2026-06-30,Dania Beach,P0176,1,25,1
2025-07-31,Dania Beach,P0289,0,5,3
2025-09-30,Oakland Park,P0015,0,63,3
2026-05-31,Dania Beach,P0063,5,72,2
2025-08-31,Lake Worth,P0209,17,35,1
2026-01-31,Lake Worth,P0147,8,41,2
2026-02-28,Lake Worth,P0185,1,57,2
2025-11-30,Dania Beach,P0158,5,5,2
2025-07-31,Dania Beach,P0033,7,24,2
2026-02-28,Dania Beach,P0033,12,66,2
2025-08-31,Lake Worth,P0010,1,13,2
2025-12-31,Oakland Park,P0298,15,64,2
2025-08-31,Lake Worth,P0117,3,45,3
2025-08-31,Dania Beach,P0104,5,69,2
2026-01-31,Lake Worth,P0030,4,51,1
2026-06-30,Dania Beach,P0215,3,45,3
2026-06-30,Lake Worth,P0019,2,277,1
2025-11-30,Oakland Park,P0021,4,38,2
2026-03-31,Lake Worth,P0013,0,63,3
2026-02-28,Lake Worth,P0243,0,18,3
2026-05-31,Oakland Park,P0031,2,240,3
2026-05-31,Dania Beach,P0156,0,0,2
2026-01-31,Oakland Park,P0186,4,68,2
2025-12-31,Lake Worth,P0005,2,16,2
2026-01-31,Oakland Park,P0014,3,34,3
2026-03-31,Dania Beach,P0119,0,60,2
2025-07-31,Dania Beach,P0138,27,60,2
2025-12-31,Lake Worth,P0136,1,35,2
2026-04-30,Oakland Park,P0125,3,30,3
2026-03-31,Lake Worth,P0132,4,111,2
2026-05-31,Dania Beach,P0023,2,50,1
2026-02-28,Oakland Park,P0088,0,6,2
2026-05-31,Oakland Park,P0116,11,18,3
2025-07-31,Oakland Park,P0226,4,46,1
2026-01-31,Oakland Park,P0121,6,106,2
2026-04-30,Oakland Park,P0172,1,52,2
2026-03-31,Dania Beach,P0040,6,56,2
2026-06-30,Dania Beach,P0171,2,47,2
2025-08-31,Oakland Park,P0061,1,230,1
2025-10-31,Dania Beach,P0114,2,46,2
2025-08-31,Oakland Park,P0201,5,9,2
2025-08-31,Dania Beach,P0098,10,70,2
2025-09-30,Lake Worth,P0260,0,33,2
2026-04-30,Dania Beach,P0096,1,65,3
2026-04-30,Lake Worth,P0127,2,6,2
2025-07-31,Dania Beach,P0250,47,193,2
2025-07-31,Lake Worth,P0180,6,147,2
2025-09-30,Lake Worth,P0043,2,55,3
2025-08-31,Dania Beach,P0217,1,227,1
2026-01-31,Oakland Park,P0149,0,29,2
2026-06-30,Lake Worth,P0023,0,25,2
2026-03-31,Oakland Park,P0144,14,170,2
2026-06-30,Dania Beach,P0181,28,22,2
2025-12-31,Oakland Park,P0138,28,8,1
2026-02-28,Oakland Park,P0134,8,190,2
2026-02-28,Dania Beach,P0108,5,38,1
2026-04-30,Lake Worth,P0033,11,52,2
2026-02-28,Lake Worth,P0069,20,75,1
2025-07-31,Oakland Park,P0007,0,9,1
2025-12-31,Dania Beach,P0154,0,0,3
2025-11-30,Oakland Park,P0132,5,53,3
2025-10-31,Oakland Park,P0207,6,9,1
2025-08-31,Dania Beach,P0057,4,65,2
2025-12-31,Lake Worth,P0142,0,5,2
2025-09-30,Dania Beach,P0026,1,65,1
2026-01-31,Oakland Park,P0275,2,73,2
2025-07-31,Dania Beach,P0017,0,65,2
2026-04-30,Lake Worth,P0017,3,104,2
2025-08-31,Oakland Park,P0124,4,38,3
2025-09-30,Dania Beach,P0033,10,71,3
2026-06-30,Lake Worth,P0047,3,5,2
2025-10-31,Lake Worth,P0155,0,74,1
2025-07-31,Lake Worth,P0239,4,9,2
2026-05-31,Oakland Park,P0086,4,33,2
2025-11-30,Lake Worth,P0204,2,26,2
2026-01-31,Dania Beach,P0300,4,6,2
2026-06-30,Lake Worth,P0037,2,49,1
2025-12-31,Lake Worth,P0243,0,28,3
2026-04-30,Lake Worth,P0124,2,35,2
2026-01-31,Dania Beach,P0047,5,220,1
2025-09-30,Lake Worth,P0087,6,14,2
2025-08-31,Dania Beach,P0146,2,257,2
2026-04-30,Oakland Park,P0265,5,74,1
2026-05-31,Oakland Park,P0286,5,13,2
2026-05-31,Lake Worth,P0210,1,21,2
2026-01-31,Lake Worth,P0025,2,33,3
2025-09-30,Dania Beach,P0155,0,64,2
2026-04-30,Dania Beach,P0066,4,14,3
2025-12-31,Lake Worth,P0155,2,63,2
2025-08-31,Oakland Park,P0099,24,12,1
2025-11-30,Oakland Park,P0007,1,70,2
2026-03-31,Dania Beach,P0068,14,37,2
2025-07-31,Lake Worth,P0225,15,70,2
2026-02-28,Lake Worth,P0044,1,19,2
2026-03-31,Lake Worth,P0260,3,68,2
2026-01-31,Lake Worth,P0270,3,297,2
2026-03-31,Oakland Park,P0286,4,51,2
2025-12-31,Oakland Park,P0233,12,67,2
2025-08-31,Oakland Park,P0180,6,24,3
2025-10-31,Lake Worth,P0198,5,19,2
2025-09-30,Dania Beach,P0015,0,41,1
2026-05-31,Lake Worth,P0185,2,296,1
2026-05-31,Dania Beach,P0294,7,9,1
2025-12-31,Dania Beach,P0259,2,215,2
2026-01-31,Oakland Park,P0219,6,69,2
2025-08-31,Dania Beach,P0183,0,6,3
2026-06-30,Dania Beach,P0083,0,31,3
2026-05-31,Dania Beach,P0147,3,75,2
2025-08-31,Dania Beach,P0025,3,74,2
2025-12-31,Oakland Park,P0085,2,179,1
2026-04-30,Dania Beach,P0077,6,71,2
2025-12-31,Dania Beach,P0086,1,68,2
2025-12-31,Dania Beach,P0213,0,46,1
2025-09-30,Oakland Park,P0271,8,147,3
2026-05-31,Lake Worth,P0207,6,44,2
2025-12-31,Oakland Park,P0015,2,52,3
2025-12-31,Lake Worth,P0103,1,16,1
2025-12-31,Oakland Park,P0241,2,15,2
2025-08-31,Lake Worth,P0164,3,17,2
2026-03-31,Dania Beach,P0078,3,13,2
2026-02-28,Oakland Park,P0173,9,185,2
2025-08-31,Lake Worth,P0147,2,51,1
2025-08-31,Oakland Park,P0295,0,67,2
2025-12-31,Oakland Park,P0079,6,21,1
2026-06-30,Lake Worth,P0021,1,268,2
2025-10-31,Oakland Park,P0158,3,314,1
2025-10-31,Lake Worth,P0024,0,36,2
2025-08-31,Oakland Park,P0017,6,13,2
2025-09-30,Oakland Park,P0258,158,72,2
2025-08-31,Dania Beach,P0193,2,266,2
2025-08-31,Lake Worth,P0276,0,10,3
2026-03-31,Dania Beach,P0165,6,51,2
2025-09-30,Dania Beach,P0188,0,0,1
2026-01-31,Oakland Park,P0087,0,11,2
2026-02-28,Dania Beach,P0080,2,274,2
2025-08-31,Oakland Park,P0172,2,31,3
2025-12-31,Oakland Park,P0181,29,47,2
2026-04-30,Oakland Park,P0297,0,62,2
2026-06-30,Dania Beach,P0005,0,69,2
2026-05-31,Oakland Park,P0091,10,45,2
2025-11-30,Oakland Park,P0276,4,34,2
2025-10-31,Oakland Park,P0086,1,18,3
2025-09-30,Lake Worth,P0147,8,44,2
2026-03-31,Dania Beach,P0001,3,260,2
2026-01-31,Lake Worth,P0264,13,48,3
2025-12-31,Oakland Park,P0207,7,55,2
2025-07-31,Oakland Park,P0289,0,22,2
2026-02-28,Dania Beach,P0005,3,44,2
2026-05-31,Oakland Park,P0179,1,27,1
2026-03-31,Lake Worth,P0009,2,68,2
2025-08-31,Dania Beach,P0076,2,120,1
2026-01-31,Lake Worth,P0123,25,75,3
2026-04-30,Lake Worth,P0083,0,56,2
2025-10-31,Lake Worth,P0132,5,60,3
2026-05-31,Oakland Park,P0009,3,47,1
2025-10-31,Lake Worth,P0096,0,37,2
2025-10-31,Lake Worth,P0088,0,36,2
2025-08-31,Lake Worth,P0071,9,6,1
2025-11-30,Lake Worth,P0121,6,56,2
2025-11-30,Dania Beach,P0275,0,66,3
2026-06-30,Lake Worth,P0146,0,11,2
2026-06-30,Dania Beach,P0275,1,27,2
2026-05-31,Lake Worth,P0260,1,57,1
2026-04-30,Oakland Park,P0104,7,75,3
2026-03-31,Lake Worth,P0039,0,66,3
2026-05-31,Oakland Park,P0069,19,66,1
2026-06-30,Dania Beach,P0052,3,53,2
2026-03-31,Dania Beach,P0231,7,7,1
2025-09-30,Lake Worth,P0062,0,47,2
2026-06-30,Dania Beach,P0217,0,15,2
2025-08-31,Oakland Park,P0031,5,75,1
2026-01-31,Dania Beach,P0218,2,73,1
2026-05-31,Lake Worth,P0144,2,217,2
2025-08-31,Oakland Park,P0008,6,63,2
2026-02-28,Dania Beach,P0258,154,15,2
2025-10-31,Lake Worth,P0027,4,24,2
2026-02-28,Dania Beach,P0015,1,171,2
2025-12-31,Dania Beach,P0196,14,44,3
2026-04-30,Lake Worth,P0014,0,46,2
2025-10-31,Lake Worth,P0142,0,67,3
2026-06-30,Lake Worth,P0148,3,35,2
2026-01-31,Oakland Park,P0102,1,70,2
2026-06-30,Lake Worth,P0176,2,34,2
2026-01-31,Dania Beach,P0129,4,11,3
2026-04-30,Oakland Park,P0041,11,15,2
2025-12-31,Oakland Park,P0098,11,49,3
2026-01-31,Dania Beach,P0091,12,13,2
2025-11-30,Oakland Park,P0261,0,6,3
2025-09-30,Dania Beach,P0265,1,237,1
2026-05-31,Lake Worth,P0078,7,68,1
2026-02-28,Dania Beach,P0167,5,219,3
2025-09-30,Oakland Park,P0002,3,30,1
2025-08-31,Dania Beach,P0149,1,53,1
2025-11-30,Dania Beach,P0120,29,72,3
2025-10-31,Lake Worth,P0080,2,48,1
2026-04-30,Oakland Park,P0274,1,48,2
2025-08-31,Lake Worth,P0124,0,56,2
2026-05-31,Dania Beach,P0197,2,225,1
2026-03-31,Oakland Park,P0056,5,73,1
2025-08-31,Oakland Park,P0009,2,19,3
2025-09-30,Oakland Park,P0244,9,279,3
2025-12-31,Dania Beach,P0198,0,0,2
2025-07-31,Dania Beach,P0019,4,98,2
2025-11-30,Lake Worth,P0024,5,61,2
2025-07-31,Oakland Park,P0137,7,25,3
2026-01-31,Lake Worth,P0181,33,51,2
2026-05-31,Oakland Park,P0263,10,113,1
2026-04-30,Lake Worth,P0292,0,74,2
2025-11-30,Lake Worth,P0276,1,67,2
2026-05-31,Dania Beach,P0102,8,64,1
2025-08-31,Lake Worth,P0176,5,75,2
2026-05-31,Dania Beach,P0182,3,166,3
2025-07-31,Lake Worth,P0246,5,33,1
2025-07-31,Oakland Park,P0024,6,296,3
2026-06-30,Oakland Park,P0161,8,173,2
2025-12-31,Dania Beach,P0052,4,62,2
2025-12-31,Lake Worth,P0273,0,10,2
2025-11-30,Oakland Park,P0278,0,58,1
2026-06-30,Oakland Park,P0175,6,25,3
2026-01-31,Oakland Park,P0244,4,75,2
2025-07-31,Dania Beach,P0151,0,0,3
2026-05-31,Dania Beach,P0046,0,33,3
2025-08-31,Oakland Park,P0186,5,69,2
2025-11-30,Oakland Park,P0256,0,56,2
2026-06-30,Lake Worth,P0172,0,43,2
2025-10-31,Lake Worth,P0038,0,11,3
2026-04-30,Oakland Park,P0142,0,72,2
2025-11-30,Dania Beach,P0073,0,0,3
2026-04-30,Dania Beach,P0170,0,0,2
2025-11-30,Dania Beach,P0245,8,73,1
2026-06-30,Lake Worth,P0139,0,57,3
2026-06-30,Dania Beach,P0032,0,74,2
2026-03-31,Lake Worth,P0256,2,209,1
2026-06-30,Lake Worth,P0017,0,12,3
2025-07-31,Dania Beach,P0118,0,65,1
2025-11-30,Oakland Park,P0005,0,6,2
2025-08-31,Oakland Park,P0148,1,17,2
2026-05-31,Lake Worth,P0015,0,31,2
2026-04-30,Dania Beach,P0166,1,6,3
2025-07-31,Dania Beach,P0083,0,10,1
2026-04-30,Lake Worth,P0285,8,32,1
2026-06-30,Lake Worth,P0254,0,24,2
2026-06-30,Lake Worth,P0022,19,8,1
2026-05-31,Oakland Park,P0299,2,181,2
2025-12-31,Dania Beach,P0300,0,28,3
2025-07-31,Dania Beach,P0080,3,139,3
2025-07-31,Lake Worth,P0052,1,18,3
2025-08-31,Lake Worth,P0210,3,56,2
2026-06-30,Oakland Park,P0287,3,25,3
2025-07-31,Lake Worth,P0192,5,18,1
2025-08-31,Dania Beach,P0226,1,14,2
2025-09-30,Dania Beach,P0162,1,49,3
2025-08-31,Dania Beach,P0044,0,6,3
2026-01-31,Lake Worth,P0253,14,70,2
2025-10-31,Lake Worth,P0063,6,50,2
2025-12-31,Oakland Park,P0157,9,45,3
2026-03-31,Dania Beach,P0135,2,18,2
2025-09-30,Oakland Park,P0169,3,21,2
2026-06-30,Lake Worth,P0151,4,11,1
2026-03-31,Oakland Park,P0129,2,69,3
2025-08-31,Dania Beach,P0258,154,53,2
2026-04-30,Lake Worth,P0266,4,36,3
2026-05-31,Oakland Park,P0108,5,45,3
2025-12-31,Dania Beach,P0095,8,33,2
2026-02-28,Dania Beach,P0276,1,32,2
2025-10-31,Lake Worth,P0115,2,65,2
2025-11-30,Dania Beach,P0135,4,22,1
2025-10-31,Dania Beach,P0300,3,74,3
2026-01-31,Oakland Park,P0170,10,170,2
2025-09-30,Oakland Park,P0059,2,14,2
2026-01-31,Lake Worth,P0020,8,9,1
2026-06-30,Dania Beach,P0247,2,166,2
2026-01-31,Lake Worth,P0154,4,187,2
2026-01-31,Dania Beach,P0293,4,49,2
2026-06-30,Oakland Park,P0059,2,217,2
2025-11-30,Oakland Park,P0210,1,45,3
2026-05-31,Dania Beach,P0221,1,72,2
2026-03-31,Lake Worth,P0091,14,14,2
2026-06-30,Oakland Park,P0241,2,28,1
2025-10-31,Lake Worth,P0254,0,39,2
2026-04-30,Oakland Park,P0242,4,46,2
2026-05-31,Dania Beach,P0054,5,92,3
2025-07-31,Lake Worth,P0082,2,257,2
2026-04-30,Dania Beach,P0194,0,57,1
2026-01-31,Lake Worth,P0279,5,33,3
2026-02-28,Dania Beach,P0194,0,61,2
2025-08-31,Lake Worth,P0259,5,288,2
2026-05-31,Lake Worth,P0285,4,92,2
2025-09-30,Lake Worth,P0100,14,10,2
2025-10-31,Dania Beach,P0094,5,28,2
2025-07-31,Oakland Park,P0057,4,202,1
2025-07-31,Oakland Park,P0065,0,11,2
2026-05-31,Lake Worth,P0277,3,12,2
2025-08-31,Dania Beach,P0083,3,51,2
2026-03-31,Lake Worth,P0258,159,58,2
2025-07-31,Dania Beach,P0202,4,35,3
2025-10-31,Lake Worth,P0263,1,213,2
2025-10-31,Oakland Park,P0133,3,43,2
2026-02-28,Dania Beach,P0138,26,121,2
2026-03-31,Oakland Park,P0200,3,61,2
2026-06-30,Oakland Park,P0226,2,115,2
2026-01-31,Oakland Park,P0009,4,74,2
2026-03-31,Oakland Park,P0259,3,34,3
2026-05-31,Dania Beach,P0080,3,6,2
2025-12-31,Dania Beach,P0035,0,0,3
2026-06-30,Dania Beach,P0026,0,45,3
2026-03-31,Lake Worth,P0021,4,30,2
2026-03-31,Lake Worth,P0219,4,43,2
2026-04-30,Oakland Park,P0048,2,35,1
2025-07-31,Lake Worth,P0085,7,68,1
2025-08-31,Lake Worth,P0003,4,73,2
2025-12-31,Oakland Park,P0250,44,7,3
2026-06-30,Lake Worth,P0277,3,44,3
2026-01-31,Dania Beach,P0264,0,0,2
2026-02-28,Dania Beach,P0159,7,69,2
2026-01-31,Lake Worth,P0146,0,60,2
2026-04-30,Lake Worth,P0084,2,31,1
2026-06-30,Lake Worth,P0223,2,27,2
2025-12-31,Lake Worth,P0152,9,60,2
2025-09-30,Oakland Park,P0017,3,22,2
2025-09-30,Lake Worth,P0192,6,32,3
2025-12-31,Oakland Park,P0258,160,68,2
2025-07-31,Lake Worth,P0188,14,63,2
2026-06-30,Oakland Park,P0117,0,18,3
2025-07-31,Oakland Park,P0234,7,9,3
2026-04-30,Lake Worth,P0060,10,23,2
2026-03-31,Oakland Park,P0235,0,40,2
2025-11-30,Dania Beach,P0193,5,52,3
2025-10-31,Dania Beach,P0112,19,35,2
2025-07-31,Lake Worth,P0177,7,46,2
2026-06-30,Lake Worth,P0075,1,54,2
2025-12-31,Lake Worth,P0176,4,21,2
2026-02-28,Lake Worth,P0082,6,48,2
2025-10-31,Lake Worth,P0165,3,67,1
2025-11-30,Oakland Park,P0164,1,62,3
2025-12-31,Dania Beach,P0249,1,21,2
2026-05-31,Dania Beach,P0137,5,274,3
2026-01-31,Dania Beach,P0290,2,8,2
2025-07-31,Lake Worth,P0139,0,26,3
2025-12-31,Lake Worth,P0140,4,273,2
2026-03-31,Oakland Park,P0228,2,18,3
2025-08-31,Oakland Park,P0126,3,202,1
2025-09-30,Dania Beach,P0264,0,0,3
2025-07-31,Lake Worth,P0124,2,24,2
2025-08-31,Lake Worth,P0056,6,44,3
2026-01-31,Dania Beach,P0165,0,24,2
2025-10-31,Dania Beach,P0126,5,15,3
2025-08-31,Lake Worth,P0126,3,69,2
2026-04-30,Lake Worth,P0139,4,227,3
2026-05-31,Dania Beach,P0238,2,73,1
2025-10-31,Oakland Park,P0030,0,9,3
2025-07-31,Dania Beach,P0155,2,72,2
2025-07-31,Oakland Park,P0274,2,54,2
2026-03-31,Lake Worth,P0207,6,65,3
2025-10-31,Lake Worth,P0169,2,75,2
2025-12-31,Lake Worth,P0220,3,56,2
2025-11-30,Oakland Park,P0123,22,28,2
2025-10-31,Lake Worth,P0162,1,189,3
2025-11-30,Lake Worth,P0196,14,22,3
2026-04-30,Dania Beach,P0255,0,58,2
2025-08-31,Lake Worth,P0230,0,39,2
2026-02-28,Dania Beach,P0187,1,36,2
2025-09-30,Oakland Park,P0215,3,27,2
2025-11-30,Dania Beach,P0130,1,168,1
2026-05-31,Oakland Park,P0047,2,21,1
2026-02-28,Oakland Park,P0128,10,124,2
2026-04-30,Lake Worth,P0071,9,218,2
2025-12-31,Lake Worth,P0031,8,5,1
2025-12-31,Dania Beach,P0023,2,65,3
2026-01-31,Oakland Park,P0269,4,120,1
2025-08-31,Lake Worth,P0201,0,65,1
2026-06-30,Dania Beach,P0262,2,62,3
2025-12-31,Oakland Park,P0024,13,92,2
2026-05-31,Lake Worth,P0295,0,31,3
2026-06-30,Oakland Park,P0097,3,27,3
2025-10-31,Lake Worth,P0047,0,49,3
2026-02-28,Oakland Park,P0186,0,32,1
2026-06-30,Oakland Park,P0050,14,70,2
2025-10-31,Lake Worth,P0182,0,21,2
2025-10-31,Dania Beach,P0222,3,69,2
2025-09-30,Dania Beach,P0124,4,307,2
2026-01-31,Oakland Park,P0178,14,157,1
2026-06-30,Lake Worth,P0013,1,28,1
2025-09-30,Dania Beach,P0084,2,18,3
2026-02-28,Dania Beach,P0177,5,182,1
2025-11-30,Dania Beach,P0039,3,8,1
2025-10-31,Lake Worth,P0195,3,108,1
2026-01-31,Dania Beach,P0260,1,65,2
2026-06-30,Oakland Park,P0087,2,65,1
2025-07-31,Dania Beach,P0183,1,41,2
2025-07-31,Oakland Park,P0277,3,59,1
2025-12-31,Oakland Park,P0288,8,73,2
2025-10-31,Oakland Park,P0163,0,5,1
2026-04-30,Dania Beach,P0034,6,59,2
2026-05-31,Dania Beach,P0047,7,15,3
2026-05-31,Dania Beach,P0199,4,58,1
2026-04-30,Dania Beach,P0143,1,245,2
2026-01-31,Dania Beach,P0077,4,66,2
2025-10-31,Lake Worth,P0259,3,255,1
2026-03-31,Dania Beach,P0285,5,49,1
2026-01-31,Lake Worth,P0024,3,22,2
2026-03-31,Oakland Park,P0070,2,24,1
2026-04-30,Dania Beach,P0063,8,61,3
2025-12-31,Oakland Park,P0252,1,5,2
2025-08-31,Lake Worth,P0248,6,40,1
2026-06-30,Lake Worth,P0175,6,58,1
2026-02-28,Oakland Park,P0174,0,61,2
2025-09-30,Dania Beach,P0277,5,198,2
2025-09-30,Lake Worth,P0143,0,17,3
2026-04-30,Lake Worth,P0294,7,130,2
2025-10-31,Dania Beach,P0246,0,11,2
2025-08-31,Dania Beach,P0031,7,37,2
2025-12-31,Oakland Park,P0132,3,17,2
2025-08-31,Oakland Park,P0251,3,54,3
2025-07-31,Oakland Park,P0235,1,39,3
2025-07-31,Lake Worth,P0113,8,202,2
2025-11-30,Lake Worth,P0070,0,45,2
2026-01-31,Oakland Park,P0085,4,234,2
2026-01-31,Dania Beach,P0104,6,62,2
2026-05-31,Lake Worth,P0098,8,56,1
2025-12-31,Oakland Park,P0190,6,63,1
2026-05-31,Oakland Park,P0242,1,13,2
2026-06-30,Dania Beach,P0159,0,61,1
2025-08-31,Dania Beach,P0030,0,5,1
2026-05-31,Dania Beach,P0258,159,65,1
2026-01-31,Dania Beach,P0119,0,16,2
2026-05-31,Lake Worth,P0014,1,6,1
2025-07-31,Dania Beach,P0053,1,42,2
2026-02-28,Dania Beach,P0176,3,41,1
2025-08-31,Dania Beach,P0174,1,68,1
2026-02-28,Lake Worth,P0079,8,153,2
2026-05-31,Lake Worth,P0095,11,36,2
2026-01-31,Oakland Park,P0035,13,310,3
2026-05-31,Oakland Park,P0038,0,28,3
2026-02-28,Oakland Park,P0100,17,50,3
2026-03-31,Dania Beach,P0006,6,69,1
2025-08-31,Oakland Park,P0144,11,128,3
2026-05-31,Oakland Park,P0176,5,58,2
2025-09-30,Oakland Park,P0255,2,184,1
2025-09-30,Oakland Park,P0205,7,267,2
2025-12-31,Lake Worth,P0284,3,31,2
2026-02-28,Oakland Park,P0133,6,138,1
2025-08-31,Oakland Park,P0236,3,52,3
2026-05-31,Dania Beach,P0249,3,136,2
2025-12-31,Dania Beach,P0050,10,19,2
2026-01-31,Dania Beach,P0274,5,265,1
2025-12-31,Dania Beach,P0205,0,0,2
2025-11-30,Lake Worth,P0053,1,42,1
2025-10-31,Oakland Park,P0184,1,70,2
2025-09-30,Lake Worth,P0144,0,29,2
2026-06-30,Dania Beach,P0269,3,287,2
2026-06-30,Dania Beach,P0169,0,9,2
2026-02-28,Lake Worth,P0254,0,65,2
2025-09-30,Oakland Park,P0131,0,51,2
2026-03-31,Lake Worth,P0100,14,63,1
2026-03-31,Lake Worth,P0277,1,25,1
2026-05-31,Oakland Park,P0136,0,9,2
2026-03-31,Oakland Park,P0076,8,102,1
2025-10-31,Dania Beach,P0111,2,24,3
2026-01-31,Dania Beach,P0204,0,6,1
2026-01-31,Lake Worth,P0028,61,63,2
2025-09-30,Dania Beach,P0297,3,59,1
2025-10-31,Oakland Park,P0235,1,18,3
2026-04-30,Lake Worth,P0265,4,23,1
2025-11-30,Dania Beach,P0206,0,0,2
2025-10-31,Dania Beach,P0169,0,49,3
2026-05-31,Dania Beach,P0110,1,144,2
2026-01-31,Dania Beach,P0289,2,55,3
2026-01-31,Oakland Park,P0080,0,63,1
2026-05-31,Oakland Park,P0104,10,25,2
2025-09-30,Oakland Park,P0050,9,39,1
2025-09-30,Lake Worth,P0021,5,40,2
2026-01-31,Lake Worth,P0048,4,36,2
2025-08-31,Dania Beach,P0249,3,53,2
2026-06-30,Dania Beach,P0081,8,23,2
2025-09-30,Lake Worth,P0200,3,63,3
2025-08-31,Dania Beach,P0107,0,0,1
2026-06-30,Lake Worth,P0057,2,71,2
2026-01-31,Oakland Park,P0233,10,19,3
2025-10-31,Lake Worth,P0229,65,264,1
2025-08-31,Lake Worth,P0184,4,262,2
2026-06-30,Oakland Park,P0046,3,54,1
2025-11-30,Oakland Park,P0064,0,74,2
2025-09-30,Dania Beach,P0156,0,0,3
2026-03-31,Dania Beach,P0103,3,306,2
2025-12-31,Lake Worth,P0060,9,68,1
2026-05-31,Dania Beach,P0078,3,50,2
2025-10-31,Oakland Park,P0149,2,30,3
2025-12-31,Oakland Park,P0214,4,112,2
2025-07-31,Dania Beach,P0210,0,59,2
2026-06-30,Lake Worth,P0141,19,57,2
2025-11-30,Lake Worth,P0046,1,26,3
2026-03-31,Lake Worth,P0069,21,24,2
2026-01-31,Lake Worth,P0214,4,65,2
2025-10-31,Dania Beach,P0057,4,310,2
2025-10-31,Lake Worth,P0074,2,54,1
2025-12-31,Dania Beach,P0295,2,15,3
2026-01-31,Lake Worth,P0203,2,22,2
2025-09-30,Lake Worth,P0290,0,71,1
2026-05-31,Oakland Park,P0110,1,19,3
2025-07-31,Dania Beach,P0198,0,0,2
2026-01-31,Dania Beach,P0215,6,73,3
2025-08-31,Lake Worth,P0050,9,148,2
2026-03-31,Lake Worth,P0165,3,20,2
2025-12-31,Dania Beach,P0141,22,22,3
2026-04-30,Lake Worth,P0151,5,34,2
2025-11-30,Oakland Park,P0116,6,262,2
2026-03-31,Oakland Park,P0096,1,39,3
2026-02-28,Dania Beach,P0298,14,231,2
2026-04-30,Dania Beach,P0258,156,52,2
2026-06-30,Dania Beach,P0299,2,20,3
2026-04-30,Lake Worth,P0199,2,32,2
2025-08-31,Lake Worth,P0249,2,107,1
2026-05-31,Dania Beach,P0188,0,0,1
2026-04-30,Dania Beach,P0146,2,56,1
2025-09-30,Lake Worth,P0297,4,24,2
2025-07-31,Oakland Park,P0182,3,13,2
2025-10-31,Oakland Park,P0249,4,48,3
2026-03-31,Dania Beach,P0129,7,51,2
2026-06-30,Lake Worth,P0128,4,224,3
2025-08-31,Oakland Park,P0091,12,145,3
2026-02-28,Lake Worth,P0219,0,13,3
2025-09-30,Dania Beach,P0270,7,21,3
2025-09-30,Lake Worth,P0056,2,69,3
2026-02-28,Lake Worth,P0248,4,23,1
2025-11-30,Lake Worth,P0267,1,53,1
2026-06-30,Oakland Park,P0026,2,214,1
2026-05-31,Oakland Park,P0014,3,68,2
2025-09-30,Oakland Park,P0246,0,12,3
2026-05-31,Oakland Park,P0077,9,100,3
2025-08-31,Dania Beach,P0097,3,212,2
2026-05-31,Oakland Park,P0196,17,14,1
2026-02-28,Dania Beach,P0044,3,75,3
2026-04-30,Dania Beach,P0195,4,18,2
2025-09-30,Dania Beach,P0117,0,43,2
2026-04-30,Oakland Park,P0015,2,42,3
2025-07-31,Dania Beach,P0166,1,276,2
2026-01-31,Lake Worth,P0137,8,31,3
2025-09-30,Oakland Park,P0153,3,42,2
2025-07-31,Dania Beach,P0179,0,11,1
2026-04-30,Oakland Park,P0291,2,31,3
2026-01-31,Dania Beach,P0262,0,44,3
2025-10-31,Lake Worth,P0013,3,107,3
2025-09-30,Dania Beach,P0266,7,60,3
2025-07-31,Lake Worth,P0128,1,41,2
2025-11-30,Dania Beach,P0141,23,203,3
2025-09-30,Dania Beach,P0195,1,11,1
2025-07-31,Lake Worth,P0103,0,59,3
2026-03-31,Dania Beach,P0205,0,0,3
2026-05-31,Lake Worth,P0194,3,46,2
2026-04-30,Oakland Park,P0249,4,38,2
2026-04-30,Lake Worth,P0097,0,74,2
2026-04-30,Lake Worth,P0191,3,75,1
2026-03-31,Lake Worth,P0159,1,69,1
2026-02-28,Dania Beach,P0286,9,19,1
2025-07-31,Oakland Park,P0232,14,33,1
2025-12-31,Lake Worth,P0266,4,66,1
2025-10-31,Oakland Park,P0283,8,31,2
2025-11-30,Oakland Park,P0206,9,173,2
2025-12-31,Oakland Park,P0274,3,37,3
2025-10-31,Oakland Park,P0093,5,21,1
2026-05-31,Oakland Park,P0297,3,273,1
2026-03-31,Lake Worth,P0082,6,51,2
2026-04-30,Oakland Park,P0287,0,28,2
2025-10-31,Oakland Park,P0185,5,49,2
2026-02-28,Dania Beach,P0071,7,54,2
2025-11-30,Dania Beach,P0080,0,27,3
2025-09-30,Oakland Park,P0276,0,74,1
2026-06-30,Dania Beach,P0196,13,13,2
2026-01-31,Dania Beach,P0277,2,15,1
2025-09-30,Oakland Park,P0095,8,52,2
2025-10-31,Oakland Park,P0250,43,57,1
2025-12-31,Lake Worth,P0170,8,54,2
2026-03-31,Lake Worth,P0058,10,18,2
2026-05-31,Dania Beach,P0025,3,11,2
2025-08-31,Oakland Park,P0282,1,64,2
2025-11-30,Lake Worth,P0010,7,11,2
2025-07-31,Dania Beach,P0269,4,33,1
2026-03-31,Lake Worth,P0089,0,22,3
2025-08-31,Dania Beach,P0008,6,27,2
2025-10-31,Oakland Park,P0150,4,49,2
2025-09-30,Oakland Park,P0226,4,47,2
2026-02-28,Lake Worth,P0104,9,59,2
2026-02-28,Oakland Park,P0103,0,22,2
2026-04-30,Dania Beach,P0185,0,44,3
2026-04-30,Lake Worth,P0283,5,108,3
2026-04-30,Oakland Park,P0140,4,7,2
2025-07-31,Dania Beach,P0104,9,62,2
2025-10-31,Lake Worth,P0283,5,27,2
2025-10-31,Oakland Park,P0228,4,46,2
2025-10-31,Dania Beach,P0148,3,8,1
2026-03-31,Dania Beach,P0275,5,9,3
2026-01-31,Oakland Park,P0125,9,51,1
2025-10-31,Dania Beach,P0296,3,43,3
2025-11-30,Lake Worth,P0213,6,16,1
2025-10-31,Lake Worth,P0208,2,317,2
2025-10-31,Oakland Park,P0177,5,179,1
2025-12-31,Dania Beach,P0048,4,286,2
2025-07-31,Lake Worth,P0261,1,13,2
2025-10-31,Oakland Park,P0194,0,73,2
2025-09-30,Oakland Park,P0277,0,44,3
2026-05-31,Lake Worth,P0282,1,74,2
2026-05-31,Oakland Park,P0200,2,147,2
2025-12-31,Lake Worth,P0293,2,24,3
2025-08-31,Dania Beach,P0208,0,12,2
2025-09-30,Dania Beach,P0067,0,0,2
2025-07-31,Dania Beach,P0188,0,0,3
2025-12-31,Oakland Park,P0061,1,8,2
2025-09-30,Dania Beach,P0151,0,0,3
2025-12-31,Lake Worth,P0121,7,47,2
2026-05-31,Dania Beach,P0224,6,281,3
2026-02-28,Dania Beach,P0133,5,10,2
2025-12-31,Dania Beach,P0018,0,25,3
2025-08-31,Lake Worth,P0055,0,54,2
2026-03-31,Dania Beach,P0114,1,184,1
2026-03-31,Dania Beach,P0064,0,69,3
2026-05-31,Lake Worth,P0264,11,271,2
2026-05-31,Oakland Park,P0134,9,68,2
2025-12-31,Lake Worth,P0127,5,59,3
2026-02-28,Lake Worth,P0256,2,47,2
2026-03-31,Oakland Park,P0095,8,19,1
2026-04-30,Dania Beach,P0265,2,41,1
2026-05-31,Oakland Park,P0048,3,61,2
2025-07-31,Oakland Park,P0088,0,50,1
2025-10-31,Lake Worth,P0197,5,48,2
2025-12-31,Oakland Park,P0014,3,19,2
2026-05-31,Lake Worth,P0276,0,51,3
2026-03-31,Lake Worth,P0197,1,32,1
2025-10-31,Oakland Park,P0264,13,144,2
2026-05-31,Oakland Park,P0255,2,32,2
2026-03-31,Dania Beach,P0094,3,39,3
2025-08-31,Dania Beach,P0194,1,292,2
2026-05-31,Lake Worth,P0206,2,108,2
2025-11-30,Lake Worth,P0137,7,16,2
2025-11-30,Dania Beach,P0267,4,44,1
2026-01-31,Dania Beach,P0055,1,108,3
2026-06-30,Dania Beach,P0180,1,33,1
2026-06-30,Oakland Park,P0221,4,69,2
2026-04-30,Lake Worth,P0130,0,9,2
2025-10-31,Oakland Park,P0081,3,271,1
2025-10-31,Oakland Park,P0091,13,64,2
2026-04-30,Lake Worth,P0221,1,73,1
2026-01-31,Dania Beach,P0088,4,62,2
2025-09-30,Oakland Park,P0161,8,64,2
2025-08-31,Dania Beach,P0074,0,55,2
2025-09-30,Lake Worth,P0218,0,23,3
2026-06-30,Lake Worth,P0169,2,47,2
2026-05-31,Dania Beach,P0283,8,134,3
2026-06-30,Dania Beach,P0238,3,70,2
2025-08-31,Oakland Park,P0022,11,35,1
2025-09-30,Lake Worth,P0127,3,318,2
2025-07-31,Oakland Park,P0196,15,73,1
2026-03-31,Dania Beach,P0222,4,10,2
2026-06-30,Lake Worth,P0133,2,65,2
2026-05-31,Lake Worth,P0064,5,25,3
2025-07-31,Dania Beach,P0257,0,5,2
2025-10-31,Oakland Park,P0015,0,73,2
2026-03-31,Lake Worth,P0005,4,41,2
2025-08-31,Lake Worth,P0177,2,13,2
2025-07-31,Lake Worth,P0211,1,189,2
2025-10-31,Dania Beach,P0214,2,67,1
2026-01-31,Dania Beach,P0087,7,48,2
2026-05-31,Lake Worth,P0012,1,30,2
2026-03-31,Oakland Park,P0247,4,12,3
2025-08-31,Oakland Park,P0113,10,211,2
2025-08-31,Lake Worth,P0112,21,66,2
2025-12-31,Lake Worth,P0236,0,67,3
2025-12-31,Oakland Park,P0006,7,14,3
2025-09-30,Lake Worth,P0177,4,5,3
2025-10-31,Dania Beach,P0240,4,228,2
2025-09-30,Oakland Park,P0077,10,207,3
2026-01-31,Lake Worth,P0234,9,287,1
2026-04-30,Dania Beach,P0110,6,317,2
2025-09-30,Lake Worth,P0041,5,68,2
2026-05-31,Oakland Park,P0167,6,53,1
2025-10-31,Dania Beach,P0133,6,19,3
2026-03-31,Dania Beach,P0179,1,51,2
2026-05-31,Dania Beach,P0290,2,70,3
2026-03-31,Oakland Park,P0278,0,64,2
2026-06-30,Lake Worth,P0168,1,137,3
2025-11-30,Dania Beach,P0087,2,229,3
2025-10-31,Lake Worth,P0053,0,59,2
2026-02-28,Oakland Park,P0251,6,34,1
2025-11-30,Oakland Park,P0168,1,61,3
2026-06-30,Oakland Park,P0143,0,10,2
2025-08-31,Oakland Park,P0260,0,28,3
2025-09-30,Oakland Park,P0048,5,19,2
2026-04-30,Dania Beach,P0109,5,216,1
2026-04-30,Oakland Park,P0169,1,69,2
2025-09-30,Dania Beach,P0080,2,73,2
2026-05-31,Oakland Park,P0141,23,54,1
2026-02-28,Oakland Park,P0161,7,8,1
2025-07-31,Dania Beach,P0035,0,0,2
2025-10-31,Lake Worth,P0275,4,42,1
2025-12-31,Dania Beach,P0151,0,0,1
2026-04-30,Oakland Park,P0082,3,20,2
2026-06-30,Oakland Park,P0166,0,7,2
2025-10-31,Lake Worth,P0153,1,219,2
2026-06-30,Lake Worth,P0102,5,55,3
2026-03-31,Dania Beach,P0266,5,223,1
2025-12-31,Dania Beach,P0210,4,47,1
2025-07-31,Oakland Park,P0036,6,140,2
2025-10-31,Dania Beach,P0278,5,5,1
2026-06-30,Oakland Park,P0037,7,167,2
2025-12-31,Oakland Park,P0238,1,193,2
2025-12-31,Lake Worth,P0247,8,10,1
2026-03-31,Lake Worth,P0287,0,32,3
2025-10-31,Oakland Park,P0111,0,58,1
2025-08-31,Dania Beach,P0276,1,91,3
2025-09-30,Dania Beach,P0089,4,44,3
2026-01-31,Oakland Park,P0274,1,55,2
2026-04-30,Lake Worth,P0195,0,68,2
2025-11-30,Dania Beach,P0103,5,34,2
2026-02-28,Oakland Park,P0091,8,13,2
2025-07-31,Oakland Park,P0174,1,58,2
2025-08-31,Lake Worth,P0103,0,46,3
2025-07-31,Lake Worth,P0226,3,21,2
2026-01-31,Dania Beach,P0142,0,8,2
2025-10-31,Lake Worth,P0209,15,59,2
2025-11-30,Dania Beach,P0044,0,41,3
2026-02-28,Lake Worth,P0264,11,23,2
2026-06-30,Lake Worth,P0260,0,30,2
2025-08-31,Lake Worth,P0268,1,24,2
2026-01-31,Dania Beach,P0149,3,154,2
2025-11-30,Dania Beach,P0084,3,51,2
2026-05-31,Lake Worth,P0244,3,5,3
2026-01-31,Dania Beach,P0130,0,54,2
2026-06-30,Oakland Park,P0095,9,41,2
2025-11-30,Oakland Park,P0288,8,20,1
2025-09-30,Lake Worth,P0291,3,274,1
2025-08-31,Lake Worth,P0287,1,70,2
2025-11-30,Dania Beach,P0042,20,65,2
2026-02-28,Oakland Park,P0085,1,32,1
2025-09-30,Dania Beach,P0005,2,9,2
2026-01-31,Oakland Park,P0083,3,33,2
2025-09-30,Dania Beach,P0142,3,26,2
2026-05-31,Lake Worth,P0296,4,172,2
2026-05-31,Lake Worth,P0108,6,47,3
2026-06-30,Lake Worth,P0163,1,267,2
2025-08-31,Lake Worth,P0254,0,50,1
2026-01-31,Lake Worth,P0219,0,70,1
2025-10-31,Oakland Park,P0002,3,289,3
2026-03-31,Lake Worth,P0280,4,63,3
2025-10-31,Lake Worth,P0104,1,14,2
2026-05-31,Dania Beach,P0135,1,27,2
2025-07-31,Dania Beach,P0242,6,6,2
2026-05-31,Lake Worth,P0250,47,70,2
2025-09-30,Oakland Park,P0274,0,19,2
2026-04-30,Dania Beach,P0134,8,137,2
2025-08-31,Dania Beach,P0192,5,22,2
2026-05-31,Oakland Park,P0074,2,24,2
2025-08-31,Lake Worth,P0080,2,38,2
2026-05-31,Oakland Park,P0057,5,99,2
2026-05-31,Oakland Park,P0085,1,68,2
2026-01-31,Lake Worth,P0139,5,40,1
2025-10-31,Oakland Park,P0190,5,32,2
2025-11-30,Dania Beach,P0014,0,31,2
2025-12-31,Dania Beach,P0132,6,71,3
2025-11-30,Dania Beach,P0043,2,9,3
2026-01-31,Oakland Park,P0039,1,21,3
2025-11-30,Oakland Park,P0181,29,25,2
2026-05-31,Dania Beach,P0057,5,25,1
2025-12-31,Oakland Park,P0259,3,70,2
2025-08-31,Lake Worth,P0278,1,266,3
2025-12-31,Lake Worth,P0215,5,27,1
2025-10-31,Oakland Park,P0180,6,35,2
2025-11-30,Lake Worth,P0078,2,64,1
2025-09-30,Lake Worth,P0287,0,26,2
2025-11-30,Dania Beach,P0181,31,49,2
2026-05-31,Lake Worth,P0177,3,55,1
2025-09-30,Lake Worth,P0111,0,68,1
2025-07-31,Oakland Park,P0240,5,13,2
2025-07-31,Dania Beach,P0189,0,0,2
2026-04-30,Lake Worth,P0063,6,20,2
2026-02-28,Dania Beach,P0291,1,253,2
2026-02-28,Lake Worth,P0240,5,72,2
2026-04-30,Oakland Park,P0237,4,14,2
2025-11-30,Lake Worth,P0197,3,25,1
2025-12-31,Lake Worth,P0080,0,53,3
2026-02-28,Dania Beach,P0220,0,16,2
2026-05-31,Dania Beach,P0239,4,28,3
2025-12-31,Oakland Park,P0038,0,31,2
2026-06-30,Lake Worth,P0210,4,98,2
2025-07-31,Dania Beach,P0165,0,9,3
2026-02-28,Lake Worth,P0011,0,30,1
2025-10-31,Lake Worth,P0034,1,26,1
2025-09-30,Dania Beach,P0187,0,6,3
2025-08-31,Oakland Park,P0242,6,59,1
2025-12-31,Dania Beach,P0244,4,71,2
2026-03-31,Lake Worth,P0008,7,59,2
2025-07-31,Lake Worth,P0147,4,49,2
2025-08-31,Lake Worth,P0002,2,19,3
2026-04-30,Oakland Park,P0070,2,19,2
2025-07-31,Oakland Park,P0222,7,47,1
2025-08-31,Oakland Park,P0237,4,66,1
2025-12-31,Lake Worth,P0283,11,65,1
2026-02-28,Lake Worth,P0025,3,36,3
2025-07-31,Oakland Park,P0158,2,27,3
2026-01-31,Oakland Park,P0283,6,279,3
2025-07-31,Oakland Park,P0055,3,69,2
2026-05-31,Dania Beach,P0009,3,173,2
2025-08-31,Dania Beach,P0180,5,33,2
2025-11-30,Lake Worth,P0079,7,64,2
2026-03-31,Dania Beach,P0101,3,58,2
2026-04-30,Dania Beach,P0297,2,67,2
2025-11-30,Oakland Park,P0200,1,16,2
2026-02-28,Dania Beach,P0008,7,73,1
2026-02-28,Oakland Park,P0187,2,37,2
2026-03-31,Dania Beach,P0097,3,25,1
2025-09-30,Oakland Park,P0197,0,7,2
2025-07-31,Lake Worth,P0234,7,62,2
2026-04-30,Dania Beach,P0160,0,39,2
2026-05-31,Oakland Park,P0269,3,245,2
2026-04-30,Lake Worth,P0076,6,9,1
2025-11-30,Lake Worth,P0260,6,20,2
2025-08-31,Lake Worth,P0031,5,283,2
2025-07-31,Oakland Park,P0027,5,73,2
2025-10-31,Lake Worth,P0299,4,42,2
2026-05-31,Oakland Park,P0288,8,51,3
2026-02-28,Dania Beach,P0077,8,31,2
2026-05-31,Oakland Park,P0193,5,20,2
2026-06-30,Dania Beach,P0198,0,0,2
2025-07-31,Lake Worth,P0071,9,5,3
2025-10-31,Oakland Park,P0209,13,44,3
2026-01-31,Lake Worth,P0027,4,33,1
2025-10-31,Oakland Park,P0219,1,23,2
2026-04-30,Oakland Park,P0053,2,253,2
2025-11-30,Oakland Park,P0160,0,61,2
2026-06-30,Dania Beach,P0282,0,18,2
2025-11-30,Lake Worth,P0001,2,61,3
2025-09-30,Lake Worth,P0151,3,72,1
2025-07-31,Oakland Park,P0133,2,283,1
2026-06-30,Oakland Park,P0103,3,51,1
2025-12-31,Lake Worth,P0072,3,256,2
2026-06-30,Lake Worth,P0063,7,5,2
2025-08-31,Lake Worth,P0070,2,283,2
2025-12-31,Dania Beach,P0099,23,17,1
2025-07-31,Dania Beach,P0072,1,75,2
2025-08-31,Lake Worth,P0032,1,47,1
2026-01-31,Oakland Park,P0072,2,222,2
2025-11-30,Lake Worth,P0028,66,58,2
2025-12-31,Oakland Park,P0025,4,9,3
2025-12-31,Dania Beach,P0029,2,30,3
2026-06-30,Lake Worth,P0182,2,70,2
2026-01-31,Dania Beach,P0106,2,62,1
2025-11-30,Oakland Park,P0229,68,31,3
2026-04-30,Lake Worth,P0184,5,74,2
2026-06-30,Oakland Park,P0247,3,49,2
2025-10-31,Oakland Park,P0094,4,47,1
2025-09-30,Dania Beach,P0292,1,209,2
2026-06-30,Dania Beach,P0182,3,24,3
2026-01-31,Dania Beach,P0196,14,52,3
2026-05-31,Oakland Park,P0270,6,64,2
2025-11-30,Oakland Park,P0208,0,29,3
2025-10-31,Oakland Park,P0188,13,126,3
2026-03-31,Lake Worth,P0290,3,60,3
2025-09-30,Oakland Park,P0140,3,8,2
2025-10-31,Dania Beach,P0282,4,59,2
2025-12-31,Oakland Park,P0245,5,45,2
2026-03-31,Dania Beach,P0087,2,30,1
2025-10-31,Dania Beach,P0022,13,36,3
2026-06-30,Dania Beach,P0102,7,53,2
2026-04-30,Oakland Park,P0217,0,54,2
2025-10-31,Oakland Park,P0280,3,18,2
2025-11-30,Dania Beach,P0017,0,21,2
2025-07-31,Lake Worth,P0256,0,65,2
2025-12-31,Oakland Park,P0166,0,25,3
2026-06-30,Dania Beach,P0073,0,0,2
2026-04-30,Oakland Park,P0085,2,64,1
2025-08-31,Lake Worth,P0088,1,67,2
2025-10-31,Oakland Park,P0262,1,31,1
2025-10-31,Lake Worth,P0010,0,71,2
2026-05-31,Dania Beach,P0227,6,36,1
2026-01-31,Oakland Park,P0205,14,194,2
2026-05-31,Dania Beach,P0082,5,28,3
2025-10-31,Oakland Park,P0144,9,100,2
2026-04-30,Dania Beach,P0191,2,44,3
2025-12-31,Oakland Park,P0124,2,36,2
2025-12-31,Oakland Park,P0161,7,52,3
2026-03-31,Dania Beach,P0218,1,12,1
2026-06-30,Lake Worth,P0108,8,36,1
2026-05-31,Oakland Park,P0076,1,61,3
2025-08-31,Oakland Park,P0262,0,16,2
2026-03-31,Oakland Park,P0009,2,306,2
2026-01-31,Lake Worth,P0222,5,47,2
2026-06-30,Oakland Park,P0298,14,46,3
2026-06-30,Oakland Park,P0081,0,25,3
2025-10-31,Lake Worth,P0264,8,187,2
2026-04-30,Lake Worth,P0109,7,57,2
2026-03-31,Lake Worth,P0001,2,54,3
2026-04-30,Lake Worth,P0094,5,44,1
2026-04-30,Oakland Park,P0036,12,242,2
2025-07-31,Lake Worth,P0282,3,34,2
2026-03-31,Oakland Park,P0150,4,62,2
2026-06-30,Dania Beach,P0207,4,53,2
2025-07-31,Lake Worth,P0024,3,217,1
2026-05-31,Dania Beach,P0201,0,71,2
2026-01-31,Dania Beach,P0202,1,34,3
2025-12-31,Dania Beach,P0145,11,52,1
2026-03-31,Oakland Park,P0007,4,210,3
2026-05-31,Dania Beach,P0117,0,75,1
2025-10-31,Lake Worth,P0135,2,199,2
2026-03-31,Oakland Park,P0163,3,19,2
2025-08-31,Dania Beach,P0059,2,47,2
2026-05-31,Oakland Park,P0212,0,66,3
2026-04-30,Dania Beach,P0286,4,35,3
2026-05-31,Lake Worth,P0083,5,28,1
2026-06-30,Oakland Park,P0029,4,63,2
2025-10-31,Lake Worth,P0235,1,8,2
2025-10-31,Oakland Park,P0157,9,29,1
2025-09-30,Dania Beach,P0088,2,60,1
2026-01-31,Oakland Park,P0026,1,75,2
2025-12-31,Oakland Park,P0103,0,12,1
2026-03-31,Oakland Park,P0055,5,38,1
2025-10-31,Dania Beach,P0064,0,19,2
2026-05-31,Dania Beach,P0151,0,0,2
2025-09-30,Oakland Park,P0231,6,29,1
2025-10-31,Dania Beach,P0231,8,51,3
2026-06-30,Dania Beach,P0229,67,51,1
2026-03-31,Oakland Park,P0237,7,71,2
2025-07-31,Dania Beach,P0055,1,59,1
2026-02-28,Lake Worth,P0147,4,20,2
2025-10-31,Oakland Park,P0152,9,62,2
2026-06-30,Oakland Park,P0139,0,12,1
2026-04-30,Dania Beach,P0282,1,42,2
2025-10-31,Oakland Park,P0220,0,35,2
2026-04-30,Dania Beach,P0254,2,50,2
2026-03-31,Oakland Park,P0014,0,8,2
2025-09-30,Oakland Park,P0157,12,71,2
2025-11-30,Oakland Park,P0279,6,25,3
2025-07-31,Dania Beach,P0109,2,52,2
2026-06-30,Lake Worth,P0281,7,67,3
2026-04-30,Lake Worth,P0211,2,36,2
2025-09-30,Dania Beach,P0131,2,186,3
2026-06-30,Oakland Park,P0038,0,31,2
2025-08-31,Oakland Park,P0098,5,15,3
2025-11-30,Oakland Park,P0043,2,42,2
2026-04-30,Oakland Park,P0101,0,74,1
2025-12-31,Oakland Park,P0012,2,11,2
2026-05-31,Oakland Park,P0106,3,228,2
2025-12-31,Dania Beach,P0087,2,54,2
2025-09-30,Lake Worth,P0238,4,31,3
2026-03-31,Oakland Park,P0211,8,48,3
2025-09-30,Dania Beach,P0158,5,180,1
2026-05-31,Lake Worth,P0113,7,14,2
2026-03-31,Lake Worth,P0235,0,48,1
2025-11-30,Dania Beach,P0263,0,0,1
2026-05-31,Dania Beach,P0051,2,14,1
2026-06-30,Oakland Park,P0015,1,138,2
2025-11-30,Oakland Park,P0176,6,46,3
2025-08-31,Lake Worth,P0114,2,71,3
2025-09-30,Oakland Park,P0001,0,30,1
2025-08-31,Oakland Park,P0223,4,41,2
2025-12-31,Lake Worth,P0084,2,52,3
2025-11-30,Oakland Park,P0287,0,69,3
2025-10-31,Lake Worth,P0048,4,60,2
2025-08-31,Oakland Park,P0145,11,18,1
2025-12-31,Dania Beach,P0270,0,29,1
2026-04-30,Dania Beach,P0039,3,15,2
2025-11-30,Dania Beach,P0082,8,34,2
2026-01-31,Lake Worth,P0103,0,22,2
2026-06-30,Dania Beach,P0184,0,8,3
2025-09-30,Dania Beach,P0295,0,12,1
2026-01-31,Oakland Park,P0133,9,17,2
2025-11-30,Lake Worth,P0293,6,57,2
2026-02-28,Lake Worth,P0094,2,67,3
2026-03-31,Dania Beach,P0185,5,29,2
2025-12-31,Lake Worth,P0078,9,266,2
2026-02-28,Oakland Park,P0037,9,35,2
2025-12-31,Lake Worth,P0164,0,40,2
2025-07-31,Dania Beach,P0127,2,91,1
2026-03-31,Dania Beach,P0202,1,23,1
2025-11-30,Oakland Park,P0193,0,47,3
2025-07-31,Oakland Park,P0122,10,190,1
2026-05-31,Oakland Park,P0029,3,28,3
2025-10-31,Dania Beach,P0058,10,42,3
2025-12-31,Lake Worth,P0058,9,110,2
2025-11-30,Oakland Park,P0230,3,106,3
2026-04-30,Lake Worth,P0200,0,20,1
2025-12-31,Oakland Park,P0254,0,14,3
2026-05-31,Dania Beach,P0165,4,265,2
2026-04-30,Dania Beach,P0300,1,295,3
2025-12-31,Dania Beach,P0065,2,22,1
2025-12-31,Oakland Park,P0072,0,58,2
2025-11-30,Oakland Park,P0004,7,52,2
2026-06-30,Lake Worth,P0066,4,49,2
2026-04-30,Lake Worth,P0035,5,52,2
2025-09-30,Dania Beach,P0164,3,65,1
2025-08-31,Dania Beach,P0045,22,60,2
2025-08-31,Lake Worth,P0172,6,318,1
2026-04-30,Dania Beach,P0197,2,178,1
2025-10-31,Dania Beach,P0140,6,27,2
2025-12-31,Oakland Park,P0191,2,37,3
2026-04-30,Lake Worth,P0174,1,57,2
2025-08-31,Lake Worth,P0275,3,13,1
2025-08-31,Dania Beach,P0084,5,33,2
2026-05-31,Dania Beach,P0219,2,35,2
2026-05-31,Oakland Park,P0060,10,25,2
2026-06-30,Oakland Park,P0122,8,264,3
2026-01-31,Dania Beach,P0294,4,12,1
2025-07-31,Lake Worth,P0254,0,12,2
2025-12-31,Dania Beach,P0113,10,60,3
2025-11-30,Dania Beach,P0006,5,38,3
2026-06-30,Dania Beach,P0188,0,0,3
2026-02-28,Dania Beach,P0279,4,43,1
2026-01-31,Dania Beach,P0266,6,56,1
2025-07-31,Oakland Park,P0250,43,38,1
2025-07-31,Oakland Park,P0130,3,30,1
2026-05-31,Dania Beach,P0193,8,167,1
2026-01-31,Lake Worth,P0189,2,54,2
2026-03-31,Dania Beach,P0256,1,39,3
2026-06-30,Dania Beach,P0255,7,28,1
2026-05-31,Dania Beach,P0202,5,40,3
2026-03-31,Oakland Park,P0030,0,27,1
2025-12-31,Oakland Park,P0150,5,49,3
2025-08-31,Dania Beach,P0010,0,0,3
2026-06-30,Dania Beach,P0131,3,67,1
2026-04-30,Oakland Park,P0208,1,7,2
2026-03-31,Oakland Park,P0284,14,214,3
2025-07-31,Lake Worth,P0243,1,54,2
2025-12-31,Oakland Park,P0114,5,153,2
2026-03-31,Oakland Park,P0028,61,47,1
2026-06-30,Oakland Park,P0094,5,22,1
2026-01-31,Oakland Park,P0118,0,23,3
2026-04-30,Dania Beach,P0111,2,263,2
2025-07-31,Dania Beach,P0029,6,130,2
2026-06-30,Dania Beach,P0258,153,38,1
2025-09-30,Lake Worth,P0226,1,37,3
2026-04-30,Lake Worth,P0161,8,47,3
2026-01-31,Dania Beach,P0222,4,28,3
2026-05-31,Dania Beach,P0181,26,32,1
2026-02-28,Lake Worth,P0071,13,65,1
2025-11-30,Oakland Park,P0186,2,71,3
2026-06-30,Dania Beach,P0008,7,6,3
2026-03-31,Oakland Park,P0212,4,138,2
2025-12-31,Dania Beach,P0224,4,12,2
2025-12-31,Oakland Park,P0004,11,57,1
2025-07-31,Dania Beach,P0032,0,43,2
2025-10-31,Oakland Park,P0065,3,13,2
2026-05-31,Oakland Park,P0266,5,7,3
2026-05-31,Lake Worth,P0274,2,33,1
2025-11-30,Oakland Park,P0082,5,42,2
2025-12-31,Dania Beach,P0118,5,74,3
2026-04-30,Lake Worth,P0279,7,8,2
2025-12-31,Lake Worth,P0165,5,5,2
2025-07-31,Lake Worth,P0189,7,102,2
2025-09-30,Dania Beach,P0103,3,57,2
2026-01-31,Oakland Park,P0128,14,146,2
2025-10-31,Lake Worth,P0147,7,31,1
2025-10-31,Oakland Park,P0138,29,29,3
2025-12-31,Dania Beach,P0274,0,74,1
2026-04-30,Lake Worth,P0067,2,13,2
2026-04-30,Lake Worth,P0179,0,26,2
2025-07-31,Oakland Park,P0261,0,17,2
2026-01-31,Lake Worth,P0077,6,46,2
2026-06-30,Lake Worth,P0032,1,48,1
2026-01-31,Oakland Park,P0071,8,71,2
2025-09-30,Dania Beach,P0133,1,218,1
2025-08-31,Oakland Park,P0057,1,57,3
2025-11-30,Oakland Park,P0183,2,10,2
2025-12-31,Dania Beach,P0116,13,68,1
2026-02-28,Lake Worth,P0001,5,71,2
2025-08-31,Lake Worth,P0193,4,63,2
2026-01-31,Dania Beach,P0203,3,320,3
2025-12-31,Oakland Park,P0261,2,53,2
2026-02-28,Oakland Park,P0013,0,11,2
2026-06-30,Oakland Park,P0108,7,59,2
2026-04-30,Oakland Park,P0191,0,68,1
2026-01-31,Lake Worth,P0118,2,43,3
2025-10-31,Lake Worth,P0290,2,5,2
2026-03-31,Dania Beach,P0170,0,0,3
2025-07-31,Dania Beach,P0088,3,57,2
2026-05-31,Dania Beach,P0114,3,22,2
2025-08-31,Lake Worth,P0300,3,65,2
2025-09-30,Lake Worth,P0208,3,71,1
2025-10-31,Lake Worth,P0236,4,74,2
2025-11-30,Lake Worth,P0154,3,74,1
2025-11-30,Oakland Park,P0199,0,47,1
2025-08-31,Dania Beach,P0161,6,11,1
2025-11-30,Oakland Park,P0032,6,127,2
2026-06-30,Lake Worth,P0295,0,24,2
2025-12-31,Dania Beach,P0062,0,64,2
2025-11-30,Oakland Park,P0294,7,314,2
2025-09-30,Dania Beach,P0181,26,58,2
2025-12-31,Lake Worth,P0221,6,5,3
2025-11-30,Oakland Park,P0151,12,113,2
2026-04-30,Oakland Park,P0170,14,195,2
2025-09-30,Oakland Park,P0123,26,191,2
2026-03-31,Oakland Park,P0266,8,202,1
2026-05-31,Oakland Park,P0188,9,158,2
2025-10-31,Oakland Park,P0145,14,18,1
2025-12-31,Oakland Park,P0168,0,10,2
2026-05-31,Oakland Park,P0219,0,52,1
2026-01-31,Dania Beach,P0061,3,55,1
2026-04-30,Dania Beach,P0277,5,34,2
2025-10-31,Oakland Park,P0281,6,46,1
2026-01-31,Lake Worth,P0127,5,58,2
2025-10-31,Lake Worth,P0249,1,12,1
2025-07-31,Oakland Park,P0075,4,69,2
2025-07-31,Dania Beach,P0098,12,36,2
2025-09-30,Dania Beach,P0150,5,20,1
2026-01-31,Lake Worth,P0053,1,49,2
2026-05-31,Lake Worth,P0190,6,74,1
2025-08-31,Lake Worth,P0049,2,59,3
2026-04-30,Dania Beach,P0150,4,8,1
2026-06-30,Oakland Park,P0202,3,58,3
2026-02-28,Oakland Park,P0051,4,5,2
2026-02-28,Dania Beach,P0180,4,313,1
2026-03-31,Oakland Park,P0044,2,75,3
2026-05-31,Dania Beach,P0296,0,42,2
2026-01-31,Oakland Park,P0227,4,54,1
2025-08-31,Lake Worth,P0196,15,22,2
2026-02-28,Lake Worth,P0055,5,198,3
2026-03-31,Lake Worth,P0257,0,53,2
2026-03-31,Dania Beach,P0030,0,29,2
2026-02-28,Lake Worth,P0237,2,58,1
2026-03-31,Lake Worth,P0237,10,55,2
2026-05-31,Lake Worth,P0137,6,228,3
2025-07-31,Lake Worth,P0255,5,24,2
2025-10-31,Dania Beach,P0095,5,37,2
2026-06-30,Oakland Park,P0213,2,5,2
2025-10-31,Lake Worth,P0280,4,285,1
2025-08-31,Dania Beach,P0273,0,46,1
2025-08-31,Lake Worth,P0274,1,13,1
2026-04-30,Oakland Park,P0031,5,11,2
2025-11-30,Lake Worth,P0091,14,12,2
2025-09-30,Lake Worth,P0221,2,13,3
2026-06-30,Lake Worth,P0197,1,59,2
2025-11-30,Dania Beach,P0295,1,14,1
2025-08-31,Lake Worth,P0106,0,10,3
2026-05-31,Oakland Park,P0004,13,56,3
2026-01-31,Lake Worth,P0054,4,53,1
2026-02-28,Dania Beach,P0277,3,158,2
2026-03-31,Lake Worth,P0181,31,55,3
2026-01-31,Oakland Park,P0226,0,49,1
2026-04-30,Dania Beach,P0145,15,27,3
2025-08-31,Oakland Park,P0215,0,22,1
2026-04-30,Dania Beach,P0158,3,65,3
2026-02-28,Dania Beach,P0090,9,316,3
2026-02-28,Oakland Park,P0283,10,64,1
2026-02-28,Oakland Park,P0211,3,24,3
2026-06-30,Lake Worth,P0186,2,61,2
2026-05-31,Dania Beach,P0092,1,64,1
2025-07-31,Lake Worth,P0227,8,35,2
2025-08-31,Lake Worth,P0093,0,57,3
2025-11-30,Lake Worth,P0189,8,11,2
2026-05-31,Dania Beach,P0212,4,316,2
2025-07-31,Oakland Park,P0231,5,5,1
2026-04-30,Lake Worth,P0289,2,26,1
2025-11-30,Oakland Park,P0262,0,35,1
2025-11-30,Lake Worth,P0095,9,44,3
2025-12-31,Dania Beach,P0119,0,11,2
2026-03-31,Oakland Park,P0082,6,71,2
2026-06-30,Dania Beach,P0037,4,60,2
2025-11-30,Dania Beach,P0094,2,57,2
2026-01-31,Dania Beach,P0162,5,50,3
2025-10-31,Oakland Park,P0100,16,95,3
2026-06-30,Oakland Park,P0216,0,44,2
2025-07-31,Lake Worth,P0216,4,48,1
2026-01-31,Oakland Park,P0171,0,25,1
2026-01-31,Dania Beach,P0255,0,37,3
2025-10-31,Dania Beach,P0123,27,5,3
2026-04-30,Lake Worth,P0107,8,18,3
2026-01-31,Dania Beach,P0001,1,45,2
2025-08-31,Dania Beach,P0086,1,51,3
2025-11-30,Lake Worth,P0127,5,122,2
2025-08-31,Lake Worth,P0007,3,195,2
2025-12-31,Lake Worth,P0119,0,55,3
2025-08-31,Dania Beach,P0238,5,183,1
2025-12-31,Dania Beach,P0279,7,54,2
2026-03-31,Lake Worth,P0015,0,38,2
2026-02-28,Oakland Park,P0120,28,30,2
2026-04-30,Lake Worth,P0167,3,35,2
2026-06-30,Lake Worth,P0274,0,10,2
2025-12-31,Oakland Park,P0033,13,45,3
2025-07-31,Dania Beach,P0164,0,53,3
2026-01-31,Dania Beach,P0208,0,19,3
2025-12-31,Dania Beach,P0031,5,42,3
2026-04-30,Oakland Park,P0060,11,71,2
2026-05-31,Dania Beach,P0072,2,249,1
2026-06-30,Dania Beach,P0144,0,0,1
2026-03-31,Dania Beach,P0235,0,74,1
2026-02-28,Oakland Park,P0109,7,35,2
2025-09-30,Dania Beach,P0134,11,56,1
2026-06-30,Dania Beach,P0172,1,259,2
2025-07-31,Dania Beach,P0043,4,8,2
2025-09-30,Dania Beach,P0213,0,56,3
2026-01-31,Dania Beach,P0134,6,69,2
2026-06-30,Lake Worth,P0107,7,11,2
2025-12-31,Dania Beach,P0242,4,65,1
2026-05-31,Lake Worth,P0071,12,23,1
2025-10-31,Oakland Park,P0245,5,5,3
2026-05-31,Oakland Park,P0233,12,37,3
2025-12-31,Lake Worth,P0069,16,6,1
2026-04-30,Dania Beach,P0093,2,185,2
2026-05-31,Oakland Park,P0230,0,16,1
2026-02-28,Oakland Park,P0218,4,15,3
2026-05-31,Dania Beach,P0055,3,18,1
2026-03-31,Oakland Park,P0122,14,95,2
2025-08-31,Oakland Park,P0003,5,75,1
2026-03-31,Lake Worth,P0086,3,46,2
2025-08-31,Oakland Park,P0163,1,307,3
2026-02-28,Oakland Park,P0179,0,14,2
2025-12-31,Lake Worth,P0248,7,129,3
2026-01-31,Oakland Park,P0063,5,300,1
2026-05-31,Lake Worth,P0268,2,54,3
2026-06-30,Dania Beach,P0267,2,24,1
2025-08-31,Dania Beach,P0164,3,14,2
2025-09-30,Oakland Park,P0297,1,267,1
2025-11-30,Lake Worth,P0058,10,36,2
2026-01-31,Lake Worth,P0158,0,65,2
2025-07-31,Dania Beach,P0225,15,16,1
2026-01-31,Lake Worth,P0180,2,67,3
2026-02-28,Oakland Park,P0025,0,14,3
2025-12-31,Lake Worth,P0231,2,8,2
2025-10-31,Lake Worth,P0030,3,46,3
2025-07-31,Lake Worth,P0061,6,5,2
2026-04-30,Lake Worth,P0232,16,25,1
2026-01-31,Lake Worth,P0258,152,18,2
2025-12-31,Dania Beach,P0201,3,44,3
2025-08-31,Oakland Park,P0036,14,118,2
2026-02-28,Lake Worth,P0213,3,26,2
2026-01-31,Dania Beach,P0132,4,30,1
2025-07-31,Lake Worth,P0148,5,12,2
2026-01-31,Lake Worth,P0171,2,195,3
2025-08-31,Lake Worth,P0018,1,7,1
2025-07-31,Lake Worth,P0183,1,12,2
2025-07-31,Lake Worth,P0286,9,37,2
2026-03-31,Lake Worth,P0187,1,37,2
2025-07-31,Lake Worth,P0098,10,15,1
2025-11-30,Oakland Park,P0175,0,13,2
2026-01-31,Oakland Park,P0095,6,175,1
2025-10-31,Oakland Park,P0153,6,55,3
2026-05-31,Lake Worth,P0289,1,34,2
2025-12-31,Dania Beach,P0016,3,51,2
2025-08-31,Dania Beach,P0055,4,41,2
2025-10-31,Oakland Park,P0142,3,52,2
2026-06-30,Oakland Park,P0004,9,24,1
2026-02-28,Dania Beach,P0268,1,9,3
2025-12-31,Dania Beach,P0286,5,41,3
2026-06-30,Oakland Park,P0016,7,182,3
2025-11-30,Oakland Park,P0025,4,31,2
2026-02-28,Lake Worth,P0003,2,213,3
2026-01-31,Lake Worth,P0010,3,69,2
2026-01-31,Oakland Park,P0062,1,43,2
2025-12-31,Dania Beach,P0276,0,10,1
2026-01-31,Oakland Park,P0195,2,58,2
2026-01-31,Dania Beach,P0041,10,46,1
2025-08-31,Oakland Park,P0246,1,245,1
2026-04-30,Dania Beach,P0058,11,254,1
2026-01-31,Dania Beach,P0118,1,71,1
2026-05-31,Lake Worth,P0049,6,27,2
2025-10-31,Dania Beach,P0152,12,162,2
2025-07-31,Dania Beach,P0064,1,61,1
2026-02-28,Dania Beach,P0214,0,61,1
2025-11-30,Oakland Park,P0244,4,28,2
2025-08-31,Dania Beach,P0287,3,54,1
2026-04-30,Oakland Park,P0281,4,20,2
2026-04-30,Dania Beach,P0015,0,18,2
2026-02-28,Lake Worth,P0270,7,12,2
2025-09-30,Oakland Park,P0217,0,15,2
2026-06-30,Dania Beach,P0046,1,34,1
2025-07-31,Lake Worth,P0217,0,22,1
2025-12-31,Lake Worth,P0254,2,12,1
2026-06-30,Lake Worth,P0282,2,34,3
2025-10-31,Oakland Park,P0175,4,47,2
2026-06-30,Dania Beach,P0245,3,12,1
2026-01-31,Oakland Park,P0029,2,72,3
2025-07-31,Lake Worth,P0178,3,75,3
2026-03-31,Oakland Park,P0112,21,26,3
2026-05-31,Lake Worth,P0160,4,200,2
2026-04-30,Oakland Park,P0030,0,34,2
2025-09-30,Dania Beach,P0176,4,17,1
2025-10-31,Oakland Park,P0014,2,197,1
2026-03-31,Oakland Park,P0260,0,6,3
2026-03-31,Oakland Park,P0104,6,44,1
2025-10-31,Oakland Park,P0089,0,30,2
2026-04-30,Lake Worth,P0088,4,7,1
2025-08-31,Oakland Park,P0082,5,65,2
2026-05-31,Lake Worth,P0058,10,28,3
2025-09-30,Dania Beach,P0208,2,37,1
2025-10-31,Lake Worth,P0277,2,44,2
2025-12-31,Lake Worth,P0013,1,199,2
2025-09-30,Dania Beach,P0039,0,29,3
2026-04-30,Dania Beach,P0006,2,33,3
2025-07-31,Dania Beach,P0018,3,300,2
2025-10-31,Oakland Park,P0061,5,27,2
2026-02-28,Lake Worth,P0101,0,6,2
2026-03-31,Lake Worth,P0196,17,10,2
2026-02-28,Lake Worth,P0201,2,65,3
2025-07-31,Oakland Park,P0300,4,69,3
2026-04-30,Lake Worth,P0077,7,217,2
2026-04-30,Lake Worth,P0096,0,41,2
2026-03-31,Dania Beach,P0247,1,7,2
2025-09-30,Lake Worth,P0138,27,52,1
2026-04-30,Dania Beach,P0276,2,38,2
2025-11-30,Lake Worth,P0125,6,141,2
2026-02-28,Lake Worth,P0126,1,50,3
2025-10-31,Lake Worth,P0261,1,13,2
2026-01-31,Dania Beach,P0033,11,115,2
2026-05-31,Dania Beach,P0068,11,45,2
2025-09-30,Lake Worth,P0299,0,41,3
2026-05-31,Dania Beach,P0236,3,57,2
2026-01-31,Lake Worth,P0099,22,22,2
2026-03-31,Oakland Park,P0072,3,72,2
2025-10-31,Oakland Park,P0206,6,139,1
2025-10-31,Lake Worth,P0146,0,13,2
2026-04-30,Oakland Park,P0134,5,25,3
2026-05-31,Oakland Park,P0171,3,61,2
2026-01-31,Lake Worth,P0237,2,24,2
2026-03-31,Dania Beach,P0287,2,50,2
2026-01-31,Dania Beach,P0093,8,69,2
2025-07-31,Dania Beach,P0094,3,48,1
2025-07-31,Lake Worth,P0265,6,95,2
2025-11-30,Oakland Park,P0233,15,50,2
2025-08-31,Dania Beach,P0159,1,27,2
2025-11-30,Lake Worth,P0038,0,22,2
2025-07-31,Dania Beach,P0297,2,169,2
2025-08-31,Lake Worth,P0121,8,212,1
2026-02-28,Dania Beach,P0228,2,18,2
2026-06-30,Dania Beach,P0069,22,30,3
2026-04-30,Lake Worth,P0037,1,9,2
2026-06-30,Dania Beach,P0059,1,283,3
2025-07-31,Oakland Park,P0002,0,56,2
2026-03-31,Oakland Park,P0135,2,56,2
2025-10-31,Oakland Park,P0020,6,37,1
2026-04-30,Oakland Park,P0052,5,17,3
2025-09-30,Oakland Park,P0046,0,69,2
2026-04-30,Oakland Park,P0190,2,30,2
2026-03-31,Lake Worth,P0274,0,33,2
2026-04-30,Oakland Park,P0138,28,67,1
2026-02-28,Dania Beach,P0064,2,274,2
2025-12-31,Dania Beach,P0057,4,47,3
2025-11-30,Oakland Park,P0201,2,40,1
2026-02-28,Oakland Park,P0089,0,64,3
2026-05-31,Dania Beach,P0257,0,42,2
2026-06-30,Oakland Park,P0163,0,33,1
2025-09-30,Oakland Park,P0186,2,16,2
2026-03-31,Oakland Park,P0165,3,22,2
2025-12-31,Oakland Park,P0096,1,211,2
2025-12-31,Lake Worth,P0048,2,52,2
2025-07-31,Oakland Park,P0211,5,120,2
2026-01-31,Lake Worth,P0130,5,19,2
2026-02-28,Lake Worth,P0128,0,41,2
2025-10-31,Lake Worth,P0194,1,60,3
2025-12-31,Dania Beach,P0125,1,43,1
2025-08-31,Lake Worth,P0115,0,49,2
2025-12-31,Oakland Park,P0236,4,315,3
2025-12-31,Oakland Park,P0109,4,54,2
2026-04-30,Dania Beach,P0263,0,0,2
2026-04-30,Lake Worth,P0041,9,67,2
2026-01-31,Lake Worth,P0213,0,74,3
2025-07-31,Oakland Park,P0189,14,98,2
2025-12-31,Dania Beach,P0211,6,63,2
2026-01-31,Dania Beach,P0116,11,16,2
2025-12-31,Lake Worth,P0237,0,31,3
2026-01-31,Lake Worth,P0199,0,8,2
2025-10-31,Dania Beach,P0137,6,70,2
2025-12-31,Lake Worth,P0091,13,67,1
2026-04-30,Lake Worth,P0236,4,63,1
2025-12-31,Lake Worth,P0204,0,75,1
2025-07-31,Oakland Park,P0225,17,57,3
2026-05-31,Lake Worth,P0300,2,30,3
2025-10-31,Oakland Park,P0107,13,179,1
2025-12-31,Lake Worth,P0046,2,247,3
2026-03-31,Dania Beach,P0002,0,31,2
2026-06-30,Dania Beach,P0214,3,18,2
2025-10-31,Lake Worth,P0006,2,41,2
2025-09-30,Lake Worth,P0132,3,51,2
2025-07-31,Dania Beach,P0228,3,48,1
2026-02-28,Dania Beach,P0204,0,42,3
2025-09-30,Lake Worth,P0131,3,71,1
2026-02-28,Dania Beach,P0192,6,14,1
2026-01-31,Dania Beach,P0139,2,24,2
2026-05-31,Dania Beach,P0044,4,59,1
2026-06-30,Oakland Park,P0186,5,111,2
2026-02-28,Lake Worth,P0258,157,69,2
2026-01-31,Dania Beach,P0200,0,17,2
2026-05-31,Lake Worth,P0263,0,69,1
2025-07-31,Oakland Park,P0276,0,6,3
2026-05-31,Lake Worth,P0116,9,12,3
2026-05-31,Lake Worth,P0291,1,179,2
2026-06-30,Dania Beach,P0015,3,30,1
2026-06-30,Lake Worth,P0178,9,18,2
2026-01-31,Oakland Park,P0059,3,48,2
2026-03-31,Oakland Park,P0110,1,9,1
2026-06-30,Lake Worth,P0263,0,56,3
2026-03-31,Dania Beach,P0223,1,51,2
2025-08-31,Oakland Park,P0191,3,55,2
2026-02-28,Oakland Park,P0272,2,43,1
2026-04-30,Lake Worth,P0216,3,27,1
2026-05-31,Oakland Park,P0229,66,134,2
2026-03-31,Dania Beach,P0082,2,15,2
2026-06-30,Oakland Park,P0159,1,38,3
2026-02-28,Oakland Park,P0121,6,53,2
2025-07-31,Dania Beach,P0107,0,0,2
2026-01-31,Dania Beach,P0006,5,14,2
2026-01-31,Oakland Park,P0106,1,200,2
2025-11-30,Dania Beach,P0139,5,71,3
2025-11-30,Dania Beach,P0163,1,30,2
2025-10-31,Dania Beach,P0128,0,0,2
2025-11-30,Dania Beach,P0209,14,19,3
2025-12-31,Dania Beach,P0074,3,20,3
2025-10-31,Lake Worth,P0085,0,10,2
2025-08-31,Dania Beach,P0064,0,25,2
2026-05-31,Lake Worth,P0226,3,16,1
2026-04-30,Dania Beach,P0157,14,306,1
2025-12-31,Oakland Park,P0242,8,40,2
2025-10-31,Lake Worth,P0300,5,46,2
2025-12-31,Oakland Park,P0121,4,70,3
2025-10-31,Dania Beach,P0151,0,0,1
2026-03-31,Lake Worth,P0128,0,58,1
2026-02-28,Dania Beach,P0025,1,20,1
2025-09-30,Dania Beach,P0278,4,9,2
2026-06-30,Dania Beach,P0170,0,0,2
2025-10-31,Lake Worth,P0177,4,42,3
2025-11-30,Dania Beach,P0008,6,222,1
2026-04-30,Oakland Park,P0012,3,47,2
2026-01-31,Dania Beach,P0273,1,25,2
2026-05-31,Dania Beach,P0094,4,115,2
2026-03-31,Lake Worth,P0072,5,48,3
2025-08-31,Oakland Park,P0118,0,65,2
2025-11-30,Dania Beach,P0145,16,29,2
2025-11-30,Oakland Park,P0238,6,22,2
2025-11-30,Oakland Park,P0281,5,59,2
2025-11-30,Oakland Park,P0163,0,30,3
2026-01-31,Oakland Park,P0189,8,82,2
2025-12-31,Dania Beach,P0155,1,137,2
2026-04-30,Lake Worth,P0099,22,247,2
2025-08-31,Oakland Park,P0074,4,47,2
2025-08-31,Oakland Park,P0134,6,69,3
2026-04-30,Dania Beach,P0098,8,61,3
2026-01-31,Dania Beach,P0299,0,65,2
2025-11-30,Dania Beach,P0200,1,210,2
2026-06-30,Dania Beach,P0036,0,0,1
2026-01-31,Oakland Park,P0034,6,47,3
2025-11-30,Oakland Park,P0218,0,54,1
2026-05-31,Dania Beach,P0111,4,186,1
2025-11-30,Oakland Park,P0019,1,72,2
2026-03-31,Lake Worth,P0050,14,75,1
2026-03-31,Lake Worth,P0242,2,49,1
2026-03-31,Oakland Park,P0202,4,40,2
2026-01-31,Dania Beach,P0067,0,0,2
2026-03-31,Oakland Park,P0128,12,316,1
2026-06-30,Oakland Park,P0090,9,19,3
2025-09-30,Dania Beach,P0140,6,22,2
2025-12-31,Oakland Park,P0244,1,57,2
2025-12-31,Oakland Park,P0011,1,36,2
2025-10-31,Oakland Park,P0252,3,36,3
2025-12-31,Dania Beach,P0271,0,0,1
2025-11-30,Dania Beach,P0195,6,54,1
2026-05-31,Dania Beach,P0222,5,222,2
2026-06-30,Lake Worth,P0276,0,9,2
2025-09-30,Lake Worth,P0225,17,68,1
2025-07-31,Oakland Park,P0138,28,34,3
2025-11-30,Dania Beach,P0089,0,16,1
2026-02-28,Lake Worth,P0131,2,181,1
2025-07-31,Dania Beach,P0132,3,62,2
2025-11-30,Oakland Park,P0205,12,199,2
2026-01-31,Dania Beach,P0085,0,51,3
2026-03-31,Lake Worth,P0149,2,58,1
2025-10-31,Dania Beach,P0032,2,59,3
2026-01-31,Oakland Park,P0185,7,42,3
2025-09-30,Lake Worth,P0119,2,54,3
2026-01-31,Oakland Park,P0256,4,13,2
2026-04-30,Oakland Park,P0290,0,10,3
2026-03-31,Oakland Park,P0201,1,32,2
2026-03-31,Dania Beach,P0172,6,60,2
2026-05-31,Dania Beach,P0213,3,53,2
2025-10-31,Lake Worth,P0266,6,10,2
2026-05-31,Oakland Park,P0213,0,24,1
2025-12-31,Dania Beach,P0135,2,27,1
2026-02-28,Oakland Park,P0123,23,61,1
2025-11-30,Lake Worth,P0138,26,310,2
2026-01-31,Lake Worth,P0107,6,33,2
2026-04-30,Dania Beach,P0117,0,41,1
2026-06-30,Lake Worth,P0239,3,22,2
2025-10-31,Lake Worth,P0291,0,41,2
2025-07-31,Lake Worth,P0163,0,19,1
2025-07-31,Lake Worth,P0155,1,51,1
2026-01-31,Dania Beach,P0050,15,60,3
2025-08-31,Dania Beach,P0231,11,91,2
2026-01-31,Oakland Park,P0281,4,24,1
2026-03-31,Oakland Park,P0147,6,74,3
2026-02-28,Lake Worth,P0253,15,38,2
2025-09-30,Dania Beach,P0186,3,33,1
2026-05-31,Lake Worth,P0143,0,42,3
2025-10-31,Lake Worth,P0036,1,214,3
2026-06-30,Lake Worth,P0027,4,34,3
2026-01-31,Lake Worth,P0245,5,59,2
2025-10-31,Lake Worth,P0120,26,54,2
2026-05-31,Oakland Park,P0125,5,67,3
2026-01-31,Dania Beach,P0111,0,21,2
2025-09-30,Lake Worth,P0052,0,8,3
2026-01-31,Dania Beach,P0152,8,64,3
2025-09-30,Oakland Park,P0227,5,7,2
2025-09-30,Lake Worth,P0168,5,30,3
2026-05-31,Oakland Park,P0092,1,67,2
2026-02-28,Oakland Park,P0177,2,19,1
2025-07-31,Dania Beach,P0200,0,43,3
2025-12-31,Dania Beach,P0124,1,51,2
2026-04-30,Oakland Park,P0184,0,34,2
2025-11-30,Dania Beach,P0272,5,62,1
2026-02-28,Lake Worth,P0072,2,67,2
2025-11-30,Dania Beach,P0029,5,40,2
2026-01-31,Oakland Park,P0183,0,6,3
2025-07-31,Oakland Park,P0114,0,53,2
2025-11-30,Lake Worth,P0140,2,45,2
2026-02-28,Lake Worth,P0260,0,54,3
2026-01-31,Dania Beach,P0123,24,186,2
2026-05-31,Dania Beach,P0108,5,40,1
2026-03-31,Oakland Park,P0098,7,66,2
2026-05-31,Oakland Park,P0293,5,8,2
2026-03-31,Dania Beach,P0173,8,67,1
2026-01-31,Oakland Park,P0260,0,17,2
2025-10-31,Dania Beach,P0124,1,27,2
2026-03-31,Dania Beach,P0072,2,51,2
2026-04-30,Dania Beach,P0149,0,47,2
2025-07-31,Lake Worth,P0267,3,6,2
2026-01-31,Lake Worth,P0298,13,60,3
2025-09-30,Dania Beach,P0252,3,8,1
2025-09-30,Dania Beach,P0021,4,26,1
2025-11-30,Dania Beach,P0016,5,58,2
2025-11-30,Dania Beach,P0153,6,16,3
2026-03-31,Lake Worth,P0101,1,17,3
