sale_id,sale_date,location,product_id,quantity,unit_price,discount,net_amount
S000385,2025-07-15,Oakland Park,P0143,1,33.65,0.0,33.65
S002458,2025-10-07,Dania Beach,P0138,1,18.5,0.0,18.5
S008299,2026-05-01,Oakland Park,P0247,1,11.6,0.0,11.6
S002374,2025-10-04,Dania Beach,P0181,1,38.54,0.0,38.54
S002579,2025-10-12,Oakland Park,P0129,1,7.89,0.0,7.89
S006459,2026-03-04,Dania Beach,P0271,1,13.23,0.0,13.23
S005411,2026-01-11,Lake Worth,P0225,1,30.83,0.0,30.83
S007325,2026-04-06,Lake Worth,P0110,1,16.9,0.0,16.9
S002360,2025-10-04,Oakland Park,P0250,1,26.07,0.0,26.07
S006678,2026-03-14,Dania Beach,P0100,1,34.67,0.0,34.67
S000675,2025-07-28,Lake Worth,P0120,1,23.21,0.0,23.21
S008675,2026-05-16,Dania Beach,P0233,1,22.74,0.0,22.74
S003901,2025-12-04,Dania Beach,P0167,1,11.11,0.0,11.11
S001876,2025-09-14,Dania Beach,P0122,1,15.39,0.0,15.39
S009105,2026-06-02,Dania Beach,P0100,1,34.67,0.0,34.67
S000578,2025-07-25,Dania Beach,P0168,2,9.03,0.0,18.06
S008429,2026-05-06,Dania Beach,P0028,1,22.61,0.0,22.61
S008554,2026-05-11,Oakland Park,P0271,2,13.23,0.0,26.46
S009471,2026-06-16,Lake Worth,P0063,1,32.31,0.0,32.31
S005087,2025-12-29,Dania Beach,P0099,1,32.17,0.0,32.17
S006392,2026-03-01,Dania Beach,P0258,1,20.03,0.0,20.03
S000305,2025-07-12,Dania Beach,P0288,1,39.45,0.0,39.45
S005932,2026-02-06,Dania Beach,P0249,1,24.88,0.0,24.88
S004216,2025-12-11,Dania Beach,P0013,1,19.04,0.0,19.04
S006494,2026-03-06,Oakland Park,P0196,1,23.33,0.0,23.33
S003606,2025-11-23,Dania Beach,P0210,2,17.31,0.0,34.62
S009161,2026-06-04,Dania Beach,P0258,1,20.03,0.0,20.03
S000766,2025-08-01,Dania Beach,P0060,1,16.29,0.0,16.29
S005148,2025-12-30,Oakland Park,P0042,1,16.07,0.0,16.07
S006713,2026-03-15,Oakland Park,P0028,2,22.61,2.0,41.22
S004825,2025-12-24,Oakland Park,P0215,1,5.21,0.0,5.21
S006812,2026-03-19,Dania Beach,P0136,1,34.18,5.0,29.18
S000877,2025-08-05,Lake Worth,P0147,1,40.67,0.0,40.67
S000312,2025-07-12,Oakland Park,P0156,1,33.24,0.0,33.24
S003923,2025-12-04,Lake Worth,P0119,1,10.1,0.0,10.1
S005040,2025-12-28,Dania Beach,P0100,1,34.67,0.0,34.67
S006285,2026-02-25,Lake Worth,P0258,1,20.03,0.0,20.03
S007910,2026-04-20,Oakland Park,P0138,3,18.5,2.0,49.5
S006274,2026-02-24,Oakland Park,P0246,1,14.88,0.0,14.88
S009696,2026-06-25,Lake Worth,P0209,1,38.73,0.0,38.73
S003351,2025-11-12,Oakland Park,P0144,1,39.21,0.0,39.21
S002997,2025-10-29,Dania Beach,P0077,1,38.06,0.0,38.06
S008495,2026-05-09,Oakland Park,P0229,1,15.22,0.0,15.22
S002372,2025-10-04,Dania Beach,P0100,1,34.67,0.0,34.67
S003620,2025-11-23,Dania Beach,P0254,1,15.72,0.0,15.72
S003825,2025-12-01,Lake Worth,P0058,3,6.59,0.0,19.77
S009144,2026-06-03,Oakland Park,P0004,1,33.33,0.0,33.33
S009067,2026-05-31,Oakland Park,P0219,2,19.95,2.0,35.9
S004542,2025-12-18,Dania Beach,P0157,1,8.43,0.0,8.43
S004914,2025-12-26,Dania Beach,P0164,1,14.99,0.0,14.99
S000028,2025-07-02,Oakland Park,P0195,2,23.58,0.0,47.16
S000879,2025-08-05,Dania Beach,P0258,1,20.03,0.0,20.03
S008071,2026-04-25,Oakland Park,P0122,1,15.39,0.0,15.39
S004437,2025-12-15,Oakland Park,P0034,1,17.39,0.0,17.39
S008128,2026-04-26,Dania Beach,P0289,1,47.01,0.0,47.01
S008251,2026-04-29,Oakland Park,P0016,1,9.61,0.0,9.61
S005977,2026-02-08,Lake Worth,P0226,1,19.09,0.0,19.09
S000304,2025-07-12,Oakland Park,P0205,1,34.1,0.0,34.1
S004561,2025-12-18,Dania Beach,P0060,1,16.29,2.0,14.29
S002038,2025-09-22,Oakland Park,P0138,1,18.5,0.0,18.5
S000633,2025-07-26,Lake Worth,P0156,1,33.24,0.0,33.24
S004993,2025-12-27,Oakland Park,P0099,1,32.17,0.0,32.17
S008549,2026-05-10,Dania Beach,P0258,1,20.03,0.0,20.03
S004956,2025-12-27,Lake Worth,P0088,1,14.79,0.0,14.79
S008833,2026-05-22,Oakland Park,P0135,1,18.06,0.0,18.06
S004822,2025-12-24,Lake Worth,P0120,1,23.21,0.0,23.21
S002813,2025-10-21,Dania Beach,P0257,1,21.09,0.0,21.09
S004721,2025-12-22,Oakland Park,P0286,1,17.06,0.0,17.06
S003172,2025-11-04,Dania Beach,P0271,1,13.23,0.0,13.23
S001165,2025-08-17,Dania Beach,P0258,1,20.03,0.0,20.03
S001348,2025-08-25,Dania Beach,P0258,1,20.03,0.0,20.03
S009715,2026-06-26,Oakland Park,P0068,1,18.85,0.0,18.85
S000797,2025-08-02,Oakland Park,P0258,1,20.03,0.0,20.03
S006899,2026-03-22,Dania Beach,P0115,1,35.88,0.0,35.88
S005987,2026-02-08,Dania Beach,P0131,2,10.61,0.0,21.22
S004722,2025-12-22,Dania Beach,P0028,2,22.61,0.0,45.22
S000459,2025-07-19,Dania Beach,P0265,1,19.55,0.0,19.55
S007155,2026-04-02,Dania Beach,P0061,2,13.54,0.0,27.08
S002066,2025-09-23,Dania Beach,P0293,1,17.47,0.0,17.47
S002690,2025-10-17,Oakland Park,P0263,1,24.16,0.0,24.16
S004106,2025-12-08,Oakland Park,P0093,1,10.98,5.0,5.98
S008423,2026-05-06,Lake Worth,P0229,1,15.22,2.0,13.22
S002653,2025-10-16,Oakland Park,P0100,2,34.67,0.0,69.34
S000040,2025-07-02,Lake Worth,P0041,1,11.22,0.0,11.22
S008862,2026-05-23,Oakland Park,P0258,3,20.03,0.0,60.09
S001424,2025-08-28,Oakland Park,P0107,1,35.69,0.0,35.69
S000250,2025-07-10,Dania Beach,P0258,2,20.03,2.0,36.06
S002736,2025-10-18,Dania Beach,P0016,2,9.61,0.0,19.22
S003882,2025-12-03,Oakland Park,P0258,2,20.03,0.0,40.06
S004526,2025-12-17,Oakland Park,P0058,1,6.59,0.0,6.59
S008744,2026-05-18,Dania Beach,P0027,2,16.28,0.0,32.56
S008367,2026-05-04,Dania Beach,P0227,1,22.7,0.0,22.7
S004698,2025-12-21,Dania Beach,P0121,1,26.48,0.0,26.48
S000500,2025-07-20,Lake Worth,P0042,1,16.07,0.0,16.07
S004736,2025-12-22,Dania Beach,P0024,1,12.01,5.0,7.01
S000962,2025-08-09,Dania Beach,P0282,1,14.8,0.0,14.8
S001177,2025-08-18,Oakland Park,P0250,1,26.07,0.0,26.07
S005206,2025-12-31,Oakland Park,P0297,1,17.64,2.0,15.64
S009112,2026-06-02,Dania Beach,P0279,1,5.18,0.0,5.18
S002123,2025-09-25,Dania Beach,P0232,1,35.97,0.0,35.97
S004399,2025-12-14,Dania Beach,P0265,1,19.55,0.0,19.55
S003860,2025-12-02,Oakland Park,P0235,1,21.78,0.0,21.78
S001335,2025-08-24,Dania Beach,P0097,1,11.18,0.0,11.18
S005913,2026-02-05,Oakland Park,P0157,1,8.43,5.0,3.43
S001081,2025-08-14,Oakland Park,P0199,1,11.97,0.0,11.97
S009272,2026-06-07,Lake Worth,P0295,1,27.7,0.0,27.7
S002315,2025-10-02,Oakland Park,P0143,2,33.65,5.0,57.3
S002407,2025-10-05,Oakland Park,P0120,1,23.21,0.0,23.21
S005578,2026-01-19,Dania Beach,P0014,1,41.58,2.0,39.58
S004360,2025-12-14,Lake Worth,P0206,1,25.28,0.0,25.28
S005102,2025-12-29,Dania Beach,P0258,1,20.03,0.0,20.03
S009390,2026-06-13,Dania Beach,P0237,1,18.61,0.0,18.61
S003188,2025-11-05,Dania Beach,P0028,1,22.61,2.0,20.61
S000773,2025-08-02,Lake Worth,P0279,2,5.18,0.0,10.36
S004241,2025-12-11,Dania Beach,P0133,1,31.55,0.0,31.55
S006051,2026-02-13,Lake Worth,P0169,1,28.05,0.0,28.05
S002465,2025-10-07,Oakland Park,P0200,1,20.12,0.0,20.12
S006383,2026-03-01,Dania Beach,P0138,1,18.5,0.0,18.5
S009643,2026-06-22,Dania Beach,P0057,2,31.85,0.0,63.7
S003808,2025-12-01,Lake Worth,P0287,1,38.39,0.0,38.39
S008856,2026-05-23,Oakland Park,P0215,1,5.21,0.0,5.21
S008970,2026-05-27,Oakland Park,P0289,1,47.01,0.0,47.01
S003485,2025-11-18,Lake Worth,P0083,1,9.28,0.0,9.28
S009353,2026-06-12,Dania Beach,P0225,2,30.83,5.0,51.66
S001664,2025-09-06,Dania Beach,P0228,1,12.36,0.0,12.36
S002826,2025-10-22,Dania Beach,P0098,1,12.85,2.0,10.85
S001388,2025-08-27,Oakland Park,P0155,1,33.74,0.0,33.74
S008638,2026-05-14,Dania Beach,P0132,1,38.62,2.0,36.62
S002957,2025-10-27,Lake Worth,P0229,1,15.22,0.0,15.22
S007271,2026-04-05,Lake Worth,P0208,1,8.68,0.0,8.68
S008382,2026-05-04,Lake Worth,P0104,1,23.8,0.0,23.8
S009445,2026-06-15,Oakland Park,P0045,1,31.47,0.0,31.47
S003383,2025-11-13,Lake Worth,P0125,1,30.0,0.0,30.0
S009711,2026-06-25,Oakland Park,P0272,1,18.29,0.0,18.29
S003083,2025-11-01,Dania Beach,P0007,1,18.87,0.0,18.87
S003529,2025-11-20,Dania Beach,P0242,1,16.38,0.0,16.38
S001604,2025-09-04,Dania Beach,P0258,1,20.03,0.0,20.03
S001074,2025-08-14,Dania Beach,P0258,1,20.03,0.0,20.03
S008426,2026-05-06,Oakland Park,P0114,1,22.91,0.0,22.91
S003458,2025-11-16,Dania Beach,P0123,1,32.28,0.0,32.28
S004305,2025-12-13,Lake Worth,P0156,1,33.24,0.0,33.24
S007630,2026-04-13,Dania Beach,P0031,1,23.06,0.0,23.06
S003398,2025-11-14,Oakland Park,P0145,1,18.52,0.0,18.52
S001969,2025-09-19,Dania Beach,P0229,1,15.22,2.0,13.22
S000380,2025-07-15,Lake Worth,P0232,1,35.97,0.0,35.97
S001765,2025-09-10,Oakland Park,P0294,1,30.88,0.0,30.88
S006592,2026-03-10,Oakland Park,P0101,1,40.29,0.0,40.29
S005556,2026-01-18,Lake Worth,P0278,1,27.49,2.0,25.49
S005291,2026-01-04,Dania Beach,P0134,1,13.77,2.0,11.77
S005790,2026-01-31,Dania Beach,P0136,1,34.18,0.0,34.18
S000021,2025-07-02,Lake Worth,P0134,1,13.77,0.0,13.77
S006065,2026-02-13,Lake Worth,P0150,1,8.12,0.0,8.12
S003773,2025-11-30,Oakland Park,P0178,2,35.29,0.0,70.58
S001340,2025-08-25,Oakland Park,P0070,2,22.38,0.0,44.76
S002190,2025-09-28,Dania Beach,P0095,1,15.25,0.0,15.25
S004178,2025-12-10,Lake Worth,P0039,1,18.68,0.0,18.68
S006549,2026-03-08,Dania Beach,P0258,1,20.03,5.0,15.03
S001768,2025-09-10,Oakland Park,P0042,1,16.07,0.0,16.07
S003848,2025-12-02,Lake Worth,P0098,1,12.85,0.0,12.85
S009452,2026-06-15,Oakland Park,P0293,1,17.47,0.0,17.47
S000041,2025-07-02,Oakland Park,P0222,1,25.03,0.0,25.03
S005910,2026-02-05,Oakland Park,P0107,1,35.69,0.0,35.69
S000091,2025-07-04,Oakland Park,P0123,1,32.28,0.0,32.28
S001543,2025-09-01,Oakland Park,P0137,1,34.89,0.0,34.89
S006063,2026-02-13,Oakland Park,P0250,1,26.07,0.0,26.07
S004961,2025-12-27,Dania Beach,P0095,2,15.25,0.0,30.5
S007468,2026-04-10,Dania Beach,P0120,2,23.21,2.0,42.42
S006288,2026-02-25,Dania Beach,P0222,1,25.03,0.0,25.03
S006147,2026-02-17,Dania Beach,P0074,1,23.62,2.0,21.62
S009117,2026-06-02,Lake Worth,P0097,1,11.18,2.0,9.18
S008257,2026-04-30,Lake Worth,P0069,1,21.4,0.0,21.4
S002554,2025-10-11,Dania Beach,P0269,1,19.37,0.0,19.37
S000885,2025-08-05,Dania Beach,P0050,1,16.14,0.0,16.14
S006677,2026-03-14,Dania Beach,P0031,1,23.06,5.0,18.06
S000044,2025-07-02,Oakland Park,P0181,1,38.54,0.0,38.54
S000205,2025-07-07,Dania Beach,P0005,1,12.32,2.0,10.32
S003213,2025-11-06,Oakland Park,P0298,1,10.79,2.0,8.79
S006133,2026-02-16,Oakland Park,P0181,3,38.54,5.0,100.62
S008878,2026-05-23,Lake Worth,P0112,1,9.26,0.0,9.26
S000844,2025-08-04,Dania Beach,P0258,1,20.03,0.0,20.03
S000283,2025-07-12,Oakland Park,P0144,1,39.21,0.0,39.21
S000546,2025-07-23,Dania Beach,P0257,2,21.09,0.0,42.18
S008518,2026-05-09,Oakland Park,P0117,1,13.24,0.0,13.24
S008233,2026-04-29,Dania Beach,P0229,3,15.22,0.0,45.66
S002234,2025-09-29,Dania Beach,P0071,1,14.0,0.0,14.0
S002890,2025-10-25,Oakland Park,P0138,1,18.5,0.0,18.5
S008245,2026-04-29,Dania Beach,P0141,1,18.03,0.0,18.03
S009026,2026-05-30,Dania Beach,P0157,1,8.43,0.0,8.43
S003115,2025-11-02,Oakland Park,P0197,1,24.23,0.0,24.23
S000867,2025-08-05,Oakland Park,P0271,2,13.23,0.0,26.46
S006920,2026-03-23,Lake Worth,P0055,1,18.49,2.0,16.49
S008743,2026-05-18,Dania Beach,P0257,1,21.09,0.0,21.09
S009490,2026-06-17,Dania Beach,P0251,1,16.69,0.0,16.69
S003050,2025-10-31,Dania Beach,P0108,1,11.87,0.0,11.87
S003390,2025-11-14,Oakland Park,P0141,1,18.03,5.0,13.03
S008121,2026-04-26,Dania Beach,P0196,1,23.33,0.0,23.33
S003641,2025-11-25,Lake Worth,P0181,1,38.54,0.0,38.54
S007053,2026-03-30,Dania Beach,P0229,1,15.22,0.0,15.22
S001425,2025-08-28,Dania Beach,P0002,1,33.09,0.0,33.09
S009077,2026-06-01,Lake Worth,P0250,1,26.07,0.0,26.07
S004866,2025-12-25,Dania Beach,P0009,1,10.82,0.0,10.82
S000073,2025-07-03,Oakland Park,P0240,1,29.77,0.0,29.77
S002508,2025-10-09,Oakland Park,P0255,1,34.26,0.0,34.26
S000882,2025-08-05,Oakland Park,P0063,1,32.31,0.0,32.31
S006701,2026-03-15,Oakland Park,P0025,1,37.2,2.0,35.2
S002424,2025-10-05,Oakland Park,P0247,1,11.6,0.0,11.6
S002783,2025-10-20,Dania Beach,P0262,1,32.15,0.0,32.15
S001055,2025-08-13,Lake Worth,P0099,1,32.17,0.0,32.17
S009197,2026-06-06,Dania Beach,P0028,1,22.61,0.0,22.61
S005001,2025-12-27,Dania Beach,P0141,3,18.03,0.0,54.09
S006982,2026-03-26,Oakland Park,P0159,1,5.86,0.0,5.86
S004680,2025-12-21,Lake Worth,P0122,2,15.39,0.0,30.78
S000185,2025-07-07,Lake Worth,P0240,1,29.77,2.0,27.77
S007603,2026-04-12,Oakland Park,P0258,1,20.03,0.0,20.03
S005396,2026-01-10,Dania Beach,P0145,1,18.52,0.0,18.52
S008276,2026-04-30,Oakland Park,P0080,1,3.25,0.0,3.25
S005084,2025-12-29,Lake Worth,P0183,1,39.68,0.0,39.68
S008832,2026-05-22,Oakland Park,P0007,1,18.87,0.0,18.87
S002046,2025-09-22,Oakland Park,P0014,1,41.58,0.0,41.58
S008562,2026-05-11,Dania Beach,P0078,1,34.08,0.0,34.08
S002915,2025-10-26,Oakland Park,P0101,1,40.29,0.0,40.29
S005276,2026-01-04,Lake Worth,P0229,1,15.22,0.0,15.22
S006128,2026-02-16,Dania Beach,P0229,1,15.22,0.0,15.22
S001677,2025-09-06,Dania Beach,P0006,1,18.74,0.0,18.74
S004610,2025-12-20,Oakland Park,P0079,2,38.19,0.0,76.38
S007353,2026-04-06,Dania Beach,P0090,1,39.67,2.0,37.67
S006935,2026-03-24,Oakland Park,P0258,2,20.03,0.0,40.06
S001278,2025-08-23,Oakland Park,P0023,1,36.9,0.0,36.9
S000423,2025-07-18,Lake Worth,P0269,1,19.37,2.0,17.37
S009579,2026-06-21,Oakland Park,P0250,1,26.07,0.0,26.07
S009831,2026-06-30,Oakland Park,P0028,1,22.61,0.0,22.61
S006108,2026-02-15,Lake Worth,P0022,1,7.3,0.0,7.3
S003430,2025-11-15,Dania Beach,P0028,1,22.61,0.0,22.61
S005717,2026-01-26,Dania Beach,P0028,1,22.61,2.0,20.61
S003072,2025-11-01,Lake Worth,P0157,2,8.43,0.0,16.86
S005818,2026-01-31,Oakland Park,P0028,1,22.61,0.0,22.61
S003803,2025-12-01,Lake Worth,P0233,1,22.74,0.0,22.74
S003676,2025-11-26,Oakland Park,P0082,1,11.34,5.0,6.34
S007763,2026-04-17,Oakland Park,P0191,1,35.79,0.0,35.79
S003647,2025-11-25,Oakland Park,P0074,1,23.62,0.0,23.62
S002101,2025-09-24,Lake Worth,P0079,1,38.19,5.0,33.19
S003104,2025-11-02,Oakland Park,P0090,1,39.67,0.0,39.67
S004648,2025-12-20,Oakland Park,P0258,1,20.03,2.0,18.03
S009466,2026-06-16,Oakland Park,P0253,1,12.31,0.0,12.31
S004717,2025-12-21,Lake Worth,P0095,3,15.25,0.0,45.75
S001836,2025-09-13,Dania Beach,P0190,1,31.63,0.0,31.63
S002140,2025-09-26,Lake Worth,P0169,1,28.05,0.0,28.05
S004677,2025-12-21,Dania Beach,P0007,1,18.87,0.0,18.87
S000539,2025-07-23,Oakland Park,P0040,1,30.27,0.0,30.27
S008076,2026-04-25,Dania Beach,P0253,1,12.31,0.0,12.31
S006364,2026-02-28,Oakland Park,P0095,3,15.25,0.0,45.75
S005819,2026-01-31,Oakland Park,P0095,1,15.25,0.0,15.25
S003947,2025-12-05,Oakland Park,P0224,1,28.47,0.0,28.47
S003986,2025-12-06,Oakland Park,P0073,2,20.85,0.0,41.7
S004059,2025-12-07,Oakland Park,P0047,1,11.39,0.0,11.39
S005259,2026-01-03,Lake Worth,P0258,1,20.03,0.0,20.03
S006803,2026-03-19,Oakland Park,P0095,1,15.25,0.0,15.25
S002857,2025-10-24,Oakland Park,P0232,1,35.97,0.0,35.97
S001556,2025-09-01,Dania Beach,P0005,1,12.32,0.0,12.32
S004638,2025-12-20,Dania Beach,P0227,3,22.7,0.0,68.1
S004402,2025-12-14,Dania Beach,P0264,2,39.66,0.0,79.32
S008402,2026-05-05,Dania Beach,P0104,1,23.8,0.0,23.8
S000417,2025-07-17,Oakland Park,P0102,1,16.27,0.0,16.27
S003704,2025-11-27,Oakland Park,P0250,2,26.07,0.0,52.14
S006945,2026-03-25,Dania Beach,P0258,1,20.03,0.0,20.03
S002738,2025-10-18,Dania Beach,P0120,1,23.21,0.0,23.21
S000700,2025-07-30,Oakland Park,P0067,1,22.05,0.0,22.05
S001283,2025-08-23,Lake Worth,P0028,1,22.61,0.0,22.61
S000243,2025-07-09,Oakland Park,P0266,1,28.75,0.0,28.75
S001194,2025-08-19,Oakland Park,P0035,1,25.13,2.0,23.13
S002772,2025-10-19,Lake Worth,P0230,2,15.88,0.0,31.76
S004290,2025-12-13,Oakland Park,P0231,1,16.4,0.0,16.4
S002677,2025-10-17,Oakland Park,P0043,1,11.96,0.0,11.96
S003733,2025-11-29,Dania Beach,P0028,1,22.61,0.0,22.61
S003842,2025-12-02,Dania Beach,P0285,1,24.04,0.0,24.04
S000068,2025-07-03,Lake Worth,P0068,1,18.85,0.0,18.85
S008762,2026-05-19,Dania Beach,P0173,1,28.8,0.0,28.8
S005664,2026-01-24,Dania Beach,P0149,1,20.51,0.0,20.51
S005975,2026-02-08,Dania Beach,P0069,1,21.4,2.0,19.4
S003286,2025-11-09,Dania Beach,P0258,2,20.03,0.0,40.06
S000054,2025-07-03,Oakland Park,P0076,1,28.11,0.0,28.11
S003541,2025-11-20,Dania Beach,P0185,1,20.14,0.0,20.14
S007081,2026-03-31,Oakland Park,P0099,1,32.17,0.0,32.17
S009276,2026-06-08,Oakland Park,P0258,1,20.03,2.0,18.03
S000621,2025-07-26,Oakland Park,P0040,2,30.27,0.0,60.54
S006674,2026-03-14,Oakland Park,P0239,1,7.76,0.0,7.76
S005427,2026-01-11,Dania Beach,P0119,1,10.1,0.0,10.1
S000824,2025-08-03,Oakland Park,P0112,1,9.26,5.0,4.26
S006791,2026-03-19,Oakland Park,P0120,1,23.21,0.0,23.21
S003454,2025-11-16,Dania Beach,P0205,1,34.1,2.0,32.1
S004901,2025-12-26,Oakland Park,P0100,1,34.67,0.0,34.67
S008031,2026-04-24,Dania Beach,P0258,1,20.03,0.0,20.03
S007236,2026-04-04,Oakland Park,P0241,1,10.09,0.0,10.09
S007958,2026-04-22,Lake Worth,P0230,1,15.88,0.0,15.88
S008806,2026-05-21,Dania Beach,P0257,1,21.09,0.0,21.09
S007382,2026-04-07,Dania Beach,P0233,1,22.74,0.0,22.74
S007953,2026-04-22,Dania Beach,P0210,1,17.31,0.0,17.31
S006507,2026-03-07,Lake Worth,P0181,1,38.54,0.0,38.54
S004824,2025-12-24,Oakland Park,P0045,1,31.47,2.0,29.47
S005988,2026-02-08,Dania Beach,P0258,1,20.03,0.0,20.03
S003271,2025-11-09,Lake Worth,P0042,1,16.07,2.0,14.07
S004874,2025-12-25,Dania Beach,P0062,1,34.29,0.0,34.29
S005650,2026-01-23,Lake Worth,P0020,1,24.25,0.0,24.25
S008153,2026-04-26,Lake Worth,P0099,1,32.17,0.0,32.17
S007350,2026-04-06,Oakland Park,P0116,1,38.74,0.0,38.74
S004629,2025-12-20,Oakland Park,P0258,1,20.03,2.0,18.03
S001250,2025-08-21,Dania Beach,P0232,1,35.97,0.0,35.97
S005929,2026-02-06,Dania Beach,P0004,2,33.33,0.0,66.66
S002126,2025-09-25,Lake Worth,P0258,1,20.03,0.0,20.03
S009389,2026-06-13,Dania Beach,P0250,2,26.07,0.0,52.14
S002775,2025-10-19,Dania Beach,P0112,1,9.26,2.0,7.26
S003954,2025-12-05,Dania Beach,P0207,1,8.62,0.0,8.62
S006464,2026-03-05,Dania Beach,P0071,1,14.0,0.0,14.0
S008649,2026-05-15,Dania Beach,P0028,1,22.61,0.0,22.61
S007147,2026-04-02,Dania Beach,P0157,1,8.43,0.0,8.43
S007806,2026-04-18,Dania Beach,P0161,1,43.05,2.0,41.05
S000321,2025-07-13,Dania Beach,P0102,1,16.27,0.0,16.27
S001400,2025-08-27,Lake Worth,P0250,3,26.07,0.0,78.21
S006926,2026-03-24,Oakland Park,P0137,1,34.89,0.0,34.89
S002082,2025-09-23,Dania Beach,P0188,2,14.19,0.0,28.38
S005866,2026-02-03,Oakland Park,P0100,1,34.67,0.0,34.67
S002944,2025-10-27,Oakland Park,P0112,1,9.26,0.0,9.26
S005057,2025-12-28,Dania Beach,P0253,1,12.31,0.0,12.31
S003441,2025-11-16,Dania Beach,P0285,1,24.04,0.0,24.04
S003266,2025-11-08,Oakland Park,P0229,1,15.22,0.0,15.22
S001734,2025-09-08,Oakland Park,P0167,1,11.11,0.0,11.11
S009359,2026-06-12,Oakland Park,P0076,2,28.11,0.0,56.22
S004340,2025-12-13,Oakland Park,P0120,1,23.21,0.0,23.21
S002662,2025-10-16,Lake Worth,P0091,1,10.86,0.0,10.86
S000605,2025-07-26,Lake Worth,P0160,1,15.14,0.0,15.14
S001195,2025-08-19,Dania Beach,P0133,1,31.55,0.0,31.55
S004706,2025-12-21,Dania Beach,P0174,1,17.55,0.0,17.55
S000353,2025-07-14,Dania Beach,P0106,1,14.38,0.0,14.38
S002255,2025-09-30,Oakland Park,P0081,1,12.2,0.0,12.2
S004856,2025-12-25,Lake Worth,P0102,1,16.27,5.0,11.27
S002406,2025-10-05,Oakland Park,P0181,2,38.54,0.0,77.08
S009564,2026-06-20,Dania Beach,P0173,1,28.8,0.0,28.8
S007501,2026-04-11,Lake Worth,P0258,1,20.03,0.0,20.03
S003492,2025-11-18,Oakland Park,P0233,1,22.74,0.0,22.74
S001319,2025-08-24,Lake Worth,P0035,1,25.13,0.0,25.13
S003747,2025-11-29,Dania Beach,P0181,2,38.54,0.0,77.08
S005815,2026-01-31,Oakland Park,P0250,1,26.07,0.0,26.07
S002112,2025-09-24,Dania Beach,P0258,1,20.03,0.0,20.03
S005648,2026-01-23,Dania Beach,P0017,1,13.63,0.0,13.63
S008853,2026-05-23,Dania Beach,P0229,1,15.22,0.0,15.22
S001923,2025-09-17,Dania Beach,P0260,1,16.34,0.0,16.34
S006619,2026-03-11,Dania Beach,P0293,1,17.47,0.0,17.47
S003471,2025-11-17,Lake Worth,P0140,1,17.16,0.0,17.16
S006071,2026-02-14,Oakland Park,P0201,3,37.27,0.0,111.81
S005144,2025-12-30,Dania Beach,P0079,1,38.19,0.0,38.19
S008193,2026-04-27,Oakland Park,P0004,1,33.33,0.0,33.33
S003736,2025-11-29,Oakland Park,P0041,1,11.22,0.0,11.22
S009744,2026-06-27,Oakland Park,P0063,2,32.31,0.0,64.62
S001092,2025-08-15,Dania Beach,P0181,1,38.54,0.0,38.54
S000166,2025-07-06,Oakland Park,P0028,1,22.61,5.0,17.61
S001475,2025-08-30,Dania Beach,P0123,1,32.28,2.0,30.28
S008871,2026-05-23,Lake Worth,P0077,1,38.06,0.0,38.06
S006058,2026-02-13,Dania Beach,P0258,1,20.03,5.0,15.03
S007946,2026-04-22,Lake Worth,P0225,1,30.83,0.0,30.83
S005741,2026-01-28,Oakland Park,P0188,1,14.19,2.0,12.19
S002050,2025-09-22,Dania Beach,P0153,1,24.73,0.0,24.73
S000991,2025-08-10,Dania Beach,P0024,1,12.01,2.0,10.01
S000584,2025-07-25,Dania Beach,P0122,1,15.39,0.0,15.39
S008012,2026-04-23,Dania Beach,P0120,2,23.21,0.0,46.42
S004223,2025-12-11,Lake Worth,P0170,1,12.29,0.0,12.29
S006582,2026-03-09,Oakland Park,P0249,1,24.88,0.0,24.88
S002089,2025-09-23,Lake Worth,P0255,1,34.26,0.0,34.26
S002096,2025-09-24,Lake Worth,P0082,1,11.34,0.0,11.34
S002593,2025-10-13,Lake Worth,P0209,1,38.73,0.0,38.73
S002420,2025-10-05,Oakland Park,P0112,1,9.26,0.0,9.26
S002621,2025-10-14,Oakland Park,P0050,1,16.14,0.0,16.14
S001057,2025-08-13,Dania Beach,P0258,1,20.03,0.0,20.03
S004422,2025-12-15,Lake Worth,P0116,1,38.74,0.0,38.74
S005855,2026-02-02,Dania Beach,P0120,1,23.21,0.0,23.21
S008322,2026-05-02,Lake Worth,P0023,1,36.9,0.0,36.9
S000003,2025-07-01,Dania Beach,P0034,1,17.39,0.0,17.39
S005487,2026-01-15,Oakland Park,P0258,1,20.03,2.0,18.03
S008546,2026-05-10,Lake Worth,P0181,1,38.54,0.0,38.54
S005163,2025-12-30,Oakland Park,P0147,1,40.67,0.0,40.67
S004597,2025-12-19,Lake Worth,P0100,1,34.67,0.0,34.67
S008521,2026-05-10,Oakland Park,P0060,1,16.29,0.0,16.29
S009738,2026-06-27,Dania Beach,P0057,1,31.85,0.0,31.85
S001330,2025-08-24,Lake Worth,P0141,1,18.03,0.0,18.03
S009207,2026-06-06,Lake Worth,P0050,1,16.14,0.0,16.14
S006493,2026-03-06,Lake Worth,P0065,1,22.31,0.0,22.31
S001961,2025-09-18,Oakland Park,P0067,1,22.05,0.0,22.05
S003621,2025-11-23,Dania Beach,P0058,1,6.59,0.0,6.59
S002409,2025-10-05,Lake Worth,P0252,1,18.54,0.0,18.54
S007077,2026-03-30,Lake Worth,P0229,1,15.22,5.0,10.22
S008775,2026-05-20,Oakland Park,P0067,1,22.05,0.0,22.05
S003347,2025-11-12,Oakland Park,P0082,2,11.34,0.0,22.68
S001691,2025-09-07,Oakland Park,P0102,1,16.27,2.0,14.27
S005318,2026-01-06,Dania Beach,P0218,1,12.89,0.0,12.89
S009257,2026-06-07,Oakland Park,P0109,1,19.26,0.0,19.26
S002324,2025-10-02,Oakland Park,P0215,1,5.21,0.0,5.21
S000685,2025-07-29,Dania Beach,P0141,1,18.03,0.0,18.03
S001122,2025-08-16,Lake Worth,P0283,1,41.77,0.0,41.77
S007069,2026-03-30,Oakland Park,P0285,1,24.04,0.0,24.04
S005945,2026-02-07,Dania Beach,P0258,1,20.03,0.0,20.03
S003171,2025-11-04,Oakland Park,P0165,1,17.48,0.0,17.48
S007283,2026-04-05,Dania Beach,P0258,1,20.03,0.0,20.03
S003660,2025-11-25,Dania Beach,P0120,1,23.21,0.0,23.21
S002931,2025-10-26,Dania Beach,P0121,1,26.48,0.0,26.48
S005283,2026-01-04,Dania Beach,P0231,1,16.4,0.0,16.4
S004870,2025-12-25,Dania Beach,P0258,1,20.03,0.0,20.03
S004882,2025-12-25,Dania Beach,P0092,1,34.43,0.0,34.43
S004987,2025-12-27,Dania Beach,P0050,1,16.14,0.0,16.14
S006478,2026-03-05,Lake Worth,P0054,1,38.06,2.0,36.06
S003739,2025-11-29,Lake Worth,P0298,1,10.79,0.0,10.79
S008607,2026-05-13,Oakland Park,P0258,1,20.03,0.0,20.03
S001455,2025-08-29,Oakland Park,P0200,1,20.12,5.0,15.12
S006767,2026-03-17,Lake Worth,P0229,1,15.22,0.0,15.22
S003786,2025-11-30,Dania Beach,P0141,1,18.03,0.0,18.03
S005953,2026-02-07,Dania Beach,P0181,1,38.54,0.0,38.54
S005925,2026-02-06,Oakland Park,P0123,1,32.28,0.0,32.28
S001443,2025-08-28,Oakland Park,P0194,1,31.47,0.0,31.47
S009477,2026-06-16,Oakland Park,P0161,1,43.05,0.0,43.05
S002833,2025-10-22,Lake Worth,P0054,1,38.06,0.0,38.06
S008234,2026-04-29,Dania Beach,P0266,1,28.75,0.0,28.75
S004989,2025-12-27,Dania Beach,P0236,1,32.91,0.0,32.91
S004042,2025-12-07,Oakland Park,P0250,1,26.07,0.0,26.07
S007392,2026-04-08,Lake Worth,P0225,1,30.83,0.0,30.83
S004405,2025-12-15,Dania Beach,P0223,1,16.45,0.0,16.45
S000609,2025-07-26,Dania Beach,P0258,1,20.03,0.0,20.03
S000717,2025-07-30,Oakland Park,P0158,1,15.94,0.0,15.94
S005402,2026-01-10,Oakland Park,P0222,1,25.03,0.0,25.03
S003463,2025-11-16,Lake Worth,P0028,1,22.61,5.0,17.61
S006656,2026-03-13,Lake Worth,P0091,1,10.86,0.0,10.86
S009672,2026-06-24,Lake Worth,P0102,1,16.27,0.0,16.27
S003311,2025-11-10,Dania Beach,P0028,1,22.61,0.0,22.61
S000393,2025-07-16,Dania Beach,P0201,1,37.27,0.0,37.27
S004149,2025-12-09,Lake Worth,P0250,1,26.07,0.0,26.07
S008200,2026-04-27,Oakland Park,P0250,1,26.07,0.0,26.07
S009296,2026-06-09,Dania Beach,P0112,1,9.26,5.0,4.26
S008946,2026-05-26,Oakland Park,P0258,1,20.03,0.0,20.03
S004889,2025-12-25,Dania Beach,P0181,2,38.54,2.0,73.08
S000755,2025-07-31,Oakland Park,P0042,1,16.07,0.0,16.07
S006086,2026-02-14,Dania Beach,P0259,1,34.69,0.0,34.69
S009635,2026-06-22,Lake Worth,P0161,1,43.05,0.0,43.05
S001989,2025-09-20,Oakland Park,P0037,2,16.2,0.0,32.4
S009797,2026-06-29,Dania Beach,P0028,1,22.61,0.0,22.61
S007573,2026-04-12,Dania Beach,P0042,2,16.07,0.0,32.14
S001903,2025-09-16,Lake Worth,P0205,1,34.1,2.0,32.1
S005752,2026-01-28,Lake Worth,P0113,1,15.71,0.0,15.71
S008885,2026-05-23,Oakland Park,P0209,1,38.73,0.0,38.73
S003635,2025-11-24,Oakland Park,P0205,1,34.1,0.0,34.1
S001345,2025-08-25,Lake Worth,P0259,1,34.69,0.0,34.69
S008041,2026-04-24,Oakland Park,P0060,2,16.29,0.0,32.58
S004965,2025-12-27,Dania Beach,P0008,1,23.36,0.0,23.36
S000067,2025-07-03,Dania Beach,P0104,1,23.8,0.0,23.8
S008043,2026-04-24,Oakland Park,P0007,1,18.87,0.0,18.87
S007157,2026-04-02,Oakland Park,P0140,1,17.16,0.0,17.16
S007009,2026-03-28,Dania Beach,P0260,1,16.34,0.0,16.34
S000191,2025-07-07,Dania Beach,P0294,3,30.88,0.0,92.64
S005985,2026-02-08,Oakland Park,P0004,1,33.33,0.0,33.33
S009251,2026-06-07,Oakland Park,P0067,1,22.05,0.0,22.05
S005005,2025-12-27,Oakland Park,P0190,1,31.63,2.0,29.63
S006399,2026-03-02,Oakland Park,P0077,1,38.06,0.0,38.06
S003409,2025-11-15,Dania Beach,P0024,1,12.01,0.0,12.01
S008656,2026-05-15,Lake Worth,P0010,2,26.25,0.0,52.5
S005800,2026-01-31,Dania Beach,P0189,1,8.68,0.0,8.68
S009286,2026-06-08,Oakland Park,P0161,1,43.05,0.0,43.05
S003930,2025-12-04,Lake Worth,P0161,1,43.05,0.0,43.05
S000985,2025-08-10,Dania Beach,P0028,1,22.61,0.0,22.61
S004040,2025-12-07,Dania Beach,P0045,3,31.47,0.0,94.41
S005558,2026-01-18,Dania Beach,P0061,1,13.54,0.0,13.54
S004157,2025-12-09,Oakland Park,P0205,1,34.1,0.0,34.1
S001327,2025-08-24,Oakland Park,P0033,1,13.41,0.0,13.41
S007850,2026-04-19,Dania Beach,P0100,2,34.67,0.0,69.34
S003645,2025-11-25,Oakland Park,P0095,1,15.25,0.0,15.25
S000160,2025-07-06,Oakland Park,P0258,1,20.03,0.0,20.03
S006341,2026-02-28,Oakland Park,P0229,1,15.22,0.0,15.22
S005522,2026-01-17,Dania Beach,P0123,2,32.28,0.0,64.56
S009708,2026-06-25,Oakland Park,P0127,1,26.3,0.0,26.3
S005030,2025-12-28,Dania Beach,P0268,1,28.7,0.0,28.7
S003960,2025-12-05,Lake Worth,P0258,1,20.03,0.0,20.03
S006209,2026-02-21,Lake Worth,P0156,1,33.24,0.0,33.24
S001606,2025-09-04,Dania Beach,P0124,1,14.5,0.0,14.5
S006608,2026-03-10,Lake Worth,P0157,1,8.43,0.0,8.43
S008116,2026-04-26,Oakland Park,P0203,1,28.04,0.0,28.04
S008687,2026-05-16,Oakland Park,P0258,1,20.03,0.0,20.03
S004585,2025-12-19,Dania Beach,P0288,1,39.45,0.0,39.45
S002195,2025-09-28,Dania Beach,P0228,2,12.36,0.0,24.72
S009550,2026-06-20,Dania Beach,P0250,2,26.07,0.0,52.14
S006649,2026-03-13,Oakland Park,P0280,1,15.83,0.0,15.83
S008018,2026-04-23,Dania Beach,P0141,3,18.03,0.0,54.09
S008091,2026-04-25,Oakland Park,P0012,1,14.93,0.0,14.93
S004098,2025-12-08,Oakland Park,P0229,1,15.22,0.0,15.22
S002933,2025-10-26,Oakland Park,P0252,1,18.54,0.0,18.54
S007435,2026-04-09,Dania Beach,P0141,1,18.03,0.0,18.03
S007648,2026-04-14,Oakland Park,P0181,1,38.54,0.0,38.54
S004286,2025-12-13,Oakland Park,P0244,1,7.54,0.0,7.54
S005562,2026-01-18,Dania Beach,P0207,1,8.62,0.0,8.62
S003599,2025-11-23,Dania Beach,P0175,1,10.78,0.0,10.78
S009103,2026-06-02,Dania Beach,P0258,1,20.03,2.0,18.03
S008876,2026-05-23,Dania Beach,P0168,1,9.03,0.0,9.03
S001112,2025-08-16,Dania Beach,P0137,1,34.89,0.0,34.89
S004871,2025-12-25,Oakland Park,P0148,1,17.71,0.0,17.71
S002989,2025-10-29,Dania Beach,P0264,1,39.66,0.0,39.66
S000316,2025-07-13,Dania Beach,P0028,1,22.61,0.0,22.61
S001878,2025-09-14,Oakland Park,P0181,1,38.54,0.0,38.54
S007356,2026-04-07,Oakland Park,P0112,1,9.26,0.0,9.26
S001582,2025-09-03,Dania Beach,P0157,1,8.43,2.0,6.43
S005808,2026-01-31,Dania Beach,P0288,1,39.45,0.0,39.45
S002664,2025-10-16,Dania Beach,P0253,1,12.31,2.0,10.31
S008790,2026-05-20,Oakland Park,P0112,1,9.26,0.0,9.26
S002356,2025-10-04,Oakland Park,P0233,1,22.74,0.0,22.74
S000865,2025-08-05,Oakland Park,P0047,1,11.39,0.0,11.39
S004649,2025-12-20,Lake Worth,P0181,3,38.54,0.0,115.62
S000522,2025-07-21,Oakland Park,P0093,2,10.98,0.0,21.96
S002323,2025-10-02,Oakland Park,P0196,1,23.33,0.0,23.33
S003667,2025-11-25,Oakland Park,P0192,1,9.96,0.0,9.96
S006234,2026-02-22,Lake Worth,P0004,1,33.33,0.0,33.33
S008621,2026-05-13,Lake Worth,P0163,1,12.13,2.0,10.13
S004612,2025-12-20,Oakland Park,P0177,1,14.51,0.0,14.51
S009107,2026-06-02,Lake Worth,P0028,1,22.61,0.0,22.61
S003428,2025-11-15,Lake Worth,P0229,1,15.22,0.0,15.22
S004336,2025-12-13,Dania Beach,P0232,1,35.97,0.0,35.97
S005778,2026-01-30,Dania Beach,P0178,1,35.29,0.0,35.29
S009451,2026-06-15,Dania Beach,P0277,1,12.14,0.0,12.14
S009033,2026-05-30,Lake Worth,P0258,2,20.03,0.0,40.06
S005202,2025-12-31,Lake Worth,P0134,1,13.77,0.0,13.77
S006100,2026-02-15,Oakland Park,P0137,1,34.89,0.0,34.89
S004567,2025-12-18,Dania Beach,P0091,1,10.86,2.0,8.86
S002260,2025-09-30,Dania Beach,P0048,1,43.54,0.0,43.54
S001461,2025-08-29,Dania Beach,P0016,1,9.61,0.0,9.61
S009043,2026-05-30,Dania Beach,P0186,1,8.27,0.0,8.27
S006205,2026-02-21,Dania Beach,P0120,1,23.21,0.0,23.21
S009459,2026-06-16,Oakland Park,P0042,1,16.07,0.0,16.07
S001630,2025-09-05,Lake Worth,P0104,1,23.8,0.0,23.8
S008934,2026-05-25,Lake Worth,P0127,1,26.3,0.0,26.3
S009356,2026-06-12,Dania Beach,P0004,1,33.33,0.0,33.33
S001731,2025-09-08,Dania Beach,P0006,2,18.74,5.0,27.48
S007962,2026-04-22,Dania Beach,P0088,2,14.79,0.0,29.58
S006334,2026-02-27,Dania Beach,P0229,1,15.22,0.0,15.22
S004488,2025-12-16,Oakland Park,P0258,1,20.03,0.0,20.03
S001712,2025-09-07,Lake Worth,P0205,1,34.1,0.0,34.1
S007892,2026-04-20,Oakland Park,P0250,1,26.07,0.0,26.07
S001852,2025-09-14,Lake Worth,P0215,1,5.21,0.0,5.21
S007104,2026-03-31,Oakland Park,P0258,1,20.03,0.0,20.03
S000871,2025-08-05,Dania Beach,P0227,1,22.7,0.0,22.7
S004694,2025-12-21,Lake Worth,P0040,1,30.27,0.0,30.27
S004801,2025-12-23,Dania Beach,P0058,3,6.59,2.0,13.77
S009473,2026-06-16,Lake Worth,P0188,1,14.19,0.0,14.19
S002859,2025-10-24,Oakland Park,P0231,1,16.4,0.0,16.4
S000954,2025-08-09,Dania Beach,P0201,1,37.27,0.0,37.27
S003627,2025-11-24,Dania Beach,P0188,1,14.19,0.0,14.19
S004709,2025-12-21,Lake Worth,P0042,1,16.07,2.0,14.07
S004640,2025-12-20,Oakland Park,P0270,3,13.93,0.0,41.79
S000679,2025-07-28,Dania Beach,P0232,1,35.97,5.0,30.97
S001884,2025-09-15,Oakland Park,P0061,1,13.54,0.0,13.54
S001451,2025-08-29,Dania Beach,P0207,1,8.62,0.0,8.62
S004014,2025-12-06,Oakland Park,P0045,1,31.47,2.0,29.47
S002282,2025-10-01,Dania Beach,P0190,1,31.63,0.0,31.63
S002590,2025-10-13,Dania Beach,P0096,1,17.3,0.0,17.3
S003956,2025-12-05,Oakland Park,P0136,1,34.18,0.0,34.18
S001452,2025-08-29,Dania Beach,P0098,1,12.85,0.0,12.85
S006300,2026-02-26,Oakland Park,P0058,1,6.59,0.0,6.59
S008247,2026-04-29,Oakland Park,P0041,1,11.22,5.0,6.22
S000490,2025-07-20,Oakland Park,P0027,1,16.28,2.0,14.28
S003369,2025-11-13,Dania Beach,P0258,1,20.03,5.0,15.03
S002308,2025-10-02,Lake Worth,P0258,1,20.03,0.0,20.03
S005615,2026-01-21,Lake Worth,P0072,1,23.85,0.0,23.85
S007645,2026-04-14,Dania Beach,P0079,1,38.19,0.0,38.19
S009106,2026-06-02,Lake Worth,P0248,1,14.4,0.0,14.4
S004435,2025-12-15,Lake Worth,P0069,1,21.4,0.0,21.4
S004474,2025-12-16,Lake Worth,P0004,1,33.33,0.0,33.33
S002603,2025-10-13,Lake Worth,P0145,1,18.52,0.0,18.52
S004347,2025-12-14,Dania Beach,P0123,1,32.28,0.0,32.28
S002070,2025-09-23,Oakland Park,P0196,1,23.33,0.0,23.33
S006427,2026-03-03,Oakland Park,P0028,1,22.61,0.0,22.61
S004964,2025-12-27,Lake Worth,P0229,1,15.22,0.0,15.22
S001514,2025-08-31,Dania Beach,P0041,1,11.22,0.0,11.22
S001235,2025-08-20,Dania Beach,P0168,1,9.03,0.0,9.03
S005833,2026-02-01,Dania Beach,P0033,1,13.41,0.0,13.41
S002467,2025-10-07,Dania Beach,P0157,1,8.43,0.0,8.43
S005857,2026-02-02,Dania Beach,P0028,1,22.61,2.0,20.61
S002871,2025-10-24,Oakland Park,P0224,1,28.47,0.0,28.47
S003419,2025-11-15,Dania Beach,P0121,1,26.48,0.0,26.48
S003403,2025-11-14,Oakland Park,P0100,1,34.67,0.0,34.67
S008361,2026-05-04,Dania Beach,P0041,1,11.22,0.0,11.22
S003037,2025-10-31,Dania Beach,P0286,1,17.06,0.0,17.06
S008693,2026-05-16,Oakland Park,P0235,1,21.78,0.0,21.78
S007376,2026-04-07,Dania Beach,P0059,1,27.7,0.0,27.7
S005834,2026-02-01,Dania Beach,P0028,1,22.61,0.0,22.61
S002580,2025-10-12,Dania Beach,P0188,1,14.19,5.0,9.19
S006993,2026-03-27,Dania Beach,P0028,1,22.61,0.0,22.61
S007181,2026-04-03,Oakland Park,P0204,1,30.89,0.0,30.89
S007655,2026-04-14,Dania Beach,P0210,1,17.31,0.0,17.31
S001467,2025-08-30,Lake Worth,P0055,1,18.49,0.0,18.49
S001960,2025-09-18,Oakland Park,P0271,1,13.23,0.0,13.23
S001229,2025-08-20,Oakland Park,P0281,1,17.35,2.0,15.35
S000925,2025-08-08,Oakland Park,P0204,1,30.89,0.0,30.89
S005295,2026-01-04,Dania Beach,P0229,1,15.22,0.0,15.22
S008427,2026-05-06,Lake Worth,P0209,1,38.73,2.0,36.73
S009502,2026-06-17,Oakland Park,P0068,2,18.85,0.0,37.7
S002873,2025-10-24,Lake Worth,P0242,1,16.38,0.0,16.38
S009791,2026-06-28,Oakland Park,P0007,1,18.87,2.0,16.87
S000941,2025-08-09,Lake Worth,P0120,1,23.21,0.0,23.21
S002923,2025-10-26,Oakland Park,P0258,1,20.03,0.0,20.03
S003587,2025-11-22,Dania Beach,P0028,1,22.61,0.0,22.61
S004066,2025-12-07,Dania Beach,P0088,1,14.79,0.0,14.79
S008821,2026-05-21,Oakland Park,P0028,2,22.61,0.0,45.22
S002280,2025-10-01,Dania Beach,P0123,1,32.28,0.0,32.28
S008044,2026-04-24,Lake Worth,P0040,1,30.27,0.0,30.27
S001850,2025-09-14,Oakland Park,P0115,1,35.88,0.0,35.88
S008199,2026-04-27,Oakland Park,P0028,1,22.61,0.0,22.61
S001302,2025-08-23,Dania Beach,P0007,1,18.87,0.0,18.87
S003245,2025-11-08,Dania Beach,P0242,1,16.38,0.0,16.38
S008130,2026-04-26,Lake Worth,P0236,1,32.91,2.0,30.91
S005942,2026-02-07,Lake Worth,P0006,1,18.74,2.0,16.74
S001703,2025-09-07,Dania Beach,P0021,1,20.19,0.0,20.19
S009535,2026-06-19,Lake Worth,P0279,1,5.18,2.0,3.18
S008665,2026-05-15,Dania Beach,P0047,1,11.39,0.0,11.39
S006932,2026-03-24,Dania Beach,P0100,1,34.67,0.0,34.67
S007965,2026-04-22,Oakland Park,P0229,1,15.22,0.0,15.22
S007476,2026-04-10,Oakland Park,P0253,1,12.31,0.0,12.31
S005231,2026-01-02,Lake Worth,P0237,1,18.61,0.0,18.61
S003876,2025-12-03,Oakland Park,P0028,1,22.61,0.0,22.61
S002128,2025-09-25,Dania Beach,P0298,1,10.79,0.0,10.79
S005592,2026-01-20,Oakland Park,P0141,1,18.03,2.0,16.03
S003527,2025-11-20,Dania Beach,P0045,1,31.47,0.0,31.47
S005990,2026-02-08,Dania Beach,P0258,1,20.03,5.0,15.03
S001851,2025-09-14,Oakland Park,P0061,1,13.54,0.0,13.54
S007746,2026-04-16,Oakland Park,P0093,1,10.98,0.0,10.98
S009799,2026-06-29,Oakland Park,P0172,1,16.93,0.0,16.93
S006363,2026-02-28,Oakland Park,P0250,1,26.07,2.0,24.07
S006215,2026-02-21,Dania Beach,P0028,1,22.61,0.0,22.61
S001318,2025-08-24,Oakland Park,P0196,1,23.33,0.0,23.33
S007672,2026-04-14,Oakland Park,P0250,1,26.07,0.0,26.07
S004160,2025-12-10,Lake Worth,P0175,1,10.78,0.0,10.78
S003053,2025-10-31,Dania Beach,P0065,1,22.31,0.0,22.31
S001613,2025-09-04,Oakland Park,P0112,3,9.26,5.0,12.78
S008772,2026-05-19,Dania Beach,P0220,1,18.24,0.0,18.24
S000616,2025-07-26,Lake Worth,P0188,2,14.19,0.0,28.38
S004048,2025-12-07,Lake Worth,P0271,1,13.23,5.0,8.23
S005353,2026-01-08,Dania Beach,P0196,1,23.33,0.0,23.33
S008894,2026-05-24,Dania Beach,P0269,1,19.37,0.0,19.37
S007856,2026-04-19,Dania Beach,P0229,1,15.22,0.0,15.22
S009367,2026-06-12,Lake Worth,P0300,1,15.39,0.0,15.39
S002789,2025-10-20,Lake Worth,P0099,2,32.17,2.0,60.34
S007414,2026-04-08,Oakland Park,P0156,1,33.24,0.0,33.24
S006049,2026-02-12,Dania Beach,P0189,1,8.68,0.0,8.68
S004469,2025-12-16,Oakland Park,P0257,1,21.09,0.0,21.09
S003163,2025-11-04,Dania Beach,P0258,1,20.03,0.0,20.03
S004909,2025-12-26,Dania Beach,P0067,1,22.05,2.0,20.05
S006472,2026-03-05,Oakland Park,P0120,1,23.21,0.0,23.21
S000543,2025-07-23,Oakland Park,P0094,1,15.94,0.0,15.94
S000237,2025-07-09,Oakland Park,P0165,1,17.48,0.0,17.48
S007903,2026-04-20,Dania Beach,P0229,1,15.22,0.0,15.22
S006724,2026-03-16,Lake Worth,P0174,1,17.55,0.0,17.55
S005585,2026-01-19,Dania Beach,P0023,3,36.9,0.0,110.7
S008571,2026-05-11,Dania Beach,P0018,1,11.18,0.0,11.18
S003207,2025-11-06,Dania Beach,P0028,2,22.61,0.0,45.22
S001971,2025-09-19,Oakland Park,P0108,1,11.87,0.0,11.87
S000078,2025-07-04,Dania Beach,P0134,1,13.77,0.0,13.77
S001547,2025-09-01,Oakland Park,P0178,1,35.29,0.0,35.29
S006321,2026-02-27,Lake Worth,P0206,1,25.28,5.0,20.28
S000110,2025-07-05,Dania Beach,P0229,1,15.22,0.0,15.22
S005739,2026-01-28,Lake Worth,P0045,1,31.47,0.0,31.47
S008291,2026-05-01,Oakland Park,P0241,1,10.09,0.0,10.09
S001334,2025-08-24,Dania Beach,P0258,1,20.03,5.0,15.03
S006954,2026-03-25,Dania Beach,P0026,1,24.77,0.0,24.77
S006160,2026-02-18,Lake Worth,P0063,1,32.31,0.0,32.31
S009790,2026-06-28,Lake Worth,P0123,1,32.28,0.0,32.28
S006126,2026-02-16,Oakland Park,P0278,1,27.49,2.0,25.49
S006646,2026-03-12,Dania Beach,P0028,1,22.61,0.0,22.61
S001245,2025-08-21,Oakland Park,P0234,1,39.24,0.0,39.24
S008829,2026-05-22,Dania Beach,P0008,1,23.36,5.0,18.36
S009698,2026-06-25,Dania Beach,P0022,1,7.3,0.0,7.3
S005899,2026-02-04,Dania Beach,P0217,1,17.82,0.0,17.82
S009391,2026-06-13,Dania Beach,P0016,1,9.61,0.0,9.61
S004728,2025-12-22,Oakland Park,P0298,1,10.79,0.0,10.79
S003333,2025-11-11,Oakland Park,P0100,1,34.67,0.0,34.67
S006003,2026-02-09,Lake Worth,P0258,1,20.03,0.0,20.03
S005725,2026-01-27,Dania Beach,P0234,1,39.24,0.0,39.24
S001243,2025-08-21,Dania Beach,P0229,1,15.22,0.0,15.22
S008815,2026-05-21,Dania Beach,P0270,1,13.93,0.0,13.93
S002048,2025-09-22,Oakland Park,P0138,1,18.5,0.0,18.5
S001080,2025-08-14,Oakland Park,P0067,1,22.05,0.0,22.05
S001794,2025-09-11,Oakland Park,P0169,1,28.05,0.0,28.05
S002540,2025-10-11,Oakland Park,P0270,1,13.93,0.0,13.93
S007285,2026-04-05,Lake Worth,P0120,1,23.21,0.0,23.21
S002392,2025-10-05,Oakland Park,P0094,2,15.94,0.0,31.88
S009701,2026-06-25,Oakland Park,P0079,2,38.19,0.0,76.38
S006534,2026-03-07,Oakland Park,P0099,1,32.17,0.0,32.17
S005365,2026-01-08,Lake Worth,P0165,1,17.48,0.0,17.48
S008262,2026-04-30,Lake Worth,P0021,1,20.19,5.0,15.19
S001313,2025-08-24,Lake Worth,P0184,2,16.92,0.0,33.84
S007943,2026-04-21,Dania Beach,P0236,1,32.91,2.0,30.91
S006449,2026-03-04,Dania Beach,P0223,1,16.45,0.0,16.45
S009819,2026-06-30,Oakland Park,P0069,1,21.4,0.0,21.4
S008852,2026-05-23,Oakland Park,P0189,3,8.68,0.0,26.04
S007165,2026-04-02,Dania Beach,P0120,1,23.21,2.0,21.21
S006166,2026-02-19,Dania Beach,P0250,1,26.07,0.0,26.07
S007707,2026-04-15,Dania Beach,P0189,1,8.68,0.0,8.68
S003958,2025-12-05,Oakland Park,P0173,1,28.8,0.0,28.8
S005684,2026-01-24,Dania Beach,P0145,1,18.52,0.0,18.52
S003963,2025-12-05,Dania Beach,P0247,2,11.6,0.0,23.2
S008453,2026-05-07,Lake Worth,P0182,2,25.07,0.0,50.14
S000737,2025-07-31,Oakland Park,P0183,1,39.68,0.0,39.68
S001186,2025-08-18,Oakland Park,P0229,1,15.22,0.0,15.22
S003061,2025-10-31,Lake Worth,P0298,3,10.79,0.0,32.37
S000196,2025-07-07,Dania Beach,P0051,1,31.0,0.0,31.0
S007587,2026-04-12,Dania Beach,P0123,1,32.28,5.0,27.28
S002630,2025-10-14,Oakland Park,P0140,1,17.16,0.0,17.16
S003824,2025-12-01,Oakland Park,P0148,3,17.71,0.0,53.13
S005633,2026-01-22,Dania Beach,P0004,1,33.33,0.0,33.33
S001957,2025-09-18,Oakland Park,P0143,1,33.65,0.0,33.65
S003524,2025-11-20,Lake Worth,P0033,1,13.41,0.0,13.41
S004314,2025-12-13,Dania Beach,P0258,1,20.03,0.0,20.03
S008933,2026-05-25,Oakland Park,P0098,2,12.85,0.0,25.7
S007825,2026-04-18,Lake Worth,P0140,1,17.16,2.0,15.16
S004625,2025-12-20,Dania Beach,P0286,1,17.06,0.0,17.06
S008147,2026-04-26,Lake Worth,P0145,2,18.52,0.0,37.04
S009234,2026-06-07,Lake Worth,P0064,1,22.4,2.0,20.4
S008216,2026-04-28,Oakland Park,P0105,1,41.09,0.0,41.09
S002932,2025-10-26,Dania Beach,P0100,1,34.67,0.0,34.67
S004145,2025-12-09,Dania Beach,P0098,1,12.85,0.0,12.85
S007619,2026-04-13,Oakland Park,P0091,1,10.86,0.0,10.86
S001364,2025-08-26,Lake Worth,P0050,1,16.14,0.0,16.14
S008456,2026-05-07,Oakland Park,P0226,1,19.09,0.0,19.09
S008243,2026-04-29,Dania Beach,P0028,1,22.61,0.0,22.61
S000257,2025-07-10,Oakland Park,P0091,1,10.86,0.0,10.86
S001639,2025-09-06,Dania Beach,P0016,1,9.61,0.0,9.61
S002352,2025-10-04,Dania Beach,P0105,3,41.09,0.0,123.27
S004768,2025-12-23,Dania Beach,P0008,1,23.36,0.0,23.36
S008553,2026-05-11,Oakland Park,P0126,1,18.39,5.0,13.39
S006660,2026-03-13,Lake Worth,P0060,1,16.29,0.0,16.29
S000863,2025-08-05,Oakland Park,P0258,1,20.03,0.0,20.03
S001374,2025-08-26,Dania Beach,P0288,1,39.45,0.0,39.45
S002812,2025-10-21,Lake Worth,P0007,1,18.87,0.0,18.87
S008444,2026-05-07,Dania Beach,P0258,1,20.03,0.0,20.03
S003629,2025-11-24,Dania Beach,P0253,1,12.31,0.0,12.31
S005078,2025-12-29,Dania Beach,P0121,1,26.48,0.0,26.48
S004477,2025-12-16,Oakland Park,P0099,1,32.17,0.0,32.17
S008647,2026-05-15,Dania Beach,P0266,2,28.75,0.0,57.5
S000514,2025-07-21,Dania Beach,P0131,1,10.61,0.0,10.61
S001423,2025-08-28,Oakland Park,P0250,1,26.07,0.0,26.07
S001982,2025-09-20,Oakland Park,P0137,1,34.89,0.0,34.89
S009285,2026-06-08,Dania Beach,P0120,1,23.21,0.0,23.21
S005844,2026-02-02,Oakland Park,P0229,1,15.22,2.0,13.22
S003885,2025-12-03,Oakland Park,P0157,1,8.43,0.0,8.43
S008839,2026-05-22,Oakland Park,P0220,1,18.24,2.0,16.24
S006238,2026-02-22,Dania Beach,P0247,1,11.6,0.0,11.6
S002581,2025-10-12,Lake Worth,P0100,1,34.67,0.0,34.67
S009560,2026-06-20,Oakland Park,P0137,1,34.89,0.0,34.89
S008442,2026-05-07,Dania Beach,P0202,1,27.95,0.0,27.95
S003058,2025-10-31,Dania Beach,P0188,1,14.19,0.0,14.19
S001190,2025-08-18,Oakland Park,P0134,1,13.77,0.0,13.77
S003602,2025-11-23,Oakland Park,P0273,1,11.49,0.0,11.49
S004362,2025-12-14,Dania Beach,P0138,1,18.5,0.0,18.5
S003160,2025-11-04,Dania Beach,P0028,1,22.61,0.0,22.61
S002920,2025-10-26,Dania Beach,P0269,1,19.37,0.0,19.37
S002674,2025-10-17,Dania Beach,P0036,1,4.54,0.0,4.54
S009512,2026-06-18,Dania Beach,P0249,1,24.88,0.0,24.88
S004927,2025-12-26,Oakland Park,P0134,1,13.77,0.0,13.77
S004899,2025-12-26,Dania Beach,P0028,1,22.61,0.0,22.61
S001356,2025-08-25,Dania Beach,P0054,1,38.06,0.0,38.06
S009381,2026-06-13,Lake Worth,P0060,1,16.29,0.0,16.29
S005655,2026-01-23,Lake Worth,P0121,1,26.48,0.0,26.48
S009270,2026-06-07,Dania Beach,P0032,1,10.89,0.0,10.89
S001344,2025-08-25,Dania Beach,P0138,1,18.5,0.0,18.5
S001303,2025-08-23,Dania Beach,P0258,1,20.03,0.0,20.03
S005467,2026-01-14,Lake Worth,P0013,1,19.04,0.0,19.04
S001865,2025-09-14,Oakland Park,P0116,1,38.74,0.0,38.74
S006080,2026-02-14,Oakland Park,P0082,1,11.34,2.0,9.34
S003648,2025-11-25,Dania Beach,P0258,1,20.03,0.0,20.03
S007785,2026-04-18,Oakland Park,P0160,2,15.14,0.0,30.28
S006887,2026-03-22,Oakland Park,P0258,1,20.03,0.0,20.03
S005927,2026-02-06,Dania Beach,P0250,1,26.07,0.0,26.07
S003493,2025-11-18,Oakland Park,P0290,1,44.36,5.0,39.36
S006764,2026-03-17,Dania Beach,P0260,1,16.34,0.0,16.34
S002642,2025-10-15,Dania Beach,P0030,1,9.83,2.0,7.83
S002222,2025-09-28,Lake Worth,P0106,1,14.38,0.0,14.38
S003484,2025-11-18,Dania Beach,P0141,1,18.03,0.0,18.03
S006425,2026-03-03,Dania Beach,P0076,1,28.11,0.0,28.11
S008006,2026-04-23,Dania Beach,P0290,1,44.36,0.0,44.36
S009523,2026-06-18,Dania Beach,P0099,3,32.17,0.0,96.51
S003310,2025-11-10,Lake Worth,P0042,1,16.07,0.0,16.07
S005272,2026-01-04,Dania Beach,P0258,1,20.03,0.0,20.03
S000159,2025-07-06,Oakland Park,P0099,1,32.17,5.0,27.17
S001269,2025-08-22,Dania Beach,P0258,1,20.03,0.0,20.03
S004193,2025-12-10,Lake Worth,P0112,1,9.26,2.0,7.26
S004094,2025-12-08,Lake Worth,P0258,1,20.03,2.0,18.03
S002058,2025-09-22,Oakland Park,P0103,1,23.52,0.0,23.52
S006001,2026-02-09,Oakland Park,P0250,1,26.07,0.0,26.07
S005773,2026-01-30,Lake Worth,P0053,1,11.0,2.0,9.0
S009412,2026-06-14,Oakland Park,P0059,1,27.7,0.0,27.7
S006219,2026-02-21,Lake Worth,P0225,2,30.83,0.0,61.66
S000247,2025-07-10,Lake Worth,P0165,1,17.48,0.0,17.48
S001236,2025-08-21,Oakland Park,P0120,1,23.21,0.0,23.21
S001251,2025-08-21,Dania Beach,P0099,1,32.17,0.0,32.17
S002513,2025-10-10,Lake Worth,P0299,1,6.83,0.0,6.83
S002027,2025-09-21,Oakland Park,P0195,1,23.58,2.0,21.58
S002092,2025-09-24,Dania Beach,P0258,1,20.03,0.0,20.03
S000671,2025-07-28,Lake Worth,P0188,1,14.19,0.0,14.19
S006762,2026-03-17,Lake Worth,P0258,1,20.03,0.0,20.03
S005782,2026-01-30,Dania Beach,P0015,1,10.97,0.0,10.97
S009673,2026-06-24,Oakland Park,P0097,2,11.18,0.0,22.36
S002296,2025-10-02,Oakland Park,P0041,1,11.22,0.0,11.22
S002464,2025-10-07,Oakland Park,P0259,2,34.69,2.0,65.38
S004285,2025-12-13,Oakland Park,P0180,1,14.34,0.0,14.34
S002045,2025-09-22,Lake Worth,P0229,2,15.22,0.0,30.44
S001548,2025-09-01,Lake Worth,P0271,1,13.23,0.0,13.23
S002489,2025-10-08,Oakland Park,P0211,1,28.43,0.0,28.43
S000799,2025-08-02,Lake Worth,P0183,1,39.68,0.0,39.68
S005787,2026-01-31,Dania Beach,P0091,1,10.86,0.0,10.86
S006571,2026-03-09,Oakland Park,P0244,1,7.54,2.0,5.54
S005017,2025-12-28,Dania Beach,P0258,1,20.03,0.0,20.03
S006176,2026-02-19,Dania Beach,P0069,2,21.4,0.0,42.8
S008959,2026-05-27,Dania Beach,P0059,1,27.7,5.0,22.7
S005541,2026-01-18,Oakland Park,P0140,1,17.16,0.0,17.16
S003929,2025-12-04,Dania Beach,P0190,1,31.63,0.0,31.63
S003344,2025-11-12,Dania Beach,P0264,1,39.66,0.0,39.66
S002085,2025-09-23,Dania Beach,P0244,1,7.54,5.0,2.54
S007809,2026-04-18,Dania Beach,P0129,1,7.89,0.0,7.89
S006083,2026-02-14,Oakland Park,P0277,1,12.14,0.0,12.14
S000891,2025-08-06,Oakland Park,P0204,2,30.89,0.0,61.78
S004344,2025-12-14,Oakland Park,P0229,1,15.22,0.0,15.22
S004328,2025-12-13,Dania Beach,P0258,1,20.03,0.0,20.03
S003113,2025-11-02,Dania Beach,P0253,1,12.31,0.0,12.31
S009562,2026-06-20,Dania Beach,P0258,1,20.03,0.0,20.03
S002095,2025-09-24,Oakland Park,P0173,3,28.8,0.0,86.4
S001099,2025-08-15,Oakland Park,P0286,1,17.06,0.0,17.06
S000556,2025-07-24,Lake Worth,P0298,1,10.79,0.0,10.79
S005274,2026-01-04,Oakland Park,P0099,1,32.17,0.0,32.17
S003189,2025-11-05,Oakland Park,P0267,1,35.08,0.0,35.08
S001935,2025-09-17,Lake Worth,P0144,1,39.21,0.0,39.21
S004634,2025-12-20,Dania Beach,P0138,1,18.5,2.0,16.5
S006951,2026-03-25,Oakland Park,P0151,1,22.36,2.0,20.36
S002535,2025-10-11,Dania Beach,P0113,1,15.71,0.0,15.71
S009252,2026-06-07,Lake Worth,P0025,1,37.2,0.0,37.2
S009169,2026-06-04,Dania Beach,P0051,1,31.0,0.0,31.0
S006366,2026-02-28,Oakland Park,P0146,1,36.76,0.0,36.76
S007159,2026-04-02,Dania Beach,P0033,1,13.41,0.0,13.41
S004881,2025-12-25,Oakland Park,P0042,1,16.07,0.0,16.07
S009402,2026-06-13,Dania Beach,P0028,1,22.61,0.0,22.61
S008555,2026-05-11,Dania Beach,P0085,1,28.45,2.0,26.45
S004783,2025-12-23,Lake Worth,P0138,1,18.5,0.0,18.5
S002160,2025-09-27,Oakland Park,P0112,2,9.26,2.0,14.52
S003731,2025-11-28,Lake Worth,P0106,1,14.38,2.0,12.38
S009061,2026-05-31,Dania Beach,P0293,1,17.47,0.0,17.47
S003798,2025-12-01,Oakland Park,P0129,1,7.89,0.0,7.89
S005823,2026-02-01,Oakland Park,P0057,1,31.85,0.0,31.85
S008981,2026-05-28,Lake Worth,P0063,1,32.31,0.0,32.31
S001987,2025-09-20,Dania Beach,P0193,1,15.19,0.0,15.19
S004683,2025-12-21,Lake Worth,P0070,1,22.38,0.0,22.38
S000702,2025-07-30,Dania Beach,P0090,1,39.67,0.0,39.67
S005549,2026-01-18,Oakland Park,P0293,1,17.47,0.0,17.47
S001353,2025-08-25,Oakland Park,P0300,3,15.39,0.0,46.17
S005836,2026-02-01,Oakland Park,P0130,1,19.21,0.0,19.21
S003540,2025-11-20,Dania Beach,P0161,1,43.05,0.0,43.05
S009808,2026-06-29,Dania Beach,P0196,1,23.33,0.0,23.33
S006839,2026-03-20,Dania Beach,P0148,1,17.71,0.0,17.71
S004288,2025-12-13,Dania Beach,P0028,3,22.61,0.0,67.83
S004112,2025-12-08,Dania Beach,P0069,1,21.4,0.0,21.4
S004110,2025-12-08,Oakland Park,P0158,1,15.94,0.0,15.94
S008577,2026-05-12,Oakland Park,P0286,1,17.06,0.0,17.06
S002378,2025-10-04,Dania Beach,P0104,1,23.8,0.0,23.8
S003804,2025-12-01,Dania Beach,P0286,1,17.06,0.0,17.06
S003939,2025-12-04,Oakland Park,P0037,2,16.2,2.0,28.4
S001006,2025-08-11,Dania Beach,P0125,1,30.0,0.0,30.0
S006962,2026-03-26,Lake Worth,P0202,1,27.95,2.0,25.95
S000998,2025-08-10,Dania Beach,P0147,1,40.67,0.0,40.67
S003217,2025-11-06,Dania Beach,P0233,1,22.74,0.0,22.74
S005484,2026-01-14,Dania Beach,P0035,1,25.13,0.0,25.13
S007737,2026-04-16,Oakland Park,P0258,1,20.03,2.0,18.03
S006834,2026-03-20,Oakland Park,P0262,1,32.15,2.0,30.15
S005870,2026-02-03,Oakland Park,P0258,1,20.03,0.0,20.03
S000345,2025-07-14,Lake Worth,P0125,1,30.0,0.0,30.0
S000402,2025-07-17,Oakland Park,P0237,2,18.61,0.0,37.22
S008720,2026-05-17,Dania Beach,P0269,1,19.37,0.0,19.37
S009678,2026-06-24,Dania Beach,P0250,1,26.07,0.0,26.07
S001714,2025-09-07,Oakland Park,P0178,1,35.29,0.0,35.29
S004819,2025-12-24,Dania Beach,P0123,1,32.28,0.0,32.28
S002750,2025-10-19,Oakland Park,P0244,1,7.54,0.0,7.54
S002295,2025-10-01,Dania Beach,P0283,1,41.77,5.0,36.77
S001949,2025-09-18,Dania Beach,P0225,1,30.83,0.0,30.83
S005380,2026-01-09,Lake Worth,P0187,2,8.33,0.0,16.66
S000388,2025-07-16,Lake Worth,P0068,1,18.85,0.0,18.85
S004195,2025-12-10,Oakland Park,P0229,1,15.22,0.0,15.22
S002146,2025-09-26,Oakland Park,P0060,3,16.29,2.0,42.87
S004406,2025-12-15,Dania Beach,P0252,1,18.54,0.0,18.54
S005713,2026-01-26,Oakland Park,P0229,1,15.22,0.0,15.22
S002763,2025-10-19,Dania Beach,P0028,1,22.61,0.0,22.61
S001921,2025-09-17,Lake Worth,P0114,1,22.91,0.0,22.91
S007762,2026-04-17,Lake Worth,P0299,1,6.83,0.0,6.83
S000232,2025-07-09,Lake Worth,P0122,1,15.39,0.0,15.39
S002526,2025-10-11,Oakland Park,P0028,1,22.61,2.0,20.61
S003528,2025-11-20,Dania Beach,P0161,1,43.05,0.0,43.05
S002275,2025-10-01,Oakland Park,P0255,1,34.26,0.0,34.26
S009357,2026-06-12,Lake Worth,P0081,1,12.2,0.0,12.2
S001849,2025-09-14,Lake Worth,P0237,1,18.61,0.0,18.61
S001207,2025-08-19,Oakland Park,P0266,1,28.75,0.0,28.75
S006980,2026-03-26,Oakland Park,P0080,1,3.25,2.0,1.25
S004130,2025-12-09,Oakland Park,P0250,1,26.07,0.0,26.07
S002075,2025-09-23,Dania Beach,P0079,1,38.19,0.0,38.19
S004669,2025-12-21,Lake Worth,P0123,1,32.28,2.0,30.28
S006519,2026-03-07,Oakland Park,P0298,1,10.79,0.0,10.79
S001909,2025-09-16,Lake Worth,P0165,3,17.48,2.0,46.44
S001398,2025-08-27,Dania Beach,P0244,1,7.54,0.0,7.54
S002503,2025-10-09,Oakland Park,P0113,1,15.71,0.0,15.71
S009269,2026-06-07,Oakland Park,P0122,3,15.39,0.0,46.17
S007975,2026-04-22,Dania Beach,P0279,1,5.18,0.0,5.18
S003348,2025-11-12,Oakland Park,P0095,2,15.25,0.0,30.5
S006558,2026-03-08,Oakland Park,P0042,1,16.07,0.0,16.07
S008890,2026-05-24,Dania Beach,P0116,1,38.74,0.0,38.74
S003919,2025-12-04,Dania Beach,P0298,1,10.79,0.0,10.79
S001205,2025-08-19,Lake Worth,P0247,1,11.6,2.0,9.6
S007941,2026-04-21,Dania Beach,P0012,1,14.93,0.0,14.93
S002793,2025-10-21,Oakland Park,P0035,1,25.13,0.0,25.13
S002520,2025-10-10,Oakland Park,P0045,1,31.47,0.0,31.47
S007124,2026-04-01,Lake Worth,P0253,2,12.31,0.0,24.62
S008920,2026-05-25,Oakland Park,P0229,1,15.22,0.0,15.22
S006497,2026-03-06,Lake Worth,P0225,1,30.83,0.0,30.83
S008575,2026-05-12,Dania Beach,P0284,1,19.93,5.0,14.93
S000448,2025-07-19,Oakland Park,P0250,1,26.07,0.0,26.07
S000418,2025-07-17,Oakland Park,P0095,1,15.25,0.0,15.25
S008356,2026-05-03,Oakland Park,P0031,1,23.06,0.0,23.06
S007952,2026-04-22,Oakland Park,P0256,2,20.62,5.0,31.24
S009024,2026-05-30,Dania Beach,P0291,2,10.13,0.0,20.26
S002000,2025-09-20,Oakland Park,P0259,2,34.69,0.0,69.38
S000923,2025-08-08,Dania Beach,P0257,1,21.09,0.0,21.09
S007585,2026-04-12,Oakland Park,P0181,1,38.54,0.0,38.54
S006797,2026-03-19,Dania Beach,P0215,1,5.21,0.0,5.21
S001631,2025-09-05,Dania Beach,P0134,1,13.77,0.0,13.77
S002591,2025-10-13,Oakland Park,P0253,1,12.31,0.0,12.31
S008582,2026-05-12,Oakland Park,P0229,1,15.22,2.0,13.22
S003346,2025-11-12,Lake Worth,P0150,1,8.12,0.0,8.12
S003331,2025-11-11,Lake Worth,P0225,1,30.83,0.0,30.83
S003336,2025-11-11,Dania Beach,P0205,1,34.1,0.0,34.1
S009712,2026-06-26,Lake Worth,P0193,1,15.19,0.0,15.19
S008847,2026-05-22,Oakland Park,P0099,1,32.17,0.0,32.17
S008537,2026-05-10,Oakland Park,P0270,2,13.93,0.0,27.86
S004842,2025-12-24,Oakland Park,P0101,1,40.29,0.0,40.29
S006299,2026-02-26,Oakland Park,P0175,1,10.78,0.0,10.78
S005214,2025-12-31,Oakland Park,P0250,1,26.07,0.0,26.07
S001339,2025-08-25,Dania Beach,P0068,1,18.85,0.0,18.85
S008688,2026-05-16,Dania Beach,P0008,2,23.36,0.0,46.72
S008931,2026-05-25,Oakland Park,P0071,1,14.0,0.0,14.0
S001234,2025-08-20,Lake Worth,P0061,1,13.54,0.0,13.54
S005219,2026-01-01,Lake Worth,P0120,1,23.21,0.0,23.21
S000940,2025-08-08,Oakland Park,P0196,1,23.33,2.0,21.33
S004935,2025-12-26,Dania Beach,P0200,1,20.12,0.0,20.12
S003472,2025-11-17,Oakland Park,P0028,1,22.61,0.0,22.61
S005876,2026-02-03,Dania Beach,P0060,1,16.29,0.0,16.29
S004490,2025-12-17,Dania Beach,P0284,3,19.93,0.0,59.79
S001259,2025-08-22,Lake Worth,P0095,1,15.25,0.0,15.25
S001367,2025-08-26,Dania Beach,P0112,1,9.26,0.0,9.26
S007200,2026-04-03,Dania Beach,P0045,1,31.47,0.0,31.47
S005167,2025-12-30,Oakland Park,P0010,1,26.25,0.0,26.25
S004682,2025-12-21,Oakland Park,P0258,1,20.03,0.0,20.03
S003891,2025-12-03,Oakland Park,P0010,1,26.25,0.0,26.25
S008703,2026-05-17,Dania Beach,P0272,1,18.29,0.0,18.29
S002167,2025-09-27,Dania Beach,P0175,1,10.78,5.0,5.78
S000945,2025-08-09,Dania Beach,P0003,1,11.11,2.0,9.11
S007436,2026-04-09,Lake Worth,P0204,1,30.89,0.0,30.89
S005210,2025-12-31,Oakland Park,P0119,1,10.1,0.0,10.1
S004599,2025-12-19,Lake Worth,P0153,1,24.73,0.0,24.73
S006603,2026-03-10,Oakland Park,P0185,1,20.14,0.0,20.14
S000421,2025-07-18,Oakland Park,P0025,2,37.2,0.0,74.4
S008126,2026-04-26,Oakland Park,P0258,1,20.03,5.0,15.03
S009204,2026-06-06,Dania Beach,P0249,2,24.88,0.0,49.76
S003586,2025-11-22,Dania Beach,P0232,2,35.97,0.0,71.94
S008635,2026-05-14,Oakland Park,P0293,1,17.47,0.0,17.47
S001685,2025-09-07,Dania Beach,P0007,1,18.87,0.0,18.87
S002332,2025-10-03,Dania Beach,P0239,2,7.76,0.0,15.52
S003265,2025-11-08,Dania Beach,P0279,1,5.18,2.0,3.18
S008362,2026-05-04,Dania Beach,P0125,1,30.0,0.0,30.0
S003951,2025-12-05,Oakland Park,P0022,1,7.3,0.0,7.3
S004424,2025-12-15,Dania Beach,P0225,1,30.83,0.0,30.83
S005745,2026-01-28,Dania Beach,P0172,2,16.93,0.0,33.86
S001730,2025-09-08,Dania Beach,P0024,1,12.01,5.0,7.01
S003834,2025-12-02,Dania Beach,P0265,1,19.55,0.0,19.55
S004293,2025-12-13,Dania Beach,P0279,1,5.18,0.0,5.18
S001110,2025-08-15,Oakland Park,P0250,1,26.07,0.0,26.07
S008168,2026-04-27,Oakland Park,P0138,1,18.5,0.0,18.5
S002723,2025-10-18,Oakland Park,P0008,1,23.36,0.0,23.36
S008731,2026-05-18,Dania Beach,P0037,1,16.2,0.0,16.2
S005587,2026-01-19,Oakland Park,P0050,1,16.14,0.0,16.14
S001517,2025-08-31,Lake Worth,P0133,1,31.55,5.0,26.55
S004857,2025-12-25,Dania Beach,P0258,2,20.03,0.0,40.06
S009301,2026-06-09,Lake Worth,P0050,1,16.14,0.0,16.14
S004997,2025-12-27,Dania Beach,P0102,1,16.27,5.0,11.27
S005915,2026-02-05,Oakland Park,P0079,1,38.19,0.0,38.19
S004260,2025-12-12,Oakland Park,P0275,3,12.12,0.0,36.36
S000814,2025-08-03,Dania Beach,P0258,1,20.03,0.0,20.03
S007765,2026-04-17,Dania Beach,P0138,1,18.5,5.0,13.5
S002745,2025-10-19,Oakland Park,P0099,1,32.17,0.0,32.17
S006400,2026-03-02,Dania Beach,P0041,1,11.22,0.0,11.22
S000458,2025-07-19,Oakland Park,P0188,3,14.19,0.0,42.57
S009659,2026-06-23,Lake Worth,P0002,1,33.09,0.0,33.09
S005890,2026-02-04,Oakland Park,P0285,1,24.04,0.0,24.04
S007730,2026-04-16,Dania Beach,P0125,1,30.0,0.0,30.0
S002049,2025-09-22,Lake Worth,P0228,1,12.36,0.0,12.36
S006251,2026-02-23,Lake Worth,P0291,1,10.13,0.0,10.13
S004685,2025-12-21,Dania Beach,P0227,1,22.7,0.0,22.7
S002854,2025-10-24,Oakland Park,P0004,1,33.33,5.0,28.33
S005854,2026-02-02,Dania Beach,P0028,3,22.61,0.0,67.83
S000654,2025-07-27,Dania Beach,P0269,1,19.37,0.0,19.37
S009048,2026-05-30,Dania Beach,P0006,3,18.74,0.0,56.22
S005297,2026-01-04,Oakland Park,P0225,1,30.83,0.0,30.83
S008836,2026-05-22,Oakland Park,P0041,1,11.22,0.0,11.22
S002617,2025-10-14,Dania Beach,P0026,1,24.77,0.0,24.77
S003345,2025-11-12,Oakland Park,P0229,2,15.22,0.0,30.44
S008843,2026-05-22,Lake Worth,P0075,1,16.43,0.0,16.43
S002268,2025-09-30,Oakland Park,P0028,1,22.61,0.0,22.61
S006199,2026-02-20,Oakland Park,P0178,1,35.29,0.0,35.29
S005557,2026-01-18,Oakland Park,P0115,1,35.88,0.0,35.88
S009022,2026-05-30,Dania Beach,P0042,2,16.07,0.0,32.14
S005448,2026-01-12,Dania Beach,P0266,1,28.75,0.0,28.75
S001242,2025-08-21,Oakland Park,P0045,1,31.47,0.0,31.47
S000407,2025-07-17,Dania Beach,P0274,1,22.73,0.0,22.73
S000541,2025-07-23,Dania Beach,P0007,1,18.87,0.0,18.87
S003220,2025-11-07,Dania Beach,P0138,1,18.5,0.0,18.5
S002965,2025-10-28,Dania Beach,P0250,1,26.07,0.0,26.07
S005319,2026-01-06,Lake Worth,P0184,1,16.92,0.0,16.92
S004225,2025-12-11,Oakland Park,P0113,1,15.71,0.0,15.71
S004281,2025-12-12,Oakland Park,P0132,1,38.62,0.0,38.62
S002065,2025-09-23,Dania Beach,P0086,1,19.54,0.0,19.54
S008113,2026-04-26,Oakland Park,P0231,1,16.4,0.0,16.4
S002246,2025-09-29,Lake Worth,P0181,1,38.54,0.0,38.54
S001287,2025-08-23,Dania Beach,P0205,1,34.1,0.0,34.1
S003162,2025-11-04,Dania Beach,P0098,1,12.85,0.0,12.85
S002026,2025-09-21,Dania Beach,P0082,2,11.34,0.0,22.68
S009665,2026-06-23,Oakland Park,P0272,1,18.29,0.0,18.29
S008777,2026-05-20,Dania Beach,P0232,1,35.97,5.0,30.97
S007802,2026-04-18,Dania Beach,P0181,1,38.54,0.0,38.54
S008131,2026-04-26,Oakland Park,P0149,1,20.51,0.0,20.51
S008879,2026-05-23,Dania Beach,P0168,1,9.03,0.0,9.03
S008982,2026-05-28,Lake Worth,P0062,1,34.29,0.0,34.29
S009247,2026-06-07,Dania Beach,P0258,3,20.03,0.0,60.09
S001515,2025-08-31,Dania Beach,P0100,2,34.67,0.0,69.34
S005181,2025-12-31,Oakland Park,P0248,1,14.4,0.0,14.4
S004623,2025-12-20,Lake Worth,P0008,2,23.36,0.0,46.72
S007990,2026-04-23,Dania Beach,P0071,1,14.0,0.0,14.0
S007982,2026-04-23,Dania Beach,P0299,1,6.83,0.0,6.83
S001218,2025-08-20,Oakland Park,P0229,1,15.22,0.0,15.22
S005767,2026-01-30,Dania Beach,P0123,1,32.28,0.0,32.28
S001146,2025-08-17,Lake Worth,P0123,1,32.28,0.0,32.28
S009456,2026-06-15,Dania Beach,P0028,1,22.61,0.0,22.61
S004304,2025-12-13,Lake Worth,P0039,1,18.68,0.0,18.68
S001880,2025-09-14,Oakland Park,P0047,1,11.39,0.0,11.39
S009354,2026-06-12,Dania Beach,P0278,1,27.49,0.0,27.49
S008701,2026-05-17,Oakland Park,P0057,3,31.85,0.0,95.55
S004863,2025-12-25,Lake Worth,P0146,1,36.76,5.0,31.76
S008294,2026-05-01,Dania Beach,P0250,1,26.07,0.0,26.07
S001482,2025-08-30,Oakland Park,P0005,1,12.32,0.0,12.32
S000339,2025-07-13,Oakland Park,P0247,1,11.6,0.0,11.6
S002748,2025-10-19,Dania Beach,P0081,1,12.2,0.0,12.2
S004482,2025-12-16,Dania Beach,P0245,1,30.57,0.0,30.57
S009755,2026-06-27,Oakland Park,P0058,1,6.59,0.0,6.59
S006696,2026-03-15,Dania Beach,P0258,3,20.03,0.0,60.09
S006408,2026-03-02,Oakland Park,P0257,1,21.09,0.0,21.09
S000528,2025-07-22,Oakland Park,P0229,1,15.22,5.0,10.22
S007693,2026-04-15,Dania Beach,P0258,1,20.03,0.0,20.03
S009676,2026-06-24,Oakland Park,P0209,1,38.73,0.0,38.73
S002692,2025-10-17,Lake Worth,P0068,1,18.85,0.0,18.85
S003746,2025-11-29,Dania Beach,P0211,1,28.43,0.0,28.43
S007984,2026-04-23,Lake Worth,P0133,1,31.55,0.0,31.55
S005204,2025-12-31,Dania Beach,P0003,1,11.11,0.0,11.11
S003932,2025-12-04,Lake Worth,P0232,2,35.97,2.0,67.94
S008616,2026-05-13,Oakland Park,P0250,1,26.07,0.0,26.07
S008730,2026-05-18,Dania Beach,P0298,1,10.79,0.0,10.79
S007889,2026-04-20,Lake Worth,P0188,1,14.19,0.0,14.19
S009253,2026-06-07,Oakland Park,P0228,1,12.36,0.0,12.36
S008682,2026-05-16,Oakland Park,P0020,3,24.25,0.0,72.75
S006302,2026-02-26,Lake Worth,P0251,1,16.69,0.0,16.69
S003921,2025-12-04,Dania Beach,P0258,1,20.03,0.0,20.03
S007620,2026-04-13,Oakland Park,P0294,1,30.88,0.0,30.88
S003862,2025-12-02,Lake Worth,P0229,1,15.22,0.0,15.22
S005903,2026-02-04,Dania Beach,P0141,1,18.03,5.0,13.03
S008017,2026-04-23,Oakland Park,P0228,1,12.36,0.0,12.36
S001038,2025-08-12,Lake Worth,P0118,1,26.15,0.0,26.15
S000452,2025-07-19,Oakland Park,P0148,1,17.71,5.0,12.71
S006874,2026-03-21,Lake Worth,P0140,2,17.16,2.0,30.32
S008629,2026-05-14,Lake Worth,P0159,1,5.86,0.0,5.86
S006305,2026-02-26,Oakland Park,P0225,1,30.83,0.0,30.83
S009258,2026-06-07,Dania Beach,P0094,1,15.94,0.0,15.94
S004394,2025-12-14,Dania Beach,P0229,1,15.22,0.0,15.22
S004400,2025-12-14,Dania Beach,P0250,1,26.07,0.0,26.07
S007274,2026-04-05,Lake Worth,P0165,1,17.48,0.0,17.48
S004674,2025-12-21,Dania Beach,P0042,1,16.07,0.0,16.07
S008558,2026-05-11,Dania Beach,P0115,2,35.88,5.0,61.76
S007706,2026-04-15,Dania Beach,P0215,1,5.21,0.0,5.21
S001010,2025-08-11,Oakland Park,P0120,1,23.21,0.0,23.21
S001727,2025-09-08,Lake Worth,P0015,1,10.97,2.0,8.97
S008789,2026-05-20,Oakland Park,P0008,1,23.36,0.0,23.36
S005692,2026-01-25,Oakland Park,P0227,3,22.7,2.0,62.1
S002739,2025-10-19,Oakland Park,P0168,1,9.03,0.0,9.03
S004996,2025-12-27,Dania Beach,P0077,1,38.06,0.0,38.06
S002875,2025-10-25,Dania Beach,P0028,1,22.61,0.0,22.61
S003974,2025-12-05,Dania Beach,P0008,1,23.36,0.0,23.36
S003547,2025-11-21,Dania Beach,P0113,1,15.71,0.0,15.71
S006856,2026-03-21,Lake Worth,P0213,1,4.58,0.0,4.58
S002172,2025-09-27,Dania Beach,P0173,2,28.8,2.0,53.6
S009430,2026-06-14,Dania Beach,P0069,1,21.4,0.0,21.4
S001817,2025-09-12,Dania Beach,P0237,1,18.61,0.0,18.61
S000914,2025-08-07,Dania Beach,P0160,1,15.14,0.0,15.14
S006002,2026-02-09,Oakland Park,P0229,1,15.22,0.0,15.22
S008468,2026-05-08,Oakland Park,P0300,1,15.39,0.0,15.39
S000486,2025-07-20,Dania Beach,P0124,1,14.5,2.0,12.5
S001565,2025-09-02,Dania Beach,P0113,1,15.71,0.0,15.71
S006727,2026-03-16,Oakland Park,P0051,1,31.0,0.0,31.0
S006820,2026-03-20,Dania Beach,P0258,1,20.03,0.0,20.03
S001811,2025-09-12,Dania Beach,P0253,1,12.31,0.0,12.31
S006859,2026-03-21,Dania Beach,P0250,2,26.07,0.0,52.14
S004273,2025-12-12,Lake Worth,P0083,1,9.28,0.0,9.28
S004227,2025-12-11,Oakland Park,P0042,1,16.07,0.0,16.07
S002310,2025-10-02,Dania Beach,P0028,1,22.61,0.0,22.61
S007175,2026-04-03,Dania Beach,P0149,1,20.51,0.0,20.51
S008352,2026-05-03,Lake Worth,P0227,1,22.7,0.0,22.7
S007403,2026-04-08,Oakland Park,P0155,1,33.74,0.0,33.74
S007334,2026-04-06,Dania Beach,P0233,1,22.74,0.0,22.74
S002346,2025-10-03,Dania Beach,P0035,1,25.13,2.0,23.13
S003029,2025-10-30,Lake Worth,P0158,1,15.94,0.0,15.94
S003240,2025-11-08,Oakland Park,P0234,1,39.24,0.0,39.24
S005979,2026-02-08,Lake Worth,P0058,1,6.59,2.0,4.59
S002822,2025-10-22,Dania Beach,P0258,2,20.03,0.0,40.06
S007604,2026-04-12,Dania Beach,P0066,1,15.19,0.0,15.19
S008787,2026-05-20,Oakland Park,P0193,2,15.19,5.0,20.38
S002613,2025-10-14,Lake Worth,P0057,1,31.85,0.0,31.85
S008364,2026-05-04,Lake Worth,P0116,1,38.74,0.0,38.74
S006453,2026-03-04,Oakland Park,P0250,1,26.07,0.0,26.07
S005475,2026-01-14,Lake Worth,P0294,2,30.88,0.0,61.76
S006744,2026-03-16,Oakland Park,P0258,1,20.03,0.0,20.03
S008155,2026-04-26,Oakland Park,P0226,1,19.09,5.0,14.09
S008321,2026-05-02,Dania Beach,P0058,1,6.59,0.0,6.59
S002964,2025-10-28,Lake Worth,P0114,3,22.91,0.0,68.73
S001036,2025-08-12,Oakland Park,P0268,1,28.7,0.0,28.7
S006015,2026-02-10,Oakland Park,P0258,1,20.03,0.0,20.03
S003281,2025-11-09,Dania Beach,P0133,2,31.55,0.0,63.1
S009485,2026-06-17,Oakland Park,P0120,1,23.21,0.0,23.21
S007477,2026-04-10,Oakland Park,P0026,1,24.77,0.0,24.77
S005269,2026-01-03,Dania Beach,P0048,1,43.54,0.0,43.54
S008120,2026-04-26,Oakland Park,P0244,1,7.54,0.0,7.54
S006337,2026-02-27,Dania Beach,P0173,1,28.8,0.0,28.8
S008275,2026-04-30,Oakland Park,P0229,1,15.22,0.0,15.22
S008475,2026-05-08,Lake Worth,P0178,1,35.29,0.0,35.29
S008272,2026-04-30,Dania Beach,P0028,1,22.61,0.0,22.61
S007568,2026-04-12,Oakland Park,P0229,1,15.22,0.0,15.22
S004564,2025-12-18,Oakland Park,P0270,1,13.93,0.0,13.93
S008776,2026-05-20,Dania Beach,P0123,3,32.28,2.0,90.84
S008231,2026-04-28,Oakland Park,P0099,1,32.17,0.0,32.17
S006313,2026-02-27,Lake Worth,P0015,1,10.97,0.0,10.97
S006977,2026-03-26,Dania Beach,P0081,1,12.2,0.0,12.2
S000332,2025-07-13,Dania Beach,P0279,1,5.18,0.0,5.18
S004428,2025-12-15,Lake Worth,P0196,1,23.33,0.0,23.33
S009541,2026-06-19,Dania Beach,P0028,1,22.61,0.0,22.61
S006444,2026-03-04,Dania Beach,P0253,1,12.31,0.0,12.31
S001669,2025-09-06,Dania Beach,P0045,1,31.47,0.0,31.47
S005199,2025-12-31,Dania Beach,P0279,1,5.18,0.0,5.18
S000218,2025-07-08,Oakland Park,P0034,1,17.39,0.0,17.39
S001938,2025-09-17,Oakland Park,P0298,1,10.79,0.0,10.79
S009621,2026-06-22,Lake Worth,P0202,1,27.95,0.0,27.95
S001910,2025-09-16,Oakland Park,P0090,1,39.67,0.0,39.67
S003789,2025-12-01,Dania Beach,P0258,2,20.03,0.0,40.06
S008715,2026-05-17,Dania Beach,P0258,1,20.03,0.0,20.03
S007713,2026-04-15,Lake Worth,P0253,1,12.31,2.0,10.31
S009540,2026-06-19,Oakland Park,P0060,1,16.29,0.0,16.29
S004121,2025-12-09,Lake Worth,P0158,1,15.94,2.0,13.94
S004034,2025-12-07,Lake Worth,P0050,1,16.14,0.0,16.14
S007677,2026-04-14,Oakland Park,P0028,1,22.61,0.0,22.61
S005230,2026-01-01,Oakland Park,P0203,1,28.04,0.0,28.04
S003813,2025-12-01,Dania Beach,P0091,1,10.86,2.0,8.86
S003436,2025-11-16,Dania Beach,P0027,2,16.28,0.0,32.56
S003707,2025-11-27,Dania Beach,P0258,2,20.03,0.0,40.06
S009241,2026-06-07,Oakland Park,P0196,1,23.33,0.0,23.33
S003560,2025-11-21,Dania Beach,P0185,2,20.14,0.0,40.28
S005830,2026-02-01,Dania Beach,P0157,1,8.43,5.0,3.43
S001736,2025-09-09,Dania Beach,P0181,1,38.54,0.0,38.54
S000624,2025-07-26,Lake Worth,P0138,1,18.5,0.0,18.5
S007738,2026-04-16,Dania Beach,P0190,1,31.63,0.0,31.63
S005375,2026-01-09,Dania Beach,P0253,1,12.31,0.0,12.31
S008144,2026-04-26,Dania Beach,P0094,1,15.94,5.0,10.94
S004581,2025-12-19,Oakland Park,P0147,1,40.67,2.0,38.67
S002418,2025-10-05,Oakland Park,P0173,1,28.8,2.0,26.8
S005905,2026-02-05,Oakland Park,P0250,1,26.07,0.0,26.07
S006385,2026-03-01,Lake Worth,P0027,1,16.28,0.0,16.28
S000086,2025-07-04,Dania Beach,P0056,1,36.04,0.0,36.04
S003611,2025-11-23,Lake Worth,P0231,2,16.4,0.0,32.8
S000668,2025-07-28,Dania Beach,P0265,1,19.55,0.0,19.55
S000211,2025-07-08,Dania Beach,P0150,1,8.12,0.0,8.12
S004301,2025-12-13,Dania Beach,P0239,1,7.76,0.0,7.76
S005036,2025-12-28,Dania Beach,P0281,1,17.35,0.0,17.35
S007913,2026-04-21,Dania Beach,P0027,1,16.28,0.0,16.28
S009830,2026-06-30,Lake Worth,P0052,1,20.69,0.0,20.69
S005243,2026-01-02,Dania Beach,P0296,1,10.05,2.0,8.05
S009571,2026-06-20,Dania Beach,P0259,1,34.69,5.0,29.69
S007608,2026-04-13,Lake Worth,P0014,3,41.58,0.0,124.74
S002457,2025-10-07,Dania Beach,P0028,1,22.61,5.0,17.61
S001882,2025-09-15,Dania Beach,P0045,2,31.47,0.0,62.94
S009656,2026-06-23,Dania Beach,P0287,1,38.39,5.0,33.39
S001479,2025-08-30,Lake Worth,P0221,1,26.83,0.0,26.83
S003509,2025-11-19,Oakland Park,P0273,1,11.49,0.0,11.49
S001791,2025-09-11,Lake Worth,P0171,1,15.79,2.0,13.79
S008218,2026-04-28,Oakland Park,P0050,1,16.14,0.0,16.14
S004952,2025-12-27,Dania Beach,P0173,1,28.8,0.0,28.8
S001225,2025-08-20,Dania Beach,P0173,1,28.8,0.0,28.8
S009754,2026-06-27,Oakland Park,P0080,1,3.25,0.0,3.25
S003713,2025-11-28,Dania Beach,P0154,1,15.49,2.0,13.49
S004472,2025-12-16,Dania Beach,P0257,1,21.09,0.0,21.09
S005364,2026-01-08,Dania Beach,P0250,1,26.07,2.0,24.07
S003562,2025-11-21,Lake Worth,P0073,1,20.85,0.0,20.85
S003799,2025-12-01,Oakland Park,P0036,1,4.54,0.0,4.54
S003955,2025-12-05,Oakland Park,P0157,1,8.43,0.0,8.43
S002502,2025-10-09,Dania Beach,P0258,1,20.03,0.0,20.03
S002003,2025-09-20,Oakland Park,P0068,1,18.85,0.0,18.85
S004074,2025-12-07,Oakland Park,P0066,1,15.19,0.0,15.19
S003096,2025-11-02,Dania Beach,P0238,1,9.91,0.0,9.91
S007679,2026-04-14,Lake Worth,P0120,1,23.21,0.0,23.21
S000063,2025-07-03,Lake Worth,P0112,3,9.26,0.0,27.78
S007463,2026-04-10,Dania Beach,P0153,1,24.73,2.0,22.73
S004506,2025-12-17,Oakland Park,P0250,1,26.07,2.0,24.07
S006738,2026-03-16,Dania Beach,P0258,1,20.03,0.0,20.03
S007112,2026-04-01,Oakland Park,P0270,2,13.93,0.0,27.86
S002925,2025-10-26,Dania Beach,P0099,1,32.17,0.0,32.17
S002412,2025-10-05,Dania Beach,P0123,1,32.28,0.0,32.28
S002198,2025-09-28,Dania Beach,P0258,1,20.03,0.0,20.03
S009348,2026-06-12,Dania Beach,P0174,1,17.55,0.0,17.55
S003100,2025-11-02,Lake Worth,P0086,1,19.54,0.0,19.54
S000272,2025-07-11,Dania Beach,P0050,1,16.14,2.0,14.14
S009267,2026-06-07,Oakland Park,P0069,1,21.4,0.0,21.4
S006070,2026-02-14,Dania Beach,P0182,1,25.07,0.0,25.07
S004248,2025-12-12,Oakland Park,P0187,1,8.33,0.0,8.33
S008304,2026-05-02,Dania Beach,P0229,1,15.22,0.0,15.22
S005294,2026-01-04,Lake Worth,P0050,1,16.14,2.0,14.14
S007022,2026-03-28,Oakland Park,P0077,1,38.06,0.0,38.06
S000796,2025-08-02,Dania Beach,P0115,1,35.88,0.0,35.88
S001138,2025-08-16,Oakland Park,P0137,1,34.89,0.0,34.89
S008678,2026-05-16,Dania Beach,P0258,1,20.03,0.0,20.03
S007968,2026-04-22,Oakland Park,P0163,1,12.13,0.0,12.13
S008640,2026-05-14,Lake Worth,P0171,1,15.79,0.0,15.79
S003433,2025-11-15,Oakland Park,P0069,1,21.4,0.0,21.4
S004317,2025-12-13,Oakland Park,P0233,1,22.74,0.0,22.74
S004282,2025-12-12,Dania Beach,P0250,1,26.07,2.0,24.07
S001608,2025-09-04,Dania Beach,P0266,1,28.75,0.0,28.75
S009772,2026-06-28,Dania Beach,P0282,1,14.8,0.0,14.8
S001037,2025-08-12,Oakland Park,P0141,1,18.03,0.0,18.03
S001220,2025-08-20,Dania Beach,P0028,1,22.61,0.0,22.61
S004879,2025-12-25,Oakland Park,P0197,2,24.23,0.0,48.46
S007514,2026-04-11,Oakland Park,P0093,1,10.98,0.0,10.98
S006870,2026-03-21,Dania Beach,P0227,1,22.7,0.0,22.7
S003152,2025-11-03,Lake Worth,P0258,3,20.03,0.0,60.09
S009721,2026-06-26,Oakland Park,P0286,1,17.06,0.0,17.06
S002347,2025-10-03,Oakland Park,P0229,1,15.22,0.0,15.22
S003838,2025-12-02,Dania Beach,P0229,2,15.22,0.0,30.44
S007012,2026-03-28,Oakland Park,P0145,2,18.52,0.0,37.04
S002180,2025-09-27,Dania Beach,P0090,1,39.67,0.0,39.67
S005862,2026-02-02,Dania Beach,P0091,1,10.86,2.0,8.86
S000935,2025-08-08,Lake Worth,P0038,1,16.31,0.0,16.31
S003146,2025-11-03,Lake Worth,P0215,1,5.21,0.0,5.21
S006393,2026-03-02,Oakland Park,P0152,1,10.83,0.0,10.83
S001830,2025-09-13,Lake Worth,P0139,1,25.22,0.0,25.22
S001737,2025-09-09,Oakland Park,P0267,2,35.08,0.0,70.16
S006996,2026-03-27,Oakland Park,P0229,1,15.22,0.0,15.22
S004735,2025-12-22,Oakland Park,P0134,1,13.77,0.0,13.77
S005203,2025-12-31,Dania Beach,P0233,1,22.74,0.0,22.74
S004151,2025-12-09,Dania Beach,P0090,1,39.67,0.0,39.67
S008905,2026-05-24,Lake Worth,P0180,1,14.34,0.0,14.34
S001972,2025-09-19,Dania Beach,P0175,1,10.78,0.0,10.78
S007577,2026-04-12,Oakland Park,P0069,1,21.4,0.0,21.4
S000469,2025-07-19,Dania Beach,P0298,1,10.79,0.0,10.79
S003010,2025-10-29,Dania Beach,P0295,1,27.7,0.0,27.7
S003384,2025-11-13,Dania Beach,P0155,1,33.74,0.0,33.74
S000384,2025-07-15,Dania Beach,P0229,1,15.22,2.0,13.22
S002987,2025-10-28,Lake Worth,P0229,1,15.22,0.0,15.22
S005934,2026-02-06,Dania Beach,P0013,1,19.04,0.0,19.04
S008974,2026-05-28,Oakland Park,P0181,1,38.54,0.0,38.54
S002599,2025-10-13,Oakland Park,P0205,3,34.1,0.0,102.3
S001675,2025-09-06,Dania Beach,P0258,1,20.03,2.0,18.03
S003402,2025-11-14,Dania Beach,P0170,1,12.29,0.0,12.29
S008306,2026-05-02,Lake Worth,P0108,2,11.87,0.0,23.74
S005045,2025-12-28,Lake Worth,P0123,1,32.28,0.0,32.28
S003591,2025-11-22,Dania Beach,P0271,1,13.23,0.0,13.23
S003391,2025-11-14,Oakland Park,P0258,1,20.03,2.0,18.03
S004491,2025-12-17,Oakland Park,P0135,1,18.06,0.0,18.06
S004977,2025-12-27,Dania Beach,P0189,1,8.68,0.0,8.68
S008617,2026-05-13,Dania Beach,P0077,1,38.06,0.0,38.06
S001922,2025-09-17,Oakland Park,P0068,1,18.85,0.0,18.85
S005195,2025-12-31,Oakland Park,P0181,1,38.54,2.0,36.54
S002582,2025-10-12,Dania Beach,P0028,1,22.61,0.0,22.61
S003816,2025-12-01,Dania Beach,P0141,1,18.03,0.0,18.03
S006821,2026-03-20,Dania Beach,P0258,2,20.03,0.0,40.06
S006367,2026-02-28,Oakland Park,P0123,1,32.28,0.0,32.28
S005155,2025-12-30,Oakland Park,P0027,1,16.28,0.0,16.28
S007536,2026-04-11,Dania Beach,P0258,1,20.03,0.0,20.03
S000443,2025-07-19,Dania Beach,P0141,1,18.03,2.0,16.03
S004515,2025-12-17,Dania Beach,P0004,1,33.33,0.0,33.33
S009740,2026-06-27,Dania Beach,P0100,3,34.67,2.0,98.01
S009342,2026-06-12,Dania Beach,P0124,1,14.5,0.0,14.5
S004929,2025-12-26,Dania Beach,P0028,2,22.61,2.0,41.22
S008600,2026-05-13,Lake Worth,P0138,1,18.5,0.0,18.5
S002515,2025-10-10,Lake Worth,P0112,1,9.26,0.0,9.26
S001160,2025-08-17,Dania Beach,P0068,1,18.85,0.0,18.85
S006609,2026-03-10,Oakland Park,P0250,1,26.07,0.0,26.07
S003952,2025-12-05,Dania Beach,P0042,1,16.07,0.0,16.07
S000419,2025-07-17,Lake Worth,P0215,1,5.21,0.0,5.21
S008330,2026-05-02,Oakland Park,P0233,1,22.74,0.0,22.74
S006332,2026-02-27,Oakland Park,P0063,1,32.31,0.0,32.31
S000322,2025-07-13,Dania Beach,P0123,1,32.28,0.0,32.28
S006922,2026-03-24,Dania Beach,P0100,1,34.67,0.0,34.67
S002071,2025-09-23,Lake Worth,P0258,1,20.03,0.0,20.03
S003518,2025-11-19,Dania Beach,P0082,1,11.34,0.0,11.34
S006416,2026-03-03,Dania Beach,P0228,2,12.36,0.0,24.72
S001474,2025-08-30,Dania Beach,P0042,1,16.07,0.0,16.07
S003512,2025-11-19,Lake Worth,P0138,1,18.5,0.0,18.5
S003427,2025-11-15,Dania Beach,P0296,2,10.05,0.0,20.1
S009683,2026-06-24,Dania Beach,P0016,1,9.61,0.0,9.61
S000835,2025-08-03,Dania Beach,P0180,1,14.34,0.0,14.34
S009569,2026-06-20,Lake Worth,P0058,1,6.59,0.0,6.59
S003044,2025-10-31,Lake Worth,P0181,2,38.54,0.0,77.08
S001963,2025-09-19,Dania Beach,P0107,1,35.69,0.0,35.69
S000167,2025-07-06,Lake Worth,P0088,1,14.79,0.0,14.79
S002316,2025-10-02,Lake Worth,P0229,1,15.22,0.0,15.22
S009483,2026-06-16,Lake Worth,P0196,2,23.33,5.0,36.66
S006475,2026-03-05,Lake Worth,P0225,1,30.83,0.0,30.83
S003555,2025-11-21,Oakland Park,P0223,1,16.45,0.0,16.45
S009498,2026-06-17,Dania Beach,P0258,1,20.03,0.0,20.03
S006966,2026-03-26,Oakland Park,P0006,1,18.74,0.0,18.74
S008340,2026-05-03,Lake Worth,P0157,1,8.43,0.0,8.43
S000219,2025-07-08,Dania Beach,P0205,1,34.1,0.0,34.1
S002330,2025-10-03,Lake Worth,P0028,1,22.61,5.0,17.61
S000667,2025-07-28,Dania Beach,P0014,1,41.58,2.0,39.58
S001230,2025-08-20,Oakland Park,P0073,1,20.85,0.0,20.85
S005213,2025-12-31,Dania Beach,P0047,1,11.39,0.0,11.39
S007600,2026-04-12,Oakland Park,P0042,1,16.07,0.0,16.07
S002428,2025-10-06,Oakland Park,P0166,1,26.78,0.0,26.78
S006550,2026-03-08,Oakland Park,P0169,1,28.05,0.0,28.05
S001907,2025-09-16,Dania Beach,P0258,1,20.03,0.0,20.03
S008954,2026-05-26,Dania Beach,P0131,1,10.61,0.0,10.61
S003809,2025-12-01,Dania Beach,P0293,1,17.47,0.0,17.47
S000182,2025-07-07,Oakland Park,P0091,1,10.86,0.0,10.86
S001933,2025-09-17,Dania Beach,P0041,1,11.22,0.0,11.22
S009054,2026-05-31,Oakland Park,P0041,1,11.22,0.0,11.22
S006250,2026-02-23,Oakland Park,P0025,1,37.2,0.0,37.2
S001429,2025-08-28,Dania Beach,P0120,1,23.21,0.0,23.21
S003456,2025-11-16,Lake Worth,P0258,1,20.03,0.0,20.03
S009346,2026-06-12,Lake Worth,P0107,1,35.69,0.0,35.69
S001536,2025-09-01,Lake Worth,P0006,2,18.74,0.0,37.48
S003737,2025-11-29,Dania Beach,P0005,1,12.32,0.0,12.32
S002446,2025-10-06,Oakland Park,P0018,1,11.18,2.0,9.18
S008149,2026-04-26,Dania Beach,P0123,1,32.28,0.0,32.28
S006632,2026-03-11,Oakland Park,P0239,2,7.76,2.0,11.52
S000126,2025-07-05,Oakland Park,P0066,1,15.19,0.0,15.19
S004240,2025-12-11,Dania Beach,P0207,1,8.62,5.0,3.62
S000950,2025-08-09,Lake Worth,P0123,1,32.28,0.0,32.28
S008529,2026-05-10,Lake Worth,P0250,1,26.07,0.0,26.07
S002162,2025-09-27,Dania Beach,P0258,1,20.03,2.0,18.03
S005076,2025-12-29,Dania Beach,P0071,1,14.0,0.0,14.0
S002950,2025-10-27,Dania Beach,P0072,1,23.85,0.0,23.85
S000234,2025-07-09,Lake Worth,P0121,2,26.48,0.0,52.96
S005447,2026-01-12,Oakland Park,P0186,1,8.27,0.0,8.27
S003416,2025-11-15,Oakland Park,P0116,1,38.74,0.0,38.74
S002903,2025-10-25,Dania Beach,P0099,2,32.17,0.0,64.34
S006140,2026-02-17,Lake Worth,P0099,1,32.17,0.0,32.17
S006386,2026-03-01,Dania Beach,P0258,1,20.03,0.0,20.03
S005095,2025-12-29,Dania Beach,P0277,1,12.14,0.0,12.14
S000481,2025-07-20,Dania Beach,P0258,1,20.03,0.0,20.03
S004765,2025-12-23,Dania Beach,P0138,1,18.5,0.0,18.5
S005594,2026-01-20,Oakland Park,P0060,1,16.29,0.0,16.29
S007691,2026-04-15,Oakland Park,P0138,1,18.5,0.0,18.5
S005114,2025-12-29,Oakland Park,P0120,1,23.21,0.0,23.21
S000162,2025-07-06,Oakland Park,P0181,2,38.54,0.0,77.08
S007199,2026-04-03,Dania Beach,P0045,1,31.47,0.0,31.47
S007223,2026-04-04,Dania Beach,P0233,1,22.74,0.0,22.74
S003655,2025-11-25,Lake Worth,P0229,1,15.22,0.0,15.22
S008983,2026-05-28,Lake Worth,P0033,1,13.41,0.0,13.41
S000641,2025-07-27,Oakland Park,P0004,1,33.33,0.0,33.33
S008899,2026-05-24,Lake Worth,P0028,1,22.61,0.0,22.61
S004237,2025-12-11,Oakland Park,P0171,1,15.79,0.0,15.79
S002307,2025-10-02,Oakland Park,P0241,1,10.09,2.0,8.09
S006693,2026-03-15,Dania Beach,P0264,1,39.66,0.0,39.66
S006995,2026-03-27,Dania Beach,P0228,1,12.36,2.0,10.36
S001487,2025-08-30,Lake Worth,P0030,1,9.83,0.0,9.83
S000504,2025-07-20,Dania Beach,P0020,1,24.25,2.0,22.25
S001510,2025-08-31,Oakland Park,P0209,1,38.73,5.0,33.73
S008818,2026-05-21,Dania Beach,P0120,2,23.21,0.0,46.42
S006836,2026-03-20,Oakland Park,P0091,1,10.86,0.0,10.86
S005075,2025-12-29,Oakland Park,P0234,1,39.24,0.0,39.24
S008697,2026-05-16,Oakland Park,P0284,1,19.93,0.0,19.93
S003269,2025-11-09,Lake Worth,P0091,1,10.86,0.0,10.86
S008075,2026-04-25,Dania Beach,P0281,2,17.35,0.0,34.7
S007817,2026-04-18,Dania Beach,P0227,1,22.7,0.0,22.7
S008407,2026-05-06,Oakland Park,P0258,1,20.03,0.0,20.03
S003453,2025-11-16,Dania Beach,P0134,1,13.77,2.0,11.77
S003258,2025-11-08,Lake Worth,P0229,3,15.22,0.0,45.66
S004513,2025-12-17,Dania Beach,P0093,1,10.98,0.0,10.98
S000306,2025-07-12,Oakland Park,P0205,1,34.1,0.0,34.1
S000236,2025-07-09,Lake Worth,P0079,2,38.19,0.0,76.38
S001831,2025-09-13,Dania Beach,P0047,1,11.39,0.0,11.39
S002475,2025-10-08,Oakland Park,P0028,1,22.61,5.0,17.61
S009765,2026-06-27,Oakland Park,P0024,1,12.01,0.0,12.01
S004543,2025-12-18,Dania Beach,P0251,1,16.69,0.0,16.69
S001414,2025-08-27,Dania Beach,P0229,1,15.22,0.0,15.22
S002131,2025-09-25,Dania Beach,P0223,1,16.45,0.0,16.45
S006730,2026-03-16,Oakland Park,P0188,1,14.19,0.0,14.19
S006943,2026-03-25,Lake Worth,P0139,1,25.22,2.0,23.22
S009280,2026-06-08,Oakland Park,P0228,1,12.36,0.0,12.36
S005347,2026-01-07,Dania Beach,P0224,1,28.47,0.0,28.47
S001383,2025-08-26,Dania Beach,P0102,1,16.27,0.0,16.27
S003513,2025-11-19,Dania Beach,P0181,1,38.54,0.0,38.54
S002358,2025-10-04,Oakland Park,P0037,1,16.2,0.0,16.2
S000033,2025-07-02,Dania Beach,P0264,1,39.66,0.0,39.66
S005532,2026-01-17,Oakland Park,P0258,1,20.03,0.0,20.03
S007110,2026-04-01,Lake Worth,P0071,1,14.0,0.0,14.0
S002921,2025-10-26,Oakland Park,P0186,1,8.27,0.0,8.27
S006863,2026-03-21,Lake Worth,P0122,1,15.39,0.0,15.39
S002159,2025-09-27,Oakland Park,P0105,1,41.09,0.0,41.09
S002286,2025-10-01,Oakland Park,P0107,1,35.69,0.0,35.69
S005146,2025-12-30,Oakland Park,P0026,1,24.77,0.0,24.77
S009817,2026-06-29,Dania Beach,P0250,1,26.07,0.0,26.07
S001958,2025-09-18,Dania Beach,P0128,1,25.5,0.0,25.5
S009521,2026-06-18,Dania Beach,P0127,1,26.3,0.0,26.3
S003782,2025-11-30,Oakland Park,P0290,1,44.36,0.0,44.36
S000861,2025-08-05,Oakland Park,P0193,1,15.19,0.0,15.19
S003936,2025-12-04,Oakland Park,P0252,1,18.54,0.0,18.54
S005029,2025-12-28,Oakland Park,P0148,1,17.71,0.0,17.71
S001710,2025-09-07,Oakland Park,P0229,1,15.22,0.0,15.22
S003926,2025-12-04,Oakland Park,P0017,1,13.63,0.0,13.63
S002795,2025-10-21,Dania Beach,P0095,1,15.25,0.0,15.25
S000223,2025-07-08,Oakland Park,P0059,1,27.7,5.0,22.7
S003490,2025-11-18,Dania Beach,P0008,1,23.36,0.0,23.36
S000115,2025-07-05,Dania Beach,P0229,1,15.22,5.0,10.22
S009815,2026-06-29,Dania Beach,P0232,1,35.97,0.0,35.97
S008293,2026-05-01,Dania Beach,P0003,1,11.11,0.0,11.11
S007565,2026-04-12,Oakland Park,P0019,1,19.0,0.0,19.0
S006327,2026-02-27,Dania Beach,P0207,1,8.62,0.0,8.62
S001904,2025-09-16,Dania Beach,P0099,1,32.17,0.0,32.17
S007658,2026-04-14,Lake Worth,P0254,1,15.72,0.0,15.72
S004702,2025-12-21,Lake Worth,P0071,3,14.0,0.0,42.0
S000592,2025-07-26,Dania Beach,P0277,1,12.14,0.0,12.14
S005812,2026-01-31,Dania Beach,P0056,2,36.04,0.0,72.08
S002137,2025-09-26,Oakland Park,P0258,1,20.03,0.0,20.03
S005018,2025-12-28,Oakland Park,P0258,1,20.03,2.0,18.03
S004495,2025-12-17,Lake Worth,P0196,1,23.33,0.0,23.33
S005879,2026-02-03,Oakland Park,P0184,1,16.92,0.0,16.92
S003819,2025-12-01,Oakland Park,P0028,1,22.61,0.0,22.61
S007398,2026-04-08,Dania Beach,P0205,1,34.1,0.0,34.1
S002802,2025-10-21,Oakland Park,P0276,1,10.98,0.0,10.98
S000294,2025-07-12,Dania Beach,P0041,1,11.22,0.0,11.22
S005143,2025-12-30,Dania Beach,P0140,1,17.16,0.0,17.16
S002350,2025-10-03,Oakland Park,P0125,1,30.0,0.0,30.0
S009494,2026-06-17,Dania Beach,P0080,1,3.25,2.0,1.25
S000600,2025-07-26,Oakland Park,P0156,1,33.24,0.0,33.24
S002695,2025-10-18,Oakland Park,P0222,1,25.03,0.0,25.03
S008848,2026-05-22,Lake Worth,P0084,1,8.22,0.0,8.22
S005286,2026-01-04,Dania Beach,P0099,1,32.17,0.0,32.17
S001980,2025-09-20,Lake Worth,P0258,1,20.03,0.0,20.03
S008584,2026-05-12,Dania Beach,P0297,1,17.64,0.0,17.64
S003717,2025-11-28,Dania Beach,P0257,1,21.09,0.0,21.09
S008955,2026-05-26,Dania Beach,P0231,1,16.4,0.0,16.4
S001170,2025-08-17,Oakland Park,P0255,1,34.26,0.0,34.26
S000834,2025-08-03,Oakland Park,P0110,1,16.9,0.0,16.9
S000762,2025-08-01,Oakland Park,P0283,1,41.77,0.0,41.77
S000156,2025-07-06,Dania Beach,P0175,1,10.78,0.0,10.78
S008781,2026-05-20,Dania Beach,P0250,1,26.07,0.0,26.07
S007495,2026-04-10,Dania Beach,P0047,1,11.39,0.0,11.39
S005415,2026-01-11,Dania Beach,P0098,1,12.85,0.0,12.85
S005703,2026-01-25,Dania Beach,P0028,1,22.61,0.0,22.61
S007065,2026-03-30,Lake Worth,P0201,1,37.27,0.0,37.27
S008266,2026-04-30,Oakland Park,P0058,1,6.59,0.0,6.59
S003687,2025-11-26,Dania Beach,P0091,1,10.86,0.0,10.86
S001065,2025-08-13,Oakland Park,P0258,1,20.03,0.0,20.03
S006412,2026-03-03,Oakland Park,P0248,1,14.4,0.0,14.4
S002021,2025-09-21,Dania Beach,P0232,1,35.97,0.0,35.97
S003607,2025-11-23,Oakland Park,P0251,1,16.69,0.0,16.69
S009118,2026-06-02,Lake Worth,P0293,1,17.47,0.0,17.47
S009185,2026-06-05,Dania Beach,P0005,1,12.32,0.0,12.32
S002314,2025-10-02,Dania Beach,P0258,1,20.03,0.0,20.03
S005292,2026-01-04,Lake Worth,P0183,1,39.68,0.0,39.68
S003192,2025-11-05,Oakland Park,P0034,1,17.39,0.0,17.39
S002353,2025-10-04,Oakland Park,P0169,1,28.05,0.0,28.05
S000677,2025-07-28,Dania Beach,P0247,1,11.6,5.0,6.6
S004092,2025-12-08,Oakland Park,P0068,1,18.85,0.0,18.85
S007569,2026-04-12,Dania Beach,P0136,1,34.18,0.0,34.18
S009525,2026-06-18,Oakland Park,P0162,1,9.66,0.0,9.66
S008874,2026-05-23,Dania Beach,P0112,1,9.26,0.0,9.26
S002020,2025-09-21,Lake Worth,P0181,1,38.54,0.0,38.54
S007874,2026-04-19,Oakland Park,P0209,1,38.73,0.0,38.73
S000843,2025-08-04,Dania Beach,P0250,1,26.07,0.0,26.07
S005007,2025-12-28,Dania Beach,P0232,1,35.97,0.0,35.97
S006125,2026-02-16,Dania Beach,P0220,1,18.24,0.0,18.24
S004888,2025-12-25,Oakland Park,P0265,1,19.55,0.0,19.55
S002828,2025-10-22,Oakland Park,P0134,1,13.77,0.0,13.77
S006933,2026-03-24,Oakland Park,P0033,1,13.41,0.0,13.41
S004493,2025-12-17,Lake Worth,P0258,1,20.03,2.0,18.03
S007185,2026-04-03,Lake Worth,P0225,1,30.83,0.0,30.83
S007991,2026-04-23,Oakland Park,P0196,1,23.33,2.0,21.33
S000392,2025-07-16,Oakland Park,P0095,1,15.25,0.0,15.25
S006986,2026-03-27,Dania Beach,P0258,1,20.03,0.0,20.03
S003028,2025-10-30,Lake Worth,P0236,1,32.91,0.0,32.91
S004083,2025-12-07,Lake Worth,P0008,1,23.36,0.0,23.36
S002035,2025-09-21,Dania Beach,P0028,1,22.61,0.0,22.61
S004949,2025-12-27,Dania Beach,P0180,2,14.34,0.0,28.68
S006053,2026-02-13,Dania Beach,P0060,1,16.29,0.0,16.29
S007273,2026-04-05,Dania Beach,P0034,1,17.39,0.0,17.39
S008884,2026-05-23,Lake Worth,P0106,1,14.38,0.0,14.38
S002102,2025-09-24,Dania Beach,P0209,1,38.73,0.0,38.73
S008439,2026-05-07,Lake Worth,P0175,2,10.78,0.0,21.56
S000961,2025-08-09,Oakland Park,P0248,1,14.4,0.0,14.4
S005757,2026-01-29,Dania Beach,P0045,1,31.47,0.0,31.47
S006481,2026-03-05,Dania Beach,P0251,1,16.69,0.0,16.69
S004261,2025-12-12,Lake Worth,P0017,1,13.63,0.0,13.63
S000125,2025-07-05,Oakland Park,P0236,1,32.91,0.0,32.91
S001854,2025-09-14,Oakland Park,P0050,1,16.14,2.0,14.14
S008110,2026-04-26,Lake Worth,P0231,2,16.4,0.0,32.8
S009322,2026-06-11,Dania Beach,P0138,2,18.5,0.0,37.0
S001351,2025-08-25,Dania Beach,P0102,1,16.27,0.0,16.27
S004932,2025-12-26,Dania Beach,P0258,2,20.03,0.0,40.06
S009278,2026-06-08,Dania Beach,P0245,1,30.57,0.0,30.57
S008516,2026-05-09,Dania Beach,P0120,1,23.21,0.0,23.21
S005011,2025-12-28,Oakland Park,P0235,1,21.78,0.0,21.78
S009208,2026-06-06,Oakland Park,P0028,1,22.61,0.0,22.61
S005249,2026-01-03,Dania Beach,P0258,1,20.03,0.0,20.03
S006698,2026-03-15,Oakland Park,P0175,1,10.78,0.0,10.78
S002279,2025-10-01,Dania Beach,P0006,1,18.74,0.0,18.74
S008133,2026-04-26,Lake Worth,P0288,1,39.45,5.0,34.45
S006143,2026-02-17,Lake Worth,P0009,1,10.82,0.0,10.82
S008530,2026-05-10,Oakland Park,P0094,1,15.94,0.0,15.94
S003874,2025-12-03,Dania Beach,P0113,2,15.71,0.0,31.42
S001158,2025-08-17,Lake Worth,P0099,1,32.17,0.0,32.17
S008295,2026-05-01,Oakland Park,P0298,1,10.79,0.0,10.79
S008379,2026-05-04,Dania Beach,P0138,1,18.5,0.0,18.5
S003197,2025-11-05,Dania Beach,P0209,2,38.73,0.0,77.46
S006577,2026-03-09,Dania Beach,P0123,1,32.28,0.0,32.28
S003405,2025-11-14,Dania Beach,P0104,1,23.8,0.0,23.8
S006099,2026-02-15,Dania Beach,P0147,1,40.67,0.0,40.67
S005853,2026-02-02,Dania Beach,P0272,1,18.29,0.0,18.29
S007662,2026-04-14,Oakland Park,P0039,1,18.68,0.0,18.68
S000043,2025-07-02,Dania Beach,P0189,1,8.68,0.0,8.68
S005607,2026-01-21,Dania Beach,P0054,1,38.06,0.0,38.06
S009292,2026-06-08,Oakland Park,P0263,1,24.16,2.0,22.16
S000216,2025-07-08,Dania Beach,P0232,1,35.97,0.0,35.97
S000280,2025-07-11,Lake Worth,P0120,1,23.21,0.0,23.21
S005325,2026-01-06,Oakland Park,P0229,1,15.22,0.0,15.22
S006252,2026-02-23,Dania Beach,P0181,2,38.54,0.0,77.08
S003761,2025-11-30,Dania Beach,P0120,1,23.21,0.0,23.21
S002194,2025-09-28,Dania Beach,P0277,3,12.14,0.0,36.42
S008150,2026-04-26,Dania Beach,P0229,1,15.22,0.0,15.22
S002004,2025-09-20,Dania Beach,P0155,1,33.74,0.0,33.74
S007263,2026-04-05,Lake Worth,P0225,1,30.83,0.0,30.83
S000937,2025-08-08,Lake Worth,P0095,1,15.25,5.0,10.25
S001806,2025-09-12,Dania Beach,P0123,1,32.28,0.0,32.28
S007378,2026-04-07,Dania Beach,P0031,1,23.06,0.0,23.06
S005038,2025-12-28,Lake Worth,P0133,1,31.55,0.0,31.55
S001365,2025-08-26,Dania Beach,P0209,2,38.73,0.0,77.46
S004787,2025-12-23,Dania Beach,P0045,1,31.47,0.0,31.47
S002472,2025-10-08,Oakland Park,P0143,1,33.65,0.0,33.65
S003495,2025-11-18,Oakland Park,P0209,1,38.73,0.0,38.73
S002547,2025-10-11,Dania Beach,P0086,1,19.54,0.0,19.54
S003906,2025-12-04,Oakland Park,P0250,1,26.07,0.0,26.07
S002165,2025-09-27,Lake Worth,P0228,1,12.36,0.0,12.36
S004665,2025-12-20,Oakland Park,P0158,3,15.94,0.0,47.82
S003400,2025-11-14,Dania Beach,P0103,1,23.52,0.0,23.52
S005943,2026-02-07,Oakland Park,P0116,1,38.74,2.0,36.74
S008733,2026-05-18,Lake Worth,P0193,1,15.19,0.0,15.19
S002926,2025-10-26,Dania Beach,P0258,1,20.03,0.0,20.03
S000212,2025-07-08,Dania Beach,P0258,1,20.03,0.0,20.03
S009151,2026-06-04,Dania Beach,P0250,1,26.07,0.0,26.07
S007705,2026-04-15,Oakland Park,P0220,1,18.24,0.0,18.24
S009427,2026-06-14,Dania Beach,P0238,1,9.91,2.0,7.91
S009766,2026-06-28,Oakland Park,P0181,1,38.54,0.0,38.54
S004589,2025-12-19,Dania Beach,P0286,1,17.06,5.0,12.06
S004770,2025-12-23,Dania Beach,P0042,1,16.07,0.0,16.07
S008794,2026-05-20,Oakland Park,P0008,3,23.36,0.0,70.08
S000691,2025-07-29,Dania Beach,P0105,1,41.09,0.0,41.09
S002386,2025-10-05,Oakland Park,P0091,1,10.86,0.0,10.86
S000109,2025-07-05,Dania Beach,P0252,1,18.54,0.0,18.54
S002909,2025-10-26,Oakland Park,P0241,1,10.09,0.0,10.09
S003924,2025-12-04,Lake Worth,P0157,1,8.43,0.0,8.43
S004257,2025-12-12,Lake Worth,P0290,1,44.36,0.0,44.36
S002573,2025-10-12,Dania Beach,P0145,1,18.52,0.0,18.52
S009121,2026-06-02,Oakland Park,P0229,1,15.22,0.0,15.22
S005322,2026-01-06,Oakland Park,P0006,1,18.74,0.0,18.74
S005329,2026-01-06,Dania Beach,P0104,1,23.8,0.0,23.8
S006237,2026-02-22,Dania Beach,P0293,1,17.47,0.0,17.47
S004481,2025-12-16,Dania Beach,P0286,1,17.06,0.0,17.06
S006013,2026-02-10,Oakland Park,P0117,1,13.24,0.0,13.24
S007017,2026-03-28,Oakland Park,P0042,1,16.07,0.0,16.07
S000441,2025-07-18,Dania Beach,P0264,1,39.66,0.0,39.66
S005048,2025-12-28,Oakland Park,P0233,1,22.74,2.0,20.74
S007215,2026-04-04,Dania Beach,P0003,1,11.11,0.0,11.11
S006276,2026-02-25,Lake Worth,P0245,2,30.57,0.0,61.14
S001962,2025-09-19,Oakland Park,P0100,1,34.67,0.0,34.67
S004382,2025-12-14,Dania Beach,P0079,1,38.19,2.0,36.19
S002721,2025-10-18,Oakland Park,P0258,1,20.03,0.0,20.03
S002141,2025-09-26,Oakland Park,P0125,1,30.0,0.0,30.0
S000680,2025-07-28,Lake Worth,P0195,2,23.58,2.0,43.16
S001460,2025-08-29,Lake Worth,P0133,1,31.55,0.0,31.55
S006333,2026-02-27,Oakland Park,P0134,1,13.77,0.0,13.77
S000302,2025-07-12,Dania Beach,P0174,1,17.55,0.0,17.55
S003041,2025-10-31,Oakland Park,P0149,1,20.51,0.0,20.51
S001094,2025-08-15,Oakland Park,P0250,1,26.07,0.0,26.07
S004502,2025-12-17,Oakland Park,P0258,1,20.03,0.0,20.03
S003425,2025-11-15,Dania Beach,P0129,1,7.89,0.0,7.89
S003775,2025-11-30,Dania Beach,P0074,2,23.62,0.0,47.24
S005027,2025-12-28,Dania Beach,P0137,1,34.89,0.0,34.89
S005570,2026-01-19,Dania Beach,P0258,1,20.03,0.0,20.03
S001491,2025-08-30,Oakland Park,P0258,1,20.03,2.0,18.03
S008215,2026-04-28,Lake Worth,P0245,1,30.57,0.0,30.57
S001022,2025-08-12,Oakland Park,P0097,1,11.18,0.0,11.18
S003480,2025-11-17,Dania Beach,P0014,1,41.58,0.0,41.58
S009009,2026-05-29,Dania Beach,P0193,1,15.19,0.0,15.19
S000805,2025-08-02,Dania Beach,P0253,1,12.31,0.0,12.31
S003777,2025-11-30,Dania Beach,P0250,1,26.07,0.0,26.07
S003723,2025-11-28,Dania Beach,P0258,1,20.03,2.0,18.03
S003468,2025-11-17,Dania Beach,P0056,1,36.04,0.0,36.04
S007588,2026-04-12,Dania Beach,P0258,1,20.03,0.0,20.03
S007800,2026-04-18,Oakland Park,P0258,1,20.03,0.0,20.03
S002136,2025-09-26,Dania Beach,P0028,1,22.61,2.0,20.61
S000858,2025-08-04,Oakland Park,P0036,1,4.54,0.0,4.54
S004439,2025-12-15,Dania Beach,P0258,1,20.03,0.0,20.03
S001352,2025-08-25,Dania Beach,P0077,1,38.06,0.0,38.06
S009230,2026-06-06,Dania Beach,P0258,1,20.03,0.0,20.03
S009786,2026-06-28,Lake Worth,P0258,1,20.03,0.0,20.03
S006994,2026-03-27,Lake Worth,P0180,1,14.34,0.0,14.34
S006703,2026-03-15,Dania Beach,P0068,1,18.85,0.0,18.85
S001162,2025-08-17,Dania Beach,P0232,1,35.97,0.0,35.97
S005013,2025-12-28,Lake Worth,P0091,1,10.86,0.0,10.86
S000445,2025-07-19,Lake Worth,P0123,1,32.28,0.0,32.28
S000533,2025-07-22,Dania Beach,P0250,2,26.07,2.0,48.14
S009553,2026-06-20,Dania Beach,P0028,1,22.61,0.0,22.61
S008279,2026-04-30,Dania Beach,P0028,1,22.61,0.0,22.61
S000643,2025-07-27,Oakland Park,P0075,1,16.43,0.0,16.43
S006537,2026-03-08,Oakland Park,P0018,1,11.18,5.0,6.18
S005429,2026-01-11,Dania Beach,P0009,1,10.82,0.0,10.82
S003008,2025-10-29,Oakland Park,P0153,1,24.73,0.0,24.73
S000231,2025-07-09,Dania Beach,P0284,1,19.93,0.0,19.93
S001188,2025-08-18,Dania Beach,P0077,1,38.06,0.0,38.06
S007961,2026-04-22,Dania Beach,P0141,1,18.03,0.0,18.03
S003392,2025-11-14,Dania Beach,P0116,1,38.74,0.0,38.74
S001655,2025-09-06,Lake Worth,P0116,2,38.74,0.0,77.48
S001778,2025-09-11,Oakland Park,P0028,1,22.61,0.0,22.61
S007094,2026-03-31,Dania Beach,P0233,1,22.74,2.0,20.74
S009539,2026-06-19,Oakland Park,P0293,1,17.47,0.0,17.47
S000951,2025-08-09,Dania Beach,P0269,1,19.37,0.0,19.37
S007581,2026-04-12,Dania Beach,P0058,3,6.59,0.0,19.77
S006023,2026-02-10,Oakland Park,P0296,1,10.05,0.0,10.05
S005485,2026-01-14,Dania Beach,P0147,1,40.67,0.0,40.67
S001694,2025-09-07,Oakland Park,P0102,1,16.27,0.0,16.27
S004484,2025-12-16,Lake Worth,P0264,1,39.66,0.0,39.66
S007861,2026-04-19,Dania Beach,P0045,1,31.47,0.0,31.47
S006331,2026-02-27,Dania Beach,P0229,1,15.22,0.0,15.22
S004133,2025-12-09,Oakland Park,P0071,1,14.0,0.0,14.0
S005308,2026-01-05,Dania Beach,P0158,2,15.94,0.0,31.88
S001502,2025-08-31,Dania Beach,P0084,1,8.22,0.0,8.22
S004020,2025-12-06,Oakland Park,P0057,1,31.85,0.0,31.85
S002354,2025-10-04,Oakland Park,P0091,1,10.86,0.0,10.86
S001020,2025-08-12,Lake Worth,P0056,1,36.04,0.0,36.04
S003762,2025-11-30,Dania Beach,P0277,1,12.14,0.0,12.14
S008152,2026-04-26,Dania Beach,P0123,3,32.28,0.0,96.84
S008795,2026-05-20,Dania Beach,P0229,1,15.22,0.0,15.22
S009434,2026-06-15,Oakland Park,P0176,1,38.34,0.0,38.34
S006804,2026-03-19,Dania Beach,P0031,1,23.06,0.0,23.06
S000465,2025-07-19,Dania Beach,P0209,1,38.73,0.0,38.73
S003552,2025-11-21,Dania Beach,P0233,1,22.74,0.0,22.74
S005053,2025-12-28,Lake Worth,P0120,1,23.21,0.0,23.21
S007791,2026-04-18,Dania Beach,P0279,1,5.18,5.0,0.18
S000520,2025-07-21,Dania Beach,P0069,1,21.4,0.0,21.4
S008228,2026-04-28,Lake Worth,P0275,1,12.12,0.0,12.12
S004691,2025-12-21,Oakland Park,P0124,2,14.5,0.0,29.0
S002731,2025-10-18,Dania Beach,P0259,1,34.69,0.0,34.69
S000701,2025-07-30,Oakland Park,P0069,1,21.4,0.0,21.4
S001756,2025-09-09,Oakland Park,P0296,1,10.05,0.0,10.05
S001879,2025-09-14,Dania Beach,P0005,1,12.32,2.0,10.32
S005010,2025-12-28,Oakland Park,P0153,1,24.73,5.0,19.73
S001101,2025-08-15,Lake Worth,P0042,1,16.07,0.0,16.07
S004734,2025-12-22,Dania Beach,P0288,1,39.45,2.0,37.45
S002220,2025-09-28,Dania Beach,P0227,1,22.7,2.0,20.7
S005015,2025-12-28,Dania Beach,P0100,1,34.67,0.0,34.67
S008472,2026-05-08,Lake Worth,P0271,1,13.23,0.0,13.23
S009731,2026-06-26,Lake Worth,P0120,3,23.21,0.0,69.63
S008662,2026-05-15,Oakland Park,P0010,1,26.25,0.0,26.25
S002649,2025-10-15,Dania Beach,P0128,1,25.5,5.0,20.5
S004329,2025-12-13,Lake Worth,P0229,1,15.22,2.0,13.22
S003176,2025-11-04,Lake Worth,P0028,2,22.61,0.0,45.22
S002742,2025-10-19,Dania Beach,P0147,1,40.67,0.0,40.67
S006846,2026-03-21,Oakland Park,P0229,1,15.22,0.0,15.22
S007998,2026-04-23,Oakland Park,P0237,1,18.61,0.0,18.61
S007188,2026-04-03,Dania Beach,P0008,1,23.36,0.0,23.36
S001647,2025-09-06,Lake Worth,P0123,1,32.28,0.0,32.28
S002318,2025-10-02,Lake Worth,P0042,1,16.07,0.0,16.07
S005273,2026-01-04,Dania Beach,P0258,1,20.03,0.0,20.03
S006257,2026-02-23,Oakland Park,P0122,1,15.39,0.0,15.39
S002170,2025-09-27,Dania Beach,P0177,2,14.51,0.0,29.02
S006590,2026-03-10,Oakland Park,P0022,1,7.3,0.0,7.3
S004594,2025-12-19,Dania Beach,P0056,1,36.04,0.0,36.04
S003680,2025-11-26,Dania Beach,P0196,1,23.33,0.0,23.33
S008902,2026-05-24,Dania Beach,P0227,1,22.7,2.0,20.7
S007894,2026-04-20,Oakland Park,P0075,1,16.43,0.0,16.43
S000431,2025-07-18,Oakland Park,P0118,1,26.15,0.0,26.15
S006010,2026-02-10,Dania Beach,P0258,1,20.03,0.0,20.03
S004339,2025-12-13,Dania Beach,P0129,1,7.89,2.0,5.89
S008452,2026-05-07,Lake Worth,P0028,1,22.61,0.0,22.61
S008311,2026-05-02,Lake Worth,P0128,1,25.5,0.0,25.5
S003175,2025-11-04,Lake Worth,P0004,1,33.33,0.0,33.33
S001644,2025-09-06,Oakland Park,P0258,1,20.03,0.0,20.03
S000754,2025-07-31,Oakland Park,P0184,1,16.92,0.0,16.92
S009812,2026-06-29,Lake Worth,P0177,1,14.51,0.0,14.51
S009310,2026-06-10,Dania Beach,P0047,1,11.39,2.0,9.39
S009626,2026-06-22,Oakland Park,P0294,1,30.88,0.0,30.88
S003935,2025-12-04,Lake Worth,P0042,1,16.07,0.0,16.07
S002743,2025-10-19,Dania Beach,P0223,1,16.45,0.0,16.45
S003948,2025-12-05,Dania Beach,P0258,1,20.03,0.0,20.03
S008377,2026-05-04,Lake Worth,P0028,1,22.61,0.0,22.61
S003616,2025-11-23,Lake Worth,P0112,1,9.26,0.0,9.26
S002204,2025-09-28,Dania Beach,P0138,1,18.5,5.0,13.5
S005092,2025-12-29,Dania Beach,P0258,1,20.03,0.0,20.03
S004621,2025-12-20,Dania Beach,P0024,2,12.01,0.0,24.02
S000888,2025-08-06,Oakland Park,P0250,1,26.07,0.0,26.07
S007333,2026-04-06,Dania Beach,P0044,1,16.95,0.0,16.95
S004172,2025-12-10,Dania Beach,P0153,1,24.73,0.0,24.73
S003292,2025-11-09,Oakland Park,P0215,1,5.21,0.0,5.21
S004250,2025-12-12,Lake Worth,P0229,1,15.22,0.0,15.22
S002602,2025-10-13,Oakland Park,P0248,1,14.4,0.0,14.4
S007872,2026-04-19,Oakland Park,P0058,1,6.59,0.0,6.59
S001071,2025-08-14,Lake Worth,P0258,1,20.03,0.0,20.03
S000959,2025-08-09,Lake Worth,P0261,1,13.52,0.0,13.52
S006625,2026-03-11,Dania Beach,P0058,1,6.59,0.0,6.59
S004667,2025-12-21,Lake Worth,P0087,1,10.56,0.0,10.56
S001825,2025-09-12,Oakland Park,P0023,1,36.9,0.0,36.9
S007357,2026-04-07,Oakland Park,P0174,1,17.55,0.0,17.55
S006601,2026-03-10,Dania Beach,P0085,1,28.45,0.0,28.45
S003522,2025-11-20,Oakland Park,P0258,1,20.03,0.0,20.03
S007566,2026-04-12,Lake Worth,P0087,1,10.56,0.0,10.56
S002460,2025-10-07,Dania Beach,P0027,1,16.28,0.0,16.28
S004468,2025-12-16,Lake Worth,P0263,2,24.16,0.0,48.32
S007132,2026-04-01,Lake Worth,P0123,1,32.28,0.0,32.28
S004738,2025-12-22,Dania Beach,P0036,1,4.54,2.0,2.54
S009040,2026-05-30,Oakland Park,P0021,2,20.19,0.0,40.38
S003507,2025-11-19,Lake Worth,P0145,1,18.52,0.0,18.52
S003232,2025-11-07,Oakland Park,P0267,1,35.08,5.0,30.08
S004320,2025-12-13,Dania Beach,P0258,1,20.03,5.0,15.03
S007879,2026-04-19,Lake Worth,P0251,1,16.69,0.0,16.69
S000140,2025-07-06,Oakland Park,P0244,3,7.54,0.0,22.62
S000147,2025-07-06,Oakland Park,P0181,1,38.54,0.0,38.54
S000801,2025-08-02,Lake Worth,P0014,1,41.58,0.0,41.58
S009747,2026-06-27,Dania Beach,P0075,1,16.43,0.0,16.43
S000020,2025-07-02,Dania Beach,P0002,1,33.09,0.0,33.09
S004869,2025-12-25,Dania Beach,P0258,2,20.03,0.0,40.06
S007498,2026-04-10,Dania Beach,P0028,1,22.61,0.0,22.61
S003604,2025-11-23,Lake Worth,P0116,1,38.74,0.0,38.74
S004416,2025-12-15,Dania Beach,P0253,1,12.31,0.0,12.31
S008625,2026-05-14,Oakland Park,P0209,1,38.73,0.0,38.73
S001226,2025-08-20,Lake Worth,P0242,1,16.38,0.0,16.38
S009719,2026-06-26,Dania Beach,P0190,1,31.63,0.0,31.63
S000631,2025-07-26,Dania Beach,P0185,1,20.14,0.0,20.14
S007246,2026-04-04,Dania Beach,P0054,1,38.06,0.0,38.06
S001612,2025-09-04,Lake Worth,P0134,1,13.77,0.0,13.77
S004849,2025-12-24,Oakland Park,P0209,1,38.73,2.0,36.73
S005605,2026-01-21,Dania Beach,P0127,1,26.3,0.0,26.3
S007641,2026-04-14,Oakland Park,P0087,1,10.56,0.0,10.56
S003537,2025-11-20,Dania Beach,P0188,1,14.19,2.0,12.19
S002804,2025-10-21,Dania Beach,P0138,1,18.5,0.0,18.5
S008151,2026-04-26,Dania Beach,P0112,1,9.26,0.0,9.26
S007287,2026-04-05,Oakland Park,P0137,1,34.89,0.0,34.89
S004776,2025-12-23,Oakland Park,P0264,2,39.66,0.0,79.32
S000129,2025-07-05,Dania Beach,P0258,1,20.03,0.0,20.03
S004296,2025-12-13,Dania Beach,P0028,1,22.61,0.0,22.61
S004995,2025-12-27,Oakland Park,P0250,1,26.07,0.0,26.07
S008477,2026-05-08,Dania Beach,P0298,1,10.79,0.0,10.79
S000496,2025-07-20,Dania Beach,P0258,1,20.03,5.0,15.03
S002959,2025-10-27,Dania Beach,P0020,1,24.25,0.0,24.25
S006061,2026-02-13,Oakland Park,P0229,2,15.22,0.0,30.44
S002995,2025-10-29,Lake Worth,P0250,1,26.07,0.0,26.07
S000808,2025-08-02,Dania Beach,P0122,1,15.39,0.0,15.39
S003125,2025-11-02,Lake Worth,P0229,1,15.22,0.0,15.22
S003121,2025-11-02,Dania Beach,P0264,1,39.66,0.0,39.66
S002990,2025-10-29,Oakland Park,P0294,2,30.88,0.0,61.76
S007250,2026-04-04,Lake Worth,P0123,1,32.28,0.0,32.28
S008142,2026-04-26,Lake Worth,P0178,1,35.29,0.0,35.29
S001392,2025-08-27,Oakland Park,P0069,1,21.4,0.0,21.4
S004963,2025-12-27,Oakland Park,P0225,2,30.83,0.0,61.66
S006657,2026-03-13,Oakland Park,P0226,2,19.09,0.0,38.18
S003877,2025-12-03,Dania Beach,P0250,1,26.07,0.0,26.07
S003033,2025-10-31,Dania Beach,P0229,1,15.22,0.0,15.22
S001420,2025-08-28,Oakland Park,P0298,1,10.79,2.0,8.79
S002792,2025-10-20,Oakland Park,P0248,1,14.4,0.0,14.4
S000812,2025-08-03,Oakland Park,P0181,1,38.54,0.0,38.54
S009423,2026-06-14,Dania Beach,P0113,1,15.71,0.0,15.71
S009700,2026-06-25,Dania Beach,P0233,1,22.74,5.0,17.74
S009001,2026-05-29,Lake Worth,P0104,1,23.8,0.0,23.8
S001368,2025-08-26,Dania Beach,P0028,1,22.61,0.0,22.61
S008007,2026-04-23,Lake Worth,P0090,1,39.67,0.0,39.67
S006440,2026-03-04,Oakland Park,P0281,1,17.35,0.0,17.35
S008022,2026-04-24,Oakland Park,P0242,2,16.38,2.0,28.76
S004681,2025-12-21,Dania Beach,P0258,2,20.03,0.0,40.06
S006261,2026-02-23,Oakland Park,P0225,2,30.83,0.0,61.66
S009703,2026-06-25,Dania Beach,P0125,1,30.0,0.0,30.0
S006085,2026-02-14,Dania Beach,P0138,1,18.5,0.0,18.5
S002993,2025-10-29,Dania Beach,P0099,2,32.17,0.0,64.34
S006546,2026-03-08,Lake Worth,P0100,1,34.67,0.0,34.67
S007759,2026-04-17,Dania Beach,P0025,1,37.2,0.0,37.2
S004867,2025-12-25,Dania Beach,P0109,1,19.26,0.0,19.26
S009014,2026-05-29,Dania Beach,P0004,1,33.33,0.0,33.33
S005252,2026-01-03,Dania Beach,P0246,1,14.88,0.0,14.88
S007610,2026-04-13,Dania Beach,P0250,1,26.07,0.0,26.07
S009211,2026-06-06,Dania Beach,P0141,1,18.03,0.0,18.03
S003521,2025-11-19,Oakland Park,P0050,1,16.14,0.0,16.14
S008943,2026-05-26,Dania Beach,P0069,1,21.4,0.0,21.4
S001584,2025-09-03,Dania Beach,P0046,1,16.17,0.0,16.17
S004934,2025-12-26,Dania Beach,P0024,1,12.01,0.0,12.01
S003553,2025-11-21,Dania Beach,P0141,1,18.03,0.0,18.03
S007584,2026-04-12,Dania Beach,P0127,1,26.3,2.0,24.3
S004496,2025-12-17,Lake Worth,P0233,1,22.74,0.0,22.74
S008181,2026-04-27,Lake Worth,P0162,1,9.66,0.0,9.66
S009130,2026-06-02,Dania Beach,P0040,1,30.27,0.0,30.27
S008606,2026-05-13,Oakland Park,P0143,1,33.65,5.0,28.65
S006429,2026-03-03,Lake Worth,P0138,1,18.5,0.0,18.5
S004576,2025-12-19,Dania Beach,P0174,1,17.55,0.0,17.55
S002727,2025-10-18,Oakland Park,P0234,1,39.24,2.0,37.24
S007079,2026-03-30,Dania Beach,P0122,1,15.39,0.0,15.39
S005067,2025-12-28,Dania Beach,P0233,1,22.74,0.0,22.74
S003851,2025-12-02,Oakland Park,P0100,1,34.67,0.0,34.67
S001643,2025-09-06,Lake Worth,P0112,1,9.26,0.0,9.26
S008501,2026-05-09,Oakland Park,P0170,1,12.29,0.0,12.29
S000477,2025-07-20,Dania Beach,P0141,1,18.03,0.0,18.03
S003609,2025-11-23,Lake Worth,P0091,1,10.86,0.0,10.86
S000969,2025-08-10,Oakland Park,P0123,1,32.28,0.0,32.28
S001298,2025-08-23,Dania Beach,P0258,3,20.03,0.0,60.09
S003309,2025-11-10,Dania Beach,P0236,1,32.91,2.0,30.91
S005770,2026-01-30,Oakland Park,P0260,1,16.34,0.0,16.34
S007761,2026-04-17,Dania Beach,P0264,1,39.66,0.0,39.66
S008201,2026-04-28,Lake Worth,P0229,1,15.22,0.0,15.22
S008282,2026-04-30,Dania Beach,P0010,1,26.25,0.0,26.25
S005222,2026-01-01,Oakland Park,P0141,1,18.03,0.0,18.03
S002889,2025-10-25,Dania Beach,P0183,2,39.68,0.0,79.36
S006911,2026-03-23,Lake Worth,P0090,1,39.67,2.0,37.67
S002999,2025-10-29,Oakland Park,P0050,1,16.14,0.0,16.14
S006785,2026-03-18,Oakland Park,P0133,1,31.55,0.0,31.55
S006792,2026-03-19,Oakland Park,P0028,1,22.61,0.0,22.61
S003042,2025-10-31,Oakland Park,P0279,1,5.18,2.0,3.18
S006345,2026-02-28,Lake Worth,P0262,1,32.15,0.0,32.15
S005317,2026-01-05,Dania Beach,P0286,1,17.06,0.0,17.06
S005307,2026-01-05,Dania Beach,P0298,1,10.79,2.0,8.79
S005226,2026-01-01,Dania Beach,P0141,1,18.03,0.0,18.03
S003455,2025-11-16,Lake Worth,P0229,1,15.22,0.0,15.22
S009646,2026-06-23,Oakland Park,P0123,1,32.28,0.0,32.28
S009047,2026-05-30,Dania Beach,P0173,1,28.8,0.0,28.8
S006819,2026-03-20,Dania Beach,P0153,1,24.73,0.0,24.73
S006193,2026-02-20,Dania Beach,P0071,1,14.0,0.0,14.0
S007580,2026-04-12,Lake Worth,P0147,1,40.67,0.0,40.67
S007976,2026-04-22,Dania Beach,P0240,1,29.77,0.0,29.77
S005673,2026-01-24,Dania Beach,P0022,1,7.3,0.0,7.3
S007193,2026-04-03,Oakland Park,P0207,1,8.62,0.0,8.62
S008531,2026-05-10,Dania Beach,P0141,1,18.03,0.0,18.03
S005941,2026-02-07,Dania Beach,P0112,1,9.26,2.0,7.26
S001087,2025-08-14,Lake Worth,P0022,1,7.3,0.0,7.3
S001052,2025-08-13,Oakland Park,P0120,1,23.21,2.0,21.21
S007740,2026-04-16,Dania Beach,P0112,1,9.26,0.0,9.26
S000899,2025-08-06,Dania Beach,P0258,1,20.03,0.0,20.03
S001292,2025-08-23,Dania Beach,P0182,1,25.07,0.0,25.07
S008343,2026-05-03,Oakland Park,P0123,1,32.28,5.0,27.28
S007554,2026-04-12,Dania Beach,P0121,1,26.48,0.0,26.48
S002654,2025-10-16,Dania Beach,P0037,1,16.2,0.0,16.2
S006894,2026-03-22,Dania Beach,P0258,1,20.03,0.0,20.03
S006421,2026-03-03,Oakland Park,P0131,1,10.61,5.0,5.61
S005737,2026-01-27,Oakland Park,P0063,1,32.31,0.0,32.31
S009304,2026-06-09,Dania Beach,P0162,1,9.66,0.0,9.66
S002387,2025-10-05,Dania Beach,P0258,1,20.03,0.0,20.03
S000894,2025-08-06,Dania Beach,P0231,1,16.4,0.0,16.4
S007647,2026-04-14,Dania Beach,P0102,1,16.27,0.0,16.27
S001870,2025-09-14,Oakland Park,P0268,1,28.7,0.0,28.7
S001595,2025-09-03,Dania Beach,P0229,1,15.22,0.0,15.22
S007178,2026-04-03,Dania Beach,P0238,1,9.91,0.0,9.91
S004559,2025-12-18,Oakland Park,P0023,3,36.9,0.0,110.7
S004988,2025-12-27,Oakland Park,P0209,1,38.73,0.0,38.73
S003332,2025-11-11,Oakland Park,P0099,1,32.17,0.0,32.17
S006760,2026-03-17,Oakland Park,P0250,1,26.07,0.0,26.07
S007021,2026-03-28,Oakland Park,P0099,1,32.17,0.0,32.17
S004584,2025-12-19,Oakland Park,P0225,1,30.83,0.0,30.83
S009206,2026-06-06,Dania Beach,P0225,1,30.83,0.0,30.83
S007140,2026-04-01,Dania Beach,P0099,1,32.17,0.0,32.17
S001050,2025-08-13,Lake Worth,P0123,2,32.28,0.0,64.56
S000288,2025-07-12,Lake Worth,P0035,1,25.13,0.0,25.13
S005894,2026-02-04,Oakland Park,P0041,1,11.22,0.0,11.22
S001102,2025-08-15,Oakland Park,P0145,2,18.52,0.0,37.04
S006220,2026-02-21,Dania Beach,P0152,1,10.83,0.0,10.83
S004644,2025-12-20,Dania Beach,P0024,2,12.01,0.0,24.02
S005511,2026-01-16,Lake Worth,P0253,2,12.31,0.0,24.62
S002829,2025-10-22,Oakland Park,P0221,1,26.83,0.0,26.83
S003439,2025-11-16,Dania Beach,P0060,1,16.29,0.0,16.29
S002798,2025-10-21,Lake Worth,P0189,1,8.68,0.0,8.68
S009612,2026-06-21,Oakland Park,P0165,1,17.48,0.0,17.48
S003526,2025-11-20,Dania Beach,P0281,1,17.35,0.0,17.35
S002149,2025-09-26,Dania Beach,P0216,1,14.8,0.0,14.8
S002113,2025-09-25,Dania Beach,P0045,1,31.47,0.0,31.47
S007865,2026-04-19,Dania Beach,P0258,1,20.03,0.0,20.03
S008520,2026-05-10,Oakland Park,P0120,1,23.21,0.0,23.21
S008143,2026-04-26,Lake Worth,P0181,1,38.54,0.0,38.54
S007241,2026-04-04,Lake Worth,P0196,1,23.33,0.0,23.33
S001066,2025-08-13,Dania Beach,P0258,1,20.03,0.0,20.03
S005788,2026-01-31,Lake Worth,P0124,1,14.5,0.0,14.5
S002711,2025-10-18,Lake Worth,P0141,1,18.03,0.0,18.03
S004902,2025-12-26,Dania Beach,P0042,2,16.07,0.0,32.14
S008804,2026-05-21,Oakland Park,P0281,1,17.35,0.0,17.35
S004555,2025-12-18,Dania Beach,P0250,2,26.07,0.0,52.14
S007752,2026-04-17,Oakland Park,P0250,1,26.07,2.0,24.07
S004604,2025-12-19,Dania Beach,P0205,1,34.1,0.0,34.1
S006669,2026-03-14,Dania Beach,P0001,1,37.04,0.0,37.04
S003913,2025-12-04,Lake Worth,P0028,1,22.61,0.0,22.61
S007880,2026-04-20,Dania Beach,P0023,1,36.9,0.0,36.9
S001212,2025-08-20,Lake Worth,P0181,1,38.54,0.0,38.54
S004587,2025-12-19,Lake Worth,P0239,2,7.76,0.0,15.52
S007532,2026-04-11,Lake Worth,P0225,1,30.83,0.0,30.83
S009291,2026-06-08,Oakland Park,P0231,1,16.4,0.0,16.4
S002063,2025-09-22,Oakland Park,P0273,1,11.49,0.0,11.49
S005776,2026-01-30,Lake Worth,P0108,1,11.87,0.0,11.87
S001342,2025-08-25,Dania Beach,P0092,1,34.43,0.0,34.43
S000094,2025-07-04,Dania Beach,P0258,1,20.03,2.0,18.03
S003085,2025-11-01,Dania Beach,P0173,3,28.8,0.0,86.4
S005805,2026-01-31,Lake Worth,P0281,1,17.35,0.0,17.35
S008522,2026-05-10,Dania Beach,P0232,1,35.97,0.0,35.97
S005736,2026-01-27,Dania Beach,P0145,1,18.52,0.0,18.52
S009577,2026-06-20,Oakland Park,P0246,1,14.88,2.0,12.88
S000735,2025-07-31,Dania Beach,P0168,1,9.03,0.0,9.03
S006106,2026-02-15,Dania Beach,P0258,1,20.03,0.0,20.03
S006458,2026-03-04,Oakland Park,P0028,1,22.61,0.0,22.61
S003663,2025-11-25,Lake Worth,P0194,1,31.47,2.0,29.47
S009338,2026-06-11,Oakland Park,P0117,1,13.24,0.0,13.24
S002661,2025-10-16,Oakland Park,P0028,1,22.61,0.0,22.61
S002681,2025-10-17,Dania Beach,P0258,1,20.03,0.0,20.03
S005772,2026-01-30,Lake Worth,P0250,1,26.07,0.0,26.07
S006718,2026-03-15,Dania Beach,P0145,1,18.52,0.0,18.52
S005490,2026-01-15,Oakland Park,P0120,1,23.21,0.0,23.21
S000134,2025-07-06,Oakland Park,P0240,1,29.77,0.0,29.77
S002115,2025-09-25,Dania Beach,P0150,3,8.12,0.0,24.36
S008784,2026-05-20,Oakland Park,P0219,1,19.95,0.0,19.95
S009147,2026-06-03,Oakland Park,P0219,1,19.95,0.0,19.95
S004451,2025-12-15,Dania Beach,P0069,1,21.4,0.0,21.4
S005153,2025-12-30,Lake Worth,P0236,1,32.91,0.0,32.91
S004846,2025-12-24,Oakland Park,P0099,1,32.17,0.0,32.17
S007515,2026-04-11,Dania Beach,P0054,1,38.06,0.0,38.06
S007469,2026-04-10,Oakland Park,P0095,1,15.25,0.0,15.25
S008603,2026-05-13,Dania Beach,P0205,1,34.1,0.0,34.1
S004844,2025-12-24,Lake Worth,P0220,1,18.24,0.0,18.24
S002823,2025-10-22,Dania Beach,P0141,1,18.03,0.0,18.03
S002532,2025-10-11,Oakland Park,P0222,1,25.03,0.0,25.03
S002559,2025-10-12,Oakland Park,P0258,1,20.03,0.0,20.03
S000807,2025-08-02,Dania Beach,P0098,1,12.85,0.0,12.85
S000029,2025-07-02,Dania Beach,P0123,1,32.28,0.0,32.28
S009432,2026-06-15,Dania Beach,P0042,1,16.07,0.0,16.07
S003792,2025-12-01,Dania Beach,P0288,1,39.45,0.0,39.45
S003387,2025-11-14,Oakland Park,P0258,1,20.03,0.0,20.03
S008646,2026-05-15,Dania Beach,P0101,1,40.29,0.0,40.29
S000251,2025-07-10,Oakland Park,P0123,1,32.28,0.0,32.28
S006022,2026-02-10,Oakland Park,P0250,1,26.07,0.0,26.07
S006567,2026-03-08,Oakland Park,P0147,3,40.67,0.0,122.01
S003012,2025-10-29,Lake Worth,P0153,1,24.73,0.0,24.73
S002928,2025-10-26,Dania Beach,P0045,1,31.47,0.0,31.47
S002179,2025-09-27,Lake Worth,P0254,1,15.72,2.0,13.72
S002844,2025-10-23,Oakland Park,P0205,1,34.1,0.0,34.1
S007042,2026-03-29,Dania Beach,P0028,1,22.61,2.0,20.61
S004538,2025-12-18,Lake Worth,P0253,2,12.31,0.0,24.62
S006542,2026-03-08,Dania Beach,P0179,1,10.96,0.0,10.96
S009416,2026-06-14,Dania Beach,P0270,2,13.93,0.0,27.86
S003979,2025-12-05,Oakland Park,P0096,1,17.3,0.0,17.3
S003565,2025-11-21,Oakland Park,P0003,1,11.11,0.0,11.11
S001856,2025-09-14,Dania Beach,P0085,1,28.45,0.0,28.45
S000201,2025-07-07,Lake Worth,P0182,1,25.07,0.0,25.07
S006509,2026-03-07,Dania Beach,P0075,1,16.43,0.0,16.43
S005871,2026-02-03,Oakland Park,P0042,1,16.07,0.0,16.07
S004814,2025-12-24,Oakland Park,P0258,1,20.03,0.0,20.03
S005952,2026-02-07,Oakland Park,P0058,1,6.59,0.0,6.59
S007715,2026-04-15,Oakland Park,P0176,1,38.34,2.0,36.34
S002632,2025-10-14,Oakland Park,P0233,2,22.74,0.0,45.48
S000687,2025-07-29,Oakland Park,P0138,1,18.5,0.0,18.5
S001855,2025-09-14,Oakland Park,P0148,1,17.71,0.0,17.71
S008195,2026-04-27,Dania Beach,P0100,1,34.67,0.0,34.67
S002419,2025-10-05,Oakland Park,P0209,2,38.73,5.0,67.46
S007870,2026-04-19,Dania Beach,P0122,1,15.39,0.0,15.39
S004299,2025-12-13,Dania Beach,P0129,1,7.89,5.0,2.89
S000318,2025-07-13,Dania Beach,P0028,1,22.61,2.0,20.61
S002977,2025-10-28,Lake Worth,P0157,2,8.43,0.0,16.86
S006339,2026-02-27,Dania Beach,P0141,3,18.03,0.0,54.09
S003243,2025-11-08,Oakland Park,P0058,1,6.59,0.0,6.59
S009378,2026-06-13,Oakland Park,P0250,1,26.07,2.0,24.07
S004786,2025-12-23,Lake Worth,P0031,1,23.06,0.0,23.06
S008363,2026-05-04,Lake Worth,P0186,1,8.27,0.0,8.27
S009716,2026-06-26,Dania Beach,P0269,1,19.37,2.0,17.37
S007390,2026-04-08,Oakland Park,P0080,1,3.25,0.0,3.25
S005379,2026-01-09,Oakland Park,P0225,1,30.83,0.0,30.83
S008740,2026-05-18,Lake Worth,P0068,1,18.85,0.0,18.85
S000058,2025-07-03,Dania Beach,P0258,2,20.03,5.0,30.06
S006124,2026-02-16,Dania Beach,P0267,1,35.08,0.0,35.08
S003143,2025-11-03,Oakland Park,P0077,2,38.06,0.0,76.12
S005392,2026-01-09,Oakland Park,P0122,2,15.39,5.0,20.78
S001434,2025-08-28,Lake Worth,P0011,1,31.32,0.0,31.32
S002312,2025-10-02,Oakland Park,P0258,1,20.03,0.0,20.03
S004129,2025-12-09,Oakland Park,P0097,1,11.18,0.0,11.18
S004256,2025-12-12,Oakland Park,P0197,1,24.23,0.0,24.23
S007300,2026-04-05,Dania Beach,P0102,1,16.27,0.0,16.27
S007411,2026-04-08,Oakland Park,P0156,1,33.24,5.0,28.24
S000295,2025-07-12,Oakland Park,P0149,1,20.51,0.0,20.51
S008432,2026-05-07,Dania Beach,P0145,1,18.52,0.0,18.52
S008098,2026-04-25,Oakland Park,P0281,1,17.35,0.0,17.35
S006906,2026-03-23,Oakland Park,P0095,1,15.25,0.0,15.25
S007000,2026-03-28,Lake Worth,P0229,1,15.22,2.0,13.22
S003765,2025-11-30,Oakland Park,P0082,1,11.34,0.0,11.34
S006811,2026-03-19,Oakland Park,P0181,1,38.54,0.0,38.54
S005407,2026-01-10,Dania Beach,P0141,1,18.03,0.0,18.03
S000647,2025-07-27,Oakland Park,P0013,1,19.04,0.0,19.04
S003753,2025-11-29,Lake Worth,P0286,1,17.06,0.0,17.06
S009693,2026-06-25,Oakland Park,P0120,1,23.21,0.0,23.21
S006787,2026-03-18,Dania Beach,P0278,1,27.49,0.0,27.49
S009387,2026-06-13,Dania Beach,P0258,1,20.03,0.0,20.03
S006104,2026-02-15,Oakland Park,P0099,1,32.17,0.0,32.17
S002161,2025-09-27,Dania Beach,P0120,1,23.21,0.0,23.21
S001784,2025-09-11,Oakland Park,P0124,1,14.5,2.0,12.5
S006952,2026-03-25,Dania Beach,P0123,1,32.28,0.0,32.28
S003340,2025-11-12,Dania Beach,P0145,1,18.52,0.0,18.52
S006835,2026-03-20,Oakland Park,P0286,1,17.06,2.0,15.06
S005463,2026-01-13,Oakland Park,P0199,1,11.97,0.0,11.97
S003625,2025-11-24,Lake Worth,P0001,1,37.04,0.0,37.04
S006380,2026-03-01,Lake Worth,P0050,1,16.14,0.0,16.14
S003210,2025-11-06,Dania Beach,P0258,1,20.03,2.0,18.03
S000911,2025-08-07,Dania Beach,P0207,1,8.62,0.0,8.62
S003087,2025-11-01,Oakland Park,P0258,1,20.03,0.0,20.03
S006904,2026-03-23,Oakland Park,P0126,1,18.39,5.0,13.39
S009469,2026-06-16,Oakland Park,P0296,1,10.05,0.0,10.05
S009370,2026-06-13,Lake Worth,P0276,1,10.98,0.0,10.98
S006752,2026-03-17,Dania Beach,P0233,1,22.74,0.0,22.74
S005560,2026-01-18,Dania Beach,P0141,1,18.03,2.0,16.03
S007249,2026-04-04,Lake Worth,P0218,1,12.89,0.0,12.89
S002849,2025-10-23,Lake Worth,P0167,2,11.11,0.0,22.22
S006163,2026-02-19,Lake Worth,P0058,1,6.59,0.0,6.59
S005743,2026-01-28,Dania Beach,P0258,1,20.03,2.0,18.03
S003544,2025-11-21,Dania Beach,P0258,1,20.03,0.0,20.03
S000604,2025-07-26,Oakland Park,P0115,1,35.88,0.0,35.88
S001929,2025-09-17,Dania Beach,P0100,3,34.67,0.0,104.01
S007626,2026-04-13,Lake Worth,P0298,1,10.79,0.0,10.79
S009826,2026-06-30,Lake Worth,P0258,1,20.03,0.0,20.03
S003791,2025-12-01,Dania Beach,P0113,1,15.71,0.0,15.71
S005881,2026-02-03,Dania Beach,P0125,2,30.0,0.0,60.0
S008169,2026-04-27,Lake Worth,P0277,1,12.14,0.0,12.14
S007745,2026-04-16,Dania Beach,P0294,3,30.88,0.0,92.64
S004197,2025-12-10,Oakland Park,P0239,1,7.76,0.0,7.76
S001883,2025-09-15,Dania Beach,P0099,1,32.17,2.0,30.17
S004236,2025-12-11,Dania Beach,P0120,1,23.21,0.0,23.21
S008073,2026-04-25,Oakland Park,P0136,1,34.18,0.0,34.18
S002192,2025-09-28,Lake Worth,P0293,1,17.47,0.0,17.47
S007517,2026-04-11,Dania Beach,P0258,1,20.03,0.0,20.03
S003933,2025-12-04,Lake Worth,P0126,2,18.39,0.0,36.78
S005270,2026-01-03,Oakland Park,P0004,1,33.33,0.0,33.33
S009199,2026-06-06,Dania Beach,P0258,1,20.03,0.0,20.03
S003991,2025-12-06,Dania Beach,P0258,1,20.03,0.0,20.03
S006292,2026-02-26,Lake Worth,P0215,1,5.21,0.0,5.21
S006728,2026-03-16,Oakland Park,P0145,1,18.52,2.0,16.52
S008115,2026-04-26,Lake Worth,P0137,1,34.89,0.0,34.89
S008058,2026-04-25,Oakland Park,P0250,1,26.07,0.0,26.07
S001955,2025-09-18,Dania Beach,P0006,1,18.74,0.0,18.74
S002281,2025-10-01,Dania Beach,P0028,1,22.61,2.0,20.61
S008313,2026-05-02,Dania Beach,P0059,1,27.7,0.0,27.7
S002887,2025-10-25,Oakland Park,P0199,1,11.97,0.0,11.97
S005755,2026-01-29,Lake Worth,P0275,1,12.12,0.0,12.12
S007493,2026-04-10,Dania Beach,P0028,1,22.61,0.0,22.61
S001771,2025-09-10,Lake Worth,P0068,1,18.85,2.0,16.85
S006569,2026-03-09,Dania Beach,P0008,1,23.36,2.0,21.36
S005472,2026-01-14,Dania Beach,P0253,1,12.31,5.0,7.31
S004393,2025-12-14,Dania Beach,P0229,1,15.22,0.0,15.22
S003927,2025-12-04,Oakland Park,P0224,1,28.47,2.0,26.47
S001708,2025-09-07,Lake Worth,P0026,1,24.77,0.0,24.77
S003841,2025-12-02,Lake Worth,P0181,1,38.54,2.0,36.54
S006287,2026-02-25,Dania Beach,P0258,1,20.03,0.0,20.03
S006470,2026-03-05,Dania Beach,P0134,1,13.77,0.0,13.77
S005212,2025-12-31,Oakland Park,P0009,1,10.82,0.0,10.82
S008401,2026-05-05,Dania Beach,P0113,2,15.71,0.0,31.42
S003375,2025-11-13,Dania Beach,P0092,2,34.43,0.0,68.86
S009575,2026-06-20,Oakland Park,P0155,1,33.74,0.0,33.74
S001964,2025-09-19,Oakland Park,P0285,1,24.04,0.0,24.04
S002218,2025-09-28,Dania Beach,P0197,1,24.23,0.0,24.23
S000509,2025-07-21,Dania Beach,P0173,1,28.8,0.0,28.8
S003662,2025-11-25,Dania Beach,P0211,1,28.43,5.0,23.43
S002899,2025-10-25,Lake Worth,P0050,1,16.14,0.0,16.14
S001223,2025-08-20,Oakland Park,P0255,1,34.26,0.0,34.26
S002261,2025-09-30,Dania Beach,P0016,1,9.61,0.0,9.61
S007631,2026-04-13,Dania Beach,P0263,1,24.16,0.0,24.16
S005651,2026-01-23,Oakland Park,P0138,1,18.5,0.0,18.5
S003186,2025-11-05,Oakland Park,P0180,1,14.34,0.0,14.34
S005951,2026-02-07,Dania Beach,P0258,3,20.03,0.0,60.09
S005418,2026-01-11,Dania Beach,P0182,1,25.07,0.0,25.07
S006467,2026-03-05,Dania Beach,P0102,1,16.27,0.0,16.27
S000208,2025-07-08,Lake Worth,P0271,1,13.23,0.0,13.23
S004774,2025-12-23,Oakland Park,P0265,1,19.55,0.0,19.55
S006949,2026-03-25,Dania Beach,P0057,1,31.85,0.0,31.85
S001017,2025-08-11,Oakland Park,P0227,1,22.7,0.0,22.7
S007364,2026-04-07,Lake Worth,P0103,1,23.52,0.0,23.52
S007815,2026-04-18,Lake Worth,P0279,1,5.18,0.0,5.18
S000175,2025-07-06,Oakland Park,P0138,1,18.5,2.0,16.5
S003165,2025-11-04,Dania Beach,P0146,1,36.76,2.0,34.76
S009479,2026-06-16,Lake Worth,P0251,1,16.69,0.0,16.69
S005140,2025-12-30,Dania Beach,P0004,1,33.33,0.0,33.33
S001769,2025-09-10,Dania Beach,P0176,1,38.34,0.0,38.34
S006114,2026-02-15,Dania Beach,P0063,1,32.31,0.0,32.31
S006799,2026-03-19,Dania Beach,P0258,1,20.03,0.0,20.03
S007373,2026-04-07,Dania Beach,P0091,1,10.86,0.0,10.86
S007915,2026-04-21,Dania Beach,P0079,1,38.19,0.0,38.19
S006875,2026-03-22,Dania Beach,P0123,2,32.28,0.0,64.56
S005390,2026-01-09,Dania Beach,P0181,2,38.54,0.0,77.08
S003535,2025-11-20,Dania Beach,P0225,1,30.83,0.0,30.83
S000552,2025-07-24,Dania Beach,P0016,1,9.61,0.0,9.61
S001331,2025-08-24,Oakland Park,P0272,1,18.29,0.0,18.29
S009642,2026-06-22,Dania Beach,P0253,1,12.31,0.0,12.31
S007293,2026-04-05,Oakland Park,P0250,1,26.07,0.0,26.07
S006833,2026-03-20,Dania Beach,P0258,1,20.03,2.0,18.03
S007739,2026-04-16,Dania Beach,P0107,3,35.69,2.0,101.07
S000038,2025-07-02,Dania Beach,P0068,1,18.85,0.0,18.85
S000767,2025-08-01,Dania Beach,P0104,1,23.8,0.0,23.8
S004119,2025-12-09,Dania Beach,P0077,1,38.06,0.0,38.06
S007158,2026-04-02,Oakland Park,P0063,1,32.31,0.0,32.31
S001360,2025-08-26,Dania Beach,P0229,1,15.22,0.0,15.22
S007697,2026-04-15,Dania Beach,P0099,1,32.17,0.0,32.17
S009072,2026-05-31,Lake Worth,P0296,1,10.05,0.0,10.05
S001790,2025-09-11,Lake Worth,P0156,1,33.24,0.0,33.24
S008198,2026-04-27,Lake Worth,P0112,1,9.26,0.0,9.26
S004781,2025-12-23,Oakland Park,P0251,1,16.69,0.0,16.69
S003815,2025-12-01,Dania Beach,P0058,1,6.59,0.0,6.59
S007153,2026-04-02,Oakland Park,P0177,1,14.51,0.0,14.51
S004792,2025-12-23,Oakland Park,P0258,1,20.03,0.0,20.03
S006087,2026-02-14,Lake Worth,P0156,1,33.24,2.0,31.24
S000934,2025-08-08,Dania Beach,P0122,1,15.39,0.0,15.39
S009827,2026-06-30,Dania Beach,P0259,1,34.69,0.0,34.69
S004785,2025-12-23,Dania Beach,P0084,1,8.22,0.0,8.22
S000627,2025-07-26,Oakland Park,P0060,1,16.29,0.0,16.29
S006394,2026-03-02,Dania Beach,P0244,1,7.54,2.0,5.54
S009697,2026-06-25,Lake Worth,P0258,1,20.03,5.0,15.03
S007720,2026-04-15,Lake Worth,P0260,1,16.34,0.0,16.34
S005619,2026-01-21,Lake Worth,P0137,1,34.89,0.0,34.89
S003447,2025-11-16,Oakland Park,P0268,2,28.7,0.0,57.4
S005731,2026-01-27,Dania Beach,P0107,1,35.69,0.0,35.69
S001892,2025-09-15,Oakland Park,P0144,1,39.21,2.0,37.21
S002442,2025-10-06,Dania Beach,P0258,1,20.03,0.0,20.03
S002836,2025-10-22,Dania Beach,P0298,1,10.79,0.0,10.79
S005194,2025-12-31,Oakland Park,P0024,1,12.01,0.0,12.01
S002462,2025-10-07,Dania Beach,P0105,1,41.09,0.0,41.09
S006418,2026-03-03,Lake Worth,P0001,2,37.04,0.0,74.08
S001656,2025-09-06,Oakland Park,P0081,1,12.2,0.0,12.2
S004607,2025-12-20,Lake Worth,P0170,1,12.29,0.0,12.29
S001953,2025-09-18,Dania Beach,P0014,1,41.58,0.0,41.58
S007095,2026-03-31,Oakland Park,P0281,1,17.35,0.0,17.35
S001120,2025-08-16,Dania Beach,P0258,1,20.03,0.0,20.03
S000965,2025-08-10,Lake Worth,P0107,1,35.69,0.0,35.69
S007289,2026-04-05,Dania Beach,P0132,1,38.62,0.0,38.62
S006858,2026-03-21,Lake Worth,P0229,1,15.22,2.0,13.22
S002740,2025-10-19,Dania Beach,P0258,1,20.03,0.0,20.03
S009508,2026-06-18,Oakland Park,P0229,1,15.22,0.0,15.22
S001835,2025-09-13,Lake Worth,P0025,1,37.2,0.0,37.2
S003511,2025-11-19,Oakland Park,P0023,3,36.9,0.0,110.7
S000092,2025-07-04,Dania Beach,P0190,1,31.63,0.0,31.63
S007005,2026-03-28,Dania Beach,P0134,1,13.77,0.0,13.77
S002583,2025-10-13,Dania Beach,P0107,2,35.69,0.0,71.38
S005530,2026-01-17,Dania Beach,P0120,1,23.21,0.0,23.21
S008465,2026-05-08,Oakland Park,P0257,1,21.09,0.0,21.09
S007893,2026-04-20,Dania Beach,P0284,1,19.93,0.0,19.93
S004859,2025-12-25,Dania Beach,P0141,1,18.03,0.0,18.03
S000416,2025-07-17,Dania Beach,P0072,1,23.85,0.0,23.85
S006955,2026-03-25,Dania Beach,P0124,1,14.5,0.0,14.5
S004837,2025-12-24,Lake Worth,P0245,1,30.57,0.0,30.57
S001497,2025-08-30,Dania Beach,P0193,1,15.19,0.0,15.19
S007869,2026-04-19,Oakland Park,P0199,1,11.97,0.0,11.97
S004283,2025-12-12,Oakland Park,P0141,1,18.03,0.0,18.03
S006254,2026-02-23,Oakland Park,P0198,1,5.19,0.0,5.19
S009289,2026-06-08,Dania Beach,P0229,1,15.22,0.0,15.22
S005063,2025-12-28,Dania Beach,P0258,1,20.03,0.0,20.03
S004271,2025-12-12,Oakland Park,P0123,1,32.28,5.0,27.28
S004038,2025-12-07,Dania Beach,P0028,1,22.61,0.0,22.61
S007138,2026-04-01,Dania Beach,P0123,1,32.28,0.0,32.28
S002767,2025-10-19,Oakland Park,P0010,1,26.25,0.0,26.25
S006584,2026-03-09,Lake Worth,P0294,1,30.88,0.0,30.88
S007206,2026-04-04,Dania Beach,P0229,1,15.22,0.0,15.22
S003382,2025-11-13,Oakland Park,P0107,2,35.69,0.0,71.38
S000210,2025-07-08,Dania Beach,P0023,1,36.9,5.0,31.9
S003257,2025-11-08,Dania Beach,P0265,1,19.55,2.0,17.55
S006338,2026-02-27,Oakland Park,P0202,1,27.95,0.0,27.95
S007920,2026-04-21,Oakland Park,P0196,1,23.33,0.0,23.33
S005016,2025-12-28,Oakland Park,P0183,1,39.68,0.0,39.68
S007058,2026-03-30,Oakland Park,P0153,1,24.73,2.0,22.73
S001908,2025-09-16,Dania Beach,P0258,3,20.03,0.0,60.09
S004431,2025-12-15,Dania Beach,P0083,1,9.28,0.0,9.28
S005869,2026-02-03,Oakland Park,P0169,1,28.05,0.0,28.05
S001754,2025-09-09,Dania Beach,P0258,1,20.03,0.0,20.03
S006310,2026-02-26,Dania Beach,P0112,1,9.26,0.0,9.26
S002297,2025-10-02,Lake Worth,P0249,2,24.88,0.0,49.76
S001290,2025-08-23,Lake Worth,P0249,1,24.88,0.0,24.88
S007416,2026-04-08,Lake Worth,P0138,1,18.5,5.0,13.5
S005837,2026-02-01,Oakland Park,P0250,1,26.07,0.0,26.07
S007750,2026-04-16,Oakland Park,P0231,1,16.4,0.0,16.4
S005918,2026-02-05,Dania Beach,P0032,1,10.89,0.0,10.89
S002699,2025-10-18,Oakland Park,P0232,1,35.97,0.0,35.97
S007456,2026-04-09,Dania Beach,P0196,1,23.33,0.0,23.33
S008539,2026-05-10,Oakland Park,P0040,1,30.27,0.0,30.27
S002555,2025-10-11,Dania Beach,P0298,1,10.79,2.0,8.79
S002952,2025-10-27,Dania Beach,P0293,1,17.47,2.0,15.47
S005425,2026-01-11,Dania Beach,P0258,1,20.03,0.0,20.03
S003054,2025-10-31,Lake Worth,P0229,1,15.22,0.0,15.22
S006328,2026-02-27,Dania Beach,P0250,1,26.07,0.0,26.07
S004598,2025-12-19,Oakland Park,P0244,1,7.54,0.0,7.54
S009268,2026-06-07,Dania Beach,P0228,1,12.36,0.0,12.36
S009501,2026-06-17,Lake Worth,P0169,1,28.05,0.0,28.05
S007120,2026-04-01,Oakland Park,P0045,1,31.47,0.0,31.47
S008823,2026-05-21,Dania Beach,P0138,1,18.5,0.0,18.5
S009020,2026-05-30,Lake Worth,P0229,1,15.22,0.0,15.22
S006101,2026-02-15,Oakland Park,P0147,1,40.67,5.0,35.67
S002666,2025-10-16,Dania Beach,P0054,1,38.06,5.0,33.06
S007957,2026-04-22,Oakland Park,P0253,1,12.31,0.0,12.31
S002796,2025-10-21,Oakland Park,P0258,1,20.03,2.0,18.03
S004714,2025-12-21,Dania Beach,P0008,1,23.36,0.0,23.36
S006939,2026-03-24,Oakland Park,P0178,1,35.29,0.0,35.29
S009522,2026-06-18,Dania Beach,P0250,2,26.07,0.0,52.14
S002938,2025-10-26,Oakland Park,P0166,1,26.78,5.0,21.78
S000118,2025-07-05,Lake Worth,P0153,1,24.73,0.0,24.73
S008979,2026-05-28,Dania Beach,P0054,1,38.06,0.0,38.06
S002499,2025-10-09,Dania Beach,P0112,2,9.26,0.0,18.52
S004525,2025-12-17,Dania Beach,P0233,1,22.74,0.0,22.74
S005486,2026-01-15,Dania Beach,P0100,1,34.67,0.0,34.67
S004008,2025-12-06,Oakland Park,P0157,1,8.43,0.0,8.43
S008338,2026-05-03,Dania Beach,P0141,1,18.03,0.0,18.03
S002002,2025-09-20,Dania Beach,P0132,1,38.62,0.0,38.62
S005278,2026-01-04,Oakland Park,P0022,2,7.3,0.0,14.6
S002434,2025-10-06,Dania Beach,P0279,1,5.18,0.0,5.18
S008932,2026-05-25,Dania Beach,P0008,1,23.36,2.0,21.36
S005551,2026-01-18,Oakland Park,P0107,1,35.69,0.0,35.69
S005049,2025-12-28,Dania Beach,P0102,1,16.27,0.0,16.27
S005024,2025-12-28,Dania Beach,P0173,1,28.8,0.0,28.8
S004027,2025-12-06,Lake Worth,P0141,1,18.03,0.0,18.03
S000753,2025-07-31,Dania Beach,P0108,1,11.87,5.0,6.87
S005606,2026-01-21,Lake Worth,P0022,3,7.3,0.0,21.9
S005182,2025-12-31,Oakland Park,P0189,1,8.68,0.0,8.68
S004375,2025-12-14,Oakland Park,P0229,1,15.22,0.0,15.22
S004720,2025-12-22,Dania Beach,P0253,1,12.31,0.0,12.31
S004002,2025-12-06,Dania Beach,P0141,1,18.03,2.0,16.03
S000727,2025-07-30,Oakland Park,P0132,1,38.62,0.0,38.62
S007093,2026-03-31,Lake Worth,P0103,1,23.52,0.0,23.52
S007239,2026-04-04,Oakland Park,P0271,2,13.23,0.0,26.46
S006740,2026-03-16,Oakland Park,P0123,1,32.28,0.0,32.28
S004272,2025-12-12,Oakland Park,P0258,2,20.03,0.0,40.06
S005157,2025-12-30,Lake Worth,P0250,1,26.07,0.0,26.07
S007410,2026-04-08,Oakland Park,P0209,2,38.73,0.0,77.46
S005868,2026-02-03,Oakland Park,P0258,1,20.03,0.0,20.03
S008332,2026-05-03,Dania Beach,P0225,1,30.83,0.0,30.83
S001153,2025-08-17,Oakland Park,P0157,1,8.43,0.0,8.43
S005989,2026-02-08,Oakland Park,P0230,1,15.88,0.0,15.88
S009757,2026-06-27,Dania Beach,P0192,1,9.96,0.0,9.96
S003550,2025-11-21,Oakland Park,P0221,1,26.83,0.0,26.83
S009585,2026-06-21,Dania Beach,P0138,1,18.5,0.0,18.5
S009465,2026-06-16,Dania Beach,P0114,2,22.91,0.0,45.82
S002309,2025-10-02,Oakland Park,P0214,1,40.55,0.0,40.55
S004082,2025-12-07,Oakland Park,P0172,1,16.93,0.0,16.93
S001468,2025-08-30,Lake Worth,P0069,1,21.4,0.0,21.4
S001782,2025-09-11,Oakland Park,P0147,1,40.67,0.0,40.67
S008129,2026-04-26,Dania Beach,P0006,1,18.74,0.0,18.74
S008287,2026-05-01,Lake Worth,P0140,1,17.16,2.0,15.16
S009605,2026-06-21,Oakland Park,P0272,1,18.29,0.0,18.29
S000264,2025-07-11,Oakland Park,P0010,2,26.25,0.0,52.5
S009195,2026-06-06,Oakland Park,P0123,1,32.28,0.0,32.28
S000713,2025-07-30,Lake Worth,P0196,1,23.33,0.0,23.33
S005350,2026-01-08,Dania Beach,P0106,1,14.38,0.0,14.38
S005518,2026-01-16,Oakland Park,P0258,3,20.03,0.0,60.09
S004078,2025-12-07,Lake Worth,P0250,1,26.07,2.0,24.07
S008323,2026-05-02,Dania Beach,P0250,1,26.07,2.0,24.07
S002811,2025-10-21,Dania Beach,P0141,1,18.03,0.0,18.03
S001570,2025-09-02,Lake Worth,P0247,1,11.6,5.0,6.6
S007451,2026-04-09,Dania Beach,P0021,1,20.19,0.0,20.19
S005548,2026-01-18,Oakland Park,P0123,1,32.28,0.0,32.28
S007814,2026-04-18,Lake Worth,P0028,1,22.61,0.0,22.61
S005888,2026-02-04,Oakland Park,P0137,1,34.89,0.0,34.89
S006096,2026-02-15,Dania Beach,P0170,2,12.29,0.0,24.58
S004077,2025-12-07,Oakland Park,P0239,1,7.76,0.0,7.76
S007330,2026-04-06,Dania Beach,P0069,1,21.4,0.0,21.4
S007950,2026-04-22,Oakland Park,P0072,1,23.85,0.0,23.85
S001609,2025-09-04,Lake Worth,P0122,1,15.39,0.0,15.39
S005345,2026-01-07,Lake Worth,P0198,1,5.19,0.0,5.19
S007898,2026-04-20,Oakland Park,P0060,1,16.29,5.0,11.29
S006786,2026-03-18,Dania Beach,P0077,1,38.06,0.0,38.06
S006264,2026-02-23,Dania Beach,P0098,1,12.85,0.0,12.85
S005354,2026-01-08,Dania Beach,P0055,1,18.49,0.0,18.49
S004321,2025-12-13,Dania Beach,P0229,1,15.22,0.0,15.22
S006882,2026-03-22,Dania Beach,P0157,1,8.43,0.0,8.43
S002163,2025-09-27,Dania Beach,P0229,1,15.22,0.0,15.22
S006062,2026-02-13,Lake Worth,P0225,1,30.83,0.0,30.83
S007035,2026-03-29,Lake Worth,P0042,1,16.07,0.0,16.07
S004498,2025-12-17,Dania Beach,P0157,1,8.43,0.0,8.43
S003675,2025-11-26,Dania Beach,P0176,1,38.34,0.0,38.34
S002891,2025-10-25,Dania Beach,P0249,1,24.88,0.0,24.88
S007535,2026-04-11,Lake Worth,P0058,1,6.59,0.0,6.59
S001718,2025-09-08,Oakland Park,P0178,2,35.29,0.0,70.58
S004031,2025-12-07,Dania Beach,P0258,1,20.03,0.0,20.03
S002684,2025-10-17,Oakland Park,P0258,1,20.03,5.0,15.03
S009743,2026-06-27,Lake Worth,P0122,1,15.39,5.0,10.39
S005900,2026-02-04,Dania Beach,P0028,1,22.61,0.0,22.61
S002689,2025-10-17,Oakland Park,P0229,1,15.22,0.0,15.22
S003350,2025-11-12,Lake Worth,P0099,1,32.17,0.0,32.17
S000369,2025-07-15,Dania Beach,P0153,1,24.73,0.0,24.73
S004660,2025-12-20,Oakland Park,P0272,1,18.29,0.0,18.29
S004973,2025-12-27,Dania Beach,P0028,1,22.61,5.0,17.61
S006000,2026-02-09,Dania Beach,P0273,1,11.49,0.0,11.49
S008057,2026-04-25,Lake Worth,P0250,1,26.07,5.0,21.07
S000898,2025-08-06,Dania Beach,P0090,1,39.67,0.0,39.67
S006368,2026-03-01,Oakland Park,P0258,2,20.03,0.0,40.06
S004383,2025-12-14,Dania Beach,P0283,1,41.77,0.0,41.77
S007327,2026-04-06,Dania Beach,P0153,1,24.73,0.0,24.73
S008960,2026-05-27,Dania Beach,P0123,1,32.28,0.0,32.28
S005774,2026-01-30,Oakland Park,P0158,3,15.94,5.0,32.82
S008664,2026-05-15,Lake Worth,P0077,2,38.06,0.0,76.12
S008598,2026-05-13,Dania Beach,P0206,1,25.28,0.0,25.28
S004976,2025-12-27,Dania Beach,P0258,1,20.03,0.0,20.03
S008673,2026-05-16,Dania Beach,P0149,1,20.51,0.0,20.51
S006957,2026-03-25,Oakland Park,P0028,1,22.61,0.0,22.61
S003853,2025-12-02,Dania Beach,P0233,1,22.74,5.0,17.74
S006355,2026-02-28,Dania Beach,P0028,1,22.61,0.0,22.61
S007014,2026-03-28,Oakland Park,P0266,1,28.75,0.0,28.75
S007031,2026-03-29,Oakland Park,P0175,1,10.78,0.0,10.78
S002985,2025-10-28,Lake Worth,P0091,1,10.86,0.0,10.86
S000603,2025-07-26,Lake Worth,P0298,1,10.79,0.0,10.79
S009042,2026-05-30,Oakland Park,P0013,1,19.04,0.0,19.04
S008822,2026-05-21,Oakland Park,P0229,1,15.22,0.0,15.22
S009148,2026-06-03,Lake Worth,P0159,1,5.86,0.0,5.86
S004142,2025-12-09,Oakland Park,P0286,1,17.06,0.0,17.06
S003895,2025-12-03,Dania Beach,P0248,1,14.4,0.0,14.4
S007292,2026-04-05,Oakland Park,P0085,1,28.45,0.0,28.45
S005891,2026-02-04,Oakland Park,P0157,1,8.43,0.0,8.43
S007695,2026-04-15,Dania Beach,P0258,1,20.03,0.0,20.03
S007439,2026-04-09,Dania Beach,P0229,1,15.22,0.0,15.22
S004966,2025-12-27,Dania Beach,P0288,1,39.45,0.0,39.45
S003745,2025-11-29,Oakland Park,P0028,1,22.61,0.0,22.61
S005020,2025-12-28,Oakland Park,P0051,1,31.0,0.0,31.0
S003229,2025-11-07,Dania Beach,P0171,1,15.79,0.0,15.79
S006082,2026-02-14,Oakland Park,P0087,1,10.56,0.0,10.56
S005984,2026-02-08,Lake Worth,P0120,1,23.21,0.0,23.21
S003858,2025-12-02,Oakland Park,P0052,1,20.69,0.0,20.69
S005566,2026-01-19,Lake Worth,P0102,1,16.27,0.0,16.27
S002544,2025-10-11,Oakland Park,P0119,2,10.1,0.0,20.2
S006348,2026-02-28,Dania Beach,P0008,1,23.36,0.0,23.36
S002504,2025-10-09,Lake Worth,P0123,1,32.28,0.0,32.28
S009330,2026-06-11,Oakland Park,P0172,1,16.93,5.0,11.93
S007472,2026-04-10,Dania Beach,P0231,2,16.4,5.0,22.8
S007321,2026-04-06,Dania Beach,P0288,1,39.45,0.0,39.45
S008749,2026-05-18,Oakland Park,P0258,2,20.03,2.0,36.06
S009165,2026-06-04,Lake Worth,P0176,1,38.34,0.0,38.34
S002517,2025-10-10,Oakland Park,P0116,1,38.74,0.0,38.74
S006055,2026-02-13,Dania Beach,P0227,1,22.7,5.0,17.7
S001946,2025-09-18,Dania Beach,P0229,1,15.22,0.0,15.22
S006203,2026-02-21,Dania Beach,P0258,1,20.03,0.0,20.03
S008873,2026-05-23,Dania Beach,P0258,2,20.03,2.0,36.06
S005331,2026-01-06,Dania Beach,P0028,2,22.61,0.0,45.22
S001998,2025-09-20,Dania Beach,P0284,1,19.93,2.0,17.93
S006042,2026-02-12,Dania Beach,P0028,1,22.61,0.0,22.61
S002609,2025-10-14,Dania Beach,P0170,1,12.29,0.0,12.29
S000429,2025-07-18,Oakland Park,P0281,1,17.35,0.0,17.35
S009825,2026-06-30,Dania Beach,P0281,1,17.35,0.0,17.35
S000938,2025-08-08,Dania Beach,P0181,1,38.54,0.0,38.54
S000320,2025-07-13,Oakland Park,P0187,1,8.33,0.0,8.33
S006039,2026-02-12,Oakland Park,P0181,1,38.54,0.0,38.54
S008209,2026-04-28,Oakland Park,P0196,1,23.33,0.0,23.33
S000623,2025-07-26,Dania Beach,P0233,2,22.74,0.0,45.48
S009080,2026-06-01,Dania Beach,P0016,1,9.61,0.0,9.61
S009478,2026-06-16,Lake Worth,P0211,1,28.43,5.0,23.43
S000955,2025-08-09,Dania Beach,P0138,1,18.5,0.0,18.5
S007360,2026-04-07,Lake Worth,P0138,1,18.5,0.0,18.5
S008869,2026-05-23,Oakland Park,P0028,1,22.61,0.0,22.61
S006988,2026-03-27,Oakland Park,P0028,2,22.61,0.0,45.22
S004440,2025-12-15,Lake Worth,P0222,1,25.03,5.0,20.03
S006967,2026-03-26,Dania Beach,P0227,1,22.7,0.0,22.7
S006136,2026-02-17,Oakland Park,P0278,1,27.49,0.0,27.49
S008729,2026-05-18,Lake Worth,P0258,1,20.03,5.0,15.03
S003573,2025-11-22,Oakland Park,P0033,3,13.41,0.0,40.23
S005393,2026-01-10,Oakland Park,P0109,1,19.26,0.0,19.26
S003871,2025-12-03,Dania Beach,P0077,1,38.06,0.0,38.06
S005726,2026-01-27,Oakland Park,P0232,1,35.97,0.0,35.97
S004255,2025-12-12,Lake Worth,P0113,1,15.71,0.0,15.71
S007230,2026-04-04,Dania Beach,P0028,1,22.61,0.0,22.61
S001891,2025-09-15,Oakland Park,P0268,1,28.7,0.0,28.7
S006931,2026-03-24,Dania Beach,P0185,1,20.14,0.0,20.14
S008214,2026-04-28,Oakland Park,P0033,1,13.41,0.0,13.41
S009783,2026-06-28,Oakland Park,P0153,1,24.73,0.0,24.73
S004527,2025-12-17,Oakland Park,P0233,1,22.74,0.0,22.74
S008365,2026-05-04,Dania Beach,P0196,1,23.33,0.0,23.33
S001881,2025-09-15,Dania Beach,P0253,1,12.31,5.0,7.31
S004081,2025-12-07,Dania Beach,P0141,1,18.03,0.0,18.03
S006524,2026-03-07,Dania Beach,P0145,1,18.52,0.0,18.52
S006974,2026-03-26,Dania Beach,P0015,1,10.97,0.0,10.97
S007995,2026-04-23,Dania Beach,P0089,1,38.61,0.0,38.61
S007032,2026-03-29,Lake Worth,P0068,1,18.85,2.0,16.85
S003124,2025-11-02,Dania Beach,P0152,1,10.83,0.0,10.83
S000569,2025-07-24,Dania Beach,P0005,1,12.32,0.0,12.32
S001520,2025-08-31,Oakland Park,P0165,1,17.48,0.0,17.48
S008841,2026-05-22,Lake Worth,P0229,1,15.22,0.0,15.22
S003326,2025-11-11,Oakland Park,P0201,1,37.27,0.0,37.27
S008601,2026-05-13,Dania Beach,P0258,1,20.03,2.0,18.03
S004378,2025-12-14,Oakland Park,P0236,1,32.91,0.0,32.91
S001114,2025-08-16,Oakland Park,P0181,1,38.54,0.0,38.54
S004122,2025-12-09,Lake Worth,P0052,1,20.69,0.0,20.69
S003564,2025-11-21,Oakland Park,P0197,1,24.23,0.0,24.23
S003978,2025-12-05,Oakland Park,P0069,1,21.4,0.0,21.4
S001715,2025-09-07,Dania Beach,P0226,1,19.09,0.0,19.09
S008992,2026-05-28,Dania Beach,P0054,1,38.06,0.0,38.06
S004105,2025-12-08,Oakland Park,P0122,1,15.39,0.0,15.39
S008709,2026-05-17,Dania Beach,P0258,2,20.03,0.0,40.06
S000451,2025-07-19,Oakland Park,P0251,2,16.69,0.0,33.38
S004812,2025-12-24,Lake Worth,P0234,1,39.24,0.0,39.24
S008308,2026-05-02,Dania Beach,P0145,1,18.52,0.0,18.52
S008127,2026-04-26,Oakland Park,P0234,1,39.24,0.0,39.24
S003020,2025-10-30,Oakland Park,P0053,1,11.0,0.0,11.0
S008700,2026-05-17,Oakland Park,P0053,2,11.0,0.0,22.0
S006992,2026-03-27,Dania Beach,P0258,1,20.03,2.0,18.03
S008316,2026-05-02,Oakland Park,P0122,1,15.39,0.0,15.39
S004327,2025-12-13,Oakland Park,P0258,1,20.03,0.0,20.03
S007136,2026-04-01,Dania Beach,P0097,1,11.18,0.0,11.18
S005765,2026-01-30,Dania Beach,P0045,1,31.47,0.0,31.47
S007007,2026-03-28,Oakland Park,P0264,1,39.66,0.0,39.66
S003685,2025-11-26,Oakland Park,P0294,1,30.88,0.0,30.88
S009298,2026-06-09,Oakland Park,P0120,1,23.21,0.0,23.21
S004420,2025-12-15,Dania Beach,P0272,1,18.29,0.0,18.29
S005875,2026-02-03,Lake Worth,P0099,1,32.17,0.0,32.17
S005698,2026-01-25,Lake Worth,P0141,1,18.03,0.0,18.03
S001853,2025-09-14,Oakland Park,P0124,1,14.5,0.0,14.5
S008413,2026-05-06,Oakland Park,P0120,1,23.21,5.0,18.21
S008813,2026-05-21,Lake Worth,P0180,1,14.34,0.0,14.34
S005440,2026-01-12,Oakland Park,P0229,1,15.22,0.0,15.22
S003622,2025-11-23,Dania Beach,P0209,1,38.73,0.0,38.73
S003158,2025-11-04,Dania Beach,P0009,1,10.82,0.0,10.82
S003073,2025-11-01,Lake Worth,P0199,1,11.97,0.0,11.97
S002416,2025-10-05,Dania Beach,P0151,1,22.36,0.0,22.36
S008736,2026-05-18,Lake Worth,P0120,1,23.21,0.0,23.21
S001885,2025-09-15,Dania Beach,P0258,1,20.03,0.0,20.03
S009615,2026-06-21,Oakland Park,P0120,1,23.21,0.0,23.21
S009704,2026-06-25,Dania Beach,P0152,1,10.83,0.0,10.83
S006652,2026-03-13,Oakland Park,P0209,1,38.73,0.0,38.73
S002761,2025-10-19,Dania Beach,P0100,1,34.67,0.0,34.67
S007562,2026-04-12,Oakland Park,P0141,1,18.03,0.0,18.03
S003763,2025-11-30,Dania Beach,P0258,1,20.03,0.0,20.03
S008469,2026-05-08,Oakland Park,P0238,1,9.91,0.0,9.91
S007981,2026-04-23,Dania Beach,P0161,2,43.05,0.0,86.1
S008009,2026-04-23,Oakland Park,P0234,1,39.24,0.0,39.24
S001178,2025-08-18,Oakland Park,P0042,1,16.07,0.0,16.07
S008944,2026-05-26,Oakland Park,P0215,1,5.21,0.0,5.21
S004678,2025-12-21,Oakland Park,P0028,1,22.61,0.0,22.61
S009794,2026-06-29,Lake Worth,P0121,1,26.48,5.0,21.48
S002953,2025-10-27,Dania Beach,P0058,1,6.59,0.0,6.59
S007646,2026-04-14,Oakland Park,P0264,1,39.66,0.0,39.66
S009018,2026-05-30,Oakland Park,P0083,1,9.28,5.0,4.28
S008124,2026-04-26,Oakland Park,P0117,2,13.24,0.0,26.48
S000968,2025-08-10,Lake Worth,P0042,1,16.07,0.0,16.07
S006188,2026-02-20,Dania Beach,P0258,1,20.03,0.0,20.03
S000308,2025-07-12,Dania Beach,P0296,1,10.05,0.0,10.05
S008254,2026-04-30,Dania Beach,P0112,1,9.26,2.0,7.26
S004723,2025-12-22,Lake Worth,P0121,1,26.48,0.0,26.48
S009379,2026-06-13,Oakland Park,P0099,1,32.17,2.0,30.17
S008587,2026-05-12,Oakland Park,P0222,1,25.03,0.0,25.03
S009446,2026-06-15,Lake Worth,P0007,1,18.87,0.0,18.87
S005542,2026-01-18,Dania Beach,P0134,1,13.77,0.0,13.77
S009652,2026-06-23,Oakland Park,P0100,1,34.67,0.0,34.67
S004132,2025-12-09,Oakland Park,P0054,1,38.06,0.0,38.06
S007702,2026-04-15,Dania Beach,P0120,1,23.21,5.0,18.21
S000430,2025-07-18,Lake Worth,P0047,2,11.39,0.0,22.78
S002894,2025-10-25,Dania Beach,P0242,3,16.38,0.0,49.14
S001934,2025-09-17,Oakland Park,P0181,2,38.54,5.0,67.08
S002303,2025-10-02,Dania Beach,P0009,1,10.82,0.0,10.82
S003653,2025-11-25,Oakland Park,P0155,1,33.74,0.0,33.74
S006091,2026-02-14,Lake Worth,P0193,1,15.19,0.0,15.19
S005442,2026-01-12,Oakland Park,P0004,1,33.33,0.0,33.33
S009136,2026-06-03,Dania Beach,P0258,1,20.03,0.0,20.03
S004619,2025-12-20,Dania Beach,P0155,1,33.74,0.0,33.74
S007749,2026-04-16,Dania Beach,P0287,1,38.39,0.0,38.39
S001490,2025-08-30,Lake Worth,P0258,1,20.03,0.0,20.03
S002122,2025-09-25,Lake Worth,P0099,1,32.17,0.0,32.17
S007294,2026-04-05,Dania Beach,P0054,1,38.06,0.0,38.06
S003643,2025-11-25,Dania Beach,P0151,2,22.36,0.0,44.72
S004531,2025-12-17,Dania Beach,P0147,1,40.67,0.0,40.67
S005066,2025-12-28,Dania Beach,P0283,1,41.77,0.0,41.77
S002290,2025-10-01,Dania Beach,P0225,1,30.83,0.0,30.83
S006315,2026-02-27,Oakland Park,P0223,1,16.45,0.0,16.45
S003118,2025-11-02,Dania Beach,P0076,1,28.11,0.0,28.11
S002248,2025-09-29,Dania Beach,P0037,1,16.2,0.0,16.2
S002799,2025-10-21,Oakland Park,P0250,1,26.07,0.0,26.07
S004284,2025-12-12,Dania Beach,P0207,1,8.62,0.0,8.62
S005974,2026-02-08,Dania Beach,P0279,1,5.18,0.0,5.18
S009019,2026-05-30,Lake Worth,P0106,1,14.38,0.0,14.38
S002176,2025-09-27,Dania Beach,P0160,1,15.14,0.0,15.14
S001573,2025-09-02,Dania Beach,P0190,1,31.63,0.0,31.63
S007008,2026-03-28,Lake Worth,P0261,1,13.52,0.0,13.52
S007341,2026-04-06,Oakland Park,P0099,1,32.17,0.0,32.17
S007302,2026-04-05,Dania Beach,P0136,1,34.18,0.0,34.18
S008721,2026-05-17,Dania Beach,P0123,2,32.28,0.0,64.56
S002696,2025-10-18,Lake Worth,P0258,2,20.03,0.0,40.06
S003089,2025-11-02,Oakland Park,P0096,1,17.3,0.0,17.3
S002960,2025-10-28,Dania Beach,P0258,1,20.03,0.0,20.03
S007423,2026-04-08,Dania Beach,P0258,1,20.03,0.0,20.03
S006406,2026-03-02,Lake Worth,P0235,1,21.78,0.0,21.78
S002331,2025-10-03,Oakland Park,P0084,1,8.22,0.0,8.22
S002691,2025-10-17,Dania Beach,P0258,1,20.03,0.0,20.03
S001271,2025-08-22,Dania Beach,P0143,2,33.65,0.0,67.3
S004791,2025-12-23,Oakland Park,P0096,1,17.3,0.0,17.3
S003142,2025-11-03,Lake Worth,P0181,1,38.54,0.0,38.54
S003442,2025-11-16,Lake Worth,P0277,1,12.14,0.0,12.14
S006177,2026-02-19,Dania Beach,P0022,2,7.3,0.0,14.6
S005257,2026-01-03,Dania Beach,P0282,1,14.8,0.0,14.8
S006225,2026-02-21,Dania Beach,P0059,1,27.7,2.0,25.7
S001341,2025-08-25,Lake Worth,P0258,1,20.03,0.0,20.03
S001583,2025-09-03,Oakland Park,P0177,1,14.51,0.0,14.51
S000005,2025-07-01,Lake Worth,P0004,3,33.33,0.0,99.99
S004711,2025-12-21,Oakland Park,P0028,1,22.61,0.0,22.61
S004104,2025-12-08,Oakland Park,P0258,1,20.03,0.0,20.03
S004033,2025-12-07,Lake Worth,P0211,2,28.43,2.0,52.86
S004572,2025-12-19,Dania Beach,P0256,1,20.62,0.0,20.62
S007036,2026-03-29,Dania Beach,P0232,1,35.97,0.0,35.97
S004912,2025-12-26,Dania Beach,P0258,1,20.03,0.0,20.03
S006544,2026-03-08,Lake Worth,P0091,1,10.86,0.0,10.86
S008205,2026-04-28,Dania Beach,P0089,1,38.61,0.0,38.61
S005524,2026-01-17,Lake Worth,P0063,3,32.31,0.0,96.93
S008816,2026-05-21,Dania Beach,P0125,1,30.0,0.0,30.0
S007303,2026-04-05,Oakland Park,P0054,1,38.06,0.0,38.06
S007040,2026-03-29,Oakland Park,P0145,3,18.52,0.0,55.56
S007054,2026-03-30,Dania Beach,P0099,2,32.17,0.0,64.34
S001248,2025-08-21,Lake Worth,P0258,1,20.03,2.0,18.03
S005980,2026-02-08,Oakland Park,P0069,1,21.4,0.0,21.4
S006437,2026-03-04,Oakland Park,P0258,1,20.03,0.0,20.03
S003080,2025-11-01,Oakland Park,P0063,1,32.31,0.0,32.31
S003922,2025-12-04,Dania Beach,P0175,1,10.78,0.0,10.78
S003358,2025-11-12,Lake Worth,P0239,1,7.76,0.0,7.76
S000557,2025-07-24,Dania Beach,P0116,1,38.74,0.0,38.74
S003984,2025-12-05,Dania Beach,P0232,1,35.97,2.0,33.97
S008112,2026-04-26,Lake Worth,P0033,1,13.41,0.0,13.41
S004897,2025-12-26,Oakland Park,P0237,2,18.61,2.0,33.22
S006409,2026-03-02,Lake Worth,P0220,1,18.24,0.0,18.24
S007483,2026-04-10,Dania Beach,P0090,1,39.67,0.0,39.67
S004763,2025-12-23,Oakland Park,P0091,1,10.86,0.0,10.86
S003725,2025-11-28,Dania Beach,P0277,1,12.14,0.0,12.14
S006626,2026-03-11,Oakland Park,P0051,1,31.0,0.0,31.0
S004035,2025-12-07,Oakland Park,P0229,1,15.22,2.0,13.22
S003721,2025-11-28,Oakland Park,P0236,1,32.91,0.0,32.91
S005628,2026-01-22,Dania Beach,P0060,1,16.29,0.0,16.29
S001574,2025-09-02,Dania Beach,P0157,1,8.43,0.0,8.43
S001679,2025-09-06,Lake Worth,P0276,1,10.98,0.0,10.98
S005216,2025-12-31,Dania Beach,P0028,1,22.61,0.0,22.61
S000049,2025-07-03,Oakland Park,P0258,1,20.03,0.0,20.03
S007592,2026-04-12,Oakland Park,P0111,1,9.29,0.0,9.29
S004860,2025-12-25,Dania Beach,P0129,1,7.89,2.0,5.89
S008618,2026-05-13,Oakland Park,P0116,1,38.74,0.0,38.74
S001199,2025-08-19,Oakland Park,P0094,1,15.94,0.0,15.94
S007773,2026-04-17,Dania Beach,P0283,1,41.77,0.0,41.77
S004135,2025-12-09,Lake Worth,P0060,2,16.29,0.0,32.58
S006925,2026-03-24,Oakland Park,P0026,1,24.77,0.0,24.77
S005083,2025-12-29,Lake Worth,P0101,1,40.29,0.0,40.29
S001527,2025-08-31,Dania Beach,P0182,1,25.07,5.0,20.07
S001701,2025-09-07,Oakland Park,P0164,1,14.99,0.0,14.99
S000524,2025-07-22,Lake Worth,P0290,1,44.36,0.0,44.36
S009163,2026-06-04,Dania Beach,P0099,1,32.17,0.0,32.17
S003449,2025-11-16,Lake Worth,P0253,1,12.31,0.0,12.31
S005968,2026-02-08,Oakland Park,P0130,1,19.21,0.0,19.21
S009221,2026-06-06,Lake Worth,P0229,1,15.22,0.0,15.22
S004613,2025-12-20,Dania Beach,P0097,1,11.18,0.0,11.18
S003728,2025-11-28,Oakland Park,P0140,1,17.16,0.0,17.16
S002979,2025-10-28,Dania Beach,P0258,2,20.03,0.0,40.06
S003036,2025-10-31,Lake Worth,P0209,1,38.73,0.0,38.73
S004804,2025-12-23,Oakland Park,P0229,1,15.22,0.0,15.22
S007823,2026-04-18,Oakland Park,P0116,1,38.74,0.0,38.74
S009596,2026-06-21,Dania Beach,P0057,1,31.85,0.0,31.85
S002550,2025-10-11,Oakland Park,P0221,1,26.83,0.0,26.83
S005695,2026-01-25,Dania Beach,P0153,1,24.73,0.0,24.73
S003270,2025-11-09,Dania Beach,P0109,2,19.26,0.0,38.52
S006910,2026-03-23,Lake Worth,P0107,1,35.69,0.0,35.69
S004975,2025-12-27,Dania Beach,P0112,1,9.26,0.0,9.26
S002852,2025-10-24,Oakland Park,P0220,1,18.24,0.0,18.24
S003995,2025-12-06,Oakland Park,P0252,1,18.54,0.0,18.54
S009264,2026-06-07,Dania Beach,P0201,1,37.27,0.0,37.27
S007027,2026-03-29,Dania Beach,P0190,1,31.63,0.0,31.63
S007538,2026-04-11,Oakland Park,P0183,1,39.68,2.0,37.68
S003538,2025-11-20,Oakland Park,P0028,1,22.61,0.0,22.61
S005728,2026-01-27,Oakland Park,P0017,1,13.63,0.0,13.63
S005280,2026-01-04,Dania Beach,P0258,1,20.03,0.0,20.03
S004096,2025-12-08,Lake Worth,P0028,2,22.61,5.0,35.22
S007442,2026-04-09,Dania Beach,P0138,1,18.5,0.0,18.5
S005397,2026-01-10,Dania Beach,P0064,1,22.4,0.0,22.4
S008517,2026-05-09,Oakland Park,P0139,1,25.22,0.0,25.22
S007503,2026-04-11,Oakland Park,P0092,1,34.43,0.0,34.43
S005250,2026-01-03,Oakland Park,P0050,1,16.14,0.0,16.14
S006500,2026-03-06,Oakland Park,P0058,1,6.59,0.0,6.59
S000456,2025-07-19,Oakland Park,P0291,1,10.13,0.0,10.13
S001663,2025-09-06,Oakland Park,P0250,1,26.07,0.0,26.07
S005400,2026-01-10,Lake Worth,P0246,1,14.88,0.0,14.88
S000331,2025-07-13,Lake Worth,P0148,1,17.71,0.0,17.71
S009332,2026-06-11,Oakland Park,P0268,1,28.7,0.0,28.7
S002109,2025-09-24,Lake Worth,P0173,2,28.8,5.0,47.6
S007311,2026-04-05,Dania Beach,P0141,1,18.03,0.0,18.03
S008137,2026-04-26,Dania Beach,P0064,1,22.4,0.0,22.4
S000270,2025-07-11,Oakland Park,P0142,1,14.84,0.0,14.84
S004958,2025-12-27,Lake Worth,P0282,1,14.8,0.0,14.8
S009271,2026-06-07,Dania Beach,P0140,1,17.16,2.0,15.16
S002040,2025-09-22,Lake Worth,P0137,1,34.89,0.0,34.89
S004931,2025-12-26,Dania Beach,P0185,1,20.14,0.0,20.14
S001484,2025-08-30,Dania Beach,P0009,1,10.82,2.0,8.82
S007366,2026-04-07,Dania Beach,P0229,1,15.22,0.0,15.22
S003389,2025-11-14,Dania Beach,P0045,1,31.47,0.0,31.47
S007168,2026-04-02,Dania Beach,P0258,1,20.03,0.0,20.03
S002017,2025-09-21,Dania Beach,P0229,1,15.22,0.0,15.22
S003831,2025-12-02,Dania Beach,P0153,3,24.73,0.0,74.19
S003632,2025-11-24,Oakland Park,P0271,1,13.23,0.0,13.23
S007986,2026-04-23,Oakland Park,P0118,1,26.15,0.0,26.15
S000862,2025-08-05,Dania Beach,P0123,1,32.28,0.0,32.28
S005119,2025-12-29,Lake Worth,P0069,1,21.4,0.0,21.4
S006402,2026-03-02,Dania Beach,P0009,1,10.82,0.0,10.82
S002570,2025-10-12,Oakland Park,P0268,1,28.7,0.0,28.7
S006378,2026-03-01,Lake Worth,P0181,1,38.54,0.0,38.54
S005603,2026-01-21,Lake Worth,P0133,1,31.55,0.0,31.55
S008345,2026-05-03,Dania Beach,P0297,1,17.64,0.0,17.64
S005344,2026-01-07,Oakland Park,P0071,1,14.0,0.0,14.0
S005187,2025-12-31,Dania Beach,P0275,1,12.12,0.0,12.12
S002426,2025-10-06,Dania Beach,P0248,1,14.4,0.0,14.4
S005822,2026-02-01,Dania Beach,P0229,1,15.22,2.0,13.22
S005482,2026-01-14,Oakland Park,P0020,1,24.25,0.0,24.25
S003004,2025-10-29,Lake Worth,P0022,1,7.3,0.0,7.3
S004234,2025-12-11,Dania Beach,P0068,1,18.85,0.0,18.85
S001193,2025-08-19,Oakland Park,P0283,1,41.77,0.0,41.77
S002687,2025-10-17,Oakland Park,P0258,1,20.03,0.0,20.03
S000293,2025-07-12,Dania Beach,P0099,1,32.17,5.0,27.17
S002516,2025-10-10,Oakland Park,P0141,1,18.03,0.0,18.03
S008093,2026-04-25,Dania Beach,P0086,1,19.54,0.0,19.54
S003734,2025-11-29,Oakland Park,P0010,1,26.25,0.0,26.25
S000792,2025-08-02,Dania Beach,P0060,1,16.29,0.0,16.29
S006319,2026-02-27,Dania Beach,P0233,1,22.74,0.0,22.74
S008886,2026-05-23,Dania Beach,P0076,1,28.11,0.0,28.11
S002706,2025-10-18,Dania Beach,P0016,2,9.61,0.0,19.22
S005156,2025-12-30,Dania Beach,P0081,1,12.2,0.0,12.2
S006771,2026-03-18,Dania Beach,P0175,1,10.78,0.0,10.78
S004364,2025-12-14,Dania Beach,P0057,1,31.85,0.0,31.85
S005094,2025-12-29,Oakland Park,P0263,1,24.16,5.0,19.16
S005491,2026-01-15,Dania Beach,P0120,1,23.21,0.0,23.21
S007533,2026-04-11,Lake Worth,P0122,2,15.39,0.0,30.78
S008146,2026-04-26,Lake Worth,P0028,1,22.61,0.0,22.61
S002001,2025-09-20,Oakland Park,P0120,1,23.21,0.0,23.21
S006566,2026-03-08,Dania Beach,P0152,1,10.83,0.0,10.83
S000483,2025-07-20,Oakland Park,P0122,1,15.39,0.0,15.39
S000545,2025-07-23,Oakland Park,P0227,1,22.7,0.0,22.7
S004760,2025-12-23,Dania Beach,P0078,1,34.08,0.0,34.08
S008628,2026-05-14,Dania Beach,P0120,1,23.21,0.0,23.21
S004026,2025-12-06,Oakland Park,P0209,1,38.73,0.0,38.73
S006942,2026-03-25,Dania Beach,P0148,1,17.71,0.0,17.71
S002343,2025-10-03,Oakland Park,P0157,1,8.43,0.0,8.43
S000183,2025-07-07,Lake Worth,P0109,2,19.26,2.0,34.52
S001382,2025-08-26,Dania Beach,P0071,1,14.0,0.0,14.0
S006840,2026-03-20,Dania Beach,P0028,1,22.61,0.0,22.61
S000303,2025-07-12,Oakland Park,P0104,1,23.8,0.0,23.8
S009256,2026-06-07,Oakland Park,P0300,1,15.39,0.0,15.39
S008396,2026-05-05,Oakland Park,P0069,2,21.4,0.0,42.8
S004137,2025-12-09,Lake Worth,P0069,1,21.4,0.0,21.4
S003137,2025-11-03,Oakland Park,P0231,1,16.4,0.0,16.4
S008737,2026-05-18,Dania Beach,P0098,1,12.85,5.0,7.85
S004415,2025-12-15,Lake Worth,P0068,1,18.85,0.0,18.85
S001125,2025-08-16,Lake Worth,P0258,2,20.03,0.0,40.06
S000573,2025-07-25,Dania Beach,P0143,1,33.65,0.0,33.65
S003496,2025-11-18,Lake Worth,P0258,2,20.03,0.0,40.06
S001600,2025-09-03,Dania Beach,P0232,1,35.97,0.0,35.97
S008179,2026-04-27,Dania Beach,P0061,1,13.54,0.0,13.54
S006912,2026-03-23,Dania Beach,P0224,1,28.47,0.0,28.47
S000809,2025-08-02,Dania Beach,P0258,2,20.03,0.0,40.06
S002927,2025-10-26,Oakland Park,P0288,1,39.45,2.0,37.45
S005197,2025-12-31,Dania Beach,P0132,1,38.62,0.0,38.62
S001560,2025-09-02,Oakland Park,P0091,1,10.86,0.0,10.86
S007747,2026-04-16,Dania Beach,P0258,1,20.03,0.0,20.03
S000769,2025-08-01,Dania Beach,P0232,1,35.97,2.0,33.97
S008976,2026-05-28,Oakland Park,P0121,1,26.48,0.0,26.48
S002626,2025-10-14,Dania Beach,P0258,1,20.03,0.0,20.03
S001323,2025-08-24,Lake Worth,P0258,1,20.03,0.0,20.03
S000926,2025-08-08,Oakland Park,P0234,3,39.24,0.0,117.72
S002746,2025-10-19,Dania Beach,P0108,1,11.87,0.0,11.87
S003768,2025-11-30,Oakland Park,P0074,1,23.62,0.0,23.62
S001943,2025-09-18,Oakland Park,P0240,1,29.77,0.0,29.77
S006046,2026-02-12,Lake Worth,P0229,1,15.22,0.0,15.22
S000982,2025-08-10,Dania Beach,P0028,1,22.61,0.0,22.61
S006585,2026-03-09,Dania Beach,P0206,1,25.28,2.0,23.28
S007324,2026-04-06,Oakland Park,P0122,1,15.39,0.0,15.39
S003182,2025-11-05,Oakland Park,P0145,2,18.52,0.0,37.04
S005298,2026-01-04,Lake Worth,P0023,1,36.9,0.0,36.9
S001053,2025-08-13,Lake Worth,P0298,1,10.79,5.0,5.79
S003845,2025-12-02,Dania Beach,P0069,2,21.4,0.0,42.8
S007347,2026-04-06,Dania Beach,P0138,1,18.5,0.0,18.5
S003003,2025-10-29,Lake Worth,P0079,1,38.19,0.0,38.19
S009371,2026-06-13,Dania Beach,P0276,1,10.98,0.0,10.98
S001410,2025-08-27,Oakland Park,P0042,1,16.07,0.0,16.07
S002764,2025-10-19,Dania Beach,P0259,2,34.69,0.0,69.38
S000364,2025-07-15,Dania Beach,P0047,1,11.39,5.0,6.39
S000422,2025-07-18,Lake Worth,P0251,1,16.69,0.0,16.69
S005908,2026-02-05,Dania Beach,P0104,1,23.8,0.0,23.8
S002009,2025-09-21,Lake Worth,P0104,1,23.8,0.0,23.8
S005099,2025-12-29,Dania Beach,P0258,1,20.03,2.0,18.03
S008620,2026-05-13,Oakland Park,P0141,1,18.03,0.0,18.03
S002552,2025-10-11,Oakland Park,P0033,1,13.41,0.0,13.41
S007461,2026-04-10,Dania Beach,P0099,1,32.17,2.0,30.17
S000154,2025-07-06,Oakland Park,P0121,1,26.48,0.0,26.48
S002856,2025-10-24,Dania Beach,P0258,1,20.03,0.0,20.03
S008913,2026-05-24,Dania Beach,P0028,1,22.61,0.0,22.61
S008056,2026-04-25,Dania Beach,P0253,1,12.31,0.0,12.31
S006717,2026-03-15,Oakland Park,P0095,2,15.25,0.0,30.5
S000845,2025-08-04,Oakland Park,P0229,1,15.22,0.0,15.22
S007914,2026-04-21,Oakland Park,P0222,1,25.03,0.0,25.03
S001509,2025-08-31,Dania Beach,P0286,1,17.06,0.0,17.06
S002138,2025-09-26,Lake Worth,P0023,1,36.9,2.0,34.9
S009598,2026-06-21,Oakland Park,P0120,1,23.21,0.0,23.21
S009231,2026-06-06,Dania Beach,P0240,1,29.77,0.0,29.77
S007418,2026-04-08,Oakland Park,P0178,1,35.29,0.0,35.29
S002062,2025-09-22,Lake Worth,P0140,1,17.16,0.0,17.16
S006783,2026-03-18,Oakland Park,P0249,1,24.88,0.0,24.88
S003380,2025-11-13,Oakland Park,P0091,2,10.86,0.0,21.72
S000618,2025-07-26,Oakland Park,P0127,1,26.3,0.0,26.3
S004591,2025-12-19,Dania Beach,P0247,1,11.6,5.0,6.6
S007413,2026-04-08,Oakland Park,P0250,2,26.07,0.0,52.14
S005610,2026-01-21,Oakland Park,P0177,3,14.51,5.0,28.53
S003672,2025-11-26,Dania Beach,P0065,1,22.31,0.0,22.31
S003470,2025-11-17,Lake Worth,P0169,1,28.05,0.0,28.05
S003446,2025-11-16,Lake Worth,P0120,1,23.21,0.0,23.21
S009167,2026-06-04,Dania Beach,P0205,1,34.1,0.0,34.1
S005552,2026-01-18,Dania Beach,P0258,1,20.03,0.0,20.03
S009458,2026-06-15,Oakland Park,P0166,1,26.78,0.0,26.78
S005108,2025-12-29,Lake Worth,P0250,1,26.07,0.0,26.07
S001056,2025-08-13,Oakland Park,P0279,1,5.18,0.0,5.18
S001346,2025-08-25,Oakland Park,P0258,1,20.03,0.0,20.03
S000678,2025-07-28,Lake Worth,P0258,1,20.03,0.0,20.03
S001316,2025-08-24,Dania Beach,P0157,1,8.43,0.0,8.43
S007714,2026-04-15,Oakland Park,P0047,1,11.39,0.0,11.39
S009057,2026-05-31,Lake Worth,P0258,1,20.03,0.0,20.03
S005326,2026-01-06,Oakland Park,P0279,1,5.18,0.0,5.18
S002819,2025-10-22,Oakland Park,P0094,1,15.94,0.0,15.94
S002937,2025-10-26,Oakland Park,P0258,1,20.03,5.0,15.03
S003481,2025-11-17,Lake Worth,P0138,1,18.5,0.0,18.5
S003285,2025-11-09,Dania Beach,P0055,1,18.49,0.0,18.49
S005248,2026-01-03,Oakland Park,P0189,1,8.68,0.0,8.68
S008695,2026-05-16,Oakland Park,P0022,1,7.3,0.0,7.3
S007111,2026-04-01,Dania Beach,P0145,1,18.52,0.0,18.52
S006230,2026-02-22,Lake Worth,P0258,1,20.03,0.0,20.03
S002166,2025-09-27,Dania Beach,P0120,1,23.21,0.0,23.21
S003911,2025-12-04,Oakland Park,P0232,1,35.97,0.0,35.97
S003056,2025-10-31,Dania Beach,P0095,1,15.25,0.0,15.25
S003650,2025-11-25,Dania Beach,P0022,1,7.3,0.0,7.3
S003671,2025-11-26,Dania Beach,P0066,1,15.19,0.0,15.19
S002415,2025-10-05,Dania Beach,P0205,1,34.1,0.0,34.1
S003262,2025-11-08,Oakland Park,P0072,1,23.85,0.0,23.85
S007454,2026-04-09,Dania Beach,P0117,1,13.24,0.0,13.24
S009816,2026-06-29,Oakland Park,P0172,1,16.93,0.0,16.93
S003420,2025-11-15,Oakland Park,P0207,1,8.62,0.0,8.62
S001286,2025-08-23,Oakland Park,P0181,1,38.54,0.0,38.54
S005948,2026-02-07,Oakland Park,P0103,1,23.52,0.0,23.52
S009788,2026-06-28,Lake Worth,P0138,2,18.5,0.0,37.0
S004169,2025-12-10,Oakland Park,P0171,1,15.79,0.0,15.79
S007417,2026-04-08,Oakland Park,P0250,1,26.07,0.0,26.07
S004452,2025-12-16,Oakland Park,P0250,1,26.07,0.0,26.07
S008499,2026-05-09,Oakland Park,P0006,1,18.74,2.0,16.74
S004333,2025-12-13,Oakland Park,P0270,1,13.93,0.0,13.93
S004917,2025-12-26,Dania Beach,P0236,1,32.91,0.0,32.91
S005468,2026-01-14,Dania Beach,P0100,1,34.67,0.0,34.67
S008325,2026-05-02,Oakland Park,P0122,1,15.39,0.0,15.39
S005817,2026-01-31,Lake Worth,P0141,1,18.03,0.0,18.03
S005961,2026-02-08,Oakland Park,P0229,1,15.22,0.0,15.22
S002529,2025-10-11,Dania Beach,P0102,1,16.27,0.0,16.27
S004903,2025-12-26,Dania Beach,P0258,1,20.03,0.0,20.03
S003277,2025-11-09,Oakland Park,P0258,1,20.03,0.0,20.03
S008288,2026-05-01,Dania Beach,P0141,1,18.03,0.0,18.03
S000289,2025-07-12,Lake Worth,P0257,1,21.09,0.0,21.09
S002287,2025-10-01,Dania Beach,P0045,2,31.47,0.0,62.94
S006484,2026-03-05,Dania Beach,P0225,1,30.83,0.0,30.83
S000527,2025-07-22,Lake Worth,P0229,1,15.22,0.0,15.22
S006317,2026-02-27,Dania Beach,P0175,1,10.78,0.0,10.78
S007243,2026-04-04,Dania Beach,P0045,1,31.47,0.0,31.47
S000721,2025-07-30,Oakland Park,P0120,2,23.21,0.0,46.42
S006415,2026-03-03,Dania Beach,P0240,1,29.77,2.0,27.77
S003812,2025-12-01,Oakland Park,P0127,1,26.3,0.0,26.3
S002097,2025-09-24,Oakland Park,P0258,1,20.03,0.0,20.03
S007076,2026-03-30,Oakland Park,P0259,1,34.69,0.0,34.69
S008184,2026-04-27,Oakland Park,P0190,1,31.63,0.0,31.63
S001629,2025-09-05,Dania Beach,P0028,1,22.61,0.0,22.61
S005867,2026-02-03,Dania Beach,P0298,1,10.79,0.0,10.79
S008967,2026-05-27,Lake Worth,P0122,1,15.39,0.0,15.39
S007768,2026-04-17,Lake Worth,P0250,1,26.07,0.0,26.07
S006455,2026-03-04,Oakland Park,P0125,1,30.0,0.0,30.0
S000420,2025-07-17,Dania Beach,P0095,1,15.25,0.0,15.25
S005064,2025-12-28,Lake Worth,P0295,1,27.7,0.0,27.7
S001959,2025-09-18,Dania Beach,P0099,1,32.17,0.0,32.17
S004448,2025-12-15,Oakland Park,P0215,1,5.21,0.0,5.21
S004403,2025-12-14,Dania Beach,P0258,2,20.03,5.0,30.06
S008393,2026-05-05,Oakland Park,P0063,1,32.31,0.0,32.31
S009784,2026-06-28,Dania Beach,P0266,1,28.75,0.0,28.75
S007335,2026-04-06,Lake Worth,P0164,1,14.99,0.0,14.99
S008083,2026-04-25,Lake Worth,P0239,1,7.76,0.0,7.76
S000493,2025-07-20,Oakland Park,P0216,1,14.8,0.0,14.8
S000610,2025-07-26,Oakland Park,P0120,1,23.21,2.0,21.21
S008917,2026-05-24,Oakland Park,P0141,1,18.03,0.0,18.03
S007137,2026-04-01,Oakland Park,P0258,1,20.03,0.0,20.03
S005904,2026-02-05,Lake Worth,P0252,1,18.54,0.0,18.54
S004322,2025-12-13,Oakland Park,P0195,1,23.58,0.0,23.58
S009223,2026-06-06,Oakland Park,P0188,3,14.19,0.0,42.57
S006937,2026-03-24,Oakland Park,P0100,1,34.67,0.0,34.67
S009086,2026-06-01,Oakland Park,P0265,1,19.55,2.0,17.55
S003005,2025-10-29,Dania Beach,P0223,1,16.45,0.0,16.45
S004022,2025-12-06,Dania Beach,P0100,1,34.67,0.0,34.67
S007119,2026-04-01,Dania Beach,P0205,1,34.1,0.0,34.1
S007521,2026-04-11,Dania Beach,P0250,1,26.07,0.0,26.07
S005629,2026-01-22,Oakland Park,P0105,1,41.09,0.0,41.09
S004811,2025-12-24,Dania Beach,P0209,2,38.73,0.0,77.46
S002056,2025-09-22,Dania Beach,P0004,1,33.33,0.0,33.33
S001723,2025-09-08,Dania Beach,P0231,1,16.4,0.0,16.4
S005656,2026-01-23,Dania Beach,P0181,1,38.54,0.0,38.54
S006056,2026-02-13,Dania Beach,P0205,1,34.1,0.0,34.1
S003600,2025-11-23,Dania Beach,P0226,1,19.09,0.0,19.09
S005044,2025-12-28,Dania Beach,P0006,1,18.74,0.0,18.74
S006756,2026-03-17,Lake Worth,P0157,1,8.43,0.0,8.43
S004466,2025-12-16,Oakland Park,P0158,1,15.94,0.0,15.94
S008307,2026-05-02,Lake Worth,P0022,1,7.3,0.0,7.3
S006779,2026-03-18,Dania Beach,P0237,1,18.61,0.0,18.61
S004046,2025-12-07,Lake Worth,P0265,1,19.55,0.0,19.55
S009599,2026-06-21,Dania Beach,P0081,2,12.2,0.0,24.4
S001797,2025-09-11,Lake Worth,P0181,1,38.54,0.0,38.54
S008099,2026-04-25,Dania Beach,P0191,1,35.79,0.0,35.79
S005369,2026-01-09,Oakland Park,P0071,1,14.0,0.0,14.0
S007575,2026-04-12,Oakland Park,P0022,1,7.3,0.0,7.3
S000285,2025-07-12,Dania Beach,P0015,2,10.97,0.0,21.94
S005336,2026-01-07,Oakland Park,P0067,1,22.05,0.0,22.05
S007484,2026-04-10,Oakland Park,P0160,1,15.14,0.0,15.14
S005911,2026-02-05,Lake Worth,P0209,2,38.73,0.0,77.46
S003961,2025-12-05,Oakland Park,P0159,2,5.86,0.0,11.72
S001750,2025-09-09,Dania Beach,P0006,1,18.74,0.0,18.74
S007784,2026-04-18,Lake Worth,P0173,1,28.8,0.0,28.8
S007048,2026-03-29,Oakland Park,P0089,1,38.61,0.0,38.61
S007070,2026-03-30,Dania Beach,P0100,3,34.67,0.0,104.01
S001683,2025-09-07,Dania Beach,P0076,1,28.11,0.0,28.11
S008965,2026-05-27,Dania Beach,P0229,1,15.22,0.0,15.22
S001355,2025-08-25,Lake Worth,P0118,2,26.15,2.0,48.3
S002770,2025-10-19,Oakland Park,P0018,1,11.18,0.0,11.18
S006491,2026-03-06,Dania Beach,P0221,1,26.83,0.0,26.83
S005626,2026-01-22,Dania Beach,P0223,1,16.45,5.0,11.45
S008011,2026-04-23,Dania Beach,P0255,1,34.26,5.0,29.26
S008725,2026-05-18,Oakland Park,P0236,1,32.91,0.0,32.91
S006474,2026-03-05,Oakland Park,P0214,1,40.55,0.0,40.55
S000650,2025-07-27,Dania Beach,P0125,1,30.0,0.0,30.0
S005801,2026-01-31,Oakland Park,P0067,1,22.05,0.0,22.05
S008564,2026-05-11,Dania Beach,P0022,1,7.3,0.0,7.3
S001657,2025-09-06,Oakland Park,P0129,1,7.89,0.0,7.89
S006725,2026-03-16,Dania Beach,P0284,1,19.93,0.0,19.93
S008689,2026-05-16,Lake Worth,P0076,1,28.11,0.0,28.11
S003787,2025-11-30,Oakland Park,P0018,1,11.18,0.0,11.18
S009570,2026-06-20,Oakland Park,P0204,1,30.89,0.0,30.89
S007385,2026-04-08,Dania Beach,P0028,1,22.61,0.0,22.61
S000759,2025-08-01,Oakland Park,P0030,1,9.83,2.0,7.83
S004309,2025-12-13,Dania Beach,P0159,1,5.86,0.0,5.86
S009623,2026-06-22,Dania Beach,P0092,1,34.43,0.0,34.43
S001042,2025-08-13,Oakland Park,P0116,1,38.74,0.0,38.74
S003805,2025-12-01,Lake Worth,P0283,1,41.77,0.0,41.77
S009777,2026-06-28,Dania Beach,P0028,1,22.61,0.0,22.61
S009101,2026-06-02,Lake Worth,P0180,1,14.34,0.0,14.34
S003361,2025-11-13,Dania Beach,P0129,1,7.89,0.0,7.89
S006028,2026-02-11,Oakland Park,P0042,1,16.07,0.0,16.07
S007614,2026-04-13,Dania Beach,P0240,2,29.77,0.0,59.54
S001449,2025-08-29,Oakland Park,P0210,1,17.31,0.0,17.31
S002511,2025-10-10,Dania Beach,P0090,1,39.67,0.0,39.67
S006695,2026-03-15,Dania Beach,P0008,1,23.36,0.0,23.36
S000986,2025-08-10,Oakland Park,P0229,1,15.22,0.0,15.22
S007190,2026-04-03,Oakland Park,P0180,1,14.34,0.0,14.34
S008641,2026-05-14,Lake Worth,P0122,1,15.39,0.0,15.39
S007297,2026-04-05,Oakland Park,P0058,1,6.59,5.0,1.59
S006172,2026-02-19,Oakland Park,P0006,1,18.74,0.0,18.74
S002411,2025-10-05,Oakland Park,P0181,1,38.54,0.0,38.54
S004487,2025-12-16,Oakland Park,P0122,1,15.39,0.0,15.39
S000553,2025-07-24,Dania Beach,P0253,1,12.31,0.0,12.31
S007938,2026-04-21,Oakland Park,P0032,1,10.89,5.0,5.89
S005826,2026-02-01,Lake Worth,P0258,1,20.03,0.0,20.03
S005625,2026-01-22,Dania Beach,P0258,2,20.03,0.0,40.06
S006165,2026-02-19,Lake Worth,P0222,1,25.03,0.0,25.03
S004030,2025-12-07,Oakland Park,P0060,1,16.29,0.0,16.29
S005735,2026-01-27,Oakland Park,P0099,1,32.17,0.0,32.17
S007107,2026-03-31,Oakland Park,P0034,1,17.39,0.0,17.39
S001073,2025-08-14,Dania Beach,P0028,2,22.61,0.0,45.22
S000439,2025-07-18,Oakland Park,P0071,3,14.0,0.0,42.0
S008320,2026-05-02,Oakland Park,P0042,1,16.07,0.0,16.07
S008572,2026-05-11,Oakland Park,P0181,1,38.54,5.0,33.54
S009573,2026-06-20,Dania Beach,P0264,1,39.66,5.0,34.66
S008978,2026-05-28,Oakland Park,P0112,1,9.26,0.0,9.26
S006754,2026-03-17,Oakland Park,P0079,1,38.19,0.0,38.19
S006852,2026-03-21,Oakland Park,P0201,1,37.27,0.0,37.27
S007260,2026-04-05,Oakland Park,P0028,1,22.61,0.0,22.61
S006892,2026-03-22,Dania Beach,P0006,2,18.74,0.0,37.48
S002607,2025-10-14,Lake Worth,P0271,1,13.23,0.0,13.23
S001792,2025-09-11,Dania Beach,P0216,1,14.8,0.0,14.8
S000720,2025-07-30,Dania Beach,P0258,1,20.03,0.0,20.03
S009321,2026-06-10,Lake Worth,P0100,1,34.67,0.0,34.67
S008838,2026-05-22,Dania Beach,P0055,1,18.49,5.0,13.49
S006658,2026-03-13,Oakland Park,P0153,1,24.73,5.0,19.73
S001373,2025-08-26,Lake Worth,P0123,1,32.28,0.0,32.28
S000342,2025-07-14,Oakland Park,P0250,1,26.07,0.0,26.07
S001213,2025-08-20,Lake Worth,P0131,1,10.61,0.0,10.61
S008252,2026-04-29,Lake Worth,P0258,1,20.03,0.0,20.03
S000351,2025-07-14,Dania Beach,P0228,2,12.36,0.0,24.72
S008102,2026-04-25,Oakland Park,P0258,1,20.03,0.0,20.03
S004622,2025-12-20,Lake Worth,P0028,1,22.61,0.0,22.61
S003579,2025-11-22,Dania Beach,P0098,1,12.85,0.0,12.85
S009661,2026-06-23,Oakland Park,P0245,1,30.57,0.0,30.57
S003235,2025-11-07,Dania Beach,P0088,1,14.79,0.0,14.79
S003931,2025-12-04,Oakland Park,P0244,1,7.54,2.0,5.54
S008542,2026-05-10,Lake Worth,P0229,1,15.22,0.0,15.22
S001028,2025-08-12,Dania Beach,P0169,1,28.05,0.0,28.05
S003649,2025-11-25,Lake Worth,P0248,1,14.4,2.0,12.4
S009707,2026-06-25,Oakland Park,P0271,1,13.23,0.0,13.23
S005041,2025-12-28,Dania Beach,P0140,1,17.16,0.0,17.16
S007548,2026-04-12,Dania Beach,P0188,3,14.19,5.0,27.57
S000709,2025-07-30,Oakland Park,P0069,1,21.4,0.0,21.4
S002338,2025-10-03,Oakland Park,P0154,1,15.49,0.0,15.49
S002053,2025-09-22,Lake Worth,P0014,1,41.58,0.0,41.58
S006773,2026-03-18,Dania Beach,P0247,1,11.6,0.0,11.6
S001926,2025-09-17,Lake Worth,P0147,1,40.67,0.0,40.67
S002327,2025-10-02,Oakland Park,P0170,1,12.29,0.0,12.29
S002342,2025-10-03,Oakland Park,P0099,1,32.17,0.0,32.17
S007006,2026-03-28,Oakland Park,P0275,1,12.12,2.0,10.12
S007282,2026-04-05,Dania Beach,P0258,1,20.03,0.0,20.03
S006249,2026-02-23,Oakland Park,P0229,1,15.22,0.0,15.22
S001999,2025-09-20,Lake Worth,P0079,1,38.19,0.0,38.19
S004208,2025-12-11,Oakland Park,P0193,1,15.19,0.0,15.19
S006889,2026-03-22,Oakland Park,P0192,1,9.96,0.0,9.96
S007179,2026-04-03,Oakland Park,P0239,1,7.76,0.0,7.76
S008241,2026-04-29,Oakland Park,P0258,1,20.03,0.0,20.03
S005255,2026-01-03,Dania Beach,P0041,1,11.22,0.0,11.22
S008087,2026-04-25,Oakland Park,P0157,1,8.43,0.0,8.43
S006605,2026-03-10,Dania Beach,P0120,1,23.21,0.0,23.21
S007944,2026-04-22,Dania Beach,P0045,2,31.47,0.0,62.94
S005264,2026-01-03,Oakland Park,P0116,1,38.74,0.0,38.74
S003583,2025-11-22,Dania Beach,P0157,1,8.43,0.0,8.43
S008846,2026-05-22,Oakland Park,P0029,1,44.82,0.0,44.82
S003423,2025-11-15,Dania Beach,P0268,1,28.7,0.0,28.7
S002908,2025-10-26,Dania Beach,P0003,1,11.11,0.0,11.11
S004999,2025-12-27,Oakland Park,P0098,1,12.85,0.0,12.85
S009414,2026-06-14,Oakland Park,P0039,1,18.68,0.0,18.68
S002382,2025-10-04,Oakland Park,P0237,1,18.61,0.0,18.61
S004215,2025-12-11,Lake Worth,P0112,2,9.26,2.0,14.52
S007290,2026-04-05,Oakland Park,P0177,1,14.51,0.0,14.51
S005928,2026-02-06,Dania Beach,P0229,1,15.22,0.0,15.22
S003414,2025-11-15,Dania Beach,P0175,1,10.78,0.0,10.78
S009331,2026-06-11,Lake Worth,P0120,1,23.21,0.0,23.21
S005851,2026-02-02,Lake Worth,P0153,1,24.73,0.0,24.73
S006680,2026-03-14,Dania Beach,P0190,1,31.63,0.0,31.63
S009752,2026-06-27,Dania Beach,P0057,1,31.85,0.0,31.85
S001063,2025-08-13,Oakland Park,P0109,1,19.26,0.0,19.26
S002556,2025-10-11,Dania Beach,P0035,1,25.13,0.0,25.13
S003634,2025-11-24,Dania Beach,P0229,1,15.22,0.0,15.22
S006268,2026-02-24,Oakland Park,P0298,1,10.79,0.0,10.79
S003724,2025-11-28,Lake Worth,P0258,1,20.03,0.0,20.03
S000817,2025-08-03,Dania Beach,P0229,1,15.22,0.0,15.22
S009388,2026-06-13,Lake Worth,P0214,1,40.55,2.0,38.55
S008176,2026-04-27,Dania Beach,P0069,1,21.4,0.0,21.4
S009313,2026-06-10,Oakland Park,P0186,1,8.27,2.0,6.27
S007266,2026-04-05,Oakland Park,P0088,1,14.79,0.0,14.79
S003696,2025-11-27,Oakland Park,P0077,1,38.06,2.0,36.06
S008028,2026-04-24,Oakland Park,P0079,3,38.19,0.0,114.57
S009315,2026-06-10,Oakland Park,P0181,1,38.54,2.0,36.54
S003016,2025-10-30,Oakland Park,P0258,2,20.03,0.0,40.06
S005227,2026-01-01,Dania Beach,P0045,1,31.47,5.0,26.47
S006704,2026-03-15,Oakland Park,P0120,1,23.21,0.0,23.21
S004057,2025-12-07,Dania Beach,P0155,1,33.74,0.0,33.74
S005313,2026-01-05,Dania Beach,P0216,1,14.8,0.0,14.8
S000971,2025-08-10,Lake Worth,P0246,1,14.88,0.0,14.88
S006004,2026-02-09,Lake Worth,P0229,2,15.22,0.0,30.44
S005498,2026-01-15,Lake Worth,P0250,1,26.07,0.0,26.07
S008229,2026-04-28,Dania Beach,P0058,1,6.59,0.0,6.59
S001136,2025-08-16,Lake Worth,P0193,1,15.19,2.0,13.19
S006917,2026-03-23,Dania Beach,P0229,1,15.22,0.0,15.22
S007570,2026-04-12,Dania Beach,P0082,1,11.34,0.0,11.34
S006074,2026-02-14,Oakland Park,P0116,1,38.74,0.0,38.74
S001956,2025-09-18,Dania Beach,P0231,1,16.4,2.0,14.4
S008253,2026-04-30,Oakland Park,P0004,1,33.33,0.0,33.33
S007371,2026-04-07,Lake Worth,P0234,3,39.24,0.0,117.72
S009013,2026-05-29,Dania Beach,P0258,1,20.03,0.0,20.03
S007011,2026-03-28,Lake Worth,P0042,1,16.07,0.0,16.07
S008373,2026-05-04,Lake Worth,P0300,1,15.39,0.0,15.39
S000964,2025-08-10,Oakland Park,P0099,1,32.17,0.0,32.17
S001106,2025-08-15,Oakland Park,P0122,1,15.39,0.0,15.39
S001822,2025-09-12,Dania Beach,P0232,1,35.97,0.0,35.97
S009066,2026-05-31,Dania Beach,P0069,1,21.4,0.0,21.4
S002943,2025-10-27,Lake Worth,P0045,1,31.47,0.0,31.47
S001084,2025-08-14,Oakland Park,P0206,1,25.28,5.0,20.28
S007818,2026-04-18,Oakland Park,P0243,1,14.68,0.0,14.68
S001591,2025-09-03,Oakland Park,P0272,1,18.29,5.0,13.29
S001589,2025-09-03,Lake Worth,P0225,1,30.83,0.0,30.83
S008309,2026-05-02,Dania Beach,P0113,1,15.71,0.0,15.71
S005408,2026-01-10,Oakland Park,P0071,1,14.0,0.0,14.0
S003759,2025-11-30,Dania Beach,P0045,1,31.47,0.0,31.47
S004230,2025-12-11,Lake Worth,P0091,1,10.86,0.0,10.86
S000315,2025-07-13,Dania Beach,P0181,2,38.54,0.0,77.08
S003551,2025-11-21,Oakland Park,P0028,1,22.61,0.0,22.61
S003184,2025-11-05,Lake Worth,P0171,1,15.79,0.0,15.79
S003304,2025-11-10,Oakland Park,P0250,3,26.07,2.0,72.21
S003664,2025-11-25,Dania Beach,P0045,1,31.47,0.0,31.47
S001027,2025-08-12,Dania Beach,P0180,1,14.34,5.0,9.34
S009250,2026-06-07,Lake Worth,P0141,1,18.03,0.0,18.03
S007189,2026-04-03,Oakland Park,P0061,1,13.54,0.0,13.54
S006739,2026-03-16,Oakland Park,P0229,1,15.22,0.0,15.22
S003595,2025-11-23,Oakland Park,P0077,1,38.06,0.0,38.06
S005404,2026-01-10,Oakland Park,P0154,1,15.49,0.0,15.49
S006998,2026-03-27,Lake Worth,P0110,2,16.9,0.0,33.8
S001070,2025-08-14,Lake Worth,P0229,1,15.22,0.0,15.22
S001000,2025-08-11,Dania Beach,P0020,1,24.25,0.0,24.25
S006155,2026-02-18,Oakland Park,P0058,2,6.59,0.0,13.18
S005696,2026-01-25,Dania Beach,P0258,1,20.03,0.0,20.03
S004666,2025-12-20,Lake Worth,P0244,1,7.54,0.0,7.54
S006555,2026-03-08,Dania Beach,P0108,1,11.87,0.0,11.87
S007547,2026-04-12,Oakland Park,P0103,1,23.52,0.0,23.52
S005105,2025-12-29,Dania Beach,P0298,1,10.79,0.0,10.79
S002660,2025-10-16,Oakland Park,P0097,1,11.18,0.0,11.18
S005139,2025-12-30,Oakland Park,P0294,1,30.88,0.0,30.88
S001277,2025-08-23,Dania Beach,P0253,1,12.31,0.0,12.31
S001470,2025-08-30,Lake Worth,P0188,1,14.19,2.0,12.19
S008271,2026-04-30,Oakland Park,P0022,1,7.3,0.0,7.3
S000138,2025-07-06,Dania Beach,P0087,1,10.56,0.0,10.56
S006435,2026-03-03,Oakland Park,P0007,1,18.87,0.0,18.87
S000408,2025-07-17,Oakland Park,P0040,1,30.27,0.0,30.27
S005841,2026-02-01,Dania Beach,P0187,2,8.33,0.0,16.66
S000856,2025-08-04,Dania Beach,P0055,1,18.49,0.0,18.49
S006700,2026-03-15,Dania Beach,P0279,1,5.18,0.0,5.18
S001833,2025-09-13,Lake Worth,P0192,1,9.96,0.0,9.96
S008891,2026-05-24,Oakland Park,P0229,1,15.22,5.0,10.22
S003215,2025-11-06,Lake Worth,P0112,1,9.26,0.0,9.26
S001299,2025-08-23,Dania Beach,P0141,2,18.03,0.0,36.06
S006242,2026-02-22,Oakland Park,P0077,1,38.06,0.0,38.06
S004005,2025-12-06,Oakland Park,P0074,2,23.62,0.0,47.24
S008434,2026-05-07,Dania Beach,P0126,1,18.39,0.0,18.39
S003962,2025-12-05,Dania Beach,P0229,1,15.22,0.0,15.22
S008474,2026-05-08,Lake Worth,P0070,2,22.38,0.0,44.76
S006860,2026-03-21,Dania Beach,P0141,2,18.03,0.0,36.06
S005753,2026-01-29,Dania Beach,P0229,1,15.22,0.0,15.22
S001157,2025-08-17,Dania Beach,P0013,1,19.04,5.0,14.04
S009300,2026-06-09,Oakland Park,P0071,1,14.0,0.0,14.0
S009222,2026-06-06,Lake Worth,P0028,1,22.61,0.0,22.61
S008919,2026-05-25,Oakland Park,P0158,1,15.94,2.0,13.94
S004651,2025-12-20,Lake Worth,P0229,2,15.22,0.0,30.44
S001925,2025-09-17,Oakland Park,P0258,2,20.03,0.0,40.06
S002011,2025-09-21,Oakland Park,P0286,1,17.06,0.0,17.06
S001477,2025-08-30,Dania Beach,P0100,1,34.67,0.0,34.67
S005209,2025-12-31,Oakland Park,P0120,1,23.21,0.0,23.21
S003437,2025-11-16,Oakland Park,P0145,1,18.52,0.0,18.52
S002395,2025-10-05,Dania Beach,P0137,1,34.89,0.0,34.89
S003720,2025-11-28,Dania Beach,P0116,1,38.74,0.0,38.74
S003075,2025-11-01,Lake Worth,P0259,1,34.69,0.0,34.69
S006146,2026-02-17,Lake Worth,P0077,1,38.06,0.0,38.06
S000534,2025-07-22,Oakland Park,P0069,1,21.4,2.0,19.4
S007724,2026-04-16,Oakland Park,P0258,1,20.03,5.0,15.03
S004395,2025-12-14,Dania Beach,P0180,2,14.34,0.0,28.68
S003993,2025-12-06,Dania Beach,P0258,1,20.03,0.0,20.03
S006659,2026-03-13,Oakland Park,P0138,1,18.5,0.0,18.5
S002208,2025-09-28,Dania Beach,P0298,1,10.79,2.0,8.79
S006391,2026-03-01,Oakland Park,P0122,1,15.39,0.0,15.39
S009814,2026-06-29,Dania Beach,P0137,1,34.89,0.0,34.89
S004068,2025-12-07,Oakland Park,P0029,1,44.82,0.0,44.82
S009584,2026-06-21,Oakland Park,P0067,2,22.05,0.0,44.1
S000235,2025-07-09,Dania Beach,P0190,1,31.63,0.0,31.63
S000798,2025-08-02,Dania Beach,P0021,1,20.19,0.0,20.19
S002867,2025-10-24,Dania Beach,P0110,1,16.9,0.0,16.9
S000472,2025-07-19,Oakland Park,P0041,1,11.22,0.0,11.22
S001742,2025-09-09,Dania Beach,P0258,1,20.03,0.0,20.03
S002718,2025-10-18,Lake Worth,P0235,1,21.78,0.0,21.78
S006553,2026-03-08,Oakland Park,P0242,1,16.38,0.0,16.38
S004986,2025-12-27,Dania Beach,P0081,1,12.2,0.0,12.2
S000880,2025-08-05,Dania Beach,P0232,3,35.97,5.0,92.91
S009083,2026-06-01,Lake Worth,P0266,3,28.75,0.0,86.25
S004730,2025-12-22,Dania Beach,P0181,1,38.54,0.0,38.54
S009308,2026-06-10,Lake Worth,P0099,1,32.17,0.0,32.17
S005303,2026-01-05,Dania Beach,P0264,1,39.66,0.0,39.66
S009290,2026-06-08,Lake Worth,P0216,1,14.8,0.0,14.8
S007728,2026-04-16,Oakland Park,P0069,1,21.4,0.0,21.4
S003674,2025-11-26,Lake Worth,P0173,2,28.8,2.0,53.6
S000279,2025-07-11,Oakland Park,P0107,1,35.69,0.0,35.69
S005515,2026-01-16,Dania Beach,P0227,1,22.7,0.0,22.7
S000052,2025-07-03,Dania Beach,P0201,1,37.27,0.0,37.27
S001840,2025-09-13,Lake Worth,P0075,1,16.43,0.0,16.43
S002510,2025-10-09,Oakland Park,P0074,1,23.62,0.0,23.62
S000217,2025-07-08,Dania Beach,P0258,1,20.03,0.0,20.03
S000980,2025-08-10,Dania Beach,P0127,1,26.3,0.0,26.3
S008957,2026-05-27,Dania Beach,P0124,1,14.5,0.0,14.5
S002183,2025-09-27,Oakland Park,P0258,1,20.03,0.0,20.03
S009658,2026-06-23,Oakland Park,P0065,1,22.31,0.0,22.31
S008863,2026-05-23,Dania Beach,P0071,1,14.0,0.0,14.0
S002779,2025-10-20,Oakland Park,P0022,1,7.3,2.0,5.3
S001008,2025-08-11,Dania Beach,P0154,1,15.49,0.0,15.49
S000508,2025-07-21,Dania Beach,P0077,1,38.06,0.0,38.06
S008868,2026-05-23,Lake Worth,P0120,1,23.21,0.0,23.21
S001413,2025-08-27,Dania Beach,P0258,2,20.03,0.0,40.06
S007059,2026-03-30,Oakland Park,P0079,2,38.19,0.0,76.38
S005381,2026-01-09,Lake Worth,P0099,1,32.17,0.0,32.17
S005779,2026-01-30,Lake Worth,P0028,1,22.61,0.0,22.61
S008594,2026-05-12,Dania Beach,P0289,1,47.01,2.0,45.01
S006312,2026-02-27,Lake Worth,P0150,1,8.12,5.0,3.12
S001169,2025-08-17,Lake Worth,P0245,1,30.57,0.0,30.57
S003335,2025-11-11,Dania Beach,P0291,1,10.13,0.0,10.13
S004505,2025-12-17,Oakland Park,P0003,1,11.11,0.0,11.11
S009115,2026-06-02,Dania Beach,P0022,1,7.3,0.0,7.3
S003132,2025-11-03,Dania Beach,P0041,2,11.22,0.0,22.44
S006818,2026-03-20,Oakland Park,P0037,1,16.2,0.0,16.2
S006064,2026-02-13,Dania Beach,P0150,1,8.12,0.0,8.12
S008747,2026-05-18,Dania Beach,P0181,1,38.54,0.0,38.54
S006218,2026-02-21,Dania Beach,P0234,1,39.24,0.0,39.24
S003386,2025-11-14,Dania Beach,P0141,1,18.03,0.0,18.03
S009049,2026-05-30,Dania Beach,P0045,1,31.47,0.0,31.47
S001615,2025-09-04,Dania Beach,P0028,1,22.61,0.0,22.61
S004724,2025-12-22,Dania Beach,P0283,1,41.77,0.0,41.77
S000050,2025-07-03,Dania Beach,P0003,1,11.11,0.0,11.11
S008449,2026-05-07,Dania Beach,P0138,1,18.5,0.0,18.5
S006895,2026-03-22,Lake Worth,P0271,1,13.23,0.0,13.23
S009603,2026-06-21,Dania Beach,P0263,1,24.16,5.0,19.16
S000909,2025-08-07,Oakland Park,P0045,1,31.47,0.0,31.47
S006682,2026-03-14,Dania Beach,P0188,3,14.19,2.0,36.57
S008753,2026-05-18,Dania Beach,P0234,1,39.24,0.0,39.24
S004408,2025-12-15,Oakland Park,P0095,1,15.25,0.0,15.25
S009088,2026-06-01,Lake Worth,P0148,2,17.71,0.0,35.42
S003712,2025-11-28,Dania Beach,P0162,1,9.66,0.0,9.66
S003683,2025-11-26,Dania Beach,P0268,1,28.7,0.0,28.7
S003301,2025-11-09,Oakland Park,P0253,1,12.31,5.0,7.31
S007657,2026-04-14,Lake Worth,P0138,1,18.5,0.0,18.5
S008875,2026-05-23,Oakland Park,P0106,1,14.38,0.0,14.38
S008196,2026-04-27,Oakland Park,P0231,1,16.4,0.0,16.4
S004524,2025-12-17,Lake Worth,P0076,2,28.11,0.0,56.22
S004789,2025-12-23,Dania Beach,P0130,1,19.21,0.0,19.21
S006414,2026-03-03,Dania Beach,P0161,1,43.05,0.0,43.05
S004210,2025-12-11,Oakland Park,P0080,1,3.25,0.0,3.25
S002784,2025-10-20,Dania Beach,P0283,1,41.77,0.0,41.77
S001113,2025-08-16,Dania Beach,P0229,1,15.22,0.0,15.22
S001645,2025-09-06,Oakland Park,P0056,1,36.04,0.0,36.04
S002039,2025-09-22,Dania Beach,P0233,1,22.74,5.0,17.74
S007833,2026-04-18,Lake Worth,P0123,1,32.28,0.0,32.28
S002667,2025-10-16,Dania Beach,P0137,1,34.89,0.0,34.89
S005781,2026-01-30,Lake Worth,P0122,1,15.39,0.0,15.39
S001394,2025-08-27,Lake Worth,P0028,1,22.61,0.0,22.61
S006517,2026-03-07,Oakland Park,P0116,1,38.74,0.0,38.74
S007408,2026-04-08,Dania Beach,P0281,1,17.35,0.0,17.35
S008063,2026-04-25,Oakland Park,P0264,1,39.66,0.0,39.66
S007173,2026-04-03,Oakland Park,P0100,1,34.67,2.0,32.67
S001564,2025-09-02,Oakland Park,P0062,1,34.29,0.0,34.29
S003980,2025-12-05,Dania Beach,P0198,3,5.19,0.0,15.57
S006520,2026-03-07,Dania Beach,P0071,1,14.0,0.0,14.0
S005170,2025-12-31,Oakland Park,P0248,1,14.4,0.0,14.4
S001219,2025-08-20,Lake Worth,P0225,1,30.83,0.0,30.83
S003756,2025-11-29,Oakland Park,P0016,1,9.61,0.0,9.61
S004391,2025-12-14,Dania Beach,P0193,1,15.19,0.0,15.19
S001753,2025-09-09,Dania Beach,P0258,1,20.03,0.0,20.03
S007043,2026-03-29,Dania Beach,P0132,1,38.62,0.0,38.62
S000669,2025-07-28,Lake Worth,P0229,1,15.22,0.0,15.22
S002782,2025-10-20,Oakland Park,P0145,1,18.52,0.0,18.52
S009336,2026-06-11,Dania Beach,P0120,1,23.21,0.0,23.21
S004675,2025-12-21,Oakland Park,P0242,1,16.38,0.0,16.38
S001834,2025-09-13,Dania Beach,P0077,1,38.06,0.0,38.06
S007546,2026-04-12,Oakland Park,P0141,1,18.03,0.0,18.03
S000349,2025-07-14,Lake Worth,P0042,1,16.07,0.0,16.07
S003630,2025-11-24,Dania Beach,P0016,2,9.61,0.0,19.22
S001705,2025-09-07,Lake Worth,P0228,1,12.36,0.0,12.36
S008830,2026-05-22,Lake Worth,P0150,1,8.12,0.0,8.12
S006017,2026-02-10,Oakland Park,P0152,2,10.83,5.0,11.66
S003985,2025-12-06,Lake Worth,P0172,1,16.93,0.0,16.93
S003202,2025-11-06,Oakland Park,P0147,1,40.67,0.0,40.67
S001975,2025-09-19,Oakland Park,P0045,1,31.47,0.0,31.47
S002430,2025-10-06,Dania Beach,P0079,1,38.19,0.0,38.19
S003944,2025-12-05,Oakland Park,P0171,1,15.79,0.0,15.79
S004967,2025-12-27,Lake Worth,P0053,1,11.0,2.0,9.0
S003353,2025-11-12,Dania Beach,P0120,1,23.21,0.0,23.21
S009041,2026-05-30,Oakland Park,P0239,1,7.76,2.0,5.76
S004323,2025-12-13,Dania Beach,P0094,1,15.94,0.0,15.94
S000466,2025-07-19,Oakland Park,P0133,1,31.55,0.0,31.55
S008045,2026-04-24,Oakland Park,P0029,2,44.82,0.0,89.64
S000324,2025-07-13,Dania Beach,P0268,1,28.7,0.0,28.7
S007084,2026-03-31,Oakland Park,P0171,1,15.79,0.0,15.79
S003628,2025-11-24,Dania Beach,P0258,1,20.03,0.0,20.03
S002726,2025-10-18,Oakland Park,P0187,1,8.33,0.0,8.33
S000943,2025-08-09,Oakland Park,P0101,1,40.29,2.0,38.29
S008751,2026-05-18,Lake Worth,P0058,1,6.59,0.0,6.59
S000617,2025-07-26,Lake Worth,P0250,1,26.07,0.0,26.07
S002076,2025-09-23,Oakland Park,P0141,1,18.03,0.0,18.03
S008619,2026-05-13,Dania Beach,P0028,1,22.61,0.0,22.61
S004500,2025-12-17,Dania Beach,P0203,1,28.04,0.0,28.04
S000658,2025-07-27,Oakland Park,P0258,1,20.03,0.0,20.03
S009372,2026-06-13,Dania Beach,P0065,1,22.31,0.0,22.31
S000011,2025-07-01,Dania Beach,P0297,3,17.64,0.0,52.92
S009630,2026-06-22,Dania Beach,P0227,1,22.7,0.0,22.7
S005489,2026-01-15,Oakland Park,P0022,1,7.3,0.0,7.3
S004125,2025-12-09,Oakland Park,P0102,1,16.27,0.0,16.27
S005883,2026-02-03,Dania Beach,P0150,1,8.12,0.0,8.12
S007726,2026-04-16,Oakland Park,P0280,1,15.83,0.0,15.83
S004109,2025-12-08,Oakland Park,P0224,1,28.47,0.0,28.47
S007917,2026-04-21,Dania Beach,P0258,1,20.03,5.0,15.03
S005582,2026-01-19,Dania Beach,P0258,1,20.03,0.0,20.03
S007994,2026-04-23,Dania Beach,P0028,1,22.61,0.0,22.61
S000495,2025-07-20,Dania Beach,P0258,1,20.03,0.0,20.03
S003779,2025-11-30,Dania Beach,P0041,1,11.22,0.0,11.22
S008175,2026-04-27,Oakland Park,P0162,1,9.66,0.0,9.66
S003709,2025-11-27,Dania Beach,P0234,1,39.24,2.0,37.24
S008428,2026-05-06,Dania Beach,P0253,1,12.31,0.0,12.31
S003638,2025-11-24,Dania Beach,P0126,1,18.39,0.0,18.39
S005054,2025-12-28,Dania Beach,P0104,1,23.8,0.0,23.8
S005716,2026-01-26,Dania Beach,P0141,1,18.03,2.0,16.03
S003714,2025-11-28,Oakland Park,P0019,1,19.0,2.0,17.0
S002080,2025-09-23,Dania Beach,P0071,1,14.0,0.0,14.0
S004658,2025-12-20,Oakland Park,P0037,2,16.2,0.0,32.4
S001371,2025-08-26,Oakland Park,P0068,3,18.85,0.0,56.55
S004836,2025-12-24,Oakland Park,P0034,1,17.39,2.0,15.39
S005797,2026-01-31,Dania Beach,P0053,1,11.0,0.0,11.0
S008473,2026-05-08,Dania Beach,P0300,1,15.39,0.0,15.39
S003769,2025-11-30,Lake Worth,P0160,1,15.14,0.0,15.14
S005008,2025-12-28,Dania Beach,P0082,1,11.34,2.0,9.34
S009637,2026-06-22,Oakland Park,P0033,1,13.41,0.0,13.41
S002744,2025-10-19,Dania Beach,P0028,1,22.61,0.0,22.61
S001007,2025-08-11,Oakland Park,P0229,1,15.22,0.0,15.22
S007488,2026-04-10,Dania Beach,P0043,1,11.96,0.0,11.96
S008855,2026-05-23,Dania Beach,P0241,1,10.09,0.0,10.09
S009217,2026-06-06,Lake Worth,P0113,1,15.71,0.0,15.71
S003314,2025-11-10,Lake Worth,P0120,1,23.21,0.0,23.21
S001457,2025-08-29,Oakland Park,P0108,1,11.87,0.0,11.87
S001540,2025-09-01,Dania Beach,P0265,1,19.55,0.0,19.55
S006706,2026-03-15,Oakland Park,P0258,1,20.03,5.0,15.03
S001026,2025-08-12,Dania Beach,P0278,2,27.49,0.0,54.98
S002592,2025-10-13,Dania Beach,P0233,1,22.74,0.0,22.74
S005938,2026-02-06,Lake Worth,P0004,1,33.33,0.0,33.33
S002514,2025-10-10,Lake Worth,P0091,1,10.86,0.0,10.86
S007781,2026-04-18,Oakland Park,P0138,1,18.5,2.0,16.5
S007265,2026-04-05,Lake Worth,P0234,1,39.24,0.0,39.24
S001760,2025-09-10,Dania Beach,P0069,1,21.4,0.0,21.4
S006034,2026-02-11,Lake Worth,P0148,1,17.71,0.0,17.71
S003807,2025-12-01,Lake Worth,P0182,1,25.07,0.0,25.07
S007506,2026-04-11,Lake Worth,P0258,1,20.03,0.0,20.03
S008040,2026-04-24,Dania Beach,P0102,1,16.27,0.0,16.27
S004262,2025-12-12,Dania Beach,P0098,1,12.85,0.0,12.85
S008719,2026-05-17,Dania Beach,P0138,1,18.5,5.0,13.5
S001693,2025-09-07,Oakland Park,P0181,1,38.54,5.0,33.54
S005784,2026-01-30,Dania Beach,P0045,1,31.47,0.0,31.47
S009457,2026-06-15,Dania Beach,P0222,1,25.03,0.0,25.03
S008408,2026-05-06,Lake Worth,P0242,2,16.38,0.0,32.76
S006189,2026-02-20,Lake Worth,P0110,2,16.9,0.0,33.8
S009190,2026-06-05,Lake Worth,P0266,1,28.75,0.0,28.75
S004550,2025-12-18,Dania Beach,P0258,1,20.03,0.0,20.03
S009840,2026-06-30,Dania Beach,P0123,1,32.28,0.0,32.28
S005680,2026-01-24,Dania Beach,P0071,2,14.0,0.0,28.0
S008872,2026-05-23,Oakland Park,P0004,1,33.33,0.0,33.33
S001059,2025-08-13,Oakland Park,P0109,1,19.26,0.0,19.26
S008277,2026-04-30,Dania Beach,P0258,1,20.03,0.0,20.03
S001107,2025-08-15,Lake Worth,P0071,1,14.0,5.0,9.0
S001688,2025-09-07,Oakland Park,P0232,3,35.97,0.0,107.91
S007552,2026-04-12,Lake Worth,P0234,3,39.24,0.0,117.72
S002648,2025-10-15,Oakland Park,P0120,1,23.21,0.0,23.21
S001361,2025-08-26,Oakland Park,P0291,1,10.13,0.0,10.13
S008514,2026-05-09,Lake Worth,P0069,1,21.4,0.0,21.4
S000602,2025-07-26,Dania Beach,P0071,2,14.0,0.0,28.0
S004049,2025-12-07,Oakland Park,P0258,1,20.03,0.0,20.03
S007275,2026-04-05,Oakland Park,P0250,1,26.07,0.0,26.07
S008410,2026-05-06,Dania Beach,P0298,1,10.79,0.0,10.79
S006857,2026-03-21,Dania Beach,P0232,3,35.97,2.0,101.91
S005275,2026-01-04,Dania Beach,P0253,2,12.31,0.0,24.62
S006346,2026-02-28,Dania Beach,P0028,1,22.61,0.0,22.61
S009386,2026-06-13,Dania Beach,P0168,1,9.03,0.0,9.03
S003079,2025-11-01,Dania Beach,P0274,1,22.73,0.0,22.73
S001430,2025-08-28,Lake Worth,P0226,1,19.09,0.0,19.09
S008463,2026-05-08,Dania Beach,P0100,1,34.67,0.0,34.67
S000695,2025-07-29,Lake Worth,P0183,1,39.68,0.0,39.68
S004228,2025-12-11,Dania Beach,P0258,1,20.03,0.0,20.03
S001877,2025-09-14,Lake Worth,P0120,1,23.21,0.0,23.21
S001231,2025-08-20,Dania Beach,P0007,1,18.87,5.0,13.87
S008096,2026-04-25,Dania Beach,P0112,1,9.26,0.0,9.26
S007450,2026-04-09,Dania Beach,P0028,1,22.61,0.0,22.61
S004263,2025-12-12,Oakland Park,P0231,1,16.4,0.0,16.4
S001338,2025-08-25,Oakland Park,P0097,1,11.18,0.0,11.18
S001082,2025-08-14,Oakland Park,P0250,1,26.07,0.0,26.07
S008742,2026-05-18,Oakland Park,P0112,1,9.26,0.0,9.26
S009597,2026-06-21,Dania Beach,P0057,1,31.85,5.0,26.85
S006711,2026-03-15,Lake Worth,P0028,1,22.61,0.0,22.61
S000409,2025-07-17,Dania Beach,P0181,1,38.54,0.0,38.54
S007375,2026-04-07,Oakland Park,P0028,2,22.61,0.0,45.22
S002012,2025-09-21,Dania Beach,P0181,1,38.54,0.0,38.54
S006827,2026-03-20,Oakland Park,P0207,1,8.62,0.0,8.62
S008613,2026-05-13,Oakland Park,P0002,1,33.09,0.0,33.09
S008358,2026-05-03,Oakland Park,P0243,1,14.68,0.0,14.68
S007934,2026-04-21,Dania Beach,P0229,1,15.22,0.0,15.22
S003057,2025-10-31,Dania Beach,P0251,1,16.69,0.0,16.69
S006014,2026-02-10,Lake Worth,P0196,1,23.33,0.0,23.33
S002975,2025-10-28,Oakland Park,P0098,2,12.85,0.0,25.7
S007525,2026-04-11,Dania Beach,P0138,1,18.5,0.0,18.5
S007537,2026-04-11,Lake Worth,P0286,1,17.06,0.0,17.06
S009293,2026-06-08,Lake Worth,P0102,1,16.27,0.0,16.27
S006486,2026-03-06,Oakland Park,P0034,1,17.39,0.0,17.39
S002072,2025-09-23,Dania Beach,P0147,2,40.67,0.0,81.34
S007576,2026-04-12,Dania Beach,P0232,1,35.97,2.0,33.97
S004894,2025-12-26,Dania Beach,P0248,1,14.4,0.0,14.4
S002838,2025-10-23,Dania Beach,P0028,1,22.61,0.0,22.61
S001411,2025-08-27,Oakland Park,P0144,1,39.21,0.0,39.21
S005376,2026-01-09,Dania Beach,P0264,1,39.66,0.0,39.66
S002787,2025-10-20,Dania Beach,P0261,1,13.52,2.0,11.52
S008857,2026-05-23,Oakland Park,P0070,1,22.38,0.0,22.38
S000440,2025-07-18,Dania Beach,P0108,1,11.87,0.0,11.87
S003738,2025-11-29,Dania Beach,P0188,1,14.19,0.0,14.19
S003206,2025-11-06,Oakland Park,P0063,1,32.31,0.0,32.31
S007050,2026-03-29,Oakland Park,P0035,1,25.13,0.0,25.13
S004668,2025-12-21,Dania Beach,P0138,1,18.5,0.0,18.5
S006775,2026-03-18,Dania Beach,P0219,1,19.95,0.0,19.95
S001888,2025-09-15,Lake Worth,P0260,1,16.34,0.0,16.34
S009377,2026-06-13,Oakland Park,P0105,1,41.09,0.0,41.09
S000776,2025-08-02,Dania Beach,P0192,2,9.96,0.0,19.92
S003969,2025-12-05,Oakland Park,P0138,1,18.5,0.0,18.5
S001977,2025-09-20,Oakland Park,P0035,1,25.13,0.0,25.13
S003800,2025-12-01,Oakland Park,P0233,1,22.74,0.0,22.74
S005827,2026-02-01,Dania Beach,P0258,1,20.03,0.0,20.03
S006733,2026-03-16,Dania Beach,P0022,1,7.3,0.0,7.3
S007971,2026-04-22,Dania Beach,P0258,1,20.03,0.0,20.03
S004052,2025-12-07,Dania Beach,P0229,2,15.22,0.0,30.44
S004767,2025-12-23,Dania Beach,P0123,1,32.28,0.0,32.28
S004353,2025-12-14,Oakland Park,P0152,1,10.83,0.0,10.83
S003071,2025-11-01,Lake Worth,P0229,1,15.22,0.0,15.22
S005591,2026-01-20,Dania Beach,P0041,1,11.22,0.0,11.22
S002470,2025-10-08,Lake Worth,P0075,2,16.43,0.0,32.86
S009146,2026-06-03,Dania Beach,P0055,1,18.49,2.0,16.49
S008374,2026-05-04,Oakland Park,P0258,1,20.03,2.0,18.03
S001201,2025-08-19,Lake Worth,P0253,1,12.31,0.0,12.31
S008548,2026-05-10,Dania Beach,P0028,1,22.61,0.0,22.61
S001767,2025-09-10,Oakland Park,P0069,1,21.4,0.0,21.4
S009095,2026-06-01,Oakland Park,P0178,1,35.29,0.0,35.29
S007617,2026-04-13,Oakland Park,P0112,3,9.26,0.0,27.78
S005310,2026-01-05,Dania Beach,P0055,1,18.49,2.0,16.49
S000922,2025-08-07,Oakland Park,P0267,1,35.08,0.0,35.08
S004232,2025-12-11,Dania Beach,P0246,1,14.88,0.0,14.88
S004205,2025-12-11,Lake Worth,P0107,1,35.69,0.0,35.69
S008602,2026-05-13,Oakland Park,P0285,3,24.04,0.0,72.12
S004847,2025-12-24,Lake Worth,P0250,1,26.07,0.0,26.07
S009415,2026-06-14,Lake Worth,P0123,1,32.28,0.0,32.28
S008021,2026-04-24,Oakland Park,P0156,1,33.24,0.0,33.24
S003296,2025-11-09,Dania Beach,P0028,1,22.61,0.0,22.61
S004221,2025-12-11,Lake Worth,P0153,1,24.73,0.0,24.73
S000319,2025-07-13,Dania Beach,P0129,2,7.89,0.0,15.78
S000872,2025-08-05,Oakland Park,P0269,1,19.37,0.0,19.37
S004425,2025-12-15,Dania Beach,P0258,1,20.03,0.0,20.03
S008026,2026-04-24,Dania Beach,P0152,1,10.83,0.0,10.83
S008510,2026-05-09,Oakland Park,P0008,1,23.36,0.0,23.36
S004908,2025-12-26,Dania Beach,P0028,1,22.61,0.0,22.61
S008655,2026-05-15,Oakland Park,P0221,1,26.83,0.0,26.83
S008858,2026-05-23,Oakland Park,P0035,3,25.13,0.0,75.39
S002855,2025-10-24,Oakland Park,P0298,1,10.79,0.0,10.79
S002016,2025-09-21,Lake Worth,P0187,1,8.33,0.0,8.33
S001029,2025-08-12,Dania Beach,P0141,1,18.03,0.0,18.03
S007372,2026-04-07,Dania Beach,P0265,2,19.55,5.0,29.1
S005055,2025-12-28,Dania Beach,P0141,1,18.03,0.0,18.03
S006426,2026-03-03,Dania Beach,P0029,1,44.82,0.0,44.82
S002888,2025-10-25,Oakland Park,P0022,2,7.3,0.0,14.6
S004661,2025-12-20,Dania Beach,P0258,1,20.03,0.0,20.03
S003910,2025-12-04,Oakland Park,P0094,1,15.94,0.0,15.94
S009421,2026-06-14,Dania Beach,P0258,1,20.03,2.0,18.03
S000238,2025-07-09,Dania Beach,P0258,1,20.03,0.0,20.03
S004326,2025-12-13,Dania Beach,P0232,1,35.97,0.0,35.97
S007841,2026-04-19,Dania Beach,P0007,1,18.87,0.0,18.87
S007224,2026-04-04,Oakland Park,P0041,2,11.22,0.0,22.44
S003887,2025-12-03,Lake Worth,P0180,1,14.34,0.0,14.34
S002848,2025-10-23,Oakland Park,P0014,1,41.58,0.0,41.58
S004523,2025-12-17,Oakland Park,P0079,3,38.19,0.0,114.57
S002683,2025-10-17,Dania Beach,P0219,1,19.95,0.0,19.95
S005134,2025-12-30,Oakland Park,P0102,1,16.27,2.0,14.27
S002325,2025-10-02,Dania Beach,P0141,1,18.03,0.0,18.03
S004794,2025-12-23,Oakland Park,P0120,1,23.21,0.0,23.21
S007508,2026-04-11,Dania Beach,P0129,1,7.89,0.0,7.89
S002121,2025-09-25,Dania Beach,P0229,1,15.22,0.0,15.22
S000730,2025-07-31,Dania Beach,P0281,1,17.35,2.0,15.35
S007572,2026-04-12,Oakland Park,P0258,2,20.03,0.0,40.06
S008202,2026-04-28,Oakland Park,P0080,1,3.25,2.0,1.25
S008383,2026-05-04,Oakland Park,P0278,1,27.49,0.0,27.49
S007541,2026-04-11,Oakland Park,P0203,1,28.04,0.0,28.04
S007355,2026-04-07,Oakland Park,P0071,1,14.0,0.0,14.0
S007526,2026-04-11,Oakland Park,P0116,1,38.74,0.0,38.74
S005028,2025-12-28,Lake Worth,P0207,1,8.62,0.0,8.62
S005232,2026-01-02,Dania Beach,P0074,1,23.62,0.0,23.62
S002568,2025-10-12,Oakland Park,P0186,1,8.27,0.0,8.27
S002911,2025-10-26,Oakland Park,P0209,1,38.73,0.0,38.73
S007531,2026-04-11,Oakland Park,P0298,1,10.79,0.0,10.79
S009325,2026-06-11,Oakland Park,P0123,1,32.28,0.0,32.28
S000482,2025-07-20,Lake Worth,P0112,1,9.26,0.0,9.26
S007589,2026-04-12,Dania Beach,P0033,1,13.41,0.0,13.41
S005701,2026-01-25,Dania Beach,P0141,1,18.03,0.0,18.03
S005342,2026-01-07,Oakland Park,P0283,1,41.77,2.0,39.77
S002226,2025-09-29,Dania Beach,P0220,1,18.24,0.0,18.24
S005682,2026-01-24,Oakland Park,P0028,1,22.61,0.0,22.61
S008067,2026-04-25,Dania Beach,P0109,1,19.26,0.0,19.26
S007681,2026-04-14,Oakland Park,P0181,1,38.54,0.0,38.54
S007860,2026-04-19,Oakland Park,P0157,1,8.43,0.0,8.43
S004645,2025-12-20,Dania Beach,P0082,2,11.34,0.0,22.68
S005931,2026-02-06,Dania Beach,P0091,1,10.86,0.0,10.86
S007051,2026-03-29,Lake Worth,P0272,1,18.29,0.0,18.29
S006734,2026-03-16,Oakland Park,P0229,1,15.22,0.0,15.22
S005042,2025-12-28,Oakland Park,P0022,1,7.3,0.0,7.3
S006032,2026-02-11,Dania Beach,P0181,1,38.54,2.0,36.54
S004880,2025-12-25,Oakland Park,P0229,2,15.22,0.0,30.44
S003900,2025-12-04,Dania Beach,P0006,1,18.74,0.0,18.74
S007060,2026-03-30,Oakland Park,P0137,1,34.89,0.0,34.89
S005277,2026-01-04,Lake Worth,P0239,1,7.76,0.0,7.76
S004984,2025-12-27,Oakland Park,P0196,1,23.33,2.0,21.33
S007116,2026-04-01,Oakland Park,P0066,1,15.19,0.0,15.19
S004438,2025-12-15,Dania Beach,P0169,1,28.05,0.0,28.05
S006097,2026-02-15,Dania Beach,P0116,1,38.74,0.0,38.74
S000025,2025-07-02,Lake Worth,P0250,1,26.07,0.0,26.07
S008162,2026-04-27,Dania Beach,P0025,1,37.2,0.0,37.2
S004948,2025-12-27,Dania Beach,P0138,1,18.5,0.0,18.5
S009823,2026-06-30,Oakland Park,P0158,1,15.94,0.0,15.94
S003014,2025-10-30,Lake Worth,P0037,1,16.2,0.0,16.2
S005525,2026-01-17,Oakland Park,P0258,1,20.03,2.0,18.03
S008612,2026-05-13,Lake Worth,P0264,1,39.66,5.0,34.66
S006122,2026-02-16,Oakland Park,P0196,1,23.33,0.0,23.33
S001873,2025-09-14,Dania Beach,P0165,1,17.48,0.0,17.48
S001787,2025-09-11,Lake Worth,P0237,3,18.61,0.0,55.83
S005265,2026-01-03,Oakland Park,P0185,1,20.14,0.0,20.14
S008502,2026-05-09,Dania Beach,P0120,1,23.21,0.0,23.21
S006278,2026-02-25,Dania Beach,P0106,1,14.38,0.0,14.38
S001764,2025-09-10,Oakland Park,P0099,1,32.17,0.0,32.17
S007122,2026-04-01,Lake Worth,P0156,1,33.24,0.0,33.24
S006272,2026-02-24,Oakland Park,P0119,1,10.1,2.0,8.1
S007612,2026-04-13,Lake Worth,P0122,1,15.39,5.0,10.39
S009132,2026-06-02,Lake Worth,P0099,1,32.17,0.0,32.17
S005842,2026-02-01,Dania Beach,P0152,1,10.83,0.0,10.83
S002400,2025-10-05,Oakland Park,P0258,1,20.03,0.0,20.03
S007680,2026-04-14,Dania Beach,P0197,1,24.23,0.0,24.23
S004351,2025-12-14,Dania Beach,P0282,1,14.8,0.0,14.8
S004088,2025-12-07,Lake Worth,P0117,1,13.24,0.0,13.24
S000742,2025-07-31,Dania Beach,P0229,1,15.22,0.0,15.22
S006968,2026-03-26,Dania Beach,P0013,1,19.04,0.0,19.04
S004315,2025-12-13,Dania Beach,P0245,1,30.57,0.0,30.57
S009616,2026-06-21,Dania Beach,P0229,1,15.22,0.0,15.22
S004108,2025-12-08,Dania Beach,P0258,1,20.03,0.0,20.03
S003727,2025-11-28,Oakland Park,P0135,2,18.06,0.0,36.12
S006929,2026-03-24,Dania Beach,P0209,2,38.73,0.0,77.46
S007847,2026-04-19,Dania Beach,P0138,1,18.5,0.0,18.5
S004862,2025-12-25,Dania Beach,P0050,1,16.14,2.0,14.14
S000454,2025-07-19,Oakland Park,P0001,1,37.04,0.0,37.04
S007244,2026-04-04,Dania Beach,P0116,1,38.74,0.0,38.74
S006599,2026-03-10,Oakland Park,P0037,1,16.2,5.0,11.2
S006871,2026-03-21,Lake Worth,P0150,1,8.12,0.0,8.12
S000912,2025-08-07,Lake Worth,P0045,1,31.47,0.0,31.47
S004101,2025-12-08,Dania Beach,P0132,1,38.62,0.0,38.62
S006195,2026-02-20,Oakland Park,P0037,1,16.2,0.0,16.2
S005253,2026-01-03,Oakland Park,P0159,1,5.86,0.0,5.86
S000241,2025-07-09,Dania Beach,P0226,1,19.09,5.0,14.09
S002393,2025-10-05,Dania Beach,P0163,2,12.13,0.0,24.26
S008604,2026-05-13,Dania Beach,P0028,1,22.61,0.0,22.61
S001530,2025-09-01,Dania Beach,P0138,1,18.5,0.0,18.5
S003366,2025-11-13,Oakland Park,P0284,1,19.93,0.0,19.93
S009156,2026-06-04,Dania Beach,P0181,1,38.54,0.0,38.54
S001378,2025-08-26,Lake Worth,P0121,1,26.48,0.0,26.48
S007842,2026-04-19,Oakland Park,P0229,1,15.22,0.0,15.22
S001176,2025-08-18,Oakland Park,P0258,1,20.03,0.0,20.03
S008310,2026-05-02,Oakland Park,P0046,1,16.17,0.0,16.17
S003253,2025-11-08,Oakland Park,P0028,1,22.61,0.0,22.61
S009436,2026-06-15,Dania Beach,P0229,1,15.22,0.0,15.22
S004453,2025-12-16,Dania Beach,P0185,1,20.14,0.0,20.14
S006853,2026-03-21,Lake Worth,P0258,1,20.03,0.0,20.03
S005019,2025-12-28,Oakland Park,P0263,1,24.16,0.0,24.16
S000851,2025-08-04,Lake Worth,P0148,1,17.71,0.0,17.71
S009552,2026-06-20,Dania Beach,P0120,1,23.21,0.0,23.21
S003990,2025-12-06,Dania Beach,P0258,1,20.03,0.0,20.03
S003657,2025-11-25,Oakland Park,P0112,1,9.26,2.0,7.26
S001372,2025-08-26,Dania Beach,P0003,1,11.11,0.0,11.11
S005068,2025-12-28,Oakland Park,P0278,1,27.49,0.0,27.49
S000259,2025-07-10,Dania Beach,P0028,1,22.61,0.0,22.61
S001678,2025-09-06,Dania Beach,P0042,2,16.07,0.0,32.14
S001798,2025-09-11,Lake Worth,P0216,1,14.8,0.0,14.8
S000768,2025-08-01,Oakland Park,P0010,2,26.25,0.0,52.5
S004941,2025-12-27,Oakland Park,P0231,1,16.4,0.0,16.4
S007127,2026-04-01,Oakland Park,P0282,1,14.8,0.0,14.8
S008244,2026-04-29,Dania Beach,P0250,1,26.07,0.0,26.07
S006796,2026-03-19,Oakland Park,P0229,1,15.22,0.0,15.22
S002728,2025-10-18,Dania Beach,P0175,1,10.78,0.0,10.78
S006330,2026-02-27,Lake Worth,P0181,1,38.54,0.0,38.54
S007142,2026-04-01,Dania Beach,P0258,1,20.03,0.0,20.03
S005840,2026-02-01,Lake Worth,P0120,1,23.21,0.0,23.21
S007764,2026-04-17,Oakland Park,P0138,1,18.5,0.0,18.5
S009722,2026-06-26,Oakland Park,P0250,1,26.07,2.0,24.07
S002949,2025-10-27,Dania Beach,P0123,1,32.28,0.0,32.28
S006154,2026-02-18,Dania Beach,P0175,1,10.78,0.0,10.78
S000749,2025-07-31,Lake Worth,P0232,1,35.97,0.0,35.97
S000560,2025-07-24,Oakland Park,P0031,1,23.06,0.0,23.06
S001391,2025-08-27,Oakland Park,P0176,1,38.34,0.0,38.34
S000291,2025-07-12,Oakland Park,P0229,1,15.22,0.0,15.22
S002751,2025-10-19,Oakland Park,P0286,1,17.06,0.0,17.06
S004994,2025-12-27,Dania Beach,P0098,1,12.85,0.0,12.85
S008466,2026-05-08,Dania Beach,P0232,1,35.97,0.0,35.97
S006243,2026-02-22,Oakland Park,P0026,1,24.77,0.0,24.77
S005645,2026-01-23,Dania Beach,P0024,1,12.01,0.0,12.01
S000568,2025-07-24,Dania Beach,P0258,2,20.03,2.0,36.06
S006919,2026-03-23,Dania Beach,P0250,1,26.07,0.0,26.07
S005166,2025-12-30,Oakland Park,P0170,1,12.29,0.0,12.29
S003987,2025-12-06,Oakland Park,P0036,1,4.54,2.0,2.54
S007599,2026-04-12,Lake Worth,P0022,1,7.3,0.0,7.3
S004656,2025-12-20,Dania Beach,P0138,1,18.5,0.0,18.5
S002086,2025-09-23,Oakland Park,P0045,2,31.47,0.0,62.94
S004063,2025-12-07,Dania Beach,P0148,1,17.71,0.0,17.71
S003246,2025-11-08,Dania Beach,P0283,1,41.77,0.0,41.77
S008399,2026-05-05,Dania Beach,P0181,1,38.54,0.0,38.54
S007549,2026-04-12,Oakland Park,P0078,1,34.08,0.0,34.08
S003532,2025-11-20,Dania Beach,P0234,3,39.24,0.0,117.72
S001719,2025-09-08,Dania Beach,P0258,1,20.03,0.0,20.03
S001585,2025-09-03,Oakland Park,P0026,1,24.77,0.0,24.77
S001827,2025-09-12,Dania Beach,P0123,2,32.28,0.0,64.56
S003646,2025-11-25,Oakland Park,P0127,1,26.3,0.0,26.3
S007457,2026-04-09,Dania Beach,P0260,1,16.34,0.0,16.34
S008089,2026-04-25,Dania Beach,P0207,1,8.62,0.0,8.62
S008658,2026-05-15,Lake Worth,P0062,1,34.29,0.0,34.29
S007945,2026-04-22,Dania Beach,P0105,1,41.09,0.0,41.09
S001075,2025-08-14,Dania Beach,P0101,1,40.29,0.0,40.29
S004602,2025-12-19,Lake Worth,P0112,1,9.26,0.0,9.26
S001732,2025-09-08,Dania Beach,P0016,2,9.61,0.0,19.22
S000591,2025-07-26,Oakland Park,P0120,2,23.21,0.0,46.42
S004470,2025-12-16,Dania Beach,P0209,1,38.73,2.0,36.73
S001104,2025-08-15,Dania Beach,P0181,2,38.54,0.0,77.08
S003111,2025-11-02,Dania Beach,P0100,1,34.67,0.0,34.67
S007462,2026-04-10,Lake Worth,P0278,1,27.49,0.0,27.49
S008050,2026-04-24,Oakland Park,P0256,1,20.62,0.0,20.62
S002155,2025-09-26,Dania Beach,P0069,1,21.4,0.0,21.4
S007859,2026-04-19,Dania Beach,P0058,1,6.59,5.0,1.59
S000046,2025-07-02,Dania Beach,P0128,1,25.5,0.0,25.5
S000016,2025-07-01,Oakland Park,P0099,1,32.17,0.0,32.17
S007722,2026-04-16,Oakland Park,P0052,3,20.69,0.0,62.07
S008945,2026-05-26,Oakland Park,P0005,1,12.32,0.0,12.32
S001984,2025-09-20,Oakland Park,P0150,1,8.12,0.0,8.12
S006777,2026-03-18,Dania Beach,P0042,1,16.07,0.0,16.07
S007812,2026-04-18,Oakland Park,P0214,2,40.55,0.0,81.1
S008285,2026-05-01,Lake Worth,P0123,1,32.28,0.0,32.28
S003702,2025-11-27,Dania Beach,P0045,1,31.47,0.0,31.47
S000828,2025-08-03,Oakland Park,P0181,1,38.54,0.0,38.54
S000074,2025-07-03,Oakland Park,P0052,1,20.69,0.0,20.69
S007277,2026-04-05,Lake Worth,P0088,1,14.79,2.0,12.79
S005333,2026-01-07,Dania Beach,P0123,1,32.28,0.0,32.28
S003198,2025-11-05,Oakland Park,P0265,1,19.55,0.0,19.55
S004100,2025-12-08,Oakland Park,P0281,1,17.35,0.0,17.35
S006417,2026-03-03,Lake Worth,P0091,1,10.86,0.0,10.86
S005763,2026-01-29,Oakland Park,P0069,1,21.4,0.0,21.4
S002252,2025-09-30,Oakland Park,P0248,1,14.4,0.0,14.4
S006420,2026-03-03,Oakland Park,P0220,1,18.24,0.0,18.24
S007026,2026-03-29,Dania Beach,P0282,1,14.8,2.0,12.8
S007336,2026-04-06,Dania Beach,P0205,2,34.1,0.0,68.2
S000841,2025-08-04,Dania Beach,P0041,2,11.22,5.0,12.44
S000977,2025-08-10,Dania Beach,P0056,1,36.04,0.0,36.04
S007231,2026-04-04,Dania Beach,P0232,2,35.97,0.0,71.94
S001681,2025-09-06,Dania Beach,P0112,1,9.26,0.0,9.26
S001267,2025-08-22,Oakland Park,P0113,1,15.71,0.0,15.71
S002846,2025-10-23,Oakland Park,P0298,1,10.79,0.0,10.79
S003614,2025-11-23,Dania Beach,P0203,1,28.04,0.0,28.04
S008831,2026-05-22,Oakland Park,P0116,1,38.74,0.0,38.74
S002588,2025-10-13,Dania Beach,P0051,1,31.0,0.0,31.0
S000802,2025-08-02,Dania Beach,P0213,1,4.58,2.0,2.58
S001698,2025-09-07,Dania Beach,P0258,1,20.03,0.0,20.03
S003401,2025-11-14,Dania Beach,P0123,2,32.28,0.0,64.56
S008158,2026-04-27,Dania Beach,P0008,1,23.36,0.0,23.36
S005355,2026-01-08,Dania Beach,P0147,1,40.67,0.0,40.67
S001965,2025-09-19,Dania Beach,P0038,1,16.31,0.0,16.31
S008140,2026-04-26,Oakland Park,P0028,1,22.61,0.0,22.61
S006404,2026-03-02,Dania Beach,P0039,1,18.68,0.0,18.68
S009464,2026-06-16,Dania Beach,P0033,1,13.41,0.0,13.41
S002493,2025-10-08,Dania Beach,P0028,1,22.61,0.0,22.61
S000230,2025-07-09,Oakland Park,P0234,1,39.24,5.0,34.24
S000614,2025-07-26,Oakland Park,P0082,1,11.34,0.0,11.34
S005898,2026-02-04,Oakland Park,P0082,1,11.34,0.0,11.34
S008191,2026-04-27,Oakland Park,P0012,1,14.93,5.0,9.93
S003539,2025-11-20,Dania Beach,P0101,2,40.29,0.0,80.58
S004890,2025-12-25,Dania Beach,P0028,1,22.61,0.0,22.61
S004892,2025-12-26,Oakland Park,P0061,1,13.54,5.0,8.54
S007304,2026-04-05,Dania Beach,P0028,2,22.61,0.0,45.22
S000358,2025-07-15,Dania Beach,P0250,1,26.07,0.0,26.07
S009108,2026-06-02,Dania Beach,P0201,1,37.27,0.0,37.27
S004007,2025-12-06,Dania Beach,P0138,1,18.5,0.0,18.5
S002817,2025-10-22,Oakland Park,P0209,1,38.73,0.0,38.73
S005169,2025-12-30,Dania Beach,P0264,1,39.66,0.0,39.66
S001156,2025-08-17,Oakland Park,P0223,1,16.45,0.0,16.45
S005413,2026-01-11,Dania Beach,P0102,1,16.27,0.0,16.27
S005129,2025-12-30,Dania Beach,P0171,1,15.79,0.0,15.79
S001163,2025-08-17,Oakland Park,P0262,1,32.15,0.0,32.15
S006273,2026-02-24,Lake Worth,P0025,1,37.2,0.0,37.2
S005690,2026-01-24,Dania Beach,P0099,1,32.17,0.0,32.17
S003219,2025-11-07,Oakland Park,P0081,1,12.2,0.0,12.2
S004834,2025-12-24,Dania Beach,P0022,2,7.3,0.0,14.6
S000942,2025-08-09,Dania Beach,P0229,1,15.22,0.0,15.22
S005481,2026-01-14,Dania Beach,P0262,1,32.15,0.0,32.15
S002498,2025-10-09,Dania Beach,P0108,3,11.87,2.0,29.61
S007863,2026-04-19,Dania Beach,P0123,2,32.28,0.0,64.56
S006116,2026-02-15,Dania Beach,P0072,2,23.85,0.0,47.7
S004233,2025-12-11,Dania Beach,P0099,1,32.17,0.0,32.17
S005643,2026-01-23,Dania Beach,P0125,1,30.0,0.0,30.0
S009045,2026-05-30,Lake Worth,P0209,2,38.73,0.0,77.46
S004827,2025-12-24,Oakland Park,P0020,1,24.25,2.0,22.25
S005806,2026-01-31,Oakland Park,P0181,2,38.54,0.0,77.08
S000728,2025-07-30,Oakland Park,P0205,3,34.1,0.0,102.3
S001751,2025-09-09,Dania Beach,P0045,1,31.47,0.0,31.47
S009140,2026-06-03,Oakland Park,P0229,1,15.22,0.0,15.22
S008347,2026-05-03,Lake Worth,P0179,1,10.96,0.0,10.96
S008479,2026-05-08,Oakland Park,P0054,1,38.06,0.0,38.06
S004021,2025-12-06,Lake Worth,P0058,1,6.59,0.0,6.59
S001610,2025-09-04,Dania Beach,P0258,1,20.03,0.0,20.03
S009203,2026-06-06,Oakland Park,P0145,1,18.52,5.0,13.52
S009100,2026-06-02,Dania Beach,P0111,1,9.29,0.0,9.29
S006145,2026-02-17,Dania Beach,P0171,1,15.79,0.0,15.79
S002188,2025-09-28,Oakland Park,P0218,1,12.89,0.0,12.89
S008166,2026-04-27,Oakland Park,P0028,1,22.61,0.0,22.61
S002627,2025-10-14,Lake Worth,P0258,1,20.03,0.0,20.03
S006168,2026-02-19,Dania Beach,P0188,1,14.19,0.0,14.19
S004887,2025-12-25,Oakland Park,P0229,2,15.22,2.0,26.44
S003497,2025-11-18,Oakland Park,P0051,2,31.0,0.0,62.0
S009609,2026-06-21,Oakland Park,P0026,1,24.77,0.0,24.77
S003501,2025-11-18,Dania Beach,P0258,1,20.03,0.0,20.03
S003534,2025-11-20,Dania Beach,P0042,1,16.07,2.0,14.07
S004280,2025-12-12,Dania Beach,P0156,1,33.24,2.0,31.24
S000975,2025-08-10,Dania Beach,P0258,1,20.03,0.0,20.03
S006235,2026-02-22,Oakland Park,P0090,1,39.67,0.0,39.67
S008386,2026-05-05,Dania Beach,P0077,1,38.06,0.0,38.06
S007123,2026-04-01,Oakland Park,P0138,1,18.5,0.0,18.5
S000113,2025-07-05,Oakland Park,P0126,1,18.39,0.0,18.39
S004429,2025-12-15,Oakland Park,P0071,1,14.0,0.0,14.0
S009776,2026-06-28,Dania Beach,P0152,2,10.83,0.0,21.66
S008008,2026-04-23,Dania Beach,P0258,1,20.03,0.0,20.03
S008734,2026-05-18,Lake Worth,P0100,1,34.67,0.0,34.67
S002258,2025-09-30,Oakland Park,P0264,1,39.66,2.0,37.66
S006707,2026-03-15,Oakland Park,P0099,1,32.17,0.0,32.17
S009340,2026-06-11,Oakland Park,P0042,1,16.07,0.0,16.07
S007895,2026-04-20,Dania Beach,P0207,1,8.62,0.0,8.62
S006526,2026-03-07,Dania Beach,P0120,1,23.21,0.0,23.21
S004756,2025-12-22,Dania Beach,P0045,1,31.47,0.0,31.47
S004343,2025-12-14,Oakland Park,P0069,1,21.4,0.0,21.4
S002171,2025-09-27,Oakland Park,P0133,1,31.55,0.0,31.55
S007269,2026-04-05,Oakland Park,P0050,2,16.14,0.0,32.28
S008799,2026-05-21,Oakland Park,P0258,2,20.03,0.0,40.06
S003975,2025-12-05,Lake Worth,P0198,1,5.19,0.0,5.19
S006006,2026-02-10,Oakland Park,P0181,1,38.54,0.0,38.54
S003907,2025-12-04,Oakland Park,P0067,1,22.05,0.0,22.05
S009475,2026-06-16,Oakland Park,P0137,1,34.89,0.0,34.89
S009695,2026-06-25,Dania Beach,P0297,1,17.64,0.0,17.64
S006588,2026-03-10,Dania Beach,P0168,1,9.03,0.0,9.03
S005433,2026-01-11,Oakland Park,P0285,1,24.04,0.0,24.04
S006211,2026-02-21,Dania Beach,P0028,1,22.61,0.0,22.61
S002781,2025-10-20,Dania Beach,P0123,1,32.28,0.0,32.28
S004782,2025-12-23,Lake Worth,P0258,1,20.03,0.0,20.03
S006634,2026-03-11,Dania Beach,P0121,1,26.48,0.0,26.48
S003830,2025-12-02,Oakland Park,P0123,1,32.28,0.0,32.28
S003598,2025-11-23,Dania Beach,P0238,1,9.91,0.0,9.91
S006107,2026-02-15,Dania Beach,P0289,1,47.01,0.0,47.01
S003259,2025-11-08,Oakland Park,P0027,1,16.28,0.0,16.28
S008038,2026-04-24,Dania Beach,P0091,1,10.86,0.0,10.86
S008882,2026-05-23,Oakland Park,P0250,1,26.07,0.0,26.07
S006088,2026-02-14,Lake Worth,P0294,1,30.88,2.0,28.88
S000860,2025-08-05,Lake Worth,P0118,1,26.15,0.0,26.15
S005775,2026-01-30,Oakland Park,P0141,1,18.03,5.0,13.03
S006092,2026-02-14,Lake Worth,P0051,1,31.0,0.0,31.0
S009538,2026-06-19,Oakland Park,P0164,3,14.99,0.0,44.97
S003695,2025-11-27,Dania Beach,P0258,1,20.03,0.0,20.03
S001151,2025-08-17,Oakland Park,P0271,1,13.23,0.0,13.23
S008354,2026-05-03,Dania Beach,P0250,1,26.07,0.0,26.07
S005079,2025-12-29,Dania Beach,P0205,1,34.1,0.0,34.1
S009670,2026-06-23,Dania Beach,P0291,2,10.13,0.0,20.26
S002044,2025-09-22,Oakland Park,P0134,1,13.77,0.0,13.77
S004011,2025-12-06,Dania Beach,P0008,1,23.36,5.0,18.36
S006511,2026-03-07,Oakland Park,P0096,1,17.3,0.0,17.3
S009705,2026-06-25,Dania Beach,P0258,1,20.03,0.0,20.03
S007851,2026-04-19,Dania Beach,P0054,1,38.06,2.0,36.06
S005955,2026-02-07,Dania Beach,P0045,1,31.47,0.0,31.47
S005981,2026-02-08,Dania Beach,P0258,2,20.03,0.0,40.06
S009449,2026-06-15,Lake Worth,P0121,1,26.48,0.0,26.48
S007890,2026-04-20,Dania Beach,P0069,2,21.4,0.0,42.8
S002225,2025-09-29,Lake Worth,P0114,1,22.91,0.0,22.91
S000936,2025-08-08,Oakland Park,P0188,1,14.19,0.0,14.19
S000981,2025-08-10,Lake Worth,P0293,1,17.47,0.0,17.47
S004618,2025-12-20,Dania Beach,P0090,1,39.67,0.0,39.67
S001222,2025-08-20,Oakland Park,P0020,1,24.25,0.0,24.25
S004573,2025-12-19,Oakland Park,P0245,1,30.57,0.0,30.57
S000893,2025-08-06,Oakland Park,P0239,1,7.76,0.0,7.76
S000972,2025-08-10,Lake Worth,P0071,1,14.0,0.0,14.0
S002858,2025-10-24,Lake Worth,P0258,1,20.03,0.0,20.03
S006456,2026-03-04,Lake Worth,P0109,1,19.26,0.0,19.26
S009114,2026-06-02,Lake Worth,P0042,1,16.07,0.0,16.07
S004181,2025-12-10,Lake Worth,P0132,1,38.62,2.0,36.62
S001575,2025-09-02,Dania Beach,P0212,1,31.11,2.0,29.11
S006445,2026-03-04,Oakland Park,P0085,1,28.45,0.0,28.45
S001826,2025-09-12,Dania Beach,P0258,1,20.03,2.0,18.03
S008570,2026-05-11,Lake Worth,P0193,2,15.19,0.0,30.38
S004689,2025-12-21,Dania Beach,P0229,1,15.22,0.0,15.22
S003833,2025-12-02,Oakland Park,P0243,1,14.68,0.0,14.68
S006872,2026-03-21,Dania Beach,P0021,1,20.19,2.0,18.19
S001123,2025-08-16,Oakland Park,P0209,2,38.73,0.0,77.46
S009578,2026-06-20,Dania Beach,P0122,1,15.39,0.0,15.39
S005874,2026-02-03,Dania Beach,P0258,1,20.03,0.0,20.03
S005769,2026-01-30,Oakland Park,P0022,1,7.3,0.0,7.3
S001090,2025-08-14,Oakland Park,P0250,1,26.07,0.0,26.07
S002288,2025-10-01,Dania Beach,P0041,1,11.22,0.0,11.22
S005228,2026-01-01,Dania Beach,P0052,1,20.69,0.0,20.69
S002147,2025-09-26,Lake Worth,P0190,1,31.63,0.0,31.63
S009236,2026-06-07,Oakland Park,P0142,1,14.84,0.0,14.84
S008623,2026-05-13,Dania Beach,P0229,1,15.22,0.0,15.22
S009110,2026-06-02,Dania Beach,P0091,1,10.86,2.0,8.86
S001983,2025-09-20,Oakland Park,P0258,1,20.03,0.0,20.03
S003109,2025-11-02,Oakland Park,P0231,1,16.4,0.0,16.4
S006304,2026-02-26,Oakland Park,P0258,1,20.03,0.0,20.03
S007391,2026-04-08,Oakland Park,P0078,1,34.08,0.0,34.08
S002410,2025-10-05,Dania Beach,P0028,1,22.61,2.0,20.61
S005321,2026-01-06,Dania Beach,P0102,1,16.27,2.0,14.27
S006573,2026-03-09,Lake Worth,P0235,1,21.78,0.0,21.78
S005039,2025-12-28,Oakland Park,P0004,1,33.33,0.0,33.33
S006510,2026-03-07,Lake Worth,P0137,1,34.89,0.0,34.89
S007985,2026-04-23,Dania Beach,P0135,1,18.06,5.0,13.06
S007519,2026-04-11,Oakland Park,P0181,1,38.54,0.0,38.54
S001950,2025-09-18,Dania Beach,P0050,1,16.14,0.0,16.14
S000470,2025-07-19,Dania Beach,P0138,1,18.5,0.0,18.5
S007819,2026-04-18,Oakland Park,P0225,1,30.83,0.0,30.83
S005388,2026-01-09,Oakland Park,P0090,1,39.67,0.0,39.67
S006068,2026-02-13,Dania Beach,P0300,1,15.39,0.0,15.39
S004114,2025-12-08,Dania Beach,P0229,1,15.22,0.0,15.22
S001709,2025-09-07,Lake Worth,P0091,1,10.86,0.0,10.86
S005991,2026-02-09,Dania Beach,P0258,3,20.03,0.0,60.09
S008867,2026-05-23,Oakland Park,P0259,3,34.69,0.0,104.07
S007192,2026-04-03,Dania Beach,P0251,1,16.69,0.0,16.69
S002401,2025-10-05,Oakland Park,P0195,1,23.58,0.0,23.58
S005600,2026-01-20,Dania Beach,P0188,1,14.19,2.0,12.19
S007522,2026-04-11,Lake Worth,P0156,1,33.24,0.0,33.24
S003873,2025-12-03,Dania Beach,P0233,1,22.74,0.0,22.74
S005623,2026-01-22,Oakland Park,P0247,1,11.6,0.0,11.6
S006066,2026-02-13,Oakland Park,P0229,1,15.22,0.0,15.22
S003872,2025-12-03,Oakland Park,P0062,1,34.29,2.0,32.29
S009096,2026-06-01,Dania Beach,P0297,1,17.64,0.0,17.64
S009763,2026-06-27,Lake Worth,P0028,2,22.61,0.0,45.22
S001441,2025-08-28,Oakland Park,P0061,1,13.54,2.0,11.54
S004895,2025-12-26,Oakland Park,P0229,1,15.22,0.0,15.22
S003251,2025-11-08,Oakland Park,P0050,1,16.14,5.0,11.14
S007409,2026-04-08,Oakland Park,P0028,1,22.61,2.0,20.61
S008070,2026-04-25,Oakland Park,P0174,1,17.55,0.0,17.55
S008268,2026-04-30,Lake Worth,P0281,1,17.35,0.0,17.35
S004664,2025-12-20,Dania Beach,P0028,1,22.61,0.0,22.61
S008079,2026-04-25,Lake Worth,P0196,1,23.33,0.0,23.33
S008344,2026-05-03,Oakland Park,P0153,1,24.73,0.0,24.73
S008476,2026-05-08,Dania Beach,P0205,1,34.1,0.0,34.1
S005791,2026-01-31,Oakland Park,P0157,1,8.43,0.0,8.43
S005576,2026-01-19,Oakland Park,P0211,1,28.43,0.0,28.43
S000497,2025-07-20,Dania Beach,P0211,1,28.43,0.0,28.43
S006432,2026-03-03,Dania Beach,P0028,1,22.61,2.0,20.61
S009735,2026-06-27,Dania Beach,P0108,3,11.87,0.0,35.61
S009350,2026-06-12,Oakland Park,P0112,1,9.26,0.0,9.26
S003339,2025-11-12,Dania Beach,P0288,1,39.45,0.0,39.45
S005595,2026-01-20,Dania Beach,P0205,1,34.1,0.0,34.1
S003572,2025-11-22,Oakland Park,P0126,1,18.39,0.0,18.39
S009202,2026-06-06,Dania Beach,P0139,3,25.22,0.0,75.66
S004180,2025-12-10,Oakland Park,P0233,1,22.74,2.0,20.74
S004148,2025-12-09,Lake Worth,P0016,1,9.61,0.0,9.61
S004796,2025-12-23,Dania Beach,P0145,1,18.52,5.0,13.52
S005358,2026-01-08,Lake Worth,P0138,1,18.5,0.0,18.5
S001594,2025-09-03,Lake Worth,P0185,1,20.14,0.0,20.14
S007170,2026-04-02,Dania Beach,P0120,1,23.21,0.0,23.21
S006030,2026-02-11,Lake Worth,P0242,1,16.38,0.0,16.38
S000758,2025-08-01,Oakland Park,P0148,1,17.71,0.0,17.71
S000949,2025-08-09,Dania Beach,P0258,1,20.03,0.0,20.03
S000847,2025-08-04,Oakland Park,P0060,1,16.29,0.0,16.29
S002958,2025-10-27,Dania Beach,P0098,1,12.85,0.0,12.85
S002716,2025-10-18,Dania Beach,P0141,1,18.03,0.0,18.03
S009530,2026-06-19,Dania Beach,P0270,1,13.93,0.0,13.93
S003918,2025-12-04,Oakland Park,P0169,1,28.05,0.0,28.05
S004507,2025-12-17,Lake Worth,P0018,1,11.18,0.0,11.18
S004141,2025-12-09,Oakland Park,P0258,1,20.03,0.0,20.03
S005374,2026-01-09,Oakland Park,P0055,1,18.49,0.0,18.49
S003052,2025-10-31,Oakland Park,P0141,1,18.03,5.0,13.03
S006259,2026-02-23,Dania Beach,P0116,1,38.74,0.0,38.74
S009426,2026-06-14,Dania Beach,P0045,1,31.47,0.0,31.47
S002351,2025-10-04,Oakland Park,P0028,1,22.61,0.0,22.61
S002897,2025-10-25,Dania Beach,P0161,1,43.05,0.0,43.05
S002263,2025-09-30,Dania Beach,P0205,1,34.1,0.0,34.1
S008378,2026-05-04,Dania Beach,P0022,1,7.3,0.0,7.3
S000810,2025-08-02,Oakland Park,P0250,1,26.07,0.0,26.07
S006641,2026-03-12,Dania Beach,P0150,1,8.12,0.0,8.12
S005441,2026-01-12,Dania Beach,P0258,1,20.03,0.0,20.03
S005200,2025-12-31,Oakland Park,P0229,1,15.22,0.0,15.22
S005218,2026-01-01,Lake Worth,P0277,1,12.14,2.0,10.14
S006485,2026-03-05,Dania Beach,P0138,2,18.5,0.0,37.0
S001464,2025-08-29,Oakland Park,P0123,1,32.28,0.0,32.28
S007052,2026-03-29,Lake Worth,P0299,1,6.83,0.0,6.83
S006223,2026-02-21,Oakland Park,P0125,1,30.0,0.0,30.0
S009051,2026-05-31,Lake Worth,P0150,1,8.12,0.0,8.12
S004380,2025-12-14,Dania Beach,P0264,1,39.66,5.0,34.66
S004970,2025-12-27,Oakland Park,P0111,1,9.29,2.0,7.29
S001580,2025-09-03,Lake Worth,P0258,1,20.03,0.0,20.03
S003123,2025-11-02,Dania Beach,P0157,1,8.43,0.0,8.43
S001932,2025-09-17,Dania Beach,P0233,1,22.74,0.0,22.74
S008249,2026-04-29,Lake Worth,P0235,1,21.78,0.0,21.78
S004455,2025-12-16,Oakland Park,P0063,1,32.31,0.0,32.31
S006617,2026-03-11,Dania Beach,P0008,1,23.36,0.0,23.36
S000206,2025-07-08,Oakland Park,P0229,1,15.22,0.0,15.22
S003637,2025-11-24,Dania Beach,P0256,1,20.62,2.0,18.62
S005666,2026-01-24,Lake Worth,P0299,2,6.83,0.0,13.66
S001637,2025-09-06,Lake Worth,P0069,1,21.4,0.0,21.4
S008100,2026-04-25,Dania Beach,P0121,1,26.48,0.0,26.48
S004962,2025-12-27,Oakland Park,P0061,1,13.54,0.0,13.54
S009838,2026-06-30,Lake Worth,P0035,1,25.13,0.0,25.13
S005747,2026-01-28,Lake Worth,P0126,1,18.39,0.0,18.39
S002326,2025-10-02,Dania Beach,P0207,1,8.62,0.0,8.62
S008994,2026-05-28,Dania Beach,P0258,1,20.03,0.0,20.03
S007558,2026-04-12,Dania Beach,P0004,3,33.33,0.0,99.99
S008683,2026-05-16,Dania Beach,P0143,1,33.65,0.0,33.65
S006226,2026-02-21,Oakland Park,P0209,1,38.73,0.0,38.73
S009834,2026-06-30,Dania Beach,P0258,1,20.03,0.0,20.03
S004018,2025-12-06,Dania Beach,P0192,1,9.96,5.0,4.96
S005783,2026-01-30,Dania Beach,P0114,1,22.91,0.0,22.91
S008203,2026-04-28,Oakland Park,P0264,1,39.66,0.0,39.66
S009295,2026-06-09,Lake Worth,P0282,1,14.8,0.0,14.8
S000575,2025-07-25,Lake Worth,P0136,1,34.18,0.0,34.18
S003060,2025-10-31,Oakland Park,P0225,1,30.83,5.0,25.83
S009443,2026-06-15,Oakland Park,P0258,1,20.03,0.0,20.03
S007377,2026-04-07,Lake Worth,P0211,2,28.43,0.0,56.86
S009528,2026-06-18,Dania Beach,P0188,2,14.19,0.0,28.38
S002697,2025-10-18,Lake Worth,P0022,1,7.3,0.0,7.3
S008930,2026-05-25,Dania Beach,P0258,2,20.03,0.0,40.06
S003755,2025-11-29,Oakland Park,P0237,1,18.61,5.0,13.61
S009326,2026-06-11,Oakland Park,P0242,1,16.38,0.0,16.38
S000924,2025-08-08,Dania Beach,P0247,1,11.6,0.0,11.6
S008135,2026-04-26,Oakland Park,P0176,1,38.34,0.0,38.34
S004544,2025-12-18,Dania Beach,P0028,1,22.61,0.0,22.61
S008409,2026-05-06,Dania Beach,P0253,1,12.31,0.0,12.31
S004519,2025-12-17,Oakland Park,P0225,1,30.83,0.0,30.83
S004147,2025-12-09,Dania Beach,P0028,1,22.61,0.0,22.61
S003491,2025-11-18,Oakland Park,P0041,1,11.22,0.0,11.22
S005334,2026-01-07,Dania Beach,P0233,1,22.74,0.0,22.74
S008769,2026-05-19,Dania Beach,P0056,1,36.04,0.0,36.04
S006314,2026-02-27,Dania Beach,P0259,1,34.69,0.0,34.69
S001051,2025-08-13,Lake Worth,P0056,1,36.04,0.0,36.04
S001762,2025-09-10,Oakland Park,P0137,1,34.89,0.0,34.89
S009021,2026-05-30,Oakland Park,P0034,2,17.39,0.0,34.78
S005357,2026-01-08,Oakland Park,P0049,1,17.75,2.0,15.75
S000655,2025-07-27,Lake Worth,P0032,1,10.89,0.0,10.89
S008758,2026-05-19,Lake Worth,P0181,1,38.54,5.0,33.54
S006479,2026-03-05,Dania Beach,P0129,1,7.89,0.0,7.89
S005367,2026-01-08,Oakland Park,P0195,1,23.58,0.0,23.58
S004325,2025-12-13,Oakland Park,P0232,1,35.97,2.0,33.97
S006808,2026-03-19,Dania Beach,P0250,1,26.07,0.0,26.07
S008699,2026-05-16,Oakland Park,P0247,1,11.6,0.0,11.6
S005091,2025-12-29,Lake Worth,P0050,1,16.14,0.0,16.14
S006093,2026-02-14,Lake Worth,P0028,1,22.61,0.0,22.61
S000132,2025-07-05,Lake Worth,P0250,2,26.07,2.0,48.14
S005454,2026-01-13,Lake Worth,P0141,1,18.03,0.0,18.03
S001436,2025-08-28,Dania Beach,P0222,1,25.03,2.0,23.03
S005021,2025-12-28,Dania Beach,P0024,1,12.01,0.0,12.01
S006349,2026-02-28,Oakland Park,P0076,3,28.11,5.0,69.33
S006575,2026-03-09,Dania Beach,P0160,3,15.14,0.0,45.42
S005244,2026-01-02,Oakland Park,P0227,1,22.7,0.0,22.7
S000839,2025-08-04,Lake Worth,P0034,1,17.39,0.0,17.39
S009746,2026-06-27,Dania Beach,P0282,1,14.8,0.0,14.8
S004196,2025-12-10,Oakland Park,P0285,1,24.04,0.0,24.04
S003886,2025-12-03,Lake Worth,P0229,1,15.22,0.0,15.22
S008462,2026-05-08,Lake Worth,P0069,1,21.4,0.0,21.4
S004211,2025-12-11,Lake Worth,P0119,1,10.1,0.0,10.1
S003097,2025-11-02,Dania Beach,P0028,1,22.61,0.0,22.61
S003051,2025-10-31,Lake Worth,P0050,1,16.14,2.0,14.14
S008403,2026-05-05,Oakland Park,P0280,1,15.83,0.0,15.83
S001221,2025-08-20,Lake Worth,P0260,1,16.34,0.0,16.34
S005831,2026-02-01,Dania Beach,P0225,1,30.83,0.0,30.83
S004818,2025-12-24,Dania Beach,P0101,1,40.29,0.0,40.29
S003938,2025-12-04,Dania Beach,P0259,1,34.69,0.0,34.69
S005604,2026-01-21,Lake Worth,P0043,1,11.96,0.0,11.96
S007248,2026-04-04,Lake Worth,P0029,1,44.82,0.0,44.82
S000748,2025-07-31,Dania Beach,P0258,1,20.03,0.0,20.03
S006372,2026-03-01,Oakland Park,P0250,1,26.07,0.0,26.07
S001808,2025-09-12,Oakland Park,P0222,1,25.03,0.0,25.03
S003038,2025-10-31,Dania Beach,P0253,1,12.31,0.0,12.31
S007135,2026-04-01,Oakland Park,P0199,1,11.97,0.0,11.97
S008062,2026-04-25,Dania Beach,P0088,1,14.79,0.0,14.79
S005071,2025-12-28,Dania Beach,P0213,1,4.58,0.0,4.58
S005006,2025-12-27,Oakland Park,P0175,1,10.78,0.0,10.78
S002158,2025-09-27,Dania Beach,P0133,1,31.55,0.0,31.55
S004000,2025-12-06,Lake Worth,P0263,1,24.16,0.0,24.16
S006079,2026-02-14,Dania Beach,P0109,1,19.26,0.0,19.26
S001667,2025-09-06,Dania Beach,P0141,1,18.03,0.0,18.03
S009624,2026-06-22,Oakland Park,P0230,1,15.88,0.0,15.88
S009499,2026-06-17,Dania Beach,P0214,1,40.55,0.0,40.55
S000187,2025-07-07,Dania Beach,P0099,1,32.17,0.0,32.17
S009333,2026-06-11,Lake Worth,P0153,1,24.73,0.0,24.73
S005973,2026-02-08,Oakland Park,P0134,1,13.77,0.0,13.77
S007015,2026-03-28,Dania Beach,P0283,1,41.77,0.0,41.77
S007318,2026-04-05,Oakland Park,P0028,1,22.61,2.0,20.61
S000561,2025-07-24,Oakland Park,P0036,1,4.54,0.0,4.54
S006985,2026-03-27,Dania Beach,P0271,1,13.23,5.0,8.23
S000244,2025-07-09,Oakland Park,P0116,1,38.74,0.0,38.74
S007876,2026-04-19,Oakland Park,P0093,1,10.98,0.0,10.98
S007117,2026-04-01,Dania Beach,P0028,1,22.61,2.0,20.61
S004310,2025-12-13,Dania Beach,P0059,1,27.7,2.0,25.7
S000734,2025-07-31,Dania Beach,P0258,2,20.03,5.0,30.06
S006971,2026-03-26,Dania Beach,P0258,2,20.03,0.0,40.06
S000433,2025-07-18,Oakland Park,P0042,1,16.07,0.0,16.07
S008430,2026-05-06,Dania Beach,P0137,1,34.89,0.0,34.89
S000904,2025-08-06,Lake Worth,P0004,1,33.33,0.0,33.33
S001588,2025-09-03,Oakland Park,P0099,1,32.17,0.0,32.17
S007358,2026-04-07,Dania Beach,P0134,1,13.77,0.0,13.77
S004662,2025-12-20,Oakland Park,P0068,1,18.85,0.0,18.85
S004757,2025-12-22,Oakland Park,P0258,1,20.03,2.0,18.03
S006048,2026-02-12,Dania Beach,P0258,1,20.03,2.0,18.03
S006822,2026-03-20,Dania Beach,P0229,1,15.22,0.0,15.22
S003810,2025-12-01,Oakland Park,P0051,1,31.0,5.0,26.0
S003308,2025-11-10,Lake Worth,P0064,1,22.4,0.0,22.4
S001726,2025-09-08,Dania Beach,P0082,1,11.34,0.0,11.34
S002970,2025-10-28,Lake Worth,P0065,1,22.31,0.0,22.31
S003469,2025-11-17,Lake Worth,P0209,1,38.73,0.0,38.73
S000662,2025-07-28,Dania Beach,P0258,1,20.03,0.0,20.03
S003711,2025-11-28,Oakland Park,P0205,1,34.1,0.0,34.1
S005352,2026-01-08,Dania Beach,P0258,1,20.03,0.0,20.03
S006389,2026-03-01,Oakland Park,P0035,1,25.13,0.0,25.13
S008707,2026-05-17,Dania Beach,P0135,1,18.06,0.0,18.06
S006774,2026-03-18,Dania Beach,P0181,1,38.54,0.0,38.54
S008791,2026-05-20,Lake Worth,P0093,1,10.98,0.0,10.98
S002344,2025-10-03,Oakland Park,P0253,2,12.31,0.0,24.62
S008533,2026-05-10,Oakland Park,P0138,1,18.5,0.0,18.5
S001135,2025-08-16,Lake Worth,P0268,1,28.7,0.0,28.7
S002168,2025-09-27,Dania Beach,P0020,1,24.25,0.0,24.25
S008722,2026-05-17,Lake Worth,P0068,1,18.85,0.0,18.85
S002018,2025-09-21,Lake Worth,P0181,1,38.54,0.0,38.54
S002766,2025-10-19,Lake Worth,P0113,1,15.71,0.0,15.71
S007047,2026-03-29,Dania Beach,P0112,1,9.26,0.0,9.26
S001389,2025-08-27,Oakland Park,P0039,1,18.68,0.0,18.68
S008101,2026-04-25,Dania Beach,P0042,1,16.07,0.0,16.07
S008248,2026-04-29,Oakland Park,P0168,1,9.03,0.0,9.03
S008778,2026-05-20,Dania Beach,P0141,1,18.03,2.0,16.03
S005385,2026-01-09,Lake Worth,P0104,3,23.8,0.0,71.4
S000135,2025-07-06,Oakland Park,P0048,1,43.54,0.0,43.54
S006256,2026-02-23,Dania Beach,P0258,1,20.03,0.0,20.03
S001137,2025-08-16,Dania Beach,P0101,1,40.29,0.0,40.29
S001254,2025-08-22,Dania Beach,P0071,1,14.0,0.0,14.0
S006373,2026-03-01,Lake Worth,P0042,1,16.07,0.0,16.07
S008259,2026-04-30,Dania Beach,P0223,1,16.45,0.0,16.45
S004084,2025-12-07,Dania Beach,P0069,1,21.4,0.0,21.4
S004206,2025-12-11,Oakland Park,P0258,1,20.03,0.0,20.03
S007744,2026-04-16,Dania Beach,P0134,1,13.77,0.0,13.77
S009261,2026-06-07,Dania Beach,P0028,1,22.61,0.0,22.61
S000772,2025-08-02,Lake Worth,P0258,2,20.03,0.0,40.06
S002013,2025-09-21,Dania Beach,P0149,1,20.51,0.0,20.51
S000053,2025-07-03,Lake Worth,P0181,1,38.54,0.0,38.54
S005685,2026-01-24,Oakland Park,P0178,1,35.29,0.0,35.29
S002221,2025-09-28,Lake Worth,P0112,1,9.26,2.0,7.26
S008046,2026-04-24,Dania Beach,P0288,2,39.45,0.0,78.9
S002624,2025-10-14,Dania Beach,P0096,1,17.3,0.0,17.3
S004335,2025-12-13,Lake Worth,P0181,1,38.54,2.0,36.54
S001793,2025-09-11,Oakland Park,P0070,1,22.38,5.0,17.38
S007766,2026-04-17,Oakland Park,P0177,1,14.51,5.0,9.51
S003644,2025-11-25,Dania Beach,P0258,1,20.03,0.0,20.03
S001824,2025-09-12,Oakland Park,P0189,1,8.68,2.0,6.68
S008952,2026-05-26,Oakland Park,P0181,1,38.54,0.0,38.54
S009727,2026-06-26,Dania Beach,P0186,1,8.27,0.0,8.27
S007511,2026-04-11,Lake Worth,P0212,1,31.11,5.0,26.11
S001492,2025-08-30,Lake Worth,P0055,1,18.49,5.0,13.49
S007887,2026-04-20,Dania Beach,P0028,1,22.61,0.0,22.61
S000372,2025-07-15,Lake Worth,P0098,1,12.85,0.0,12.85
S008284,2026-05-01,Dania Beach,P0229,1,15.22,0.0,15.22
S004386,2025-12-14,Dania Beach,P0028,1,22.61,0.0,22.61
S005488,2026-01-15,Oakland Park,P0251,1,16.69,0.0,16.69
S001350,2025-08-25,Lake Worth,P0121,1,26.48,0.0,26.48
S004650,2025-12-20,Dania Beach,P0282,1,14.8,0.0,14.8
S009149,2026-06-03,Lake Worth,P0209,1,38.73,0.0,38.73
S003946,2025-12-05,Oakland Park,P0138,2,18.5,0.0,37.0
S003970,2025-12-05,Dania Beach,P0281,1,17.35,0.0,17.35
S000007,2025-07-01,Dania Beach,P0140,2,17.16,0.0,34.32
S007114,2026-04-01,Oakland Park,P0130,1,19.21,0.0,19.21
S005744,2026-01-28,Oakland Park,P0145,1,18.52,0.0,18.52
S000087,2025-07-04,Dania Beach,P0050,1,16.14,0.0,16.14
S005533,2026-01-17,Oakland Park,P0258,1,20.03,0.0,20.03
S001306,2025-08-24,Lake Worth,P0297,1,17.64,0.0,17.64
S000492,2025-07-20,Oakland Park,P0013,1,19.04,0.0,19.04
S009737,2026-06-27,Dania Beach,P0039,1,18.68,0.0,18.68
S002055,2025-09-22,Lake Worth,P0034,1,17.39,0.0,17.39
S001578,2025-09-02,Oakland Park,P0192,1,9.96,0.0,9.96
S007774,2026-04-17,Dania Beach,P0043,3,11.96,0.0,35.88
S001380,2025-08-26,Lake Worth,P0042,1,16.07,5.0,11.07
S001039,2025-08-12,Dania Beach,P0102,1,16.27,0.0,16.27
S004788,2025-12-23,Oakland Park,P0123,3,32.28,0.0,96.84
S002578,2025-10-12,Lake Worth,P0250,1,26.07,0.0,26.07
S007209,2026-04-04,Oakland Park,P0251,1,16.69,0.0,16.69
S000659,2025-07-28,Dania Beach,P0089,1,38.61,0.0,38.61
S001308,2025-08-24,Dania Beach,P0100,1,34.67,0.0,34.67
S006335,2026-02-27,Lake Worth,P0050,1,16.14,2.0,14.14
S002271,2025-09-30,Lake Worth,P0259,1,34.69,0.0,34.69
S002042,2025-09-22,Dania Beach,P0050,1,16.14,0.0,16.14
S009503,2026-06-17,Dania Beach,P0196,3,23.33,0.0,69.99
S000069,2025-07-03,Oakland Park,P0181,1,38.54,0.0,38.54
S005051,2025-12-28,Dania Beach,P0091,1,10.86,0.0,10.86
S005766,2026-01-30,Dania Beach,P0033,2,13.41,0.0,26.82
S002145,2025-09-26,Oakland Park,P0196,1,23.33,0.0,23.33
S001858,2025-09-14,Oakland Park,P0060,1,16.29,0.0,16.29
S003608,2025-11-23,Oakland Park,P0176,1,38.34,5.0,33.34
S009153,2026-06-04,Dania Beach,P0037,1,16.2,0.0,16.2
S007801,2026-04-18,Oakland Park,P0224,1,28.47,0.0,28.47
S002896,2025-10-25,Lake Worth,P0296,2,10.05,0.0,20.1
S002645,2025-10-15,Dania Beach,P0170,1,12.29,0.0,12.29
S005457,2026-01-13,Oakland Park,P0091,1,10.86,0.0,10.86
S003669,2025-11-26,Lake Worth,P0204,2,30.89,0.0,61.78
S002110,2025-09-24,Oakland Park,P0120,1,23.21,0.0,23.21
S009352,2026-06-12,Lake Worth,P0099,1,32.17,5.0,27.17
S007474,2026-04-10,Dania Beach,P0196,1,23.33,0.0,23.33
S007080,2026-03-31,Oakland Park,P0258,1,20.03,0.0,20.03
S008223,2026-04-28,Dania Beach,P0268,2,28.7,0.0,57.4
S004463,2025-12-16,Dania Beach,P0087,1,10.56,0.0,10.56
S000031,2025-07-02,Oakland Park,P0258,1,20.03,0.0,20.03
S000536,2025-07-22,Oakland Park,P0141,1,18.03,0.0,18.03
S006480,2026-03-05,Oakland Park,P0283,1,41.77,0.0,41.77
S006375,2026-03-01,Dania Beach,P0231,1,16.4,0.0,16.4
S001288,2025-08-23,Dania Beach,P0229,1,15.22,0.0,15.22
S002991,2025-10-29,Dania Beach,P0165,1,17.48,5.0,12.48
S007242,2026-04-04,Dania Beach,P0024,1,12.01,0.0,12.01
S007254,2026-04-04,Oakland Park,P0196,2,23.33,0.0,46.66
S001478,2025-08-30,Dania Beach,P0258,1,20.03,0.0,20.03
S008670,2026-05-16,Oakland Park,P0123,1,32.28,0.0,32.28
S007279,2026-04-05,Dania Beach,P0290,1,44.36,0.0,44.36
S005620,2026-01-21,Lake Worth,P0141,1,18.03,2.0,16.03
S002249,2025-09-29,Dania Beach,P0258,3,20.03,2.0,54.09
S005700,2026-01-25,Oakland Park,P0192,1,9.96,0.0,9.96
S001996,2025-09-20,Oakland Park,P0028,1,22.61,0.0,22.61
S004539,2025-12-18,Lake Worth,P0091,1,10.86,0.0,10.86
S005517,2026-01-16,Oakland Park,P0181,1,38.54,0.0,38.54
S004655,2025-12-20,Dania Beach,P0037,1,16.2,0.0,16.2
S002015,2025-09-21,Dania Beach,P0263,1,24.16,0.0,24.16
S002278,2025-10-01,Dania Beach,P0028,1,22.61,0.0,22.61
S008563,2026-05-11,Dania Beach,P0258,1,20.03,0.0,20.03
S007395,2026-04-08,Oakland Park,P0250,1,26.07,0.0,26.07
S001845,2025-09-13,Lake Worth,P0107,1,35.69,0.0,35.69
S003388,2025-11-14,Oakland Park,P0071,1,14.0,0.0,14.0
S001265,2025-08-22,Dania Beach,P0253,3,12.31,0.0,36.93
S004222,2025-12-11,Oakland Park,P0238,1,9.91,0.0,9.91
S004358,2025-12-14,Dania Beach,P0138,1,18.5,0.0,18.5
S006531,2026-03-07,Lake Worth,P0033,1,13.41,0.0,13.41
S004371,2025-12-14,Oakland Park,P0183,1,39.68,0.0,39.68
S003735,2025-11-29,Lake Worth,P0205,1,34.1,0.0,34.1
S003127,2025-11-02,Dania Beach,P0045,1,31.47,5.0,26.47
S009454,2026-06-15,Oakland Park,P0171,1,15.79,0.0,15.79
S005478,2026-01-14,Dania Beach,P0077,1,38.06,2.0,36.06
S007092,2026-03-31,Dania Beach,P0147,1,40.67,0.0,40.67
S008754,2026-05-18,Dania Beach,P0036,1,4.54,0.0,4.54
S005462,2026-01-13,Lake Worth,P0263,2,24.16,0.0,48.32
S001539,2025-09-01,Oakland Park,P0258,1,20.03,0.0,20.03
S005399,2026-01-10,Oakland Park,P0068,2,18.85,0.0,37.7
S006468,2026-03-05,Dania Beach,P0270,1,13.93,0.0,13.93
S003002,2025-10-29,Dania Beach,P0113,1,15.71,0.0,15.71
S006322,2026-02-27,Dania Beach,P0246,1,14.88,0.0,14.88
S004300,2025-12-13,Lake Worth,P0233,1,22.74,0.0,22.74
S009439,2026-06-15,Dania Beach,P0069,1,21.4,0.0,21.4
S000628,2025-07-26,Dania Beach,P0099,1,32.17,2.0,30.17
S007988,2026-04-23,Dania Beach,P0298,1,10.79,0.0,10.79
S009574,2026-06-20,Oakland Park,P0294,1,30.88,2.0,28.88
S003205,2025-11-06,Dania Beach,P0076,1,28.11,0.0,28.11
S002191,2025-09-28,Dania Beach,P0019,1,19.0,0.0,19.0
S006697,2026-03-15,Dania Beach,P0123,1,32.28,0.0,32.28
S003642,2025-11-25,Oakland Park,P0258,1,20.03,0.0,20.03
S007144,2026-04-02,Dania Beach,P0048,1,43.54,2.0,41.54
S007886,2026-04-20,Dania Beach,P0033,1,13.41,2.0,11.41
S003699,2025-11-27,Oakland Park,P0108,1,11.87,0.0,11.87
S001421,2025-08-28,Oakland Park,P0087,1,10.56,0.0,10.56
S005644,2026-01-23,Dania Beach,P0188,1,14.19,0.0,14.19
S006928,2026-03-24,Dania Beach,P0250,1,26.07,0.0,26.07
S001273,2025-08-22,Lake Worth,P0152,1,10.83,0.0,10.83
S009281,2026-06-08,Dania Beach,P0250,1,26.07,0.0,26.07
S001928,2025-09-17,Dania Beach,P0196,2,23.33,0.0,46.66
S009233,2026-06-06,Dania Beach,P0258,1,20.03,0.0,20.03
S003343,2025-11-12,Dania Beach,P0132,1,38.62,2.0,36.62
S008300,2026-05-01,Dania Beach,P0258,1,20.03,0.0,20.03
S008445,2026-05-07,Dania Beach,P0020,1,24.25,0.0,24.25
S008074,2026-04-25,Dania Beach,P0133,1,31.55,0.0,31.55
S002596,2025-10-13,Dania Beach,P0168,1,9.03,0.0,9.03
S000719,2025-07-30,Lake Worth,P0235,1,21.78,0.0,21.78
S005843,2026-02-01,Lake Worth,P0058,1,6.59,0.0,6.59
S001623,2025-09-05,Oakland Park,P0267,1,35.08,0.0,35.08
S007820,2026-04-18,Dania Beach,P0294,3,30.88,0.0,92.64
S008893,2026-05-24,Dania Beach,P0227,1,22.7,0.0,22.7
S002362,2025-10-04,Dania Beach,P0068,1,18.85,0.0,18.85
S004530,2025-12-17,Dania Beach,P0161,1,43.05,0.0,43.05
S006050,2026-02-12,Dania Beach,P0050,1,16.14,0.0,16.14
S005111,2025-12-29,Lake Worth,P0012,1,14.93,0.0,14.93
S001788,2025-09-11,Lake Worth,P0289,2,47.01,0.0,94.02
S003525,2025-11-20,Dania Beach,P0009,1,10.82,5.0,5.82
S008425,2026-05-06,Lake Worth,P0196,1,23.33,0.0,23.33
S007453,2026-04-09,Dania Beach,P0192,1,9.96,0.0,9.96
S002753,2025-10-19,Dania Beach,P0138,2,18.5,0.0,37.0
S000784,2025-08-02,Dania Beach,P0188,1,14.19,0.0,14.19
S002608,2025-10-14,Lake Worth,P0227,1,22.7,0.0,22.7
S007426,2026-04-09,Dania Beach,P0069,1,21.4,0.0,21.4
S002694,2025-10-17,Dania Beach,P0294,1,30.88,0.0,30.88
S009602,2026-06-21,Dania Beach,P0191,1,35.79,0.0,35.79
S006648,2026-03-12,Lake Worth,P0133,3,31.55,0.0,94.65
S006522,2026-03-07,Oakland Park,P0268,1,28.7,0.0,28.7
S002955,2025-10-27,Dania Beach,P0046,3,16.17,0.0,48.51
S000789,2025-08-02,Dania Beach,P0119,3,10.1,0.0,30.3
S006572,2026-03-09,Dania Beach,P0258,1,20.03,0.0,20.03
S009594,2026-06-21,Oakland Park,P0198,1,5.19,0.0,5.19
S000151,2025-07-06,Oakland Park,P0264,1,39.66,2.0,37.66
S008001,2026-04-23,Oakland Park,P0034,3,17.39,0.0,52.17
S006903,2026-03-23,Dania Beach,P0258,1,20.03,0.0,20.03
S007618,2026-04-13,Dania Beach,P0202,1,27.95,0.0,27.95
S003689,2025-11-26,Dania Beach,P0170,1,12.29,0.0,12.29
S004338,2025-12-13,Oakland Park,P0109,1,19.26,0.0,19.26
S007237,2026-04-04,Oakland Park,P0250,1,26.07,0.0,26.07
S007611,2026-04-13,Dania Beach,P0027,1,16.28,0.0,16.28
S006183,2026-02-20,Dania Beach,P0222,1,25.03,0.0,25.03
S000473,2025-07-19,Oakland Park,P0008,1,23.36,0.0,23.36
S004823,2025-12-24,Dania Beach,P0045,1,31.47,0.0,31.47
S007499,2026-04-10,Dania Beach,P0264,1,39.66,0.0,39.66
S009145,2026-06-03,Oakland Park,P0222,1,25.03,0.0,25.03
S009779,2026-06-28,Oakland Park,P0058,1,6.59,0.0,6.59
S006883,2026-03-22,Dania Beach,P0068,1,18.85,0.0,18.85
S006095,2026-02-14,Oakland Park,P0028,1,22.61,0.0,22.61
S007055,2026-03-30,Dania Beach,P0104,1,23.8,0.0,23.8
S002564,2025-10-12,Dania Beach,P0186,1,8.27,2.0,6.27
S002863,2025-10-24,Dania Beach,P0054,1,38.06,0.0,38.06
S006233,2026-02-22,Dania Beach,P0286,1,17.06,0.0,17.06
S004189,2025-12-10,Oakland Park,P0137,2,34.89,0.0,69.78
S003450,2025-11-16,Oakland Park,P0043,1,11.96,0.0,11.96
S003218,2025-11-06,Dania Beach,P0204,1,30.89,0.0,30.89
S000870,2025-08-05,Oakland Park,P0258,1,20.03,0.0,20.03
S006035,2026-02-11,Dania Beach,P0045,1,31.47,0.0,31.47
S004924,2025-12-26,Oakland Park,P0258,1,20.03,0.0,20.03
S005150,2025-12-30,Dania Beach,P0123,1,32.28,0.0,32.28
S000056,2025-07-03,Oakland Park,P0069,1,21.4,0.0,21.4
S006401,2026-03-02,Oakland Park,P0120,1,23.21,0.0,23.21
S004886,2025-12-25,Oakland Park,P0037,2,16.2,0.0,32.4
S001321,2025-08-24,Oakland Park,P0225,1,30.83,0.0,30.83
S004204,2025-12-11,Dania Beach,P0203,2,28.04,0.0,56.08
S004943,2025-12-27,Dania Beach,P0283,1,41.77,0.0,41.77
S008845,2026-05-22,Lake Worth,P0060,1,16.29,0.0,16.29
S007725,2026-04-16,Oakland Park,P0175,1,10.78,2.0,8.78
S003694,2025-11-27,Lake Worth,P0134,1,13.77,5.0,8.77
S003070,2025-11-01,Oakland Park,P0091,1,10.86,0.0,10.86
S002543,2025-10-11,Lake Worth,P0258,1,20.03,0.0,20.03
S003141,2025-11-03,Dania Beach,P0175,1,10.78,0.0,10.78
S004331,2025-12-13,Dania Beach,P0253,3,12.31,0.0,36.93
S000260,2025-07-10,Dania Beach,P0090,1,39.67,0.0,39.67
S000171,2025-07-06,Lake Worth,P0112,1,9.26,0.0,9.26
S001281,2025-08-23,Dania Beach,P0234,1,39.24,0.0,39.24
S006991,2026-03-27,Dania Beach,P0068,1,18.85,0.0,18.85
S004512,2025-12-17,Dania Beach,P0171,1,15.79,0.0,15.79
S000793,2025-08-02,Lake Worth,P0078,1,34.08,2.0,32.08
S009717,2026-06-26,Oakland Park,P0250,1,26.07,0.0,26.07
S001749,2025-09-09,Oakland Park,P0069,1,21.4,0.0,21.4
S006851,2026-03-21,Lake Worth,P0250,1,26.07,2.0,24.07
S003617,2025-11-23,Oakland Park,P0229,1,15.22,0.0,15.22
S002917,2025-10-26,Dania Beach,P0122,1,15.39,0.0,15.39
S007340,2026-04-06,Dania Beach,P0229,2,15.22,2.0,26.44
S001191,2025-08-18,Dania Beach,P0207,1,8.62,0.0,8.62
S000391,2025-07-16,Oakland Park,P0240,2,29.77,0.0,59.54
S000915,2025-08-07,Dania Beach,P0282,1,14.8,0.0,14.8
S003203,2025-11-06,Oakland Park,P0225,1,30.83,0.0,30.83
S001018,2025-08-11,Oakland Park,P0112,1,9.26,0.0,9.26
S007066,2026-03-30,Lake Worth,P0060,1,16.29,0.0,16.29
S007220,2026-04-04,Dania Beach,P0298,3,10.79,0.0,32.37
S005480,2026-01-14,Lake Worth,P0196,1,23.33,0.0,23.33
S006105,2026-02-15,Oakland Park,P0093,3,10.98,0.0,32.94
S004224,2025-12-11,Dania Beach,P0229,1,15.22,5.0,10.22
S008964,2026-05-27,Dania Beach,P0021,1,20.19,0.0,20.19
S001336,2025-08-24,Dania Beach,P0033,1,13.41,0.0,13.41
S001706,2025-09-07,Oakland Park,P0069,1,21.4,0.0,21.4
S001766,2025-09-10,Lake Worth,P0283,1,41.77,0.0,41.77
S005254,2026-01-03,Dania Beach,P0181,1,38.54,0.0,38.54
S008183,2026-04-27,Oakland Park,P0292,1,10.79,2.0,8.79
S004868,2025-12-25,Oakland Park,P0197,1,24.23,0.0,24.23
S009392,2026-06-13,Dania Beach,P0154,1,15.49,0.0,15.49
S005428,2026-01-11,Dania Beach,P0001,1,37.04,0.0,37.04
S009358,2026-06-12,Lake Worth,P0195,1,23.58,0.0,23.58
S009633,2026-06-22,Oakland Park,P0229,1,15.22,0.0,15.22
S005090,2025-12-29,Dania Beach,P0105,1,41.09,2.0,39.09
S000245,2025-07-09,Lake Worth,P0258,1,20.03,0.0,20.03
S007037,2026-03-29,Dania Beach,P0240,1,29.77,0.0,29.77
S004247,2025-12-12,Dania Beach,P0161,1,43.05,0.0,43.05
S002910,2025-10-26,Oakland Park,P0032,1,10.89,0.0,10.89
S002242,2025-09-29,Dania Beach,P0258,1,20.03,0.0,20.03
S004950,2025-12-27,Oakland Park,P0258,1,20.03,0.0,20.03
S001397,2025-08-27,Dania Beach,P0141,1,18.03,0.0,18.03
S003026,2025-10-30,Oakland Park,P0087,1,10.56,0.0,10.56
S009213,2026-06-06,Lake Worth,P0004,1,33.33,0.0,33.33
S009355,2026-06-12,Lake Worth,P0258,1,20.03,0.0,20.03
S004772,2025-12-23,Oakland Park,P0028,1,22.61,0.0,22.61
S003508,2025-11-19,Dania Beach,P0024,1,12.01,0.0,12.01
S003636,2025-11-24,Oakland Park,P0298,1,10.79,0.0,10.79
S005073,2025-12-29,Oakland Park,P0123,1,32.28,2.0,30.28
S005000,2025-12-27,Oakland Park,P0095,1,15.25,0.0,15.25
S004959,2025-12-27,Dania Beach,P0284,1,19.93,0.0,19.93
S003241,2025-11-08,Oakland Park,P0121,1,26.48,0.0,26.48
S009016,2026-05-29,Oakland Park,P0276,1,10.98,0.0,10.98
S001498,2025-08-30,Oakland Park,P0201,1,37.27,0.0,37.27
S008194,2026-04-27,Dania Beach,P0181,1,38.54,0.0,38.54
S002886,2025-10-25,Lake Worth,P0100,1,34.67,2.0,32.67
S008865,2026-05-23,Dania Beach,P0207,1,8.62,0.0,8.62
S004454,2025-12-16,Oakland Park,P0068,1,18.85,0.0,18.85
S005446,2026-01-12,Lake Worth,P0019,2,19.0,0.0,38.0
S007951,2026-04-22,Oakland Park,P0258,2,20.03,0.0,40.06
S003247,2025-11-08,Oakland Park,P0069,1,21.4,0.0,21.4
S001012,2025-08-11,Lake Worth,P0033,1,13.41,2.0,11.41
S004401,2025-12-14,Dania Beach,P0046,1,16.17,0.0,16.17
S000189,2025-07-07,Dania Beach,P0267,1,35.08,0.0,35.08
S006007,2026-02-10,Dania Beach,P0044,1,16.95,0.0,16.95
S000837,2025-08-04,Oakland Park,P0202,1,27.95,2.0,25.95
S007597,2026-04-12,Lake Worth,P0061,1,13.54,0.0,13.54
S004480,2025-12-16,Oakland Park,P0196,1,23.33,2.0,21.33
S005356,2026-01-08,Oakland Park,P0060,1,16.29,2.0,14.29
S009399,2026-06-13,Lake Worth,P0118,1,26.15,0.0,26.15
S005346,2026-01-07,Lake Worth,P0085,1,28.45,0.0,28.45
S000120,2025-07-05,Dania Beach,P0257,2,21.09,0.0,42.18
S003112,2025-11-02,Dania Beach,P0298,1,10.79,0.0,10.79
S009299,2026-06-09,Dania Beach,P0286,1,17.06,5.0,12.06
S001064,2025-08-13,Dania Beach,P0054,1,38.06,0.0,38.06
S006084,2026-02-14,Oakland Park,P0138,1,18.5,0.0,18.5
S005919,2026-02-05,Dania Beach,P0104,1,23.8,0.0,23.8
S003977,2025-12-05,Oakland Park,P0079,1,38.19,0.0,38.19
S000215,2025-07-08,Dania Beach,P0125,1,30.0,0.0,30.0
S008817,2026-05-21,Oakland Park,P0028,1,22.61,0.0,22.61
S006559,2026-03-08,Oakland Park,P0258,1,20.03,0.0,20.03
S006159,2026-02-18,Dania Beach,P0053,1,11.0,0.0,11.0
S001592,2025-09-03,Oakland Park,P0091,1,10.86,0.0,10.86
S001131,2025-08-16,Dania Beach,P0185,1,20.14,0.0,20.14
S006294,2026-02-26,Dania Beach,P0258,1,20.03,0.0,20.03
S008207,2026-04-28,Lake Worth,P0229,1,15.22,5.0,10.22
S002484,2025-10-08,Lake Worth,P0210,1,17.31,5.0,12.31
S009384,2026-06-13,Dania Beach,P0104,1,23.8,0.0,23.8
S007563,2026-04-12,Dania Beach,P0157,1,8.43,0.0,8.43
S005263,2026-01-03,Dania Beach,P0258,1,20.03,0.0,20.03
S004076,2025-12-07,Dania Beach,P0212,1,31.11,0.0,31.11
S008854,2026-05-23,Dania Beach,P0113,1,15.71,0.0,15.71
S008464,2026-05-08,Oakland Park,P0258,3,20.03,2.0,54.09
S003519,2025-11-19,Oakland Park,P0028,1,22.61,0.0,22.61
S002640,2025-10-15,Dania Beach,P0077,1,38.06,0.0,38.06
S001291,2025-08-23,Dania Beach,P0279,1,5.18,0.0,5.18
S000953,2025-08-09,Dania Beach,P0157,1,8.43,0.0,8.43
S001164,2025-08-17,Oakland Park,P0099,1,32.17,0.0,32.17
S001555,2025-09-01,Oakland Park,P0258,1,20.03,0.0,20.03
S009565,2026-06-20,Oakland Park,P0284,1,19.93,0.0,19.93
S005852,2026-02-02,Oakland Park,P0057,1,31.85,0.0,31.85
S006384,2026-03-01,Oakland Park,P0141,1,18.03,0.0,18.03
S008049,2026-04-24,Dania Beach,P0173,1,28.8,0.0,28.8
S001426,2025-08-28,Dania Beach,P0115,1,35.88,0.0,35.88
S000588,2025-07-25,Lake Worth,P0046,1,16.17,0.0,16.17
S001504,2025-08-31,Dania Beach,P0297,1,17.64,0.0,17.64
S005642,2026-01-23,Oakland Park,P0258,1,20.03,0.0,20.03
S008461,2026-05-08,Lake Worth,P0091,1,10.86,0.0,10.86
S006624,2026-03-11,Lake Worth,P0028,1,22.61,0.0,22.61
S004093,2025-12-08,Oakland Park,P0122,1,15.39,0.0,15.39
S000811,2025-08-03,Oakland Park,P0279,1,5.18,0.0,5.18
S006463,2026-03-05,Oakland Park,P0028,1,22.61,0.0,22.61
S000726,2025-07-30,Oakland Park,P0072,1,23.85,0.0,23.85
S004798,2025-12-23,Dania Beach,P0229,2,15.22,0.0,30.44
S004414,2025-12-15,Dania Beach,P0227,1,22.7,0.0,22.7
S004043,2025-12-07,Dania Beach,P0064,1,22.4,0.0,22.4
S005072,2025-12-28,Lake Worth,P0120,1,23.21,0.0,23.21
S005391,2026-01-09,Dania Beach,P0258,1,20.03,0.0,20.03
S007438,2026-04-09,Oakland Park,P0123,1,32.28,0.0,32.28
S000521,2025-07-21,Oakland Park,P0057,1,31.85,2.0,29.85
S003718,2025-11-28,Lake Worth,P0190,2,31.63,0.0,63.26
S008659,2026-05-15,Lake Worth,P0232,1,35.97,0.0,35.97
S001416,2025-08-27,Lake Worth,P0233,1,22.74,0.0,22.74
S000449,2025-07-19,Oakland Park,P0298,1,10.79,0.0,10.79
S004421,2025-12-15,Dania Beach,P0068,1,18.85,0.0,18.85
S006921,2026-03-24,Lake Worth,P0244,1,7.54,0.0,7.54
S007933,2026-04-21,Dania Beach,P0028,1,22.61,0.0,22.61
S006283,2026-02-25,Dania Beach,P0258,2,20.03,0.0,40.06
S007899,2026-04-20,Lake Worth,P0261,1,13.52,0.0,13.52
S001815,2025-09-12,Oakland Park,P0107,1,35.69,0.0,35.69
S000088,2025-07-04,Dania Beach,P0138,1,18.5,0.0,18.5
S005720,2026-01-27,Oakland Park,P0289,1,47.01,0.0,47.01
S000298,2025-07-12,Lake Worth,P0072,1,23.85,0.0,23.85
S006026,2026-02-11,Dania Beach,P0138,2,18.5,0.0,37.0
S008105,2026-04-26,Oakland Park,P0095,1,15.25,0.0,15.25
S006142,2026-02-17,Dania Beach,P0279,1,5.18,0.0,5.18
S001800,2025-09-11,Dania Beach,P0035,1,25.13,0.0,25.13
S005887,2026-02-04,Oakland Park,P0250,1,26.07,0.0,26.07
S003320,2025-11-11,Dania Beach,P0228,1,12.36,0.0,12.36
S009220,2026-06-06,Dania Beach,P0159,1,5.86,0.0,5.86
S003116,2025-11-02,Oakland Park,P0099,2,32.17,0.0,64.34
S005032,2025-12-28,Dania Beach,P0175,2,10.78,0.0,21.56
S003399,2025-11-14,Oakland Park,P0037,3,16.2,0.0,48.6
S005635,2026-01-22,Oakland Park,P0116,1,38.74,0.0,38.74
S000023,2025-07-02,Dania Beach,P0053,1,11.0,0.0,11.0
S001587,2025-09-03,Oakland Park,P0229,1,15.22,0.0,15.22
S006708,2026-03-15,Oakland Park,P0152,1,10.83,2.0,8.83
S007464,2026-04-10,Oakland Park,P0181,1,38.54,2.0,36.54
S004120,2025-12-09,Dania Beach,P0239,1,7.76,0.0,7.76
S006043,2026-02-12,Lake Worth,P0145,1,18.52,0.0,18.52
S006130,2026-02-16,Lake Worth,P0192,1,9.96,0.0,9.96
S003225,2025-11-07,Oakland Park,P0209,1,38.73,2.0,36.73
S008895,2026-05-24,Dania Beach,P0161,1,43.05,0.0,43.05
S007038,2026-03-29,Oakland Park,P0225,1,30.83,0.0,30.83
S004398,2025-12-14,Dania Beach,P0258,1,20.03,2.0,18.03
S005070,2025-12-28,Dania Beach,P0189,1,8.68,0.0,8.68
S006561,2026-03-08,Dania Beach,P0258,1,20.03,5.0,15.03
S003272,2025-11-09,Dania Beach,P0269,1,19.37,0.0,19.37
S002597,2025-10-13,Dania Beach,P0091,1,10.86,0.0,10.86
S004919,2025-12-26,Dania Beach,P0028,2,22.61,2.0,41.22
S006751,2026-03-17,Dania Beach,P0258,1,20.03,0.0,20.03
S009536,2026-06-19,Lake Worth,P0258,1,20.03,0.0,20.03
S006244,2026-02-22,Dania Beach,P0198,1,5.19,0.0,5.19
S004514,2025-12-17,Dania Beach,P0247,1,11.6,0.0,11.6
S003904,2025-12-04,Oakland Park,P0272,1,18.29,0.0,18.29
S006673,2026-03-14,Dania Beach,P0229,1,15.22,0.0,15.22
S008888,2026-05-23,Oakland Park,P0091,1,10.86,2.0,8.86
S002837,2025-10-22,Oakland Park,P0091,1,10.86,0.0,10.86
S004545,2025-12-18,Dania Beach,P0131,1,10.61,0.0,10.61
S001562,2025-09-02,Dania Beach,P0141,1,18.03,2.0,16.03
S004615,2025-12-20,Lake Worth,P0250,3,26.07,0.0,78.21
S000646,2025-07-27,Dania Beach,P0041,1,11.22,0.0,11.22
S000169,2025-07-06,Oakland Park,P0229,1,15.22,0.0,15.22
S008500,2026-05-09,Oakland Park,P0082,1,11.34,0.0,11.34
S002185,2025-09-28,Dania Beach,P0141,1,18.03,0.0,18.03
S001627,2025-09-05,Lake Worth,P0232,1,35.97,0.0,35.97
S007904,2026-04-20,Lake Worth,P0250,1,26.07,0.0,26.07
S008303,2026-05-02,Oakland Park,P0116,1,38.74,0.0,38.74
S008189,2026-04-27,Lake Worth,P0031,1,23.06,0.0,23.06
S004646,2025-12-20,Dania Beach,P0209,1,38.73,2.0,36.73
S009168,2026-06-04,Dania Beach,P0122,1,15.39,0.0,15.39
S009589,2026-06-21,Dania Beach,P0099,1,32.17,0.0,32.17
S009200,2026-06-06,Lake Worth,P0042,1,16.07,5.0,11.07
S001632,2025-09-05,Lake Worth,P0116,1,38.74,0.0,38.74
S006654,2026-03-13,Lake Worth,P0034,1,17.39,0.0,17.39
S005238,2026-01-02,Oakland Park,P0138,1,18.5,0.0,18.5
S000692,2025-07-29,Dania Beach,P0069,1,21.4,0.0,21.4
S006293,2026-02-26,Oakland Park,P0278,1,27.49,0.0,27.49
S002231,2025-09-29,Dania Beach,P0016,1,9.61,0.0,9.61
S003017,2025-10-30,Dania Beach,P0134,1,13.77,0.0,13.77
S008827,2026-05-22,Dania Beach,P0229,1,15.22,2.0,13.22
S005994,2026-02-09,Oakland Park,P0231,2,16.4,0.0,32.8
S004778,2025-12-23,Lake Worth,P0178,1,35.29,0.0,35.29
S007836,2026-04-19,Dania Beach,P0055,1,18.49,0.0,18.49
S006793,2026-03-19,Dania Beach,P0045,1,31.47,0.0,31.47
S003772,2025-11-30,Dania Beach,P0028,1,22.61,0.0,22.61
S003726,2025-11-28,Dania Beach,P0264,1,39.66,0.0,39.66
S006379,2026-03-01,Oakland Park,P0147,1,40.67,0.0,40.67
S008826,2026-05-22,Oakland Park,P0129,1,7.89,2.0,5.89
S009583,2026-06-21,Lake Worth,P0057,1,31.85,0.0,31.85
S001422,2025-08-28,Dania Beach,P0041,1,11.22,0.0,11.22
S007877,2026-04-19,Lake Worth,P0008,1,23.36,0.0,23.36
S007822,2026-04-18,Lake Worth,P0258,1,20.03,0.0,20.03
S007687,2026-04-15,Oakland Park,P0038,1,16.31,0.0,16.31
S001786,2025-09-11,Oakland Park,P0112,1,9.26,0.0,9.26
S005151,2025-12-30,Dania Beach,P0288,1,39.45,0.0,39.45
S003619,2025-11-23,Dania Beach,P0250,1,26.07,0.0,26.07
S005895,2026-02-04,Oakland Park,P0074,1,23.62,0.0,23.62
S009687,2026-06-24,Dania Beach,P0266,2,28.75,0.0,57.5
S003373,2025-11-13,Oakland Park,P0134,1,13.77,0.0,13.77
S007267,2026-04-05,Oakland Park,P0123,1,32.28,0.0,32.28
S009811,2026-06-29,Dania Beach,P0022,2,7.3,0.0,14.6
S007582,2026-04-12,Oakland Park,P0069,1,21.4,0.0,21.4
S001871,2025-09-14,Lake Worth,P0288,1,39.45,2.0,37.45
S003530,2025-11-20,Oakland Park,P0150,1,8.12,0.0,8.12
S007298,2026-04-05,Oakland Park,P0120,1,23.21,0.0,23.21
S002212,2025-09-28,Oakland Park,P0177,1,14.51,0.0,14.51
S008103,2026-04-26,Lake Worth,P0039,2,18.68,0.0,37.36
S007908,2026-04-20,Lake Worth,P0181,1,38.54,0.0,38.54
S006132,2026-02-16,Oakland Park,P0188,1,14.19,0.0,14.19
S000519,2025-07-21,Lake Worth,P0042,1,16.07,0.0,16.07
S001947,2025-09-18,Dania Beach,P0062,1,34.29,0.0,34.29
S005239,2026-01-02,Dania Beach,P0028,2,22.61,0.0,45.22
S007633,2026-04-13,Oakland Park,P0253,1,12.31,0.0,12.31
S005921,2026-02-06,Dania Beach,P0141,1,18.03,0.0,18.03
S000635,2025-07-26,Oakland Park,P0076,2,28.11,0.0,56.22
S004520,2025-12-17,Oakland Park,P0056,3,36.04,0.0,108.12
S002601,2025-10-13,Dania Beach,P0168,1,9.03,0.0,9.03
S004754,2025-12-22,Dania Beach,P0258,1,20.03,0.0,20.03
S001848,2025-09-13,Dania Beach,P0258,1,20.03,0.0,20.03
S007782,2026-04-18,Oakland Park,P0041,1,11.22,0.0,11.22
S006139,2026-02-17,Oakland Park,P0224,1,28.47,0.0,28.47
S005043,2025-12-28,Dania Beach,P0299,1,6.83,0.0,6.83
S009762,2026-06-27,Oakland Park,P0141,1,18.03,0.0,18.03
S004298,2025-12-13,Dania Beach,P0143,1,33.65,0.0,33.65
S007835,2026-04-19,Dania Beach,P0057,1,31.85,0.0,31.85
S002853,2025-10-24,Lake Worth,P0028,2,22.61,0.0,45.22
S005516,2026-01-16,Dania Beach,P0028,1,22.61,0.0,22.61
S003434,2025-11-15,Lake Worth,P0006,1,18.74,0.0,18.74
S002237,2025-09-29,Oakland Park,P0028,1,22.61,0.0,22.61
S002869,2025-10-24,Oakland Park,P0245,1,30.57,0.0,30.57
S006732,2026-03-16,Dania Beach,P0180,1,14.34,0.0,14.34
S001755,2025-09-09,Oakland Park,P0161,1,43.05,0.0,43.05
S006806,2026-03-19,Dania Beach,P0110,1,16.9,2.0,14.9
S002197,2025-09-28,Dania Beach,P0022,1,7.3,2.0,5.3
S000763,2025-08-01,Dania Beach,P0047,1,11.39,0.0,11.39
S008355,2026-05-03,Oakland Park,P0134,1,13.77,5.0,8.77
S007034,2026-03-29,Oakland Park,P0229,1,15.22,0.0,15.22
S005241,2026-01-02,Oakland Park,P0028,1,22.61,0.0,22.61
S007527,2026-04-11,Dania Beach,P0144,1,39.21,0.0,39.21
S003452,2025-11-16,Lake Worth,P0088,1,14.79,0.0,14.79
S005816,2026-01-31,Dania Beach,P0258,1,20.03,0.0,20.03
S005414,2026-01-11,Oakland Park,P0125,1,30.0,0.0,30.0
S004016,2025-12-06,Lake Worth,P0249,1,24.88,0.0,24.88
S003751,2025-11-29,Dania Beach,P0209,1,38.73,0.0,38.73
S009302,2026-06-09,Dania Beach,P0009,1,10.82,0.0,10.82
S004518,2025-12-17,Dania Beach,P0229,1,15.22,0.0,15.22
S003835,2025-12-02,Lake Worth,P0258,1,20.03,0.0,20.03
S004409,2025-12-15,Oakland Park,P0142,1,14.84,5.0,9.84
S001966,2025-09-19,Dania Beach,P0011,1,31.32,0.0,31.32
S009515,2026-06-18,Dania Beach,P0283,1,41.77,0.0,41.77
S005451,2026-01-12,Dania Beach,P0141,1,18.03,0.0,18.03
S000693,2025-07-29,Dania Beach,P0081,1,12.2,5.0,7.2
S006112,2026-02-15,Dania Beach,P0138,1,18.5,0.0,18.5
S007723,2026-04-16,Lake Worth,P0058,1,6.59,0.0,6.59
S001567,2025-09-02,Dania Beach,P0258,1,20.03,0.0,20.03
S008993,2026-05-28,Lake Worth,P0129,1,7.89,0.0,7.89
S006239,2026-02-22,Dania Beach,P0148,1,17.71,5.0,12.71
S005104,2025-12-29,Dania Beach,P0104,1,23.8,0.0,23.8
S007370,2026-04-07,Oakland Park,P0229,2,15.22,0.0,30.44
S007916,2026-04-21,Lake Worth,P0045,1,31.47,0.0,31.47
S001387,2025-08-27,Dania Beach,P0017,1,13.63,5.0,8.63
S006613,2026-03-10,Dania Beach,P0021,2,20.19,0.0,40.38
S004127,2025-12-09,Oakland Park,P0031,1,23.06,0.0,23.06
S004041,2025-12-07,Lake Worth,P0209,1,38.73,0.0,38.73
S000036,2025-07-02,Lake Worth,P0258,1,20.03,5.0,15.03
S004517,2025-12-17,Oakland Park,P0120,1,23.21,0.0,23.21
S007099,2026-03-31,Dania Beach,P0266,1,28.75,0.0,28.75
S000484,2025-07-20,Lake Worth,P0117,1,13.24,0.0,13.24
S004303,2025-12-13,Dania Beach,P0039,1,18.68,0.0,18.68
S009064,2026-05-31,Dania Beach,P0196,1,23.33,0.0,23.33
S007362,2026-04-07,Dania Beach,P0107,1,35.69,0.0,35.69
S001255,2025-08-22,Dania Beach,P0258,1,20.03,0.0,20.03
S004332,2025-12-13,Dania Beach,P0138,1,18.5,0.0,18.5
S006180,2026-02-20,Oakland Park,P0296,1,10.05,0.0,10.05
S002902,2025-10-25,Oakland Park,P0229,1,15.22,0.0,15.22
S009081,2026-06-01,Dania Beach,P0238,1,9.91,0.0,9.91
S003196,2025-11-05,Dania Beach,P0251,1,16.69,0.0,16.69
S006206,2026-02-21,Dania Beach,P0028,1,22.61,0.0,22.61
S008208,2026-04-28,Lake Worth,P0258,2,20.03,5.0,30.06
S004158,2025-12-09,Oakland Park,P0191,1,35.79,0.0,35.79
S005062,2025-12-28,Lake Worth,P0157,3,8.43,0.0,25.29
S000386,2025-07-15,Oakland Park,P0167,1,11.11,0.0,11.11
S004461,2025-12-16,Oakland Park,P0148,1,17.71,0.0,17.71
S003743,2025-11-29,Dania Beach,P0138,1,18.5,2.0,16.5
S007858,2026-04-19,Dania Beach,P0120,1,23.21,5.0,18.21
S002768,2025-10-19,Dania Beach,P0141,1,18.03,0.0,18.03
S000868,2025-08-05,Dania Beach,P0028,1,22.61,5.0,17.61
S000047,2025-07-02,Oakland Park,P0042,1,16.07,5.0,11.07
S004579,2025-12-19,Dania Beach,P0067,2,22.05,5.0,34.1
S002864,2025-10-24,Oakland Park,P0099,1,32.17,0.0,32.17
S006664,2026-03-13,Lake Worth,P0253,1,12.31,0.0,12.31
S006222,2026-02-21,Oakland Park,P0123,1,32.28,0.0,32.28
S006027,2026-02-11,Dania Beach,P0066,1,15.19,0.0,15.19
S004687,2025-12-21,Dania Beach,P0258,1,20.03,0.0,20.03
S006639,2026-03-12,Dania Beach,P0089,1,38.61,2.0,36.61
S009369,2026-06-13,Lake Worth,P0298,2,10.79,0.0,21.58
S002283,2025-10-01,Dania Beach,P0013,1,19.04,0.0,19.04
S007636,2026-04-13,Dania Beach,P0119,1,10.1,0.0,10.1
S005959,2026-02-07,Lake Worth,P0123,1,32.28,0.0,32.28
S000284,2025-07-12,Dania Beach,P0042,1,16.07,0.0,16.07
S003153,2025-11-03,Oakland Park,P0229,1,15.22,0.0,15.22
S009718,2026-06-26,Lake Worth,P0099,1,32.17,0.0,32.17
S009767,2026-06-28,Lake Worth,P0049,1,17.75,0.0,17.75
S006745,2026-03-16,Dania Beach,P0090,1,39.67,0.0,39.67
S009713,2026-06-26,Dania Beach,P0100,1,34.67,0.0,34.67
S003794,2025-12-01,Dania Beach,P0029,1,44.82,0.0,44.82
S002236,2025-09-29,Dania Beach,P0069,1,21.4,0.0,21.4
S009225,2026-06-06,Dania Beach,P0076,1,28.11,0.0,28.11
S008286,2026-05-01,Dania Beach,P0028,1,22.61,0.0,22.61
S006118,2026-02-15,Oakland Park,P0229,1,15.22,0.0,15.22
S007490,2026-04-10,Oakland Park,P0061,1,13.54,0.0,13.54
S005706,2026-01-26,Lake Worth,P0026,1,24.77,0.0,24.77
S004365,2025-12-14,Oakland Park,P0221,1,26.83,2.0,24.83
S000657,2025-07-27,Dania Beach,P0028,1,22.61,0.0,22.61
S003505,2025-11-19,Dania Beach,P0258,1,20.03,2.0,18.03
S008986,2026-05-28,Dania Beach,P0275,1,12.12,0.0,12.12
S008023,2026-04-24,Dania Beach,P0205,1,34.1,0.0,34.1
S004103,2025-12-08,Dania Beach,P0138,1,18.5,0.0,18.5
S005124,2025-12-29,Oakland Park,P0042,2,16.07,0.0,32.14
S000626,2025-07-26,Lake Worth,P0293,1,17.47,0.0,17.47
S004009,2025-12-06,Oakland Park,P0080,1,3.25,0.0,3.25
S003093,2025-11-02,Dania Beach,P0147,1,40.67,2.0,38.67
S001952,2025-09-18,Dania Beach,P0141,1,18.03,2.0,16.03
S001699,2025-09-07,Dania Beach,P0253,1,12.31,0.0,12.31
S004749,2025-12-22,Lake Worth,P0274,1,22.73,5.0,17.73
S007073,2026-03-30,Oakland Park,P0138,2,18.5,2.0,33.0
S001404,2025-08-27,Lake Worth,P0225,2,30.83,0.0,61.66
S007805,2026-04-18,Dania Beach,P0257,1,21.09,0.0,21.09
S004372,2025-12-14,Dania Beach,P0116,1,38.74,0.0,38.74
S007090,2026-03-31,Oakland Park,P0225,1,30.83,0.0,30.83
S009274,2026-06-08,Dania Beach,P0288,1,39.45,0.0,39.45
S007703,2026-04-15,Dania Beach,P0205,1,34.1,0.0,34.1
S002500,2025-10-09,Dania Beach,P0143,1,33.65,0.0,33.65
S001432,2025-08-28,Oakland Park,P0202,1,27.95,0.0,27.95
S009409,2026-06-14,Dania Beach,P0224,1,28.47,0.0,28.47
S003362,2025-11-13,Dania Beach,P0269,1,19.37,0.0,19.37
S007942,2026-04-21,Dania Beach,P0127,1,26.3,0.0,26.3
S004639,2025-12-20,Oakland Park,P0066,1,15.19,0.0,15.19
S007853,2026-04-19,Oakland Park,P0120,1,23.21,0.0,23.21
S005431,2026-01-11,Oakland Park,P0060,2,16.29,0.0,32.58
S007878,2026-04-19,Oakland Park,P0257,1,21.09,0.0,21.09
S001030,2025-08-12,Lake Worth,P0250,1,26.07,0.0,26.07
S008677,2026-05-16,Oakland Park,P0196,1,23.33,0.0,23.33
S008995,2026-05-28,Oakland Park,P0069,1,21.4,0.0,21.4
S007106,2026-03-31,Dania Beach,P0258,1,20.03,0.0,20.03
S005208,2025-12-31,Oakland Park,P0258,1,20.03,0.0,20.03
S003027,2025-10-30,Oakland Park,P0126,1,18.39,0.0,18.39
S006153,2026-02-18,Oakland Park,P0028,1,22.61,2.0,20.61
S001473,2025-08-30,Oakland Park,P0250,2,26.07,0.0,52.14
S005799,2026-01-31,Oakland Park,P0150,1,8.12,0.0,8.12
S004992,2025-12-27,Oakland Park,P0240,1,29.77,0.0,29.77
S008524,2026-05-10,Oakland Park,P0158,1,15.94,5.0,10.94
S002688,2025-10-17,Dania Beach,P0062,1,34.29,0.0,34.29
S009545,2026-06-19,Dania Beach,P0028,1,22.61,0.0,22.61
S009543,2026-06-19,Dania Beach,P0270,1,13.93,0.0,13.93
S005080,2025-12-29,Dania Beach,P0242,1,16.38,0.0,16.38
S008182,2026-04-27,Dania Beach,P0121,1,26.48,0.0,26.48
S005161,2025-12-30,Oakland Park,P0154,1,15.49,0.0,15.49
S007704,2026-04-15,Dania Beach,P0098,1,12.85,0.0,12.85
S007314,2026-04-05,Dania Beach,P0164,1,14.99,0.0,14.99
S007240,2026-04-04,Dania Beach,P0258,1,20.03,0.0,20.03
S001300,2025-08-23,Dania Beach,P0258,1,20.03,0.0,20.03
S005946,2026-02-07,Lake Worth,P0028,1,22.61,0.0,22.61
S005825,2026-02-01,Lake Worth,P0293,1,17.47,0.0,17.47
S007088,2026-03-31,Oakland Park,P0128,1,25.5,0.0,25.5
S000778,2025-08-02,Dania Beach,P0239,1,7.76,0.0,7.76
S001045,2025-08-13,Oakland Park,P0127,1,26.3,0.0,26.3
S002882,2025-10-25,Dania Beach,P0196,1,23.33,0.0,23.33
S001636,2025-09-05,Dania Beach,P0118,2,26.15,0.0,52.3
S006983,2026-03-26,Oakland Park,P0186,1,8.27,0.0,8.27
S005281,2026-01-04,Oakland Park,P0293,1,17.47,0.0,17.47
S006439,2026-03-04,Dania Beach,P0025,1,37.2,0.0,37.2
S000542,2025-07-23,Dania Beach,P0258,1,20.03,0.0,20.03
S005914,2026-02-05,Lake Worth,P0105,1,41.09,0.0,41.09
S008840,2026-05-22,Oakland Park,P0145,1,18.52,2.0,16.52
S000377,2025-07-15,Oakland Park,P0137,1,34.89,0.0,34.89
S000009,2025-07-01,Dania Beach,P0111,1,9.29,0.0,9.29
S000181,2025-07-06,Oakland Park,P0229,1,15.22,0.0,15.22
S002363,2025-10-04,Oakland Park,P0250,1,26.07,2.0,24.07
S007162,2026-04-02,Dania Beach,P0258,1,20.03,0.0,20.03
S000732,2025-07-31,Oakland Park,P0093,1,10.98,0.0,10.98
S002247,2025-09-29,Lake Worth,P0240,1,29.77,2.0,27.77
S009590,2026-06-21,Lake Worth,P0245,1,30.57,0.0,30.57
S006052,2026-02-13,Oakland Park,P0123,1,32.28,0.0,32.28
S007218,2026-04-04,Dania Beach,P0014,2,41.58,0.0,83.16
S007606,2026-04-13,Oakland Park,P0188,1,14.19,0.0,14.19
S008118,2026-04-26,Lake Worth,P0229,1,15.22,0.0,15.22
S004779,2025-12-23,Dania Beach,P0238,1,9.91,0.0,9.91
S001773,2025-09-10,Dania Beach,P0175,1,10.78,0.0,10.78
S003953,2025-12-05,Oakland Park,P0250,1,26.07,0.0,26.07
S002847,2025-10-23,Dania Beach,P0033,1,13.41,0.0,13.41
S005234,2026-01-02,Dania Beach,P0107,1,35.69,0.0,35.69
S001896,2025-09-15,Dania Beach,P0028,2,22.61,0.0,45.22
S009343,2026-06-12,Dania Beach,P0278,1,27.49,0.0,27.49
S002737,2025-10-18,Lake Worth,P0027,2,16.28,0.0,32.56
S006423,2026-03-03,Oakland Park,P0131,1,10.61,0.0,10.61
S000907,2025-08-07,Dania Beach,P0161,1,43.05,0.0,43.05
S003368,2025-11-13,Dania Beach,P0247,1,11.6,0.0,11.6
S008801,2026-05-21,Dania Beach,P0123,1,32.28,0.0,32.28
S001569,2025-09-02,Dania Beach,P0067,1,22.05,0.0,22.05
S004183,2025-12-10,Oakland Park,P0209,1,38.73,0.0,38.73
S002685,2025-10-17,Oakland Park,P0030,1,9.83,0.0,9.83
S007960,2026-04-22,Dania Beach,P0099,1,32.17,0.0,32.17
S007721,2026-04-16,Dania Beach,P0123,1,32.28,0.0,32.28
S003283,2025-11-09,Dania Beach,P0258,1,20.03,0.0,20.03
S006800,2026-03-19,Dania Beach,P0250,1,26.07,0.0,26.07
S003325,2025-11-11,Oakland Park,P0028,1,22.61,0.0,22.61
S000661,2025-07-28,Oakland Park,P0229,1,15.22,0.0,15.22
S005444,2026-01-12,Oakland Park,P0196,2,23.33,0.0,46.66
S006342,2026-02-28,Dania Beach,P0108,1,11.87,0.0,11.87
S003321,2025-11-11,Oakland Park,P0028,1,22.61,0.0,22.61
S000467,2025-07-19,Dania Beach,P0219,1,19.95,0.0,19.95
S009768,2026-06-28,Oakland Park,P0041,1,11.22,0.0,11.22
S008372,2026-05-04,Oakland Park,P0258,1,20.03,0.0,20.03
S009507,2026-06-18,Oakland Park,P0173,1,28.8,5.0,23.8
S005304,2026-01-05,Lake Worth,P0120,1,23.21,2.0,21.21
S000314,2025-07-12,Dania Beach,P0045,1,31.47,0.0,31.47
S008710,2026-05-17,Oakland Park,P0126,1,18.39,5.0,13.39
S009363,2026-06-12,Lake Worth,P0229,1,15.22,0.0,15.22
S003903,2025-12-04,Dania Beach,P0108,3,11.87,0.0,35.61
S007225,2026-04-04,Oakland Park,P0148,1,17.71,0.0,17.71
S003928,2025-12-04,Dania Beach,P0139,1,25.22,0.0,25.22
S009003,2026-05-29,Dania Beach,P0098,1,12.85,0.0,12.85
S000112,2025-07-05,Dania Beach,P0258,1,20.03,0.0,20.03
S003912,2025-12-04,Oakland Park,P0157,1,8.43,0.0,8.43
S000887,2025-08-06,Lake Worth,P0175,2,10.78,0.0,21.56
S004611,2025-12-20,Oakland Park,P0202,1,27.95,5.0,22.95
S003574,2025-11-22,Oakland Park,P0042,1,16.07,0.0,16.07
S009201,2026-06-06,Dania Beach,P0258,1,20.03,0.0,20.03
S002934,2025-10-26,Dania Beach,P0098,1,12.85,0.0,12.85
S005634,2026-01-22,Dania Beach,P0284,1,19.93,0.0,19.93
S005906,2026-02-05,Oakland Park,P0107,2,35.69,0.0,71.38
S007235,2026-04-04,Oakland Park,P0225,1,30.83,2.0,28.83
S005897,2026-02-04,Oakland Park,P0250,1,26.07,0.0,26.07
S006719,2026-03-15,Lake Worth,P0027,1,16.28,5.0,11.28
S004858,2025-12-25,Dania Beach,P0159,2,5.86,0.0,11.72
S003040,2025-10-31,Lake Worth,P0028,1,22.61,0.0,22.61
S001481,2025-08-30,Dania Beach,P0055,2,18.49,5.0,26.98
S003094,2025-11-02,Dania Beach,P0258,1,20.03,0.0,20.03
S007699,2026-04-15,Dania Beach,P0250,1,26.07,0.0,26.07
S005986,2026-02-08,Oakland Park,P0258,1,20.03,5.0,15.03
S008702,2026-05-17,Dania Beach,P0229,1,15.22,0.0,15.22
S005821,2026-01-31,Oakland Park,P0231,1,16.4,2.0,14.4
S007828,2026-04-18,Lake Worth,P0258,2,20.03,2.0,36.06
S000918,2025-08-07,Oakland Park,P0229,1,15.22,0.0,15.22
S002391,2025-10-05,Oakland Park,P0129,1,7.89,0.0,7.89
S002025,2025-09-21,Dania Beach,P0157,1,8.43,0.0,8.43
S006956,2026-03-25,Dania Beach,P0100,1,34.67,0.0,34.67
S008339,2026-05-03,Oakland Park,P0294,1,30.88,0.0,30.88
S009360,2026-06-12,Dania Beach,P0071,1,14.0,0.0,14.0
S008971,2026-05-27,Oakland Park,P0150,1,8.12,0.0,8.12
S005456,2026-01-13,Oakland Park,P0149,1,20.51,2.0,18.51
S005850,2026-02-02,Dania Beach,P0229,1,15.22,0.0,15.22
S001622,2025-09-05,Dania Beach,P0045,1,31.47,0.0,31.47
S004571,2025-12-19,Dania Beach,P0090,3,39.67,2.0,113.01
S001233,2025-08-20,Lake Worth,P0283,1,41.77,0.0,41.77
S007756,2026-04-17,Dania Beach,P0090,1,39.67,0.0,39.67
S009789,2026-06-28,Oakland Park,P0229,1,15.22,0.0,15.22
S004214,2025-12-11,Lake Worth,P0229,1,15.22,0.0,15.22
S000831,2025-08-03,Lake Worth,P0034,1,17.39,0.0,17.39
S003334,2025-11-11,Oakland Park,P0138,1,18.5,5.0,13.5
S001431,2025-08-28,Lake Worth,P0066,1,15.19,2.0,13.19
S005378,2026-01-09,Oakland Park,P0271,1,13.23,0.0,13.23
S001253,2025-08-21,Dania Beach,P0258,1,20.03,0.0,20.03
S008739,2026-05-18,Oakland Park,P0122,1,15.39,0.0,15.39
S002380,2025-10-04,Oakland Park,P0120,1,23.21,0.0,23.21
S005922,2026-02-06,Dania Beach,P0258,1,20.03,0.0,20.03
S005962,2026-02-08,Dania Beach,P0147,1,40.67,0.0,40.67
S008437,2026-05-07,Dania Beach,P0266,1,28.75,0.0,28.75
S006245,2026-02-22,Dania Beach,P0283,1,41.77,0.0,41.77
S003514,2025-11-19,Lake Worth,P0121,1,26.48,0.0,26.48
S006826,2026-03-20,Oakland Park,P0112,1,9.26,0.0,9.26
S005133,2025-12-30,Oakland Park,P0229,1,15.22,0.0,15.22
S001370,2025-08-26,Lake Worth,P0171,1,15.79,0.0,15.79
S004900,2025-12-26,Dania Beach,P0258,1,20.03,0.0,20.03
S003236,2025-11-07,Lake Worth,P0236,1,32.91,0.0,32.91
S000782,2025-08-02,Dania Beach,P0123,1,32.28,0.0,32.28
S001513,2025-08-31,Oakland Park,P0241,1,10.09,0.0,10.09
S007867,2026-04-19,Oakland Park,P0040,1,30.27,0.0,30.27
S008326,2026-05-02,Lake Worth,P0274,1,22.73,0.0,22.73
S000712,2025-07-30,Dania Beach,P0205,1,34.1,0.0,34.1
S002437,2025-10-06,Oakland Park,P0045,2,31.47,0.0,62.94
S008589,2026-05-12,Oakland Park,P0229,1,15.22,0.0,15.22
S001058,2025-08-13,Dania Beach,P0233,1,22.74,0.0,22.74
S002216,2025-09-28,Oakland Park,P0229,1,15.22,0.0,15.22
S009511,2026-06-18,Lake Worth,P0278,1,27.49,0.0,27.49
S001752,2025-09-09,Dania Beach,P0198,1,5.19,0.0,5.19
S003370,2025-11-13,Oakland Park,P0125,1,30.0,0.0,30.0
S007813,2026-04-18,Oakland Park,P0031,1,23.06,0.0,23.06
S001433,2025-08-28,Oakland Park,P0121,1,26.48,0.0,26.48
S003992,2025-12-06,Oakland Park,P0022,1,7.3,0.0,7.3
S003155,2025-11-03,Dania Beach,P0112,1,9.26,5.0,4.26
S002272,2025-09-30,Oakland Park,P0195,1,23.58,0.0,23.58
S004457,2025-12-16,Oakland Park,P0207,1,8.62,0.0,8.62
S002805,2025-10-21,Dania Beach,P0185,1,20.14,0.0,20.14
S000913,2025-08-07,Dania Beach,P0061,1,13.54,5.0,8.54
S003937,2025-12-04,Dania Beach,P0031,1,23.06,0.0,23.06
S008901,2026-05-24,Dania Beach,P0025,1,37.2,0.0,37.2
S007255,2026-04-04,Oakland Park,P0137,1,34.89,0.0,34.89
S008515,2026-05-09,Oakland Park,P0174,1,17.55,0.0,17.55
S001456,2025-08-29,Oakland Park,P0205,1,34.1,5.0,29.1
S008504,2026-05-09,Oakland Park,P0266,1,28.75,0.0,28.75
S005865,2026-02-03,Dania Beach,P0288,1,39.45,0.0,39.45
S007883,2026-04-20,Dania Beach,P0050,1,16.14,0.0,16.14
S004828,2025-12-24,Oakland Park,P0244,1,7.54,0.0,7.54
S001674,2025-09-06,Oakland Park,P0258,1,20.03,0.0,20.03
S006246,2026-02-22,Dania Beach,P0028,1,22.61,0.0,22.61
S006604,2026-03-10,Oakland Park,P0054,1,38.06,0.0,38.06
S009625,2026-06-22,Dania Beach,P0099,1,32.17,0.0,32.17
S007586,2026-04-12,Dania Beach,P0250,1,26.07,0.0,26.07
S000752,2025-07-31,Dania Beach,P0122,1,15.39,0.0,15.39
S000567,2025-07-24,Dania Beach,P0048,1,43.54,0.0,43.54
S000427,2025-07-18,Dania Beach,P0234,1,39.24,2.0,37.24
S007089,2026-03-31,Lake Worth,P0112,1,9.26,0.0,9.26
S004686,2025-12-21,Dania Beach,P0204,1,30.89,2.0,28.89
S001401,2025-08-27,Lake Worth,P0077,3,38.06,0.0,114.18
S001133,2025-08-16,Oakland Park,P0027,1,16.28,0.0,16.28
S003668,2025-11-25,Oakland Park,P0139,1,25.22,0.0,25.22
S002301,2025-10-02,Oakland Park,P0163,1,12.13,0.0,12.13
S003959,2025-12-05,Oakland Park,P0209,1,38.73,0.0,38.73
S008212,2026-04-28,Oakland Park,P0250,1,26.07,5.0,21.07
S001454,2025-08-29,Oakland Park,P0079,1,38.19,0.0,38.19
S004274,2025-12-12,Dania Beach,P0060,1,16.29,0.0,16.29
S005343,2026-01-07,Dania Beach,P0196,1,23.33,0.0,23.33
S009194,2026-06-06,Dania Beach,P0129,1,7.89,0.0,7.89
S009681,2026-06-24,Dania Beach,P0258,1,20.03,0.0,20.03
S001315,2025-08-24,Dania Beach,P0095,1,15.25,0.0,15.25
S005839,2026-02-01,Lake Worth,P0267,1,35.08,0.0,35.08
S000585,2025-07-25,Oakland Park,P0060,1,16.29,0.0,16.29
S001821,2025-09-12,Lake Worth,P0196,1,23.33,0.0,23.33
S006514,2026-03-07,Oakland Park,P0006,1,18.74,0.0,18.74
S003566,2025-11-21,Dania Beach,P0020,1,24.25,0.0,24.25
S000993,2025-08-10,Dania Beach,P0069,1,21.4,2.0,19.4
S000854,2025-08-04,Oakland Park,P0201,1,37.27,0.0,37.27
S007281,2026-04-05,Oakland Park,P0264,1,39.66,0.0,39.66
S008278,2026-04-30,Oakland Park,P0099,1,32.17,0.0,32.17
S008351,2026-05-03,Oakland Park,P0300,1,15.39,0.0,15.39
S007441,2026-04-09,Lake Worth,P0145,1,18.52,0.0,18.52
S005452,2026-01-13,Dania Beach,P0093,1,10.98,0.0,10.98
S008261,2026-04-30,Oakland Park,P0079,1,38.19,0.0,38.19
S001128,2025-08-16,Lake Worth,P0113,1,15.71,0.0,15.71
S003260,2025-11-08,Lake Worth,P0185,1,20.14,0.0,20.14
S005461,2026-01-13,Dania Beach,P0099,1,32.17,0.0,32.17
S002077,2025-09-23,Dania Beach,P0090,1,39.67,0.0,39.67
S001493,2025-08-30,Oakland Park,P0152,1,10.83,0.0,10.83
S002154,2025-09-26,Oakland Park,P0120,3,23.21,0.0,69.63
S002284,2025-10-01,Dania Beach,P0048,1,43.54,0.0,43.54
S006780,2026-03-18,Dania Beach,P0281,3,17.35,0.0,52.05
S000853,2025-08-04,Oakland Park,P0258,2,20.03,0.0,40.06
S000889,2025-08-06,Oakland Park,P0249,1,24.88,0.0,24.88
S000203,2025-07-07,Dania Beach,P0052,1,20.69,0.0,20.69
S006868,2026-03-21,Oakland Park,P0002,1,33.09,0.0,33.09
S003117,2025-11-02,Lake Worth,P0045,1,31.47,0.0,31.47
S000818,2025-08-03,Dania Beach,P0099,1,32.17,0.0,32.17
S006953,2026-03-25,Dania Beach,P0069,1,21.4,0.0,21.4
S007401,2026-04-08,Dania Beach,P0033,1,13.41,0.0,13.41
S000770,2025-08-01,Oakland Park,P0251,1,16.69,0.0,16.69
S005115,2025-12-29,Oakland Park,P0163,1,12.13,0.0,12.13
S005113,2025-12-29,Dania Beach,P0098,2,12.85,2.0,21.7
S004732,2025-12-22,Lake Worth,P0099,2,32.17,0.0,64.34
S003585,2025-11-22,Dania Beach,P0258,1,20.03,0.0,20.03
S001257,2025-08-22,Lake Worth,P0229,1,15.22,0.0,15.22
S004510,2025-12-17,Lake Worth,P0270,1,13.93,0.0,13.93
S004891,2025-12-25,Oakland Park,P0047,1,11.39,0.0,11.39
S004171,2025-12-10,Dania Beach,P0125,1,30.0,0.0,30.0
S001015,2025-08-11,Oakland Park,P0068,1,18.85,0.0,18.85
S005971,2026-02-08,Dania Beach,P0108,1,11.87,0.0,11.87
S002600,2025-10-13,Dania Beach,P0192,1,9.96,0.0,9.96
S009411,2026-06-14,Oakland Park,P0259,1,34.69,0.0,34.69
S009246,2026-06-07,Dania Beach,P0227,1,22.7,0.0,22.7
S009275,2026-06-08,Oakland Park,P0250,1,26.07,0.0,26.07
S000099,2025-07-04,Dania Beach,P0258,1,20.03,5.0,15.03
S000613,2025-07-26,Oakland Park,P0152,1,10.83,0.0,10.83
S000744,2025-07-31,Dania Beach,P0277,1,12.14,5.0,7.14
S005309,2026-01-05,Dania Beach,P0258,1,20.03,0.0,20.03
S002831,2025-10-22,Dania Beach,P0258,2,20.03,0.0,40.06
S004731,2025-12-22,Lake Worth,P0196,1,23.33,5.0,18.33
S006610,2026-03-10,Oakland Park,P0229,1,15.22,0.0,15.22
S009804,2026-06-29,Dania Beach,P0069,1,21.4,2.0,19.4
S002120,2025-09-25,Oakland Park,P0181,1,38.54,0.0,38.54
S004549,2025-12-18,Dania Beach,P0028,1,22.61,0.0,22.61
S008170,2026-04-27,Oakland Park,P0095,1,15.25,0.0,15.25
S005554,2026-01-18,Oakland Park,P0086,1,19.54,0.0,19.54
S008481,2026-05-08,Oakland Park,P0028,1,22.61,0.0,22.61
S005544,2026-01-18,Oakland Park,P0258,1,20.03,0.0,20.03
S005174,2025-12-31,Dania Beach,P0258,1,20.03,0.0,20.03
S008568,2026-05-11,Dania Beach,P0028,1,22.61,0.0,22.61
S004529,2025-12-17,Oakland Park,P0045,1,31.47,0.0,31.47
S007760,2026-04-17,Oakland Park,P0068,1,18.85,0.0,18.85
S002777,2025-10-20,Oakland Park,P0258,1,20.03,0.0,20.03
S005185,2025-12-31,Dania Beach,P0055,1,18.49,0.0,18.49
S004246,2025-12-12,Lake Worth,P0018,1,11.18,0.0,11.18
S001886,2025-09-15,Dania Beach,P0258,1,20.03,0.0,20.03
S001309,2025-08-24,Oakland Park,P0019,1,19.0,0.0,19.0
S003896,2025-12-03,Oakland Park,P0227,1,22.7,0.0,22.7
S000055,2025-07-03,Dania Beach,P0259,1,34.69,0.0,34.69
S001439,2025-08-28,Dania Beach,P0152,1,10.83,0.0,10.83
S003844,2025-12-02,Lake Worth,P0079,1,38.19,0.0,38.19
S000740,2025-07-31,Dania Beach,P0107,1,35.69,0.0,35.69
S008447,2026-05-07,Lake Worth,P0229,3,15.22,0.0,45.66
S000256,2025-07-10,Oakland Park,P0079,1,38.19,0.0,38.19
S005377,2026-01-09,Oakland Park,P0258,1,20.03,0.0,20.03
S000750,2025-07-31,Lake Worth,P0033,1,13.41,0.0,13.41
S004047,2025-12-07,Dania Beach,P0120,1,23.21,0.0,23.21
S003191,2025-11-05,Dania Beach,P0177,1,14.51,0.0,14.51
S001458,2025-08-29,Dania Beach,P0028,1,22.61,0.0,22.61
S004207,2025-12-11,Dania Beach,P0058,1,6.59,0.0,6.59
S008111,2026-04-26,Dania Beach,P0229,1,15.22,0.0,15.22
S002717,2025-10-18,Dania Beach,P0113,1,15.71,0.0,15.71
S005340,2026-01-07,Oakland Park,P0110,1,16.9,0.0,16.9
S008759,2026-05-19,Oakland Park,P0168,1,9.03,0.0,9.03
S000598,2025-07-26,Dania Beach,P0258,1,20.03,0.0,20.03
S003148,2025-11-03,Dania Beach,P0050,1,16.14,0.0,16.14
S008870,2026-05-23,Lake Worth,P0112,1,9.26,0.0,9.26
S004055,2025-12-07,Dania Beach,P0120,2,23.21,0.0,46.42
S007528,2026-04-11,Oakland Park,P0238,1,9.91,0.0,9.91
S008764,2026-05-19,Dania Beach,P0028,1,22.61,0.0,22.61
S003282,2025-11-09,Oakland Park,P0113,2,15.71,0.0,31.42
S001505,2025-08-31,Dania Beach,P0062,1,34.29,0.0,34.29
S003999,2025-12-06,Lake Worth,P0285,1,24.04,0.0,24.04
S005223,2026-01-01,Dania Beach,P0100,1,34.67,0.0,34.67
S000370,2025-07-15,Dania Beach,P0099,1,32.17,0.0,32.17
S001744,2025-09-09,Lake Worth,P0029,1,44.82,0.0,44.82
S009558,2026-06-20,Oakland Park,P0225,1,30.83,0.0,30.83
S009644,2026-06-23,Dania Beach,P0193,1,15.19,0.0,15.19
S009038,2026-05-30,Dania Beach,P0010,1,26.25,0.0,26.25
S002345,2025-10-03,Lake Worth,P0211,1,28.43,0.0,28.43
S006541,2026-03-08,Dania Beach,P0181,1,38.54,0.0,38.54
S004557,2025-12-18,Oakland Park,P0231,3,16.4,0.0,49.2
S005502,2026-01-15,Dania Beach,P0175,1,10.78,0.0,10.78
S008723,2026-05-17,Dania Beach,P0033,1,13.41,0.0,13.41
S003878,2025-12-03,Oakland Park,P0193,1,15.19,0.0,15.19
S008059,2026-04-25,Oakland Park,P0258,2,20.03,0.0,40.06
S001861,2025-09-14,Dania Beach,P0232,2,35.97,2.0,67.94
S007445,2026-04-09,Dania Beach,P0253,1,12.31,0.0,12.31
S007143,2026-04-02,Dania Beach,P0217,1,17.82,0.0,17.82
S005271,2026-01-04,Oakland Park,P0107,1,35.69,5.0,30.69
S000124,2025-07-05,Dania Beach,P0258,1,20.03,0.0,20.03
S000204,2025-07-07,Dania Beach,P0126,1,18.39,0.0,18.39
S009492,2026-06-17,Dania Beach,P0229,1,15.22,0.0,15.22
S000460,2025-07-19,Dania Beach,P0161,1,43.05,0.0,43.05
S009600,2026-06-21,Oakland Park,P0111,1,9.29,0.0,9.29
S008080,2026-04-25,Oakland Park,P0258,1,20.03,0.0,20.03
S004070,2025-12-07,Oakland Park,P0261,1,13.52,0.0,13.52
S002586,2025-10-13,Oakland Park,P0039,1,18.68,0.0,18.68
S006721,2026-03-15,Oakland Park,P0190,1,31.63,0.0,31.63
S007629,2026-04-13,Dania Beach,P0049,2,17.75,0.0,35.5
S003233,2025-11-07,Oakland Park,P0068,1,18.85,0.0,18.85
S006477,2026-03-05,Lake Worth,P0120,1,23.21,0.0,23.21
S003916,2025-12-04,Dania Beach,P0149,1,20.51,0.0,20.51
S005599,2026-01-20,Lake Worth,P0234,1,39.24,0.0,39.24
S000849,2025-08-04,Dania Beach,P0071,1,14.0,0.0,14.0
S007386,2026-04-08,Oakland Park,P0047,1,11.39,0.0,11.39
S002668,2025-10-16,Oakland Park,P0015,1,10.97,0.0,10.97
S007278,2026-04-05,Lake Worth,P0042,1,16.07,0.0,16.07
S009178,2026-06-05,Dania Beach,P0006,1,18.74,0.0,18.74
S007455,2026-04-09,Dania Beach,P0188,1,14.19,0.0,14.19
S003372,2025-11-13,Oakland Park,P0274,1,22.73,0.0,22.73
S002304,2025-10-02,Oakland Park,P0099,1,32.17,0.0,32.17
S006482,2026-03-05,Oakland Park,P0100,1,34.67,0.0,34.67
S004990,2025-12-27,Dania Beach,P0266,2,28.75,0.0,57.5
S001262,2025-08-22,Dania Beach,P0123,1,32.28,0.0,32.28
S000457,2025-07-19,Oakland Park,P0112,1,9.26,0.0,9.26
S003234,2025-11-07,Dania Beach,P0196,1,23.33,0.0,23.33
S000751,2025-07-31,Dania Beach,P0119,1,10.1,0.0,10.1
S000786,2025-08-02,Oakland Park,P0045,2,31.47,0.0,62.94
S001577,2025-09-02,Dania Beach,P0105,1,41.09,0.0,41.09
S009807,2026-06-29,Lake Worth,P0258,3,20.03,0.0,60.09
S001499,2025-08-30,Dania Beach,P0229,1,15.22,0.0,15.22
S002620,2025-10-14,Oakland Park,P0283,1,41.77,0.0,41.77
S008940,2026-05-26,Lake Worth,P0129,1,7.89,0.0,7.89
S008460,2026-05-08,Lake Worth,P0181,3,38.54,0.0,115.62
S008642,2026-05-14,Lake Worth,P0112,2,9.26,0.0,18.52
S002912,2025-10-26,Lake Worth,P0031,1,23.06,0.0,23.06
S000350,2025-07-14,Dania Beach,P0288,1,39.45,0.0,39.45
S007684,2026-04-14,Dania Beach,P0228,1,12.36,0.0,12.36
S005923,2026-02-06,Oakland Park,P0107,1,35.69,0.0,35.69
S003770,2025-11-30,Lake Worth,P0251,1,16.69,0.0,16.69
S003328,2025-11-11,Oakland Park,P0007,1,18.87,0.0,18.87
S005138,2025-12-30,Dania Beach,P0253,3,12.31,0.0,36.93
S003577,2025-11-22,Dania Beach,P0121,1,26.48,5.0,21.48
S007161,2026-04-02,Lake Worth,P0045,1,31.47,0.0,31.47
S006323,2026-02-27,Dania Beach,P0022,1,7.3,0.0,7.3
S002865,2025-10-24,Oakland Park,P0229,1,15.22,0.0,15.22
S002913,2025-10-26,Dania Beach,P0288,1,39.45,0.0,39.45
S005792,2026-01-31,Oakland Park,P0145,1,18.52,0.0,18.52
S001913,2025-09-16,Dania Beach,P0141,1,18.03,0.0,18.03
S008814,2026-05-21,Dania Beach,P0098,1,12.85,0.0,12.85
S009188,2026-06-05,Dania Beach,P0232,2,35.97,0.0,71.94
S004820,2025-12-24,Dania Beach,P0261,1,13.52,0.0,13.52
S008419,2026-05-06,Oakland Park,P0181,1,38.54,0.0,38.54
S009669,2026-06-23,Dania Beach,P0258,2,20.03,0.0,40.06
S007108,2026-04-01,Oakland Park,P0181,2,38.54,0.0,77.08
S005856,2026-02-02,Oakland Park,P0141,1,18.03,0.0,18.03
S007992,2026-04-23,Oakland Park,P0258,1,20.03,0.0,20.03
S001905,2025-09-16,Oakland Park,P0300,1,15.39,0.0,15.39
S000079,2025-07-04,Oakland Park,P0156,1,33.24,0.0,33.24
S004426,2025-12-15,Oakland Park,P0148,1,17.71,0.0,17.71
S005803,2026-01-31,Dania Beach,P0229,1,15.22,0.0,15.22
S008912,2026-05-24,Dania Beach,P0123,1,32.28,2.0,30.28
S004603,2025-12-19,Oakland Park,P0234,1,39.24,0.0,39.24
S007432,2026-04-09,Oakland Park,P0225,2,30.83,0.0,61.66
S008792,2026-05-20,Oakland Park,P0285,1,24.04,2.0,22.04
S000397,2025-07-16,Dania Beach,P0100,1,34.67,0.0,34.67
S006202,2026-02-21,Dania Beach,P0042,1,16.07,0.0,16.07
S005555,2026-01-18,Oakland Park,P0065,1,22.31,0.0,22.31
S000130,2025-07-05,Oakland Park,P0195,2,23.58,0.0,47.16
S009638,2026-06-22,Dania Beach,P0025,1,37.2,0.0,37.2
S004368,2025-12-14,Oakland Park,P0294,1,30.88,0.0,30.88
S006343,2026-02-28,Lake Worth,P0173,2,28.8,2.0,53.6
S001605,2025-09-04,Dania Beach,P0055,1,18.49,0.0,18.49
S000538,2025-07-23,Oakland Park,P0124,1,14.5,2.0,12.5
S005135,2025-12-30,Oakland Park,P0229,1,15.22,0.0,15.22
S007967,2026-04-22,Dania Beach,P0269,1,19.37,5.0,14.37
S004062,2025-12-07,Dania Beach,P0061,1,13.54,2.0,11.54
S003297,2025-11-09,Dania Beach,P0113,1,15.71,0.0,15.71
S008718,2026-05-17,Dania Beach,P0258,1,20.03,0.0,20.03
S009032,2026-05-30,Oakland Park,P0099,2,32.17,0.0,64.34
S003025,2025-10-30,Dania Beach,P0127,1,26.3,0.0,26.3
S009440,2026-06-15,Oakland Park,P0123,1,32.28,2.0,30.28
S005434,2026-01-11,Dania Beach,P0112,1,9.26,0.0,9.26
S007824,2026-04-18,Oakland Park,P0071,1,14.0,0.0,14.0
S008458,2026-05-07,Dania Beach,P0045,1,31.47,0.0,31.47
S008745,2026-05-18,Dania Beach,P0045,2,31.47,0.0,62.94
S005363,2026-01-08,Dania Beach,P0071,1,14.0,0.0,14.0
S001650,2025-09-06,Oakland Park,P0111,1,9.29,0.0,9.29
S001799,2025-09-11,Oakland Park,P0018,1,11.18,5.0,6.18
S009441,2026-06-15,Dania Beach,P0151,1,22.36,0.0,22.36
S007624,2026-04-13,Oakland Park,P0077,1,38.06,0.0,38.06
S004910,2025-12-26,Dania Beach,P0138,1,18.5,0.0,18.5
S000597,2025-07-26,Dania Beach,P0099,2,32.17,0.0,64.34
S002876,2025-10-25,Lake Worth,P0240,1,29.77,0.0,29.77
S007849,2026-04-19,Dania Beach,P0042,1,16.07,2.0,14.07
S008631,2026-05-14,Lake Worth,P0031,1,23.06,0.0,23.06
S003065,2025-11-01,Oakland Park,P0187,1,8.33,0.0,8.33
S002305,2025-10-02,Oakland Park,P0254,1,15.72,0.0,15.72
S003059,2025-10-31,Dania Beach,P0229,1,15.22,0.0,15.22
S000436,2025-07-18,Dania Beach,P0045,1,31.47,0.0,31.47
S000825,2025-08-03,Oakland Park,P0081,1,12.2,0.0,12.2
S000586,2025-07-25,Oakland Park,P0042,1,16.07,0.0,16.07
S008333,2026-05-03,Lake Worth,P0229,1,15.22,5.0,10.22
S009266,2026-06-07,Oakland Park,P0250,1,26.07,0.0,26.07
S000253,2025-07-10,Oakland Park,P0189,1,8.68,0.0,8.68
S000974,2025-08-10,Lake Worth,P0110,1,16.9,0.0,16.9
S007661,2026-04-14,Dania Beach,P0028,1,22.61,5.0,17.61
S009734,2026-06-27,Lake Worth,P0041,1,11.22,5.0,6.22
S002722,2025-10-18,Dania Beach,P0006,2,18.74,0.0,37.48
S009829,2026-06-30,Dania Beach,P0253,1,12.31,0.0,12.31
S001638,2025-09-06,Oakland Park,P0250,1,26.07,2.0,24.07
S003394,2025-11-14,Dania Beach,P0125,2,30.0,0.0,60.0
S004614,2025-12-20,Dania Beach,P0020,1,24.25,0.0,24.25
S003255,2025-11-08,Dania Beach,P0283,1,41.77,0.0,41.77
S002807,2025-10-21,Oakland Park,P0116,1,38.74,0.0,38.74
S008027,2026-04-24,Dania Beach,P0028,1,22.61,0.0,22.61
S005777,2026-01-30,Oakland Park,P0087,1,10.56,0.0,10.56
S002553,2025-10-11,Dania Beach,P0022,2,7.3,0.0,14.6
S007840,2026-04-19,Dania Beach,P0233,1,22.74,0.0,22.74
S002480,2025-10-08,Lake Worth,P0300,1,15.39,0.0,15.39
S006841,2026-03-20,Dania Beach,P0078,2,34.08,0.0,68.16
S009453,2026-06-15,Dania Beach,P0258,1,20.03,0.0,20.03
S009212,2026-06-06,Oakland Park,P0068,2,18.85,0.0,37.7
S000010,2025-07-01,Dania Beach,P0183,1,39.68,0.0,39.68
S003274,2025-11-09,Oakland Park,P0219,1,19.95,0.0,19.95
S001044,2025-08-13,Dania Beach,P0072,1,23.85,5.0,18.85
S000684,2025-07-29,Dania Beach,P0297,1,17.64,0.0,17.64
S004816,2025-12-24,Lake Worth,P0116,1,38.74,0.0,38.74
S005160,2025-12-30,Lake Worth,P0283,1,41.77,0.0,41.77
S006441,2026-03-04,Oakland Park,P0035,1,25.13,0.0,25.13
S006067,2026-02-13,Oakland Park,P0069,1,21.4,0.0,21.4
S009229,2026-06-06,Oakland Park,P0258,1,20.03,0.0,20.03
S006164,2026-02-19,Oakland Park,P0027,1,16.28,0.0,16.28
S001184,2025-08-18,Dania Beach,P0207,1,8.62,0.0,8.62
S003138,2025-11-03,Dania Beach,P0069,1,21.4,0.0,21.4
S002939,2025-10-26,Oakland Park,P0258,1,20.03,0.0,20.03
S001593,2025-09-03,Oakland Park,P0258,1,20.03,0.0,20.03
S005957,2026-02-07,Oakland Park,P0282,2,14.8,0.0,29.6
S008324,2026-05-02,Dania Beach,P0089,1,38.61,5.0,33.61
S006862,2026-03-21,Dania Beach,P0188,3,14.19,0.0,42.57
S008319,2026-05-02,Dania Beach,P0085,2,28.45,2.0,52.9
S008585,2026-05-12,Dania Beach,P0286,1,17.06,0.0,17.06
S000714,2025-07-30,Oakland Park,P0229,3,15.22,0.0,45.66
S001062,2025-08-13,Lake Worth,P0095,3,15.25,0.0,45.75
S009050,2026-05-30,Dania Beach,P0138,1,18.5,0.0,18.5
S007717,2026-04-15,Oakland Park,P0238,1,9.91,0.0,9.91
S009668,2026-06-23,Dania Beach,P0294,1,30.88,0.0,30.88
S004361,2025-12-14,Dania Beach,P0277,1,12.14,0.0,12.14
S004516,2025-12-17,Oakland Park,P0041,2,11.22,0.0,22.44
S000051,2025-07-03,Dania Beach,P0178,1,35.29,0.0,35.29
S007063,2026-03-30,Dania Beach,P0144,1,39.21,2.0,37.21
S009131,2026-06-02,Lake Worth,P0069,1,21.4,0.0,21.4
S002142,2025-09-26,Lake Worth,P0106,1,14.38,0.0,14.38
S003074,2025-11-01,Dania Beach,P0153,1,24.73,0.0,24.73
S000261,2025-07-10,Oakland Park,P0039,1,18.68,5.0,13.68
S003898,2025-12-03,Dania Beach,P0244,1,7.54,0.0,7.54
S002037,2025-09-21,Oakland Park,P0099,1,32.17,5.0,27.17
S004978,2025-12-27,Oakland Park,P0258,1,20.03,0.0,20.03
S003548,2025-11-21,Lake Worth,P0120,1,23.21,0.0,23.21
S006428,2026-03-03,Dania Beach,P0258,1,20.03,0.0,20.03
S006947,2026-03-25,Dania Beach,P0258,1,20.03,5.0,15.03
S006255,2026-02-23,Dania Beach,P0215,1,5.21,0.0,5.21
S007560,2026-04-12,Dania Beach,P0107,1,35.69,0.0,35.69
S001247,2025-08-21,Dania Beach,P0198,1,5.19,0.0,5.19
S003315,2025-11-10,Dania Beach,P0138,1,18.5,0.0,18.5
S009243,2026-06-07,Lake Worth,P0091,1,10.86,0.0,10.86
S005964,2026-02-08,Oakland Park,P0016,1,9.61,0.0,9.61
S002313,2025-10-02,Dania Beach,P0009,2,10.82,0.0,21.64
S001781,2025-09-11,Dania Beach,P0258,2,20.03,2.0,36.06
S006318,2026-02-27,Dania Beach,P0233,1,22.74,5.0,17.74
S002877,2025-10-25,Lake Worth,P0196,3,23.33,0.0,69.99
S000780,2025-08-02,Dania Beach,P0052,1,20.69,0.0,20.69
S009513,2026-06-18,Lake Worth,P0046,1,16.17,0.0,16.17
S008666,2026-05-15,Dania Beach,P0253,1,12.31,0.0,12.31
S003421,2025-11-15,Lake Worth,P0225,2,30.83,0.0,61.66
S000629,2025-07-26,Dania Beach,P0099,1,32.17,0.0,32.17
S007394,2026-04-08,Dania Beach,P0009,2,10.82,2.0,17.64
S008685,2026-05-16,Dania Beach,P0229,1,15.22,0.0,15.22
S007323,2026-04-06,Oakland Park,P0071,1,14.0,0.0,14.0
S009706,2026-06-25,Dania Beach,P0258,1,20.03,0.0,20.03
S003006,2025-10-29,Lake Worth,P0236,1,32.91,0.0,32.91
S007219,2026-04-04,Oakland Park,P0229,1,15.22,0.0,15.22
S008375,2026-05-04,Oakland Park,P0116,1,38.74,0.0,38.74
S008903,2026-05-24,Oakland Park,P0211,1,28.43,2.0,26.43
S003679,2025-11-26,Dania Beach,P0109,1,19.26,0.0,19.26
S004188,2025-12-10,Dania Beach,P0196,1,23.33,0.0,23.33
S005421,2026-01-11,Oakland Park,P0102,1,16.27,0.0,16.27
S004878,2025-12-25,Oakland Park,P0196,1,23.33,0.0,23.33
S007888,2026-04-20,Dania Beach,P0229,1,15.22,2.0,13.22
S009526,2026-06-18,Dania Beach,P0154,1,15.49,0.0,15.49
S004865,2025-12-25,Dania Beach,P0285,1,24.04,0.0,24.04
S009408,2026-06-14,Dania Beach,P0077,1,38.06,0.0,38.06
S005631,2026-01-22,Dania Beach,P0250,1,26.07,0.0,26.07
S006149,2026-02-18,Oakland Park,P0249,1,24.88,5.0,19.88
S001119,2025-08-16,Oakland Park,P0286,1,17.06,0.0,17.06
S009092,2026-06-01,Lake Worth,P0258,2,20.03,0.0,40.06
S008780,2026-05-20,Oakland Park,P0138,1,18.5,0.0,18.5
S002924,2025-10-26,Lake Worth,P0045,1,31.47,0.0,31.47
S005756,2026-01-29,Oakland Park,P0225,1,30.83,0.0,30.83
S005859,2026-02-02,Dania Beach,P0290,1,44.36,0.0,44.36
S009006,2026-05-29,Dania Beach,P0227,1,22.7,0.0,22.7
S006614,2026-03-10,Oakland Park,P0171,1,15.79,0.0,15.79
S004173,2025-12-10,Oakland Park,P0053,1,11.0,0.0,11.0
S007583,2026-04-12,Dania Beach,P0063,1,32.31,0.0,32.31
S005443,2026-01-12,Oakland Park,P0234,1,39.24,0.0,39.24
S009495,2026-06-17,Dania Beach,P0258,1,20.03,0.0,20.03
S001228,2025-08-20,Oakland Park,P0225,1,30.83,0.0,30.83
S008024,2026-04-24,Oakland Park,P0265,1,19.55,0.0,19.55
S002622,2025-10-14,Dania Beach,P0059,1,27.7,0.0,27.7
S001266,2025-08-22,Oakland Park,P0240,1,29.77,0.0,29.77
S002477,2025-10-08,Dania Beach,P0258,1,20.03,0.0,20.03
S007638,2026-04-13,Dania Beach,P0298,1,10.79,0.0,10.79
S006054,2026-02-13,Lake Worth,P0250,1,26.07,0.0,26.07
S000265,2025-07-11,Lake Worth,P0021,1,20.19,0.0,20.19
S007829,2026-04-18,Dania Beach,P0161,1,43.05,0.0,43.05
S009329,2026-06-11,Oakland Park,P0174,1,17.55,0.0,17.55
S008368,2026-05-04,Dania Beach,P0006,1,18.74,0.0,18.74
S008433,2026-05-07,Dania Beach,P0113,1,15.71,0.0,15.71
S007208,2026-04-04,Oakland Park,P0045,1,31.47,0.0,31.47
S003802,2025-12-01,Dania Beach,P0069,1,21.4,2.0,19.4
S006798,2026-03-19,Oakland Park,P0214,1,40.55,0.0,40.55
S000620,2025-07-26,Oakland Park,P0210,1,17.31,0.0,17.31
S007852,2026-04-19,Dania Beach,P0050,1,16.14,0.0,16.14
S001733,2025-09-08,Oakland Park,P0283,2,41.77,0.0,83.54
S000995,2025-08-10,Lake Worth,P0121,2,26.48,2.0,48.96
S009279,2026-06-08,Oakland Park,P0091,2,10.86,0.0,21.72
S007247,2026-04-04,Lake Worth,P0038,1,16.31,0.0,16.31
S006888,2026-03-22,Lake Worth,P0116,1,38.74,0.0,38.74
S004465,2025-12-16,Lake Worth,P0099,1,32.17,0.0,32.17
S006637,2026-03-11,Dania Beach,P0137,1,34.89,0.0,34.89
S007602,2026-04-12,Dania Beach,P0232,2,35.97,0.0,71.94
S006488,2026-03-06,Oakland Park,P0214,1,40.55,5.0,35.55
S005547,2026-01-18,Dania Beach,P0004,1,33.33,0.0,33.33
S002088,2025-09-23,Dania Beach,P0125,1,30.0,0.0,30.0
S001419,2025-08-28,Dania Beach,P0071,1,14.0,0.0,14.0
S003223,2025-11-07,Oakland Park,P0245,1,30.57,0.0,30.57
S006722,2026-03-15,Lake Worth,P0118,1,26.15,2.0,24.15
S009159,2026-06-04,Dania Beach,P0116,1,38.74,0.0,38.74
S002719,2025-10-18,Lake Worth,P0065,1,22.31,0.0,22.31
S008497,2026-05-09,Lake Worth,P0006,1,18.74,0.0,18.74
S005233,2026-01-02,Oakland Park,P0110,1,16.9,0.0,16.9
S009572,2026-06-20,Dania Beach,P0028,1,22.61,0.0,22.61
S008941,2026-05-26,Oakland Park,P0226,1,19.09,0.0,19.09
S001968,2025-09-19,Lake Worth,P0068,1,18.85,0.0,18.85
S008106,2026-04-26,Dania Beach,P0060,1,16.29,0.0,16.29
S008926,2026-05-25,Oakland Park,P0069,1,21.4,0.0,21.4
S002398,2025-10-05,Dania Beach,P0258,1,20.03,0.0,20.03
S006565,2026-03-08,Dania Beach,P0056,1,36.04,0.0,36.04
S005926,2026-02-06,Oakland Park,P0184,1,16.92,0.0,16.92
S004741,2025-12-22,Lake Worth,P0247,1,11.6,0.0,11.6
S005583,2026-01-19,Lake Worth,P0020,1,24.25,0.0,24.25
S002757,2025-10-19,Dania Beach,P0093,2,10.98,0.0,21.96
S007169,2026-04-02,Dania Beach,P0225,1,30.83,0.0,30.83
S008192,2026-04-27,Dania Beach,P0022,1,7.3,0.0,7.3
S003288,2025-11-09,Oakland Park,P0145,1,18.52,0.0,18.52
S002030,2025-09-21,Dania Beach,P0258,1,20.03,2.0,18.03
S005193,2025-12-31,Lake Worth,P0252,1,18.54,0.0,18.54
S009139,2026-06-03,Dania Beach,P0014,1,41.58,0.0,41.58
S006686,2026-03-14,Oakland Park,P0138,1,18.5,0.0,18.5
S006260,2026-02-23,Dania Beach,P0258,1,20.03,2.0,18.03
S006182,2026-02-20,Oakland Park,P0266,1,28.75,0.0,28.75
S000574,2025-07-25,Oakland Park,P0293,1,17.47,0.0,17.47
S001725,2025-09-08,Dania Beach,P0028,1,22.61,0.0,22.61
S005423,2026-01-11,Lake Worth,P0130,1,19.21,0.0,19.21
S005460,2026-01-13,Oakland Park,P0229,1,15.22,0.0,15.22
S009554,2026-06-20,Dania Beach,P0168,1,9.03,0.0,9.03
S008825,2026-05-21,Lake Worth,P0099,2,32.17,0.0,64.34
S004918,2025-12-26,Dania Beach,P0258,1,20.03,0.0,20.03
S003119,2025-11-02,Lake Worth,P0122,1,15.39,2.0,13.39
S002505,2025-10-09,Oakland Park,P0028,1,22.61,0.0,22.61
S004312,2025-12-13,Oakland Park,P0225,1,30.83,2.0,28.83
S002490,2025-10-08,Oakland Park,P0027,1,16.28,5.0,11.28
S005758,2026-01-29,Oakland Park,P0229,1,15.22,0.0,15.22
S002541,2025-10-11,Dania Beach,P0120,1,23.21,0.0,23.21
S002945,2025-10-27,Dania Beach,P0146,1,36.76,0.0,36.76
S004064,2025-12-07,Dania Beach,P0207,1,8.62,0.0,8.62
S006645,2026-03-12,Lake Worth,P0196,2,23.33,0.0,46.66
S009674,2026-06-24,Dania Beach,P0028,1,22.61,0.0,22.61
S009527,2026-06-18,Dania Beach,P0128,1,25.5,0.0,25.5
S007352,2026-04-06,Dania Beach,P0258,1,20.03,0.0,20.03
S003533,2025-11-20,Dania Beach,P0141,1,18.03,0.0,18.03
S005950,2026-02-07,Oakland Park,P0134,1,13.77,0.0,13.77
S001581,2025-09-03,Oakland Park,P0187,1,8.33,0.0,8.33
S000141,2025-07-06,Dania Beach,P0169,1,28.05,0.0,28.05
S000842,2025-08-04,Dania Beach,P0016,1,9.61,5.0,4.61
S007207,2026-04-04,Dania Beach,P0258,1,20.03,0.0,20.03
S004442,2025-12-15,Oakland Park,P0252,2,18.54,0.0,37.08
S009015,2026-05-29,Dania Beach,P0292,1,10.79,0.0,10.79
S008896,2026-05-24,Dania Beach,P0205,1,34.1,0.0,34.1
S004150,2025-12-09,Dania Beach,P0253,1,12.31,0.0,12.31
S005613,2026-01-21,Lake Worth,P0242,1,16.38,0.0,16.38
S005593,2026-01-20,Dania Beach,P0288,2,39.45,0.0,78.9
S000996,2025-08-10,Lake Worth,P0179,1,10.96,0.0,10.96
S002108,2025-09-24,Lake Worth,P0178,1,35.29,0.0,35.29
S007326,2026-04-06,Oakland Park,P0120,1,23.21,0.0,23.21
S006280,2026-02-25,Lake Worth,P0100,1,34.67,0.0,34.67
S006311,2026-02-26,Dania Beach,P0123,1,32.28,0.0,32.28
S003690,2025-11-26,Oakland Park,P0258,1,20.03,0.0,20.03
S009400,2026-06-13,Dania Beach,P0225,1,30.83,0.0,30.83
S004458,2025-12-16,Lake Worth,P0147,1,40.67,0.0,40.67
S007741,2026-04-16,Lake Worth,P0060,1,16.29,0.0,16.29
S004636,2025-12-20,Dania Beach,P0258,1,20.03,0.0,20.03
S008534,2026-05-10,Dania Beach,P0062,2,34.29,0.0,68.58
S002729,2025-10-18,Lake Worth,P0095,1,15.25,0.0,15.25
S005669,2026-01-24,Oakland Park,P0037,1,16.2,0.0,16.2
S001049,2025-08-13,Dania Beach,P0266,2,28.75,0.0,57.5
S008958,2026-05-27,Lake Worth,P0244,2,7.54,0.0,15.08
S008586,2026-05-12,Dania Beach,P0271,1,13.23,0.0,13.23
S004737,2025-12-22,Dania Beach,P0225,1,30.83,0.0,30.83
S005712,2026-01-26,Oakland Park,P0224,2,28.47,0.0,56.94
S002157,2025-09-27,Oakland Park,P0177,1,14.51,0.0,14.51
S005439,2026-01-12,Dania Beach,P0284,1,19.93,0.0,19.93
S002269,2025-09-30,Lake Worth,P0004,1,33.33,0.0,33.33
S001717,2025-09-08,Lake Worth,P0120,1,23.21,2.0,21.21
S003684,2025-11-26,Lake Worth,P0174,1,17.55,0.0,17.55
S004217,2025-12-11,Oakland Park,P0156,1,33.24,0.0,33.24
S009074,2026-05-31,Lake Worth,P0037,1,16.2,0.0,16.2
S009196,2026-06-06,Lake Worth,P0045,2,31.47,0.0,62.94
S001182,2025-08-18,Dania Beach,P0274,1,22.73,5.0,17.73
S003567,2025-11-22,Oakland Park,P0120,3,23.21,0.0,69.63
S005366,2026-01-08,Dania Beach,P0225,1,30.83,0.0,30.83
S004699,2025-12-21,Lake Worth,P0050,1,16.14,0.0,16.14
S004156,2025-12-09,Dania Beach,P0088,2,14.79,0.0,29.58
S009079,2026-06-01,Oakland Park,P0091,1,10.86,0.0,10.86
S006297,2026-02-26,Lake Worth,P0082,1,11.34,0.0,11.34
S002954,2025-10-27,Lake Worth,P0072,1,23.85,0.0,23.85
S001538,2025-09-01,Dania Beach,P0296,1,10.05,0.0,10.05
S003771,2025-11-30,Dania Beach,P0022,1,7.3,5.0,2.3
S004743,2025-12-22,Oakland Park,P0090,1,39.67,0.0,39.67
S004341,2025-12-13,Lake Worth,P0258,1,20.03,5.0,15.03
S002005,2025-09-20,Dania Beach,P0005,1,12.32,0.0,12.32
S007205,2026-04-04,Oakland Park,P0250,1,26.07,2.0,24.07
S003651,2025-11-25,Lake Worth,P0100,1,34.67,0.0,34.67
S009699,2026-06-25,Dania Beach,P0258,1,20.03,0.0,20.03
S006308,2026-02-26,Lake Worth,P0258,1,20.03,5.0,15.03
S002612,2025-10-14,Oakland Park,P0099,1,32.17,0.0,32.17
S000857,2025-08-04,Oakland Park,P0066,1,15.19,0.0,15.19
S009781,2026-06-28,Dania Beach,P0258,1,20.03,0.0,20.03
S001542,2025-09-01,Lake Worth,P0249,1,24.88,0.0,24.88
S005793,2026-01-31,Dania Beach,P0058,1,6.59,0.0,6.59
S000565,2025-07-24,Dania Beach,P0294,3,30.88,0.0,92.64
S004075,2025-12-07,Oakland Park,P0229,1,15.22,0.0,15.22
S002440,2025-10-06,Oakland Park,P0025,1,37.2,0.0,37.2
S001399,2025-08-27,Lake Worth,P0222,1,25.03,0.0,25.03
S000444,2025-07-19,Dania Beach,P0145,1,18.52,0.0,18.52
S007902,2026-04-20,Oakland Park,P0248,1,14.4,0.0,14.4
S000917,2025-08-07,Dania Beach,P0228,1,12.36,0.0,12.36
S006941,2026-03-24,Dania Beach,P0060,1,16.29,0.0,16.29
S001611,2025-09-04,Dania Beach,P0085,3,28.45,2.0,79.35
S000282,2025-07-11,Lake Worth,P0087,1,10.56,2.0,8.56
S008384,2026-05-05,Dania Beach,P0264,1,39.66,0.0,39.66
S003569,2025-11-22,Lake Worth,P0130,1,19.21,0.0,19.21
S008652,2026-05-15,Dania Beach,P0054,1,38.06,0.0,38.06
S005412,2026-01-11,Dania Beach,P0028,1,22.61,0.0,22.61
S003045,2025-10-31,Dania Beach,P0004,1,33.33,0.0,33.33
S000248,2025-07-10,Oakland Park,P0045,1,31.47,2.0,29.47
S006879,2026-03-22,Oakland Park,P0152,1,10.83,0.0,10.83
S001181,2025-08-18,Dania Beach,P0138,1,18.5,5.0,13.5
S003019,2025-10-30,Lake Worth,P0231,1,16.4,0.0,16.4
S001025,2025-08-12,Oakland Park,P0225,3,30.83,2.0,86.49
S006579,2026-03-09,Oakland Park,P0300,1,15.39,0.0,15.39
S002182,2025-09-27,Oakland Park,P0040,1,30.27,0.0,30.27
S009344,2026-06-12,Dania Beach,P0041,1,11.22,0.0,11.22
S003329,2025-11-11,Oakland Park,P0083,1,9.28,0.0,9.28
S002196,2025-09-28,Dania Beach,P0213,1,4.58,0.0,4.58
S008550,2026-05-11,Dania Beach,P0245,1,30.57,0.0,30.57
S003498,2025-11-18,Dania Beach,P0125,1,30.0,0.0,30.0
S004264,2025-12-12,Dania Beach,P0258,1,20.03,0.0,20.03
S001483,2025-08-30,Lake Worth,P0248,1,14.4,0.0,14.4
S008471,2026-05-08,Oakland Park,P0258,1,20.03,5.0,15.03
S005617,2026-01-21,Dania Beach,P0138,1,18.5,2.0,16.5
S009319,2026-06-10,Dania Beach,P0233,1,22.74,0.0,22.74
S001485,2025-08-30,Dania Beach,P0028,1,22.61,0.0,22.61
S000743,2025-07-31,Oakland Park,P0255,1,34.26,0.0,34.26
S004036,2025-12-07,Dania Beach,P0138,1,18.5,0.0,18.5
S002164,2025-09-27,Oakland Park,P0134,1,13.77,0.0,13.77
S000414,2025-07-17,Lake Worth,P0178,2,35.29,0.0,70.58
S000389,2025-07-16,Dania Beach,P0138,1,18.5,0.0,18.5
S009591,2026-06-21,Oakland Park,P0168,2,9.03,0.0,18.06
S004239,2025-12-11,Oakland Park,P0132,1,38.62,0.0,38.62
S006907,2026-03-23,Dania Beach,P0122,1,15.39,0.0,15.39
S006433,2026-03-03,Lake Worth,P0247,1,11.6,0.0,11.6
S002199,2025-09-28,Dania Beach,P0269,1,19.37,0.0,19.37
S004759,2025-12-23,Lake Worth,P0286,1,17.06,0.0,17.06
S002253,2025-09-30,Dania Beach,P0120,2,23.21,0.0,46.42
S000104,2025-07-05,Dania Beach,P0102,1,16.27,0.0,16.27
S000249,2025-07-10,Oakland Park,P0068,1,18.85,0.0,18.85
S000198,2025-07-07,Dania Beach,P0279,1,5.18,0.0,5.18
S006008,2026-02-10,Lake Worth,P0265,3,19.55,0.0,58.65
S007797,2026-04-18,Dania Beach,P0258,1,20.03,0.0,20.03
S003965,2025-12-05,Lake Worth,P0092,1,34.43,0.0,34.43
S002598,2025-10-13,Dania Beach,P0045,1,31.47,0.0,31.47
S003673,2025-11-26,Dania Beach,P0104,1,23.8,0.0,23.8
S002449,2025-10-07,Dania Beach,P0138,1,18.5,0.0,18.5
S006633,2026-03-11,Dania Beach,P0149,1,20.51,0.0,20.51
S006354,2026-02-28,Dania Beach,P0258,1,20.03,0.0,20.03
S000645,2025-07-27,Oakland Park,P0112,1,9.26,0.0,9.26
S001326,2025-08-24,Oakland Park,P0259,1,34.69,0.0,34.69
S007970,2026-04-22,Oakland Park,P0141,1,18.03,5.0,13.03
S009177,2026-06-05,Dania Beach,P0258,1,20.03,5.0,15.03
S001129,2025-08-16,Dania Beach,P0188,1,14.19,0.0,14.19
S001911,2025-09-16,Dania Beach,P0003,2,11.11,0.0,22.22
S005637,2026-01-22,Oakland Park,P0202,1,27.95,0.0,27.95
S003678,2025-11-26,Dania Beach,P0153,1,24.73,0.0,24.73
S007491,2026-04-10,Oakland Park,P0258,1,20.03,0.0,20.03
S009179,2026-06-05,Dania Beach,P0111,1,9.29,0.0,9.29
S001920,2025-09-16,Lake Worth,P0169,2,28.05,2.0,52.1
S004565,2025-12-18,Oakland Park,P0121,1,26.48,0.0,26.48
S009060,2026-05-31,Oakland Park,P0141,1,18.03,0.0,18.03
S006469,2026-03-05,Lake Worth,P0220,1,18.24,5.0,13.24
S000900,2025-08-06,Oakland Park,P0250,1,26.07,0.0,26.07
S001872,2025-09-14,Dania Beach,P0042,1,16.07,0.0,16.07
S001537,2025-09-01,Lake Worth,P0255,1,34.26,0.0,34.26
S000480,2025-07-20,Dania Beach,P0105,1,41.09,0.0,41.09
S008068,2026-04-25,Dania Beach,P0258,3,20.03,0.0,60.09
S005536,2026-01-17,Lake Worth,P0012,3,14.93,0.0,44.79
S008238,2026-04-29,Oakland Park,P0222,1,25.03,2.0,23.03
S002635,2025-10-14,Dania Beach,P0122,1,15.39,0.0,15.39
S005539,2026-01-17,Dania Beach,P0258,1,20.03,0.0,20.03
S008797,2026-05-20,Dania Beach,P0236,1,32.91,0.0,32.91
S006749,2026-03-17,Dania Beach,P0012,1,14.93,0.0,14.93
S005693,2026-01-25,Oakland Park,P0123,2,32.28,2.0,60.56
S002978,2025-10-28,Dania Beach,P0098,1,12.85,5.0,7.85
S002379,2025-10-04,Lake Worth,P0098,1,12.85,2.0,10.85
S000781,2025-08-02,Lake Worth,P0156,1,33.24,0.0,33.24
S002364,2025-10-04,Dania Beach,P0258,1,20.03,0.0,20.03
S009337,2026-06-11,Lake Worth,P0074,1,23.62,0.0,23.62
S003983,2025-12-05,Lake Worth,P0225,2,30.83,2.0,57.66
S003429,2025-11-15,Dania Beach,P0022,1,7.3,0.0,7.3
S000699,2025-07-30,Dania Beach,P0233,1,22.74,0.0,22.74
S007433,2026-04-09,Lake Worth,P0099,1,32.17,0.0,32.17
S007896,2026-04-20,Oakland Park,P0069,1,21.4,0.0,21.4
S007786,2026-04-18,Oakland Park,P0286,1,17.06,0.0,17.06
S000840,2025-08-04,Oakland Park,P0053,1,11.0,0.0,11.0
S005349,2026-01-08,Dania Beach,P0028,1,22.61,0.0,22.61
S003542,2025-11-20,Oakland Park,P0286,1,17.06,5.0,12.06
S004957,2025-12-27,Dania Beach,P0114,1,22.91,0.0,22.91
S002494,2025-10-09,Oakland Park,P0035,1,25.13,0.0,25.13
S008289,2026-05-01,Dania Beach,P0188,1,14.19,0.0,14.19
S004755,2025-12-22,Lake Worth,P0190,2,31.63,2.0,59.26
S005627,2026-01-22,Lake Worth,P0188,1,14.19,0.0,14.19
S004829,2025-12-24,Dania Beach,P0232,2,35.97,2.0,67.94
S008448,2026-05-07,Lake Worth,P0182,1,25.07,2.0,23.07
S003865,2025-12-02,Dania Beach,P0253,1,12.31,0.0,12.31
S004718,2025-12-22,Dania Beach,P0258,1,20.03,0.0,20.03
S000158,2025-07-06,Dania Beach,P0069,1,21.4,0.0,21.4
S008235,2026-04-29,Dania Beach,P0250,1,26.07,0.0,26.07
S005464,2026-01-13,Dania Beach,P0090,1,39.67,0.0,39.67
S009549,2026-06-20,Oakland Park,P0264,1,39.66,0.0,39.66
S006025,2026-02-11,Oakland Park,P0181,1,38.54,2.0,36.54
S002595,2025-10-13,Dania Beach,P0028,1,22.61,5.0,17.61
S008240,2026-04-29,Dania Beach,P0116,2,38.74,0.0,77.48
S000594,2025-07-26,Dania Beach,P0028,1,22.61,0.0,22.61
S002008,2025-09-21,Dania Beach,P0178,1,35.29,2.0,33.29
S004654,2025-12-20,Dania Beach,P0188,1,14.19,0.0,14.19
S004162,2025-12-10,Dania Beach,P0258,1,20.03,0.0,20.03
S008881,2026-05-23,Dania Beach,P0123,1,32.28,0.0,32.28
S004045,2025-12-07,Oakland Park,P0258,1,20.03,0.0,20.03
S002133,2025-09-25,Oakland Park,P0156,1,33.24,0.0,33.24
S006011,2026-02-10,Oakland Park,P0250,1,26.07,0.0,26.07
S008643,2026-05-15,Dania Beach,P0129,1,7.89,0.0,7.89
S006357,2026-02-28,Oakland Park,P0135,3,18.06,0.0,54.18
S000683,2025-07-29,Oakland Park,P0099,1,32.17,0.0,32.17
S003950,2025-12-05,Dania Beach,P0215,1,5.21,0.0,5.21
S000903,2025-08-06,Dania Beach,P0091,1,10.86,0.0,10.86
S006824,2026-03-20,Dania Beach,P0118,2,26.15,0.0,52.3
S008246,2026-04-29,Oakland Park,P0258,1,20.03,0.0,20.03
S001209,2025-08-19,Oakland Park,P0259,1,34.69,0.0,34.69
S001652,2025-09-06,Oakland Park,P0181,1,38.54,2.0,36.54
S008036,2026-04-24,Dania Beach,P0167,3,11.11,0.0,33.33
S003593,2025-11-23,Lake Worth,P0084,1,8.22,0.0,8.22
S000866,2025-08-05,Lake Worth,P0100,1,34.67,0.0,34.67
S003487,2025-11-18,Oakland Park,P0120,1,23.21,0.0,23.21
S003422,2025-11-15,Dania Beach,P0243,1,14.68,0.0,14.68
S001653,2025-09-06,Dania Beach,P0233,2,22.74,0.0,45.48
S004766,2025-12-23,Dania Beach,P0113,2,15.71,0.0,31.42
S003039,2025-10-31,Dania Beach,P0181,1,38.54,0.0,38.54
S008985,2026-05-28,Dania Beach,P0219,3,19.95,0.0,59.85
S008274,2026-04-30,Dania Beach,P0041,1,11.22,0.0,11.22
S005762,2026-01-29,Lake Worth,P0116,1,38.74,0.0,38.74
S005432,2026-01-11,Lake Worth,P0143,1,33.65,2.0,31.65
S002572,2025-10-12,Dania Beach,P0212,1,31.11,0.0,31.11
S006591,2026-03-10,Oakland Park,P0028,2,22.61,0.0,45.22
S005142,2025-12-30,Lake Worth,P0069,2,21.4,0.0,42.8
S005885,2026-02-03,Dania Beach,P0145,1,18.52,2.0,16.52
S001459,2025-08-29,Lake Worth,P0008,1,23.36,0.0,23.36
S005519,2026-01-17,Dania Beach,P0013,1,19.04,0.0,19.04
S004319,2025-12-13,Lake Worth,P0258,1,20.03,0.0,20.03
S009463,2026-06-16,Dania Beach,P0138,1,18.5,0.0,18.5
S008281,2026-04-30,Oakland Park,P0069,1,21.4,0.0,21.4
S003909,2025-12-04,Lake Worth,P0234,1,39.24,0.0,39.24
S001386,2025-08-26,Dania Beach,P0050,1,16.14,0.0,16.14
S003837,2025-12-02,Lake Worth,P0041,1,11.22,0.0,11.22
S000532,2025-07-22,Oakland Park,P0258,1,20.03,0.0,20.03
S003814,2025-12-01,Dania Beach,P0024,1,12.01,0.0,12.01
S002670,2025-10-17,Oakland Park,P0229,1,15.22,0.0,15.22
S005764,2026-01-30,Dania Beach,P0054,1,38.06,0.0,38.06
S004641,2025-12-20,Oakland Park,P0225,2,30.83,0.0,61.66
S009462,2026-06-16,Oakland Park,P0181,1,38.54,0.0,38.54
S000300,2025-07-12,Dania Beach,P0145,1,18.52,0.0,18.52
S008889,2026-05-23,Dania Beach,P0016,2,9.61,0.0,19.22
S003412,2025-11-15,Oakland Park,P0025,1,37.2,0.0,37.2
S007659,2026-04-14,Dania Beach,P0112,1,9.26,0.0,9.26
S003624,2025-11-23,Lake Worth,P0281,1,17.35,2.0,15.35
S004432,2025-12-15,Dania Beach,P0251,2,16.69,5.0,23.38
S003729,2025-11-28,Dania Beach,P0079,1,38.19,5.0,33.19
S006194,2026-02-20,Lake Worth,P0231,1,16.4,0.0,16.4
S003856,2025-12-02,Dania Beach,P0264,1,39.66,0.0,39.66
S006277,2026-02-25,Lake Worth,P0128,1,25.5,0.0,25.5
S006422,2026-03-03,Dania Beach,P0258,1,20.03,0.0,20.03
S006795,2026-03-19,Oakland Park,P0075,1,16.43,0.0,16.43
S007229,2026-04-04,Lake Worth,P0055,1,18.49,0.0,18.49
S003239,2025-11-08,Dania Beach,P0150,1,8.12,0.0,8.12
S007039,2026-03-29,Dania Beach,P0125,1,30.0,0.0,30.0
S000396,2025-07-16,Dania Beach,P0225,2,30.83,0.0,61.66
S007621,2026-04-13,Oakland Park,P0112,1,9.26,0.0,9.26
S003710,2025-11-27,Dania Beach,P0028,2,22.61,2.0,41.22
S007989,2026-04-23,Dania Beach,P0134,1,13.77,0.0,13.77
S006844,2026-03-20,Dania Beach,P0039,1,18.68,0.0,18.68
S000334,2025-07-13,Oakland Park,P0026,1,24.77,0.0,24.77
S006170,2026-02-19,Oakland Park,P0096,1,17.3,0.0,17.3
S007832,2026-04-18,Oakland Park,P0170,1,12.29,0.0,12.29
S008883,2026-05-23,Oakland Park,P0214,1,40.55,0.0,40.55
S003092,2025-11-02,Oakland Park,P0209,1,38.73,0.0,38.73
S008728,2026-05-18,Oakland Park,P0141,1,18.03,0.0,18.03
S006141,2026-02-17,Oakland Park,P0250,1,26.07,0.0,26.07
S000415,2025-07-17,Oakland Park,P0063,1,32.31,0.0,32.31
S006923,2026-03-24,Oakland Park,P0138,1,18.5,0.0,18.5
S004872,2025-12-25,Dania Beach,P0104,1,23.8,0.0,23.8
S001275,2025-08-23,Lake Worth,P0250,1,26.07,0.0,26.07
S004279,2025-12-12,Dania Beach,P0113,1,15.71,0.0,15.71
S004626,2025-12-20,Dania Beach,P0258,1,20.03,0.0,20.03
S008493,2026-05-09,Dania Beach,P0050,1,16.14,0.0,16.14
S002956,2025-10-27,Oakland Park,P0258,3,20.03,5.0,45.09
S000757,2025-08-01,Oakland Park,P0147,1,40.67,2.0,38.67
S004616,2025-12-20,Lake Worth,P0117,1,13.24,0.0,13.24
S001079,2025-08-14,Oakland Park,P0029,1,44.82,0.0,44.82
S009601,2026-06-21,Oakland Park,P0258,1,20.03,0.0,20.03
S005125,2025-12-30,Oakland Park,P0188,1,14.19,0.0,14.19
S001396,2025-08-27,Oakland Park,P0258,1,20.03,0.0,20.03
S008148,2026-04-26,Dania Beach,P0218,2,12.89,0.0,25.78
S005924,2026-02-06,Dania Beach,P0229,1,15.22,0.0,15.22
S003303,2025-11-10,Lake Worth,P0141,1,18.03,0.0,18.03
S007412,2026-04-08,Lake Worth,P0283,1,41.77,0.0,41.77
S009097,2026-06-01,Lake Worth,P0028,1,22.61,0.0,22.61
S001988,2025-09-20,Dania Beach,P0069,1,21.4,0.0,21.4
S008636,2026-05-14,Dania Beach,P0258,1,20.03,0.0,20.03
S000098,2025-07-04,Oakland Park,P0125,1,30.0,0.0,30.0
S008222,2026-04-28,Lake Worth,P0006,1,18.74,2.0,16.74
S000048,2025-07-02,Oakland Park,P0085,1,28.45,0.0,28.45
S000411,2025-07-17,Dania Beach,P0050,1,16.14,2.0,14.14
S004345,2025-12-14,Dania Beach,P0050,1,16.14,2.0,14.14
S000463,2025-07-19,Dania Beach,P0151,1,22.36,0.0,22.36
S008492,2026-05-09,Dania Beach,P0209,1,38.73,0.0,38.73
S009431,2026-06-14,Dania Beach,P0284,2,19.93,0.0,39.86
S009679,2026-06-24,Lake Worth,P0112,1,9.26,5.0,4.26
S005395,2026-01-10,Dania Beach,P0255,1,34.26,0.0,34.26
S001743,2025-09-09,Oakland Park,P0092,3,34.43,0.0,103.29
S000128,2025-07-05,Oakland Park,P0284,1,19.93,0.0,19.93
S007545,2026-04-12,Lake Worth,P0099,1,32.17,0.0,32.17
S009294,2026-06-09,Dania Beach,P0150,3,8.12,0.0,24.36
S001442,2025-08-28,Dania Beach,P0147,1,40.67,0.0,40.67
S000292,2025-07-12,Oakland Park,P0049,1,17.75,2.0,15.75
S002144,2025-09-26,Lake Worth,P0141,1,18.03,0.0,18.03
S006089,2026-02-14,Dania Beach,P0120,2,23.21,0.0,46.42
S002235,2025-09-29,Dania Beach,P0123,1,32.28,0.0,32.28
S000373,2025-07-15,Oakland Park,P0049,1,17.75,0.0,17.75
S000499,2025-07-20,Dania Beach,P0045,1,31.47,0.0,31.47
S005110,2025-12-29,Oakland Park,P0107,1,35.69,0.0,35.69
S005828,2026-02-01,Dania Beach,P0290,1,44.36,0.0,44.36
S006117,2026-02-15,Lake Worth,P0275,1,12.12,0.0,12.12
S005387,2026-01-09,Oakland Park,P0157,1,8.43,0.0,8.43
S004462,2025-12-16,Dania Beach,P0112,1,9.26,0.0,9.26
S002941,2025-10-26,Dania Beach,P0251,1,16.69,2.0,14.69
S002509,2025-10-09,Dania Beach,P0258,1,20.03,0.0,20.03
S000037,2025-07-02,Dania Beach,P0116,1,38.74,0.0,38.74
S004056,2025-12-07,Lake Worth,P0229,1,15.22,0.0,15.22
S001534,2025-09-01,Dania Beach,P0123,1,32.28,0.0,32.28
S000990,2025-08-10,Oakland Park,P0229,1,15.22,0.0,15.22
S001642,2025-09-06,Oakland Park,P0229,1,15.22,0.0,15.22
S008327,2026-05-02,Dania Beach,P0258,1,20.03,0.0,20.03
S007578,2026-04-12,Oakland Park,P0113,1,15.71,0.0,15.71
S008095,2026-04-25,Oakland Park,P0288,1,39.45,0.0,39.45
S002700,2025-10-18,Oakland Park,P0120,1,23.21,0.0,23.21
S001450,2025-08-29,Oakland Park,P0028,1,22.61,2.0,20.61
S002028,2025-09-21,Oakland Park,P0289,3,47.01,0.0,141.03
S001009,2025-08-11,Dania Beach,P0177,1,14.51,0.0,14.51
S008438,2026-05-07,Dania Beach,P0172,1,16.93,0.0,16.93
S002522,2025-10-10,Dania Beach,P0187,1,8.33,0.0,8.33
S004053,2025-12-07,Dania Beach,P0100,1,34.67,0.0,34.67
S000299,2025-07-12,Dania Beach,P0232,1,35.97,0.0,35.97
S001506,2025-08-31,Oakland Park,P0020,1,24.25,0.0,24.25
S003131,2025-11-03,Dania Beach,P0068,1,18.85,0.0,18.85
S007925,2026-04-21,Lake Worth,P0244,1,7.54,0.0,7.54
S007891,2026-04-20,Dania Beach,P0250,1,26.07,0.0,26.07
S002996,2025-10-29,Lake Worth,P0050,1,16.14,2.0,14.14
S004379,2025-12-14,Lake Worth,P0059,1,27.7,2.0,25.7
S003849,2025-12-02,Dania Beach,P0188,1,14.19,2.0,12.19
S008525,2026-05-10,Oakland Park,P0298,1,10.79,2.0,8.79
S002821,2025-10-22,Lake Worth,P0123,1,32.28,0.0,32.28
S009548,2026-06-19,Dania Beach,P0161,1,43.05,0.0,43.05
S006918,2026-03-23,Lake Worth,P0120,1,23.21,5.0,18.21
S003846,2025-12-02,Dania Beach,P0233,1,22.74,0.0,22.74
S000928,2025-08-08,Oakland Park,P0097,1,11.18,0.0,11.18
S003365,2025-11-13,Dania Beach,P0238,1,9.91,0.0,9.91
S001171,2025-08-18,Lake Worth,P0059,1,27.7,0.0,27.7
S007864,2026-04-19,Oakland Park,P0255,1,34.26,0.0,34.26
S009468,2026-06-16,Oakland Park,P0258,1,20.03,0.0,20.03
S007605,2026-04-13,Oakland Park,P0130,1,19.21,0.0,19.21
S002496,2025-10-09,Oakland Park,P0231,1,16.4,0.0,16.4
S000329,2025-07-13,Dania Beach,P0033,1,13.41,0.0,13.41
S001944,2025-09-18,Dania Beach,P0258,1,20.03,0.0,20.03
S003515,2025-11-19,Dania Beach,P0233,1,22.74,0.0,22.74
S009517,2026-06-18,Lake Worth,P0050,1,16.14,0.0,16.14
S006232,2026-02-22,Dania Beach,P0091,1,10.86,0.0,10.86
S005217,2026-01-01,Dania Beach,P0057,1,31.85,0.0,31.85
S008536,2026-05-10,Oakland Park,P0152,1,10.83,0.0,10.83
S009320,2026-06-10,Oakland Park,P0043,1,11.96,5.0,6.96
S006110,2026-02-15,Dania Beach,P0092,1,34.43,0.0,34.43
S009505,2026-06-18,Oakland Park,P0020,1,24.25,0.0,24.25
S007226,2026-04-04,Dania Beach,P0155,3,33.74,0.0,101.22
S005998,2026-02-09,Oakland Park,P0099,1,32.17,0.0,32.17
S001809,2025-09-12,Lake Worth,P0258,1,20.03,0.0,20.03
S003443,2025-11-16,Lake Worth,P0028,1,22.61,0.0,22.61
S003864,2025-12-02,Oakland Park,P0273,1,11.49,0.0,11.49
S007993,2026-04-23,Dania Beach,P0107,3,35.69,5.0,92.07
S005966,2026-02-08,Oakland Park,P0028,1,22.61,0.0,22.61
S002033,2025-09-21,Dania Beach,P0042,2,16.07,0.0,32.14
S008270,2026-04-30,Dania Beach,P0288,1,39.45,0.0,39.45
S000176,2025-07-06,Dania Beach,P0178,1,35.29,0.0,35.29
S003988,2025-12-06,Dania Beach,P0258,1,20.03,0.0,20.03
S001035,2025-08-12,Oakland Park,P0278,1,27.49,0.0,27.49
S001812,2025-09-12,Lake Worth,P0236,1,32.91,0.0,32.91
S002132,2025-09-25,Dania Beach,P0188,1,14.19,2.0,12.19
S005002,2025-12-27,Oakland Park,P0212,1,31.11,0.0,31.11
S007866,2026-04-19,Oakland Park,P0136,1,34.18,0.0,34.18
S007100,2026-03-31,Dania Beach,P0138,3,18.5,0.0,55.5
S000012,2025-07-01,Lake Worth,P0285,3,24.04,0.0,72.12
S008072,2026-04-25,Oakland Park,P0150,1,8.12,0.0,8.12
S000108,2025-07-05,Lake Worth,P0161,1,43.05,0.0,43.05
S001857,2025-09-14,Oakland Park,P0209,1,38.73,0.0,38.73
S005710,2026-01-26,Dania Beach,P0042,1,16.07,0.0,16.07
S005229,2026-01-01,Dania Beach,P0232,1,35.97,0.0,35.97
S000488,2025-07-20,Dania Beach,P0042,1,16.07,0.0,16.07
S003318,2025-11-11,Lake Worth,P0228,1,12.36,2.0,10.36
S006781,2026-03-18,Dania Beach,P0023,1,36.9,0.0,36.9
S001166,2025-08-17,Oakland Park,P0282,1,14.8,0.0,14.8
S005691,2026-01-24,Dania Beach,P0181,1,38.54,0.0,38.54
S008164,2026-04-27,Oakland Park,P0219,1,19.95,0.0,19.95
S004980,2025-12-27,Dania Beach,P0156,1,33.24,0.0,33.24
S008648,2026-05-15,Lake Worth,P0233,1,22.74,0.0,22.74
S004758,2025-12-22,Dania Beach,P0288,1,39.45,0.0,39.45
S005528,2026-01-17,Dania Beach,P0253,1,12.31,0.0,12.31
S001296,2025-08-23,Dania Beach,P0028,2,22.61,0.0,45.22
S008973,2026-05-27,Dania Beach,P0138,1,18.5,0.0,18.5
S003457,2025-11-16,Dania Beach,P0261,2,13.52,0.0,27.04
S000859,2025-08-04,Oakland Park,P0229,1,15.22,0.0,15.22
S000587,2025-07-25,Oakland Park,P0123,1,32.28,0.0,32.28
S006568,2026-03-09,Dania Beach,P0207,1,8.62,0.0,8.62
S005672,2026-01-24,Dania Beach,P0258,1,20.03,0.0,20.03
S006077,2026-02-14,Oakland Park,P0229,1,15.22,0.0,15.22
S008296,2026-05-01,Dania Beach,P0092,1,34.43,0.0,34.43
S003448,2025-11-16,Oakland Park,P0120,1,23.21,2.0,21.21
S007884,2026-04-20,Dania Beach,P0281,1,17.35,0.0,17.35
S002052,2025-09-22,Dania Beach,P0250,2,26.07,0.0,52.14
S005299,2026-01-04,Oakland Park,P0228,1,12.36,0.0,12.36
S008388,2026-05-05,Oakland Park,P0258,1,20.03,0.0,20.03
S003967,2025-12-05,Dania Beach,P0029,1,44.82,0.0,44.82
S004930,2025-12-26,Lake Worth,P0258,1,20.03,0.0,20.03
S001256,2025-08-22,Oakland Park,P0066,1,15.19,0.0,15.19
S003183,2025-11-05,Dania Beach,P0229,1,15.22,0.0,15.22
S008771,2026-05-19,Dania Beach,P0055,1,18.49,0.0,18.49
S003836,2025-12-02,Lake Worth,P0258,1,20.03,0.0,20.03
S003261,2025-11-08,Lake Worth,P0188,1,14.19,0.0,14.19
S006224,2026-02-21,Oakland Park,P0022,1,7.3,0.0,7.3
S006362,2026-02-28,Dania Beach,P0058,1,6.59,2.0,4.59
S001196,2025-08-19,Lake Worth,P0067,2,22.05,2.0,40.1
S001897,2025-09-15,Oakland Park,P0189,2,8.68,0.0,17.36
S000590,2025-07-25,Oakland Park,P0208,1,8.68,0.0,8.68
S004184,2025-12-10,Dania Beach,P0187,1,8.33,0.0,8.33
S006120,2026-02-16,Oakland Park,P0279,1,5.18,0.0,5.18
S007929,2026-04-21,Oakland Park,P0111,1,9.29,0.0,9.29
S009510,2026-06-18,Dania Beach,P0029,2,44.82,0.0,89.64
S007133,2026-04-01,Oakland Park,P0290,1,44.36,0.0,44.36
S005037,2025-12-28,Dania Beach,P0279,1,5.18,0.0,5.18
S004159,2025-12-10,Oakland Park,P0277,1,12.14,0.0,12.14
S007921,2026-04-21,Dania Beach,P0100,1,34.67,0.0,34.67
S002561,2025-10-12,Lake Worth,P0088,1,14.79,0.0,14.79
S008000,2026-04-23,Oakland Park,P0236,1,32.91,0.0,32.91
S002293,2025-10-01,Oakland Park,P0004,1,33.33,0.0,33.33
S004128,2025-12-09,Dania Beach,P0098,1,12.85,0.0,12.85
S001524,2025-08-31,Dania Beach,P0020,2,24.25,0.0,48.5
S004574,2025-12-19,Dania Beach,P0047,1,11.39,5.0,6.39
S005315,2026-01-05,Dania Beach,P0258,1,20.03,0.0,20.03
S008003,2026-04-23,Dania Beach,P0258,1,20.03,0.0,20.03
S002340,2025-10-03,Lake Worth,P0271,1,13.23,0.0,13.23
S008741,2026-05-18,Lake Worth,P0146,1,36.76,0.0,36.76
S006694,2026-03-15,Dania Beach,P0258,1,20.03,0.0,20.03
S001868,2025-09-14,Oakland Park,P0224,1,28.47,0.0,28.47
S002214,2025-09-28,Dania Beach,P0142,1,14.84,0.0,14.84
S008696,2026-05-16,Oakland Park,P0196,1,23.33,0.0,23.33
S007594,2026-04-12,Oakland Park,P0115,1,35.88,0.0,35.88
S000462,2025-07-19,Oakland Park,P0022,1,7.3,0.0,7.3
S006768,2026-03-18,Lake Worth,P0115,1,35.88,0.0,35.88
S008864,2026-05-23,Oakland Park,P0167,3,11.11,0.0,33.33
S003438,2025-11-16,Oakland Park,P0211,1,28.43,0.0,28.43
S001939,2025-09-17,Dania Beach,P0054,2,38.06,0.0,76.12
S008650,2026-05-15,Dania Beach,P0294,2,30.88,0.0,61.76
S004194,2025-12-10,Oakland Park,P0286,1,17.06,0.0,17.06
S002169,2025-09-27,Lake Worth,P0110,1,16.9,0.0,16.9
S004308,2025-12-13,Oakland Park,P0230,1,15.88,0.0,15.88
S002187,2025-09-28,Oakland Park,P0031,1,23.06,5.0,18.06
S006029,2026-02-11,Lake Worth,P0031,1,23.06,2.0,21.06
S004073,2025-12-07,Dania Beach,P0087,1,10.56,0.0,10.56
S001976,2025-09-19,Oakland Park,P0029,1,44.82,5.0,39.82
S008713,2026-05-17,Lake Worth,P0229,1,15.22,5.0,10.22
S009684,2026-06-24,Lake Worth,P0293,1,17.47,0.0,17.47
S001598,2025-09-03,Oakland Park,P0067,1,22.05,0.0,22.05
S004392,2025-12-14,Dania Beach,P0028,1,22.61,0.0,22.61
S005789,2026-01-31,Lake Worth,P0137,1,34.89,0.0,34.89
S001016,2025-08-11,Oakland Park,P0022,1,7.3,0.0,7.3
S003352,2025-11-12,Dania Beach,P0227,1,22.7,0.0,22.7
S000983,2025-08-10,Oakland Park,P0258,1,20.03,0.0,20.03
S006865,2026-03-21,Oakland Park,P0160,1,15.14,0.0,15.14
S006462,2026-03-05,Dania Beach,P0045,1,31.47,0.0,31.47
S006890,2026-03-22,Dania Beach,P0258,2,20.03,0.0,40.06
S003357,2025-11-12,Lake Worth,P0151,1,22.36,0.0,22.36
S000896,2025-08-06,Dania Beach,P0127,1,26.3,0.0,26.3
S002629,2025-10-14,Lake Worth,P0109,1,19.26,0.0,19.26
S004229,2025-12-11,Oakland Park,P0094,1,15.94,2.0,13.94
S001837,2025-09-13,Oakland Park,P0138,1,18.5,0.0,18.5
S003055,2025-10-31,Oakland Park,P0044,1,16.95,0.0,16.95
S001686,2025-09-07,Dania Beach,P0149,1,20.51,0.0,20.51
S001690,2025-09-07,Dania Beach,P0138,1,18.5,0.0,18.5
S007654,2026-04-14,Dania Beach,P0102,1,16.27,0.0,16.27
S003021,2025-10-30,Oakland Park,P0045,1,31.47,0.0,31.47
S009193,2026-06-06,Lake Worth,P0188,1,14.19,0.0,14.19
S009488,2026-06-17,Oakland Park,P0069,2,21.4,0.0,42.8
S004727,2025-12-22,Dania Beach,P0084,1,8.22,0.0,8.22
S004266,2025-12-12,Dania Beach,P0028,1,22.61,0.0,22.61
S008220,2026-04-28,Dania Beach,P0250,1,26.07,0.0,26.07
S003464,2025-11-16,Oakland Park,P0037,1,16.2,0.0,16.2
S000271,2025-07-11,Oakland Park,P0042,1,16.07,0.0,16.07
S002843,2025-10-23,Oakland Park,P0272,1,18.29,0.0,18.29
S002647,2025-10-15,Lake Worth,P0264,2,39.66,0.0,79.32
S002408,2025-10-05,Lake Worth,P0298,1,10.79,0.0,10.79
S007115,2026-04-01,Dania Beach,P0298,1,10.79,0.0,10.79
S005688,2026-01-24,Oakland Park,P0229,1,15.22,0.0,15.22
S002704,2025-10-18,Oakland Park,P0280,1,15.83,0.0,15.83
S001528,2025-08-31,Lake Worth,P0193,1,15.19,0.0,15.19
S008597,2026-05-13,Dania Beach,P0058,1,6.59,0.0,6.59
S009334,2026-06-11,Dania Beach,P0124,1,14.5,0.0,14.5
S007615,2026-04-13,Oakland Park,P0017,2,13.63,0.0,27.26
S006934,2026-03-24,Oakland Park,P0071,3,14.0,0.0,42.0
S003934,2025-12-04,Lake Worth,P0069,1,21.4,0.0,21.4
S008366,2026-05-04,Oakland Park,P0244,1,7.54,0.0,7.54
S007690,2026-04-15,Dania Beach,P0100,1,34.67,0.0,34.67
S005636,2026-01-22,Oakland Park,P0258,1,20.03,0.0,20.03
S000660,2025-07-28,Dania Beach,P0257,1,21.09,0.0,21.09
S004679,2025-12-21,Dania Beach,P0060,1,16.29,0.0,16.29
S000309,2025-07-12,Lake Worth,P0068,1,18.85,0.0,18.85
S004397,2025-12-14,Dania Beach,P0258,1,20.03,0.0,20.03
S000764,2025-08-01,Lake Worth,P0096,1,17.3,0.0,17.3
S005590,2026-01-20,Dania Beach,P0214,1,40.55,0.0,40.55
S008532,2026-05-10,Dania Beach,P0099,1,32.17,0.0,32.17
S000193,2025-07-07,Dania Beach,P0109,1,19.26,0.0,19.26
S000437,2025-07-18,Dania Beach,P0072,1,23.85,0.0,23.85
S000145,2025-07-06,Dania Beach,P0281,1,17.35,0.0,17.35
S008357,2026-05-03,Lake Worth,P0033,1,13.41,0.0,13.41
S000220,2025-07-08,Oakland Park,P0214,1,40.55,2.0,38.55
S004861,2025-12-25,Lake Worth,P0234,1,39.24,0.0,39.24
S009395,2026-06-13,Oakland Park,P0008,2,23.36,0.0,46.72
S007772,2026-04-17,Oakland Park,P0267,1,35.08,0.0,35.08
S008329,2026-05-02,Dania Beach,P0229,1,15.22,0.0,15.22
S004170,2025-12-10,Oakland Park,P0205,1,34.1,0.0,34.1
S001658,2025-09-06,Dania Beach,P0205,1,34.1,0.0,34.1
S009428,2026-06-14,Oakland Park,P0258,1,20.03,0.0,20.03
S008412,2026-05-06,Dania Beach,P0071,1,14.0,2.0,12.0
S009774,2026-06-28,Oakland Park,P0215,1,5.21,2.0,3.21
S000184,2025-07-07,Oakland Park,P0251,1,16.69,0.0,16.69
S003322,2025-11-11,Dania Beach,P0222,1,25.03,0.0,25.03
S003615,2025-11-23,Dania Beach,P0026,1,24.77,2.0,22.77
S008061,2026-04-25,Dania Beach,P0253,1,12.31,0.0,12.31
S009671,2026-06-24,Lake Worth,P0127,1,26.3,0.0,26.3
S000150,2025-07-06,Dania Beach,P0258,1,20.03,0.0,20.03
S008907,2026-05-24,Dania Beach,P0038,1,16.31,0.0,16.31
S007700,2026-04-15,Dania Beach,P0045,1,31.47,0.0,31.47
S000910,2025-08-07,Oakland Park,P0299,1,6.83,0.0,6.83
S003356,2025-11-12,Oakland Park,P0030,1,9.83,2.0,7.83
S008579,2026-05-12,Lake Worth,P0079,1,38.19,0.0,38.19
S008482,2026-05-08,Oakland Park,P0229,2,15.22,0.0,30.44
S005373,2026-01-09,Oakland Park,P0231,1,16.4,0.0,16.4
S007444,2026-04-09,Oakland Park,P0060,1,16.29,0.0,16.29
S007214,2026-04-04,Dania Beach,P0095,1,15.25,0.0,15.25
S004851,2025-12-24,Oakland Park,P0298,1,10.79,0.0,10.79
S006635,2026-03-11,Lake Worth,P0180,3,14.34,0.0,43.02
S007733,2026-04-16,Oakland Park,P0204,1,30.89,0.0,30.89
S005507,2026-01-16,Dania Beach,P0225,1,30.83,2.0,28.83
S006018,2026-02-10,Dania Beach,P0099,1,32.17,0.0,32.17
S004810,2025-12-24,Lake Worth,P0196,2,23.33,0.0,46.66
S008188,2026-04-27,Lake Worth,P0180,1,14.34,0.0,14.34
S007420,2026-04-08,Oakland Park,P0222,1,25.03,0.0,25.03
S003227,2025-11-07,Dania Beach,P0158,1,15.94,0.0,15.94
S008541,2026-05-10,Oakland Park,P0298,1,10.79,0.0,10.79
S001260,2025-08-22,Dania Beach,P0258,1,20.03,2.0,18.03
S004805,2025-12-23,Oakland Park,P0224,1,28.47,0.0,28.47
S009394,2026-06-13,Dania Beach,P0086,1,19.54,0.0,19.54
S004942,2025-12-27,Oakland Park,P0069,1,21.4,0.0,21.4
S008417,2026-05-06,Oakland Park,P0181,1,38.54,0.0,38.54
S000902,2025-08-06,Dania Beach,P0130,1,19.21,0.0,19.21
S000577,2025-07-25,Dania Beach,P0073,1,20.85,0.0,20.85
S009581,2026-06-21,Dania Beach,P0022,3,7.3,0.0,21.9
S004566,2025-12-18,Dania Beach,P0258,1,20.03,0.0,20.03
S002134,2025-09-26,Lake Worth,P0151,1,22.36,0.0,22.36
S002175,2025-09-27,Lake Worth,P0221,1,26.83,0.0,26.83
S004352,2025-12-14,Dania Beach,P0135,1,18.06,2.0,16.06
S004489,2025-12-17,Dania Beach,P0062,3,34.29,0.0,102.87
S000957,2025-08-09,Oakland Park,P0196,1,23.33,0.0,23.33
S005574,2026-01-19,Oakland Park,P0210,1,17.31,2.0,15.31
S005504,2026-01-16,Lake Worth,P0162,1,9.66,0.0,9.66
S002369,2025-10-04,Oakland Park,P0122,1,15.39,0.0,15.39
S001518,2025-08-31,Oakland Park,P0196,1,23.33,0.0,23.33
S005940,2026-02-06,Oakland Park,P0045,1,31.47,5.0,26.47
S008663,2026-05-15,Dania Beach,P0265,1,19.55,0.0,19.55
S004726,2025-12-22,Dania Beach,P0112,1,9.26,5.0,4.26
S009215,2026-06-06,Dania Beach,P0151,1,22.36,0.0,22.36
S007479,2026-04-10,Lake Worth,P0259,2,34.69,5.0,59.38
S006976,2026-03-26,Oakland Park,P0298,1,10.79,5.0,5.79
S007551,2026-04-12,Lake Worth,P0181,1,38.54,0.0,38.54
S007482,2026-04-10,Dania Beach,P0173,1,28.8,0.0,28.8
S004388,2025-12-14,Dania Beach,P0224,1,28.47,0.0,28.47
S005657,2026-01-23,Lake Worth,P0255,1,34.26,0.0,34.26
S001117,2025-08-16,Oakland Park,P0188,1,14.19,0.0,14.19
S007650,2026-04-14,Dania Beach,P0068,1,18.85,0.0,18.85
S004911,2025-12-26,Dania Beach,P0176,1,38.34,0.0,38.34
S004067,2025-12-07,Dania Beach,P0022,1,7.3,0.0,7.3
S002533,2025-10-11,Dania Beach,P0185,2,20.14,2.0,36.28
S004459,2025-12-16,Oakland Park,P0258,1,20.03,0.0,20.03
S001471,2025-08-30,Lake Worth,P0196,1,23.33,0.0,23.33
S003797,2025-12-01,Dania Beach,P0147,1,40.67,0.0,40.67
S004182,2025-12-10,Lake Worth,P0099,1,32.17,5.0,27.17
S004483,2025-12-16,Dania Beach,P0025,1,37.2,0.0,37.2
S004071,2025-12-07,Dania Beach,P0145,1,18.52,0.0,18.52
S001208,2025-08-19,Oakland Park,P0127,1,26.3,0.0,26.3
S008921,2026-05-25,Oakland Park,P0020,1,24.25,2.0,22.25
S007977,2026-04-22,Dania Beach,P0259,1,34.69,0.0,34.69
S006465,2026-03-05,Lake Worth,P0250,2,26.07,0.0,52.14
S004606,2025-12-20,Oakland Park,P0022,1,7.3,0.0,7.3
S001991,2025-09-20,Lake Worth,P0151,3,22.36,0.0,67.08
S005624,2026-01-22,Dania Beach,P0055,1,18.49,0.0,18.49
S002432,2025-10-06,Dania Beach,P0176,1,38.34,0.0,38.34
S004803,2025-12-23,Oakland Park,P0181,1,38.54,0.0,38.54
S007755,2026-04-17,Oakland Park,P0042,1,16.07,0.0,16.07
S002339,2025-10-03,Dania Beach,P0146,1,36.76,0.0,36.76
S000826,2025-08-03,Dania Beach,P0028,1,22.61,0.0,22.61
S000989,2025-08-10,Oakland Park,P0132,2,38.62,2.0,73.24
S002809,2025-10-21,Dania Beach,P0013,1,19.04,0.0,19.04
S006533,2026-03-07,Oakland Park,P0197,1,24.23,2.0,22.23
S003293,2025-11-09,Oakland Park,P0250,3,26.07,0.0,78.21
S000663,2025-07-28,Oakland Park,P0181,1,38.54,5.0,33.54
S008025,2026-04-24,Oakland Park,P0040,1,30.27,0.0,30.27
S007969,2026-04-22,Dania Beach,P0232,1,35.97,0.0,35.97
S005189,2025-12-31,Dania Beach,P0028,1,22.61,0.0,22.61
S001930,2025-09-17,Dania Beach,P0196,1,23.33,0.0,23.33
S008684,2026-05-16,Oakland Park,P0120,1,23.21,0.0,23.21
S009186,2026-06-05,Dania Beach,P0258,1,20.03,5.0,15.03
S000254,2025-07-10,Lake Worth,P0258,2,20.03,0.0,40.06
S008387,2026-05-05,Oakland Park,P0258,1,20.03,0.0,20.03
S007428,2026-04-09,Oakland Park,P0081,2,12.2,0.0,24.4
S008768,2026-05-19,Oakland Park,P0066,1,15.19,0.0,15.19
S000017,2025-07-01,Oakland Park,P0166,1,26.78,0.0,26.78
S003015,2025-10-30,Lake Worth,P0269,1,19.37,0.0,19.37
S001603,2025-09-04,Dania Beach,P0107,1,35.69,0.0,35.69
S004671,2025-12-21,Oakland Park,P0198,3,5.19,0.0,15.57
S002023,2025-09-21,Oakland Park,P0138,1,18.5,2.0,16.5
S005742,2026-01-28,Lake Worth,P0015,1,10.97,2.0,8.97
S006395,2026-03-02,Oakland Park,P0212,1,31.11,0.0,31.11
S005858,2026-02-02,Dania Beach,P0141,1,18.03,0.0,18.03
S006490,2026-03-06,Lake Worth,P0245,1,30.57,0.0,30.57
S001671,2025-09-06,Dania Beach,P0092,1,34.43,0.0,34.43
S005159,2025-12-30,Lake Worth,P0120,1,23.21,0.0,23.21
S001724,2025-09-08,Dania Beach,P0250,1,26.07,0.0,26.07
S007675,2026-04-14,Dania Beach,P0141,1,18.03,0.0,18.03
S005236,2026-01-02,Oakland Park,P0081,1,12.2,0.0,12.2
S000478,2025-07-20,Dania Beach,P0107,1,35.69,0.0,35.69
S001307,2025-08-24,Oakland Park,P0233,1,22.74,0.0,22.74
S001495,2025-08-30,Dania Beach,P0173,2,28.8,0.0,57.6
S005936,2026-02-06,Oakland Park,P0095,1,15.25,0.0,15.25
S001376,2025-08-26,Oakland Park,P0262,1,32.15,0.0,32.15
S006854,2026-03-21,Dania Beach,P0279,1,5.18,0.0,5.18
S005034,2025-12-28,Dania Beach,P0229,1,15.22,0.0,15.22
S001704,2025-09-07,Dania Beach,P0249,1,24.88,0.0,24.88
S006961,2026-03-26,Oakland Park,P0120,1,23.21,0.0,23.21
S007447,2026-04-09,Lake Worth,P0112,1,9.26,0.0,9.26
S003354,2025-11-12,Oakland Park,P0012,2,14.93,0.0,29.86
S005410,2026-01-10,Oakland Park,P0160,1,15.14,2.0,13.14
S007559,2026-04-12,Lake Worth,P0145,1,18.52,0.0,18.52
S002845,2025-10-23,Dania Beach,P0170,1,12.29,0.0,12.29
S001142,2025-08-17,Dania Beach,P0093,1,10.98,0.0,10.98
S005662,2026-01-24,Lake Worth,P0068,1,18.85,0.0,18.85
S000301,2025-07-12,Lake Worth,P0244,1,7.54,0.0,7.54
S006731,2026-03-16,Lake Worth,P0249,1,24.88,0.0,24.88
S006376,2026-03-01,Dania Beach,P0132,2,38.62,2.0,73.24
S001887,2025-09-15,Dania Beach,P0240,1,29.77,0.0,29.77
S001103,2025-08-15,Oakland Park,P0041,1,11.22,0.0,11.22
S005403,2026-01-10,Dania Beach,P0154,1,15.49,0.0,15.49
S004177,2025-12-10,Oakland Park,P0231,2,16.4,0.0,32.8
S003244,2025-11-08,Dania Beach,P0125,2,30.0,0.0,60.0
S000555,2025-07-24,Dania Beach,P0113,2,15.71,0.0,31.42
S008406,2026-05-06,Dania Beach,P0229,1,15.22,0.0,15.22
S006508,2026-03-07,Lake Worth,P0259,1,34.69,0.0,34.69
S007644,2026-04-14,Oakland Park,P0041,1,11.22,0.0,11.22
S001301,2025-08-23,Oakland Park,P0126,1,18.39,0.0,18.39
S006647,2026-03-12,Dania Beach,P0222,1,25.03,2.0,23.03
S002083,2025-09-23,Dania Beach,P0120,1,23.21,0.0,23.21
S001863,2025-09-14,Oakland Park,P0122,1,15.39,2.0,13.39
S004037,2025-12-07,Lake Worth,P0138,1,18.5,0.0,18.5
S004533,2025-12-17,Lake Worth,P0112,1,9.26,0.0,9.26
S005261,2026-01-03,Oakland Park,P0278,1,27.49,5.0,22.49
S002904,2025-10-25,Dania Beach,P0129,1,7.89,0.0,7.89
S006307,2026-02-26,Oakland Park,P0145,1,18.52,0.0,18.52
S004377,2025-12-14,Oakland Park,P0033,1,13.41,0.0,13.41
S009328,2026-06-11,Oakland Park,P0172,2,16.93,0.0,33.86
S008186,2026-04-27,Oakland Park,P0169,1,28.05,0.0,28.05
S004913,2025-12-26,Lake Worth,P0112,1,9.26,0.0,9.26
S000505,2025-07-20,Oakland Park,P0142,1,14.84,0.0,14.84
S000939,2025-08-08,Oakland Park,P0010,1,26.25,0.0,26.25
S005242,2026-01-02,Oakland Park,P0069,1,21.4,0.0,21.4
S003658,2025-11-25,Oakland Park,P0095,1,15.25,0.0,15.25
S008283,2026-05-01,Oakland Park,P0285,1,24.04,0.0,24.04
S004080,2025-12-07,Dania Beach,P0032,2,10.89,0.0,21.78
S008077,2026-04-25,Lake Worth,P0250,1,26.07,0.0,26.07
S003462,2025-11-16,Oakland Park,P0143,1,33.65,0.0,33.65
S004631,2025-12-20,Oakland Park,P0211,1,28.43,0.0,28.43
S007349,2026-04-06,Dania Beach,P0296,1,10.05,0.0,10.05
S007843,2026-04-19,Lake Worth,P0225,1,30.83,5.0,25.83
S000933,2025-08-08,Oakland Park,P0079,2,38.19,0.0,76.38
S006540,2026-03-08,Dania Beach,P0158,1,15.94,0.0,15.94
S002298,2025-10-02,Oakland Park,P0166,1,26.78,0.0,26.78
S001640,2025-09-06,Lake Worth,P0040,1,30.27,0.0,30.27
S005302,2026-01-05,Oakland Park,P0027,2,16.28,0.0,32.56
S008420,2026-05-06,Dania Beach,P0157,1,8.43,0.0,8.43
S002968,2025-10-28,Dania Beach,P0113,1,15.71,0.0,15.71
S000337,2025-07-13,Oakland Park,P0258,1,20.03,0.0,20.03
S006631,2026-03-11,Dania Beach,P0036,1,4.54,0.0,4.54
S003888,2025-12-03,Oakland Park,P0258,1,20.03,0.0,20.03
S009044,2026-05-30,Dania Beach,P0258,1,20.03,0.0,20.03
S007779,2026-04-18,Dania Beach,P0024,1,12.01,0.0,12.01
S001532,2025-09-01,Oakland Park,P0283,2,41.77,0.0,83.54
S000266,2025-07-11,Oakland Park,P0036,1,4.54,0.0,4.54
S003925,2025-12-04,Dania Beach,P0250,1,26.07,2.0,24.07
S002557,2025-10-11,Oakland Park,P0052,2,20.69,0.0,41.38
S000723,2025-07-30,Oakland Park,P0192,2,9.96,2.0,15.92
S003880,2025-12-03,Lake Worth,P0068,1,18.85,0.0,18.85
S008996,2026-05-28,Oakland Park,P0236,1,32.91,0.0,32.91
S003221,2025-11-07,Oakland Park,P0057,1,31.85,0.0,31.85
S004905,2025-12-26,Lake Worth,P0229,1,15.22,2.0,13.22
S005190,2025-12-31,Oakland Park,P0217,1,17.82,2.0,15.82
S000475,2025-07-19,Oakland Park,P0258,1,20.03,0.0,20.03
S003475,2025-11-17,Dania Beach,P0050,1,16.14,0.0,16.14
S000715,2025-07-30,Dania Beach,P0212,1,31.11,5.0,26.11
S001846,2025-09-13,Dania Beach,P0100,1,34.67,0.0,34.67
S009792,2026-06-28,Dania Beach,P0082,1,11.34,0.0,11.34
S004410,2025-12-15,Lake Worth,P0146,1,36.76,0.0,36.76
S003654,2025-11-25,Dania Beach,P0232,1,35.97,0.0,35.97
S003169,2025-11-04,Lake Worth,P0084,1,8.22,0.0,8.22
S009189,2026-06-05,Lake Worth,P0266,1,28.75,0.0,28.75
S008470,2026-05-08,Oakland Park,P0081,1,12.2,0.0,12.2
S000819,2025-08-03,Oakland Park,P0255,1,34.26,0.0,34.26
S009733,2026-06-27,Dania Beach,P0099,1,32.17,0.0,32.17
S005023,2025-12-28,Dania Beach,P0033,1,13.41,0.0,13.41
S007166,2026-04-02,Oakland Park,P0034,2,17.39,0.0,34.78
S004700,2025-12-21,Dania Beach,P0258,1,20.03,0.0,20.03
S007449,2026-04-09,Dania Beach,P0258,1,20.03,0.0,20.03
S005611,2026-01-21,Dania Beach,P0206,1,25.28,0.0,25.28
S004476,2025-12-16,Oakland Park,P0293,1,17.47,0.0,17.47
S003306,2025-11-10,Oakland Park,P0141,1,18.03,0.0,18.03
S005561,2026-01-18,Dania Beach,P0173,3,28.8,0.0,86.4
S003431,2025-11-15,Lake Worth,P0061,1,13.54,0.0,13.54
S002930,2025-10-26,Lake Worth,P0132,1,38.62,0.0,38.62
S002850,2025-10-23,Oakland Park,P0250,1,26.07,0.0,26.07
S004906,2025-12-26,Oakland Park,P0250,1,26.07,0.0,26.07
S008735,2026-05-18,Oakland Park,P0093,1,10.98,0.0,10.98
S002644,2025-10-15,Oakland Park,P0029,1,44.82,5.0,39.82
S001093,2025-08-15,Dania Beach,P0152,1,10.83,0.0,10.83
S006306,2026-02-26,Oakland Park,P0253,1,12.31,0.0,12.31
S009029,2026-05-30,Oakland Park,P0181,1,38.54,0.0,38.54
S003444,2025-11-16,Lake Worth,P0028,1,22.61,0.0,22.61
S004417,2025-12-15,Lake Worth,P0219,1,19.95,0.0,19.95
S009063,2026-05-31,Lake Worth,P0048,1,43.54,0.0,43.54
S000328,2025-07-13,Oakland Park,P0250,1,26.07,0.0,26.07
S007062,2026-03-30,Dania Beach,P0028,1,22.61,0.0,22.61
S000947,2025-08-09,Lake Worth,P0138,1,18.5,0.0,18.5
S002542,2025-10-11,Oakland Park,P0248,1,14.4,0.0,14.4
S002259,2025-09-30,Oakland Park,P0295,1,27.7,0.0,27.7
S003857,2025-12-02,Dania Beach,P0253,1,12.31,0.0,12.31
S005371,2026-01-09,Oakland Park,P0028,1,22.61,0.0,22.61
S001529,2025-08-31,Dania Beach,P0098,1,12.85,0.0,12.85
S004116,2025-12-08,Lake Worth,P0292,1,10.79,5.0,5.79
S000438,2025-07-18,Dania Beach,P0255,1,34.26,0.0,34.26
S004138,2025-12-09,Dania Beach,P0028,1,22.61,0.0,22.61
S005935,2026-02-06,Dania Beach,P0123,1,32.28,0.0,32.28
S007471,2026-04-10,Dania Beach,P0250,1,26.07,0.0,26.07
S005960,2026-02-07,Dania Beach,P0272,1,18.29,0.0,18.29
S002982,2025-10-28,Lake Worth,P0258,1,20.03,0.0,20.03
S000174,2025-07-06,Dania Beach,P0137,1,34.89,0.0,34.89
S000498,2025-07-20,Dania Beach,P0205,1,34.1,0.0,34.1
S000722,2025-07-30,Dania Beach,P0019,1,19.0,0.0,19.0
S006612,2026-03-10,Dania Beach,P0120,1,23.21,0.0,23.21
S002574,2025-10-12,Oakland Park,P0211,1,28.43,0.0,28.43
S003703,2025-11-27,Oakland Park,P0152,1,10.83,0.0,10.83
S006621,2026-03-11,Oakland Park,P0137,1,34.89,0.0,34.89
S006817,2026-03-20,Dania Beach,P0258,1,20.03,0.0,20.03
S008527,2026-05-10,Oakland Park,P0049,1,17.75,2.0,15.75
S002895,2025-10-25,Dania Beach,P0012,1,14.93,0.0,14.93
S008037,2026-04-24,Dania Beach,P0165,1,17.48,0.0,17.48
S003968,2025-12-05,Oakland Park,P0099,1,32.17,0.0,32.17
S007689,2026-04-15,Lake Worth,P0100,1,34.67,0.0,34.67
S001601,2025-09-03,Dania Beach,P0077,1,38.06,0.0,38.06
S006551,2026-03-08,Dania Beach,P0025,1,37.2,0.0,37.2
S004200,2025-12-10,Dania Beach,P0258,3,20.03,0.0,60.09
S002947,2025-10-27,Dania Beach,P0118,1,26.15,2.0,24.15
S002184,2025-09-28,Lake Worth,P0232,1,35.97,0.0,35.97
S005694,2026-01-25,Dania Beach,P0275,1,12.12,0.0,12.12
S009120,2026-06-02,Dania Beach,P0258,1,20.03,0.0,20.03
S001618,2025-09-04,Dania Beach,P0104,2,23.8,0.0,47.6
S001566,2025-09-02,Lake Worth,P0181,1,38.54,0.0,38.54
S000890,2025-08-06,Oakland Park,P0207,1,8.62,0.0,8.62
S007101,2026-03-31,Dania Beach,P0148,2,17.71,0.0,35.42
S001828,2025-09-12,Oakland Park,P0087,1,10.56,0.0,10.56
S007868,2026-04-19,Lake Worth,P0060,1,16.29,0.0,16.29
S004548,2025-12-18,Lake Worth,P0282,1,14.8,2.0,12.8
S005550,2026-01-18,Dania Beach,P0285,1,24.04,0.0,24.04
S008280,2026-04-30,Dania Beach,P0253,1,12.31,0.0,12.31
S007182,2026-04-03,Oakland Park,P0011,1,31.32,0.0,31.32
S000356,2025-07-14,Lake Worth,P0099,1,32.17,5.0,27.17
S006204,2026-02-21,Dania Beach,P0123,1,32.28,0.0,32.28
S007494,2026-04-10,Lake Worth,P0171,1,15.79,5.0,10.79
S000161,2025-07-06,Dania Beach,P0042,1,16.07,0.0,16.07
S001862,2025-09-14,Dania Beach,P0104,1,23.8,0.0,23.8
S003091,2025-11-02,Oakland Park,P0229,1,15.22,0.0,15.22
S008936,2026-05-26,Oakland Park,P0036,1,4.54,0.0,4.54
S005361,2026-01-08,Lake Worth,P0050,1,16.14,0.0,16.14
S004017,2025-12-06,Oakland Park,P0189,1,8.68,2.0,6.68
S001264,2025-08-22,Dania Beach,P0228,1,12.36,0.0,12.36
S001895,2025-09-15,Dania Beach,P0258,1,20.03,0.0,20.03
S007789,2026-04-18,Oakland Park,P0229,1,15.22,0.0,15.22
S009450,2026-06-15,Dania Beach,P0113,1,15.71,0.0,15.71
S009219,2026-06-06,Oakland Park,P0022,1,7.3,0.0,7.3
S001651,2025-09-06,Oakland Park,P0258,1,20.03,0.0,20.03
S002306,2025-10-02,Lake Worth,P0138,1,18.5,0.0,18.5
S009113,2026-06-02,Lake Worth,P0115,1,35.88,0.0,35.88
S001839,2025-09-13,Dania Beach,P0120,1,23.21,0.0,23.21
S000589,2025-07-25,Dania Beach,P0147,1,40.67,0.0,40.67
S005368,2026-01-09,Oakland Park,P0060,1,16.29,0.0,16.29
S006723,2026-03-16,Dania Beach,P0284,2,19.93,2.0,35.86
S006094,2026-02-14,Dania Beach,P0250,1,26.07,0.0,26.07
S003103,2025-11-02,Lake Worth,P0258,1,20.03,0.0,20.03
S009801,2026-06-29,Oakland Park,P0138,1,18.5,2.0,16.5
S002879,2025-10-25,Dania Beach,P0086,2,19.54,0.0,39.08
S005127,2025-12-30,Lake Worth,P0065,2,22.31,0.0,44.62
S000704,2025-07-30,Lake Worth,P0188,2,14.19,0.0,28.38
S000330,2025-07-13,Lake Worth,P0157,1,8.43,0.0,8.43
S003466,2025-11-17,Oakland Park,P0281,1,17.35,0.0,17.35
S004747,2025-12-22,Dania Beach,P0034,1,17.39,2.0,15.39
S009617,2026-06-21,Oakland Park,P0028,1,22.61,0.0,22.61
S002650,2025-10-15,Dania Beach,P0055,1,18.49,0.0,18.49
S001274,2025-08-22,Dania Beach,P0107,1,35.69,0.0,35.69
S001901,2025-09-16,Oakland Park,P0229,1,15.22,0.0,15.22
S004627,2025-12-20,Oakland Park,P0289,1,47.01,0.0,47.01
S004478,2025-12-16,Dania Beach,P0135,1,18.06,0.0,18.06
S006127,2026-02-16,Oakland Park,P0256,1,20.62,0.0,20.62
S002558,2025-10-11,Lake Worth,P0198,1,5.19,2.0,3.19
S001747,2025-09-09,Oakland Park,P0233,1,22.74,2.0,20.74
S006681,2026-03-14,Dania Beach,P0171,1,15.79,0.0,15.79
S004166,2025-12-10,Oakland Park,P0099,1,32.17,2.0,30.17
S003489,2025-11-18,Dania Beach,P0198,1,5.19,0.0,5.19
S004725,2025-12-22,Dania Beach,P0149,2,20.51,0.0,41.02
S005546,2026-01-18,Lake Worth,P0152,1,10.83,0.0,10.83
S003758,2025-11-30,Dania Beach,P0178,1,35.29,0.0,35.29
S007882,2026-04-20,Dania Beach,P0188,2,14.19,0.0,28.38
S002747,2025-10-19,Lake Worth,P0258,1,20.03,0.0,20.03
S003164,2025-11-04,Oakland Park,P0141,1,18.03,0.0,18.03
S008060,2026-04-25,Oakland Park,P0294,1,30.88,0.0,30.88
S003154,2025-11-03,Dania Beach,P0181,1,38.54,0.0,38.54
S007195,2026-04-03,Lake Worth,P0138,1,18.5,0.0,18.5
S000376,2025-07-15,Oakland Park,P0280,1,15.83,0.0,15.83
S006041,2026-02-12,Dania Beach,P0040,1,30.27,0.0,30.27
S001974,2025-09-19,Oakland Park,P0259,1,34.69,0.0,34.69
S005417,2026-01-11,Lake Worth,P0209,1,38.73,5.0,33.73
S002698,2025-10-18,Dania Beach,P0062,1,34.29,0.0,34.29
S002762,2025-10-19,Dania Beach,P0131,1,10.61,0.0,10.61
S009173,2026-06-05,Oakland Park,P0229,2,15.22,2.0,26.44
S001472,2025-08-30,Oakland Park,P0250,1,26.07,0.0,26.07
S001625,2025-09-05,Dania Beach,P0265,1,19.55,5.0,14.55
S004003,2025-12-06,Oakland Park,P0250,1,26.07,0.0,26.07
S005483,2026-01-14,Dania Beach,P0298,1,10.79,0.0,10.79
S001918,2025-09-16,Oakland Park,P0241,1,10.09,2.0,8.09
S005646,2026-01-23,Dania Beach,P0034,1,17.39,0.0,17.39
S008990,2026-05-28,Oakland Park,P0294,1,30.88,0.0,30.88
S009682,2026-06-24,Oakland Park,P0023,1,36.9,0.0,36.9
S008923,2026-05-25,Oakland Park,P0089,1,38.61,0.0,38.61
S002285,2025-10-01,Dania Beach,P0258,1,20.03,2.0,18.03
S006990,2026-03-27,Dania Beach,P0020,1,24.25,0.0,24.25
S002473,2025-10-08,Lake Worth,P0106,1,14.38,5.0,9.38
S002368,2025-10-04,Dania Beach,P0229,1,15.22,0.0,15.22
S000060,2025-07-03,Oakland Park,P0250,1,26.07,0.0,26.07
S000652,2025-07-27,Dania Beach,P0258,1,20.03,0.0,20.03
S003064,2025-11-01,Lake Worth,P0007,1,18.87,0.0,18.87
S006684,2026-03-14,Dania Beach,P0258,1,20.03,5.0,15.03
S002901,2025-10-25,Oakland Park,P0116,1,38.74,0.0,38.74
S007130,2026-04-01,Dania Beach,P0145,1,18.52,0.0,18.52
S008389,2026-05-05,Dania Beach,P0258,3,20.03,0.0,60.09
S004441,2025-12-15,Dania Beach,P0232,1,35.97,0.0,35.97
S004268,2025-12-12,Dania Beach,P0175,1,10.78,0.0,10.78
S007045,2026-03-29,Dania Beach,P0284,1,19.93,0.0,19.93
S001210,2025-08-19,Dania Beach,P0213,1,4.58,0.0,4.58
S006236,2026-02-22,Dania Beach,P0028,3,22.61,0.0,67.83
S009239,2026-06-07,Dania Beach,P0120,1,23.21,0.0,23.21
S005081,2025-12-29,Dania Beach,P0234,1,39.24,2.0,37.24
S006759,2026-03-17,Dania Beach,P0138,1,18.5,2.0,16.5
S009004,2026-05-29,Dania Beach,P0028,1,22.61,2.0,20.61
S002081,2025-09-23,Dania Beach,P0283,2,41.77,0.0,83.54
S006940,2026-03-24,Oakland Park,P0277,1,12.14,0.0,12.14
S008880,2026-05-23,Dania Beach,P0253,1,12.31,0.0,12.31
S008491,2026-05-09,Lake Worth,P0154,1,15.49,0.0,15.49
S000214,2025-07-08,Oakland Park,P0033,1,13.41,0.0,13.41
S003686,2025-11-26,Oakland Park,P0181,1,38.54,5.0,33.54
S003156,2025-11-04,Oakland Park,P0109,3,19.26,0.0,57.78
S008513,2026-05-09,Dania Beach,P0258,1,20.03,0.0,20.03
S005780,2026-01-30,Lake Worth,P0190,1,31.63,0.0,31.63
S007233,2026-04-04,Oakland Park,P0100,1,34.67,0.0,34.67
S006581,2026-03-09,Lake Worth,P0034,1,17.39,5.0,12.39
S003854,2025-12-02,Dania Beach,P0258,1,20.03,0.0,20.03
S007400,2026-04-08,Oakland Park,P0068,1,18.85,0.0,18.85
S007422,2026-04-08,Oakland Park,P0058,1,6.59,0.0,6.59
S004839,2025-12-24,Oakland Park,P0060,1,16.29,0.0,16.29
S006019,2026-02-10,Dania Beach,P0028,1,22.61,0.0,22.61
S000881,2025-08-05,Oakland Park,P0241,1,10.09,0.0,10.09
S004511,2025-12-17,Lake Worth,P0181,1,38.54,0.0,38.54
S001626,2025-09-05,Lake Worth,P0271,1,13.23,0.0,13.23
S007380,2026-04-07,Dania Beach,P0140,2,17.16,0.0,34.32
S001522,2025-08-31,Dania Beach,P0037,1,16.2,0.0,16.2
S004883,2025-12-25,Lake Worth,P0004,1,33.33,0.0,33.33
S000403,2025-07-17,Lake Worth,P0182,1,25.07,0.0,25.07
S005838,2026-02-01,Oakland Park,P0250,1,26.07,0.0,26.07
S001820,2025-09-12,Oakland Park,P0283,1,41.77,0.0,41.77
S007509,2026-04-11,Oakland Park,P0196,2,23.33,0.0,46.66
S007146,2026-04-02,Oakland Park,P0229,1,15.22,0.0,15.22
S006387,2026-03-01,Dania Beach,P0161,1,43.05,0.0,43.05
S000179,2025-07-06,Oakland Park,P0028,2,22.61,0.0,45.22
S003136,2025-11-03,Lake Worth,P0202,3,27.95,0.0,83.85
S009035,2026-05-30,Oakland Park,P0285,1,24.04,0.0,24.04
S001914,2025-09-16,Oakland Park,P0236,1,32.91,5.0,27.91
S006419,2026-03-03,Dania Beach,P0222,1,25.03,0.0,25.03
S005686,2026-01-24,Dania Beach,P0028,3,22.61,0.0,67.83
S001496,2025-08-30,Lake Worth,P0173,1,28.8,0.0,28.8
S006880,2026-03-22,Oakland Park,P0294,1,30.88,0.0,30.88
S000343,2025-07-14,Dania Beach,P0041,1,11.22,0.0,11.22
S006012,2026-02-10,Oakland Park,P0198,1,5.19,0.0,5.19
S009832,2026-06-30,Oakland Park,P0128,3,25.5,0.0,76.5
S003295,2025-11-09,Dania Beach,P0248,1,14.4,0.0,14.4
S008134,2026-04-26,Oakland Park,P0024,1,12.01,0.0,12.01
S006716,2026-03-15,Oakland Park,P0250,1,26.07,0.0,26.07
S003032,2025-10-30,Dania Beach,P0120,3,23.21,0.0,69.63
S004267,2025-12-12,Oakland Park,P0006,1,18.74,0.0,18.74
S004840,2025-12-24,Oakland Park,P0245,1,30.57,0.0,30.57
S007028,2026-03-29,Dania Beach,P0258,1,20.03,0.0,20.03
S008138,2026-04-26,Oakland Park,P0091,1,10.86,0.0,10.86
S001942,2025-09-17,Dania Beach,P0102,1,16.27,0.0,16.27
S007634,2026-04-13,Dania Beach,P0071,1,14.0,2.0,12.0
S007778,2026-04-17,Lake Worth,P0056,1,36.04,0.0,36.04
S005674,2026-01-24,Oakland Park,P0215,1,5.21,0.0,5.21
S007232,2026-04-04,Dania Beach,P0264,1,39.66,0.0,39.66
S009361,2026-06-12,Oakland Park,P0013,1,19.04,0.0,19.04
S002969,2025-10-28,Dania Beach,P0164,1,14.99,0.0,14.99
S006938,2026-03-24,Oakland Park,P0022,1,7.3,0.0,7.3
S007926,2026-04-21,Dania Beach,P0028,1,22.61,0.0,22.61
S002022,2025-09-21,Oakland Park,P0179,1,10.96,0.0,10.96
S002334,2025-10-03,Oakland Park,P0030,1,9.83,0.0,9.83
S006726,2026-03-16,Dania Beach,P0247,1,11.6,0.0,11.6
S004456,2025-12-16,Lake Worth,P0154,2,15.49,0.0,30.98
S003385,2025-11-13,Lake Worth,P0269,2,19.37,0.0,38.74
S008328,2026-05-02,Oakland Park,P0093,1,10.98,0.0,10.98
S003048,2025-10-31,Dania Beach,P0099,1,32.17,0.0,32.17
S002916,2025-10-26,Dania Beach,P0003,1,11.11,0.0,11.11
S006915,2026-03-23,Lake Worth,P0120,1,23.21,0.0,23.21
S005749,2026-01-28,Oakland Park,P0118,1,26.15,0.0,26.15
S008081,2026-04-25,Lake Worth,P0060,1,16.29,0.0,16.29
S005009,2025-12-28,Oakland Park,P0258,1,20.03,0.0,20.03
S003666,2025-11-25,Oakland Park,P0112,1,9.26,0.0,9.26
S003973,2025-12-05,Dania Beach,P0216,1,14.8,0.0,14.8
S008599,2026-05-13,Lake Worth,P0058,1,6.59,0.0,6.59
S005531,2026-01-17,Lake Worth,P0022,1,7.3,0.0,7.3
S003212,2025-11-06,Oakland Park,P0258,1,20.03,2.0,18.03
S004740,2025-12-22,Oakland Park,P0229,1,15.22,0.0,15.22
S006298,2026-02-26,Oakland Park,P0209,1,38.73,2.0,36.73
S001428,2025-08-28,Dania Beach,P0012,1,14.93,0.0,14.93
S008724,2026-05-17,Oakland Park,P0110,1,16.9,0.0,16.9
S005445,2026-01-12,Oakland Park,P0019,1,19.0,0.0,19.0
S005172,2025-12-31,Dania Beach,P0230,1,15.88,0.0,15.88
S006340,2026-02-27,Dania Beach,P0056,1,36.04,0.0,36.04
S004715,2025-12-21,Oakland Park,P0263,1,24.16,0.0,24.16
S004697,2025-12-21,Oakland Park,P0258,2,20.03,0.0,40.06
S003126,2025-11-02,Lake Worth,P0181,1,38.54,0.0,38.54
S006181,2026-02-20,Dania Beach,P0232,1,35.97,0.0,35.97
S001415,2025-08-27,Dania Beach,P0229,1,15.22,0.0,15.22
S000006,2025-07-01,Oakland Park,P0021,1,20.19,0.0,20.19
S009481,2026-06-16,Dania Beach,P0120,1,23.21,2.0,21.21
S006877,2026-03-22,Oakland Park,P0071,2,14.0,0.0,28.0
S002988,2025-10-29,Lake Worth,P0096,1,17.3,0.0,17.3
S004875,2025-12-25,Lake Worth,P0245,1,30.57,0.0,30.57
S001217,2025-08-20,Oakland Park,P0047,1,11.39,0.0,11.39
S001550,2025-09-01,Dania Beach,P0238,1,9.91,0.0,9.91
S009164,2026-06-04,Lake Worth,P0073,2,20.85,0.0,41.7
S006157,2026-02-18,Oakland Park,P0229,1,15.22,0.0,15.22
S007160,2026-04-02,Oakland Park,P0178,1,35.29,0.0,35.29
S001068,2025-08-14,Lake Worth,P0178,1,35.29,0.0,35.29
S008861,2026-05-23,Lake Worth,P0040,1,30.27,0.0,30.27
S003077,2025-11-01,Lake Worth,P0112,1,9.26,0.0,9.26
S002900,2025-10-25,Dania Beach,P0033,1,13.41,0.0,13.41
S006685,2026-03-14,Lake Worth,P0192,1,9.96,0.0,9.96
S001109,2025-08-15,Dania Beach,P0121,1,26.48,0.0,26.48
S000593,2025-07-26,Dania Beach,P0239,2,7.76,0.0,15.52
S006699,2026-03-15,Lake Worth,P0050,1,16.14,2.0,14.14
S004445,2025-12-15,Oakland Park,P0245,1,30.57,0.0,30.57
S008984,2026-05-28,Oakland Park,P0069,1,21.4,0.0,21.4
S000453,2025-07-19,Dania Beach,P0033,1,13.41,0.0,13.41
S006167,2026-02-19,Dania Beach,P0297,1,17.64,0.0,17.64
S006897,2026-03-22,Oakland Park,P0069,1,21.4,0.0,21.4
S000746,2025-07-31,Oakland Park,P0248,1,14.4,0.0,14.4
S008765,2026-05-19,Dania Beach,P0234,2,39.24,0.0,78.48
S007701,2026-04-15,Dania Beach,P0141,1,18.03,0.0,18.03
S008187,2026-04-27,Oakland Park,P0127,3,26.3,0.0,78.9
S006190,2026-02-20,Oakland Park,P0250,1,26.07,0.0,26.07
S008808,2026-05-21,Lake Worth,P0097,1,11.18,0.0,11.18
S005453,2026-01-13,Dania Beach,P0257,1,21.09,0.0,21.09
S007064,2026-03-30,Lake Worth,P0121,1,26.48,0.0,26.48
S002631,2025-10-14,Dania Beach,P0258,1,20.03,0.0,20.03
S004494,2025-12-17,Lake Worth,P0114,1,22.91,0.0,22.91
S005711,2026-01-26,Dania Beach,P0161,1,43.05,0.0,43.05
S003828,2025-12-02,Dania Beach,P0260,1,16.34,0.0,16.34
S007194,2026-04-03,Dania Beach,P0139,1,25.22,0.0,25.22
S004855,2025-12-25,Dania Beach,P0223,1,16.45,0.0,16.45
S001813,2025-09-12,Dania Beach,P0069,1,21.4,0.0,21.4
S006473,2026-03-05,Oakland Park,P0286,1,17.06,0.0,17.06
S004447,2025-12-15,Dania Beach,P0201,1,37.27,0.0,37.27
S004443,2025-12-15,Dania Beach,P0056,1,36.04,0.0,36.04
S008591,2026-05-12,Dania Beach,P0269,1,19.37,2.0,17.37
S001408,2025-08-27,Oakland Park,P0083,1,9.28,2.0,7.28
S008397,2026-05-05,Oakland Park,P0109,1,19.26,0.0,19.26
S004342,2025-12-14,Dania Beach,P0081,1,12.2,0.0,12.2
S001995,2025-09-20,Lake Worth,P0022,1,7.3,5.0,2.3
S000361,2025-07-15,Lake Worth,P0122,1,15.39,0.0,15.39
S001628,2025-09-05,Dania Beach,P0145,2,18.52,0.0,37.04
S005996,2026-02-09,Oakland Park,P0211,1,28.43,0.0,28.43
S006876,2026-03-22,Dania Beach,P0227,1,22.7,2.0,20.7
S007033,2026-03-29,Dania Beach,P0050,1,16.14,0.0,16.14
S001899,2025-09-15,Oakland Park,P0069,1,21.4,0.0,21.4
S001249,2025-08-21,Dania Beach,P0009,1,10.82,0.0,10.82
S009563,2026-06-20,Oakland Park,P0116,1,38.74,0.0,38.74
S007948,2026-04-22,Dania Beach,P0250,1,26.07,0.0,26.07
S007228,2026-04-04,Oakland Park,P0161,1,43.05,0.0,43.05
S003363,2025-11-13,Lake Worth,P0028,1,22.61,0.0,22.61
S006629,2026-03-11,Dania Beach,P0020,1,24.25,5.0,19.25
S009255,2026-06-07,Oakland Park,P0275,1,12.12,0.0,12.12
S003312,2025-11-10,Dania Beach,P0138,1,18.5,0.0,18.5
S008349,2026-05-03,Lake Worth,P0268,2,28.7,0.0,57.4
S000425,2025-07-18,Oakland Park,P0162,2,9.66,0.0,19.32
S008746,2026-05-18,Oakland Park,P0257,1,21.09,2.0,19.09
S001437,2025-08-28,Dania Beach,P0058,1,6.59,0.0,6.59
S004373,2025-12-14,Dania Beach,P0258,1,20.03,0.0,20.03
S005681,2026-01-24,Dania Beach,P0020,1,24.25,0.0,24.25
S004560,2025-12-18,Oakland Park,P0063,1,32.31,0.0,32.31
S009586,2026-06-21,Lake Worth,P0223,1,16.45,2.0,14.45
S004174,2025-12-10,Dania Beach,P0288,1,39.45,0.0,39.45
S003503,2025-11-19,Lake Worth,P0258,1,20.03,0.0,20.03
S002774,2025-10-19,Lake Worth,P0133,1,31.55,0.0,31.55
S008443,2026-05-07,Oakland Park,P0232,1,35.97,0.0,35.97
S007167,2026-04-02,Dania Beach,P0043,1,11.96,0.0,11.96
S004877,2025-12-25,Lake Worth,P0095,1,15.25,0.0,15.25
S002402,2025-10-05,Oakland Park,P0129,1,7.89,0.0,7.89
S009087,2026-06-01,Lake Worth,P0250,1,26.07,0.0,26.07
S009667,2026-06-23,Lake Worth,P0178,1,35.29,0.0,35.29
S009820,2026-06-30,Oakland Park,P0293,1,17.47,2.0,15.47
S007393,2026-04-08,Oakland Park,P0033,1,13.41,0.0,13.41
S001168,2025-08-17,Oakland Park,P0042,1,16.07,0.0,16.07
S006221,2026-02-21,Oakland Park,P0028,1,22.61,2.0,20.61
S000100,2025-07-04,Dania Beach,P0155,1,33.74,2.0,31.74
S001403,2025-08-27,Oakland Park,P0053,1,11.0,0.0,11.0
S007643,2026-04-14,Dania Beach,P0258,1,20.03,0.0,20.03
S007041,2026-03-29,Oakland Park,P0119,1,10.1,0.0,10.1
S004387,2025-12-14,Dania Beach,P0030,1,9.83,0.0,9.83
S001349,2025-08-25,Dania Beach,P0134,1,13.77,0.0,13.77
S005205,2025-12-31,Dania Beach,P0081,3,12.2,0.0,36.6
S004226,2025-12-11,Lake Worth,P0231,1,16.4,0.0,16.4
S003069,2025-11-01,Dania Beach,P0091,1,10.86,0.0,10.86
S001096,2025-08-15,Oakland Park,P0122,1,15.39,0.0,15.39
S006434,2026-03-03,Oakland Park,P0231,2,16.4,5.0,22.8
S003216,2025-11-06,Lake Worth,P0220,1,18.24,0.0,18.24
S009769,2026-06-28,Dania Beach,P0127,1,26.3,0.0,26.3
S009749,2026-06-27,Dania Beach,P0004,1,33.33,0.0,33.33
S008503,2026-05-09,Dania Beach,P0099,1,32.17,0.0,32.17
S009160,2026-06-04,Lake Worth,P0022,1,7.3,0.0,7.3
S003517,2025-11-19,Oakland Park,P0209,1,38.73,0.0,38.73
S004937,2025-12-26,Dania Beach,P0258,1,20.03,0.0,20.03
S007098,2026-03-31,Dania Beach,P0189,1,8.68,2.0,6.68
S006720,2026-03-15,Oakland Park,P0033,1,13.41,0.0,13.41
S006849,2026-03-21,Lake Worth,P0157,2,8.43,2.0,12.86
S001607,2025-09-04,Oakland Park,P0145,1,18.52,0.0,18.52
S006679,2026-03-14,Dania Beach,P0229,1,15.22,0.0,15.22
S007932,2026-04-21,Dania Beach,P0233,1,22.74,0.0,22.74
S007742,2026-04-16,Oakland Park,P0215,1,5.21,2.0,3.21
S002148,2025-09-26,Oakland Park,P0063,1,32.31,0.0,32.31
S008938,2026-05-26,Dania Beach,P0003,1,11.11,0.0,11.11
S000820,2025-08-03,Dania Beach,P0141,1,18.03,0.0,18.03
S007906,2026-04-20,Oakland Park,P0057,1,31.85,0.0,31.85
S009629,2026-06-22,Oakland Park,P0225,2,30.83,0.0,61.66
S002604,2025-10-13,Oakland Park,P0028,1,22.61,0.0,22.61
S004595,2025-12-19,Dania Beach,P0076,2,28.11,0.0,56.22
S002429,2025-10-06,Dania Beach,P0105,1,41.09,0.0,41.09
S002615,2025-10-14,Dania Beach,P0066,2,15.19,0.0,30.38
S001890,2025-09-15,Oakland Park,P0123,1,32.28,0.0,32.28
S000144,2025-07-06,Dania Beach,P0258,1,20.03,0.0,20.03
S006291,2026-02-26,Lake Worth,P0079,1,38.19,0.0,38.19
S000897,2025-08-06,Oakland Park,P0242,1,16.38,5.0,11.38
S003424,2025-11-15,Dania Beach,P0002,1,33.09,0.0,33.09
S005050,2025-12-28,Oakland Park,P0062,1,34.29,0.0,34.29
S000988,2025-08-10,Dania Beach,P0258,1,20.03,0.0,20.03
S000095,2025-07-04,Dania Beach,P0237,1,18.61,2.0,16.61
S008592,2026-05-12,Dania Beach,P0229,2,15.22,0.0,30.44
S007954,2026-04-22,Dania Beach,P0185,1,20.14,0.0,20.14
S004029,2025-12-07,Dania Beach,P0143,1,33.65,0.0,33.65
S001155,2025-08-17,Dania Beach,P0237,1,18.61,0.0,18.61
S001031,2025-08-12,Oakland Park,P0005,2,12.32,0.0,24.64
S004220,2025-12-11,Oakland Park,P0153,1,24.73,0.0,24.73
S003068,2025-11-01,Oakland Park,P0287,1,38.39,0.0,38.39
S003899,2025-12-03,Dania Beach,P0104,1,23.8,5.0,18.8
S009793,2026-06-29,Lake Worth,P0255,1,34.26,0.0,34.26
S008342,2026-05-03,Oakland Park,P0042,2,16.07,0.0,32.14
S009046,2026-05-30,Dania Beach,P0045,3,31.47,0.0,94.41
S000512,2025-07-21,Oakland Park,P0243,1,14.68,0.0,14.68
S007939,2026-04-21,Lake Worth,P0052,1,20.69,0.0,20.69
S000146,2025-07-06,Dania Beach,P0028,1,22.61,0.0,22.61
S008107,2026-04-26,Dania Beach,P0162,1,9.66,0.0,9.66
S002657,2025-10-16,Oakland Park,P0098,1,12.85,0.0,12.85
S004701,2025-12-21,Dania Beach,P0068,1,18.85,0.0,18.85
S001180,2025-08-18,Oakland Park,P0225,1,30.83,0.0,30.83
S000096,2025-07-04,Lake Worth,P0229,1,15.22,5.0,10.22
S008748,2026-05-18,Dania Beach,P0198,1,5.19,0.0,5.19
S001272,2025-08-22,Dania Beach,P0227,1,22.7,0.0,22.7
S007361,2026-04-07,Dania Beach,P0176,1,38.34,0.0,38.34
S008256,2026-04-30,Lake Worth,P0229,1,15.22,0.0,15.22
S001239,2025-08-21,Lake Worth,P0078,1,34.08,0.0,34.08
S005116,2025-12-29,Oakland Park,P0205,2,34.1,0.0,68.2
S005314,2026-01-05,Dania Beach,P0157,1,8.43,0.0,8.43
S007261,2026-04-05,Lake Worth,P0028,1,22.61,2.0,20.61
S003049,2025-10-31,Oakland Park,P0157,3,8.43,0.0,25.29
S003273,2025-11-09,Dania Beach,P0036,3,4.54,0.0,13.62
S004006,2025-12-06,Lake Worth,P0037,1,16.2,0.0,16.2
S008394,2026-05-05,Dania Beach,P0041,2,11.22,0.0,22.44
S009636,2026-06-22,Dania Beach,P0198,1,5.19,0.0,5.19
S004815,2025-12-24,Oakland Park,P0176,1,38.34,0.0,38.34
S006265,2026-02-23,Dania Beach,P0090,1,39.67,0.0,39.67
S001448,2025-08-29,Oakland Park,P0134,1,13.77,0.0,13.77
S004630,2025-12-20,Oakland Park,P0076,1,28.11,0.0,28.11
S002211,2025-09-28,Dania Beach,P0232,1,35.97,0.0,35.97
S005983,2026-02-08,Lake Worth,P0106,1,14.38,0.0,14.38
S002014,2025-09-21,Dania Beach,P0247,1,11.6,2.0,9.6
S001276,2025-08-23,Lake Worth,P0047,1,11.39,0.0,11.39
S005101,2025-12-29,Dania Beach,P0104,1,23.8,2.0,21.8
S005863,2026-02-03,Lake Worth,P0283,1,41.77,0.0,41.77
S005687,2026-01-24,Oakland Park,P0226,1,19.09,0.0,19.09
S004499,2025-12-17,Lake Worth,P0247,1,11.6,0.0,11.6
S008454,2026-05-07,Oakland Park,P0071,1,14.0,0.0,14.0
S004249,2025-12-12,Lake Worth,P0227,2,22.7,0.0,45.4
S002093,2025-09-24,Oakland Park,P0169,2,28.05,0.0,56.1
S006644,2026-03-12,Dania Beach,P0227,1,22.7,0.0,22.7
S006365,2026-02-28,Oakland Park,P0253,1,12.31,0.0,12.31
S006643,2026-03-12,Oakland Park,P0218,1,12.89,0.0,12.89
S004050,2025-12-07,Oakland Park,P0282,1,14.8,0.0,14.8
S003287,2025-11-09,Dania Beach,P0229,2,15.22,0.0,30.44
S001083,2025-08-14,Lake Worth,P0082,1,11.34,0.0,11.34
S003754,2025-11-29,Dania Beach,P0102,1,16.27,0.0,16.27
S008760,2026-05-19,Dania Beach,P0057,1,31.85,0.0,31.85
S003554,2025-11-21,Lake Worth,P0170,1,12.29,0.0,12.29
S009739,2026-06-27,Dania Beach,P0035,1,25.13,2.0,23.13
S000281,2025-07-11,Oakland Park,P0028,1,22.61,0.0,22.61
S004294,2025-12-13,Lake Worth,P0083,1,9.28,5.0,4.28
S003890,2025-12-03,Oakland Park,P0258,1,20.03,0.0,20.03
S000644,2025-07-27,Oakland Park,P0258,1,20.03,0.0,20.03
S009604,2026-06-21,Dania Beach,P0158,1,15.94,0.0,15.94
S008405,2026-05-05,Dania Beach,P0022,1,7.3,0.0,7.3
S000785,2025-08-02,Dania Beach,P0125,1,30.0,0.0,30.0
S005131,2025-12-30,Oakland Park,P0042,2,16.07,0.0,32.14
S000242,2025-07-09,Lake Worth,P0023,1,36.9,2.0,34.9
S001649,2025-09-06,Lake Worth,P0298,1,10.79,0.0,10.79
S002752,2025-10-19,Dania Beach,P0258,2,20.03,0.0,40.06
S009297,2026-06-09,Lake Worth,P0253,1,12.31,0.0,12.31
S007811,2026-04-18,Oakland Park,P0258,1,20.03,0.0,20.03
S005877,2026-02-03,Oakland Park,P0107,1,35.69,2.0,33.69
S007947,2026-04-22,Dania Beach,P0138,1,18.5,0.0,18.5
S006881,2026-03-22,Dania Beach,P0098,1,12.85,0.0,12.85
S009748,2026-06-27,Dania Beach,P0021,1,20.19,0.0,20.19
S008927,2026-05-25,Dania Beach,P0045,1,31.47,0.0,31.47
S008637,2026-05-14,Lake Worth,P0079,1,38.19,0.0,38.19
S004251,2025-12-12,Lake Worth,P0298,1,10.79,0.0,10.79
S005584,2026-01-19,Lake Worth,P0290,1,44.36,0.0,44.36
S000097,2025-07-04,Lake Worth,P0229,1,15.22,0.0,15.22
S005077,2025-12-29,Dania Beach,P0050,2,16.14,5.0,22.28
S005786,2026-01-30,Oakland Park,P0192,1,9.96,0.0,9.96
S007930,2026-04-21,Dania Beach,P0258,1,20.03,0.0,20.03
S001702,2025-09-07,Lake Worth,P0141,1,18.03,0.0,18.03
S003829,2025-12-02,Dania Beach,P0253,1,12.31,0.0,12.31
S000346,2025-07-14,Dania Beach,P0284,1,19.93,0.0,19.93
S008298,2026-05-01,Oakland Park,P0262,1,32.15,0.0,32.15
S006709,2026-03-15,Dania Beach,P0016,1,9.61,2.0,7.61
S002389,2025-10-05,Dania Beach,P0172,1,16.93,0.0,16.93
S004460,2025-12-16,Oakland Park,P0032,1,10.89,0.0,10.89
S003730,2025-11-28,Dania Beach,P0283,1,41.77,0.0,41.77
S009307,2026-06-10,Dania Beach,P0238,1,9.91,0.0,9.91
S009401,2026-06-13,Lake Worth,P0050,2,16.14,0.0,32.28
S003840,2025-12-02,Oakland Park,P0082,1,11.34,0.0,11.34
S008114,2026-04-26,Oakland Park,P0078,1,34.08,0.0,34.08
S006037,2026-02-12,Lake Worth,P0050,1,16.14,0.0,16.14
S006326,2026-02-27,Dania Beach,P0258,1,20.03,0.0,20.03
S007922,2026-04-21,Lake Worth,P0123,1,32.28,0.0,32.28
S005221,2026-01-01,Lake Worth,P0137,1,34.89,0.0,34.89
S001488,2025-08-30,Oakland Park,P0152,1,10.83,0.0,10.83
S003445,2025-11-16,Oakland Park,P0157,1,8.43,0.0,8.43
S007790,2026-04-18,Dania Beach,P0175,1,10.78,0.0,10.78
S007097,2026-03-31,Oakland Park,P0045,1,31.47,0.0,31.47
S007771,2026-04-17,Lake Worth,P0100,1,34.67,0.0,34.67
S001549,2025-09-01,Dania Beach,P0296,1,10.05,0.0,10.05
S002153,2025-09-26,Dania Beach,P0077,1,38.06,0.0,38.06
S009778,2026-06-28,Dania Beach,P0255,1,34.26,0.0,34.26
S009397,2026-06-13,Oakland Park,P0020,1,24.25,0.0,24.25
S006098,2026-02-15,Oakland Park,P0078,1,34.08,5.0,29.08
S005999,2026-02-09,Dania Beach,P0083,1,9.28,2.0,7.28
S004575,2025-12-19,Dania Beach,P0238,1,9.91,2.0,7.91
S000042,2025-07-02,Dania Beach,P0085,2,28.45,0.0,56.9
S003850,2025-12-02,Oakland Park,P0271,1,13.23,0.0,13.23
S001912,2025-09-16,Lake Worth,P0250,1,26.07,0.0,26.07
S002638,2025-10-15,Lake Worth,P0091,1,10.86,0.0,10.86
S006134,2026-02-17,Dania Beach,P0028,2,22.61,0.0,45.22
S009283,2026-06-08,Dania Beach,P0028,1,22.61,0.0,22.61
S000558,2025-07-24,Dania Beach,P0045,1,31.47,0.0,31.47
S009126,2026-06-02,Lake Worth,P0146,1,36.76,0.0,36.76
S009084,2026-06-01,Dania Beach,P0108,1,11.87,0.0,11.87
S001381,2025-08-26,Oakland Park,P0248,1,14.4,0.0,14.4
S000323,2025-07-13,Lake Worth,P0123,1,32.28,0.0,32.28
S002769,2025-10-19,Oakland Park,P0134,1,13.77,0.0,13.77
S002032,2025-09-21,Dania Beach,P0099,1,32.17,0.0,32.17
S000632,2025-07-26,Oakland Park,P0186,2,8.27,0.0,16.54
S002034,2025-09-21,Oakland Park,P0263,1,24.16,2.0,22.16
S006606,2026-03-10,Lake Worth,P0113,1,15.71,0.0,15.71
S002536,2025-10-11,Oakland Park,P0246,1,14.88,0.0,14.88
S008540,2026-05-10,Lake Worth,P0042,2,16.07,2.0,28.14
S005438,2026-01-12,Lake Worth,P0209,1,38.73,0.0,38.73
S005715,2026-01-26,Dania Beach,P0241,1,10.09,0.0,10.09
S008567,2026-05-11,Dania Beach,P0189,2,8.68,0.0,17.36
S002732,2025-10-18,Oakland Park,P0250,1,26.07,0.0,26.07
S006370,2026-03-01,Dania Beach,P0258,2,20.03,0.0,40.06
S001838,2025-09-13,Dania Beach,P0141,1,18.03,0.0,18.03
S009500,2026-06-17,Oakland Park,P0181,1,38.54,5.0,33.54
S004411,2025-12-15,Dania Beach,P0253,1,12.31,2.0,10.31
S005660,2026-01-24,Dania Beach,P0175,1,10.78,2.0,8.78
S008844,2026-05-22,Oakland Park,P0052,2,20.69,5.0,31.38
S004316,2025-12-13,Oakland Park,P0078,1,34.08,2.0,32.08
S002241,2025-09-29,Oakland Park,P0176,1,38.34,0.0,38.34
S001847,2025-09-13,Lake Worth,P0181,1,38.54,0.0,38.54
S006640,2026-03-12,Lake Worth,P0025,1,37.2,0.0,37.2
S006309,2026-02-26,Lake Worth,P0123,1,32.28,0.0,32.28
S003557,2025-11-21,Oakland Park,P0147,1,40.67,0.0,40.67
S004953,2025-12-27,Lake Worth,P0012,1,14.93,2.0,12.93
S005729,2026-01-27,Dania Beach,P0042,1,16.07,0.0,16.07
S008547,2026-05-10,Dania Beach,P0258,1,20.03,0.0,20.03
S004238,2025-12-11,Oakland Park,P0280,2,15.83,0.0,31.66
S008914,2026-05-24,Lake Worth,P0099,1,32.17,0.0,32.17
S007434,2026-04-09,Lake Worth,P0233,1,22.74,0.0,22.74
S009025,2026-05-30,Oakland Park,P0258,1,20.03,0.0,20.03
S008590,2026-05-12,Dania Beach,P0138,1,18.5,0.0,18.5
S004833,2025-12-24,Dania Beach,P0211,2,28.43,5.0,46.86
S006886,2026-03-22,Dania Beach,P0028,1,22.61,0.0,22.61
S005031,2025-12-28,Dania Beach,P0258,2,20.03,0.0,40.06
S006266,2026-02-23,Oakland Park,P0093,1,10.98,0.0,10.98
S000716,2025-07-30,Dania Beach,P0203,1,28.04,2.0,26.04
S005992,2026-02-09,Dania Beach,P0058,1,6.59,0.0,6.59
S003531,2025-11-20,Lake Worth,P0294,1,30.88,0.0,30.88
S009075,2026-06-01,Lake Worth,P0077,1,38.06,2.0,36.06
S003082,2025-11-01,Oakland Park,P0097,1,11.18,0.0,11.18
S001185,2025-08-18,Lake Worth,P0038,1,16.31,5.0,11.31
S004771,2025-12-23,Dania Beach,P0077,1,38.06,2.0,36.06
S008519,2026-05-10,Dania Beach,P0109,1,19.26,0.0,19.26
S001134,2025-08-16,Lake Worth,P0028,1,22.61,0.0,22.61
S008411,2026-05-06,Dania Beach,P0264,1,39.66,2.0,37.66
S007640,2026-04-13,Dania Beach,P0144,1,39.21,0.0,39.21
S005100,2025-12-29,Dania Beach,P0187,1,8.33,0.0,8.33
S007121,2026-04-01,Dania Beach,P0234,1,39.24,0.0,39.24
S004259,2025-12-12,Oakland Park,P0144,1,39.21,0.0,39.21
S005096,2025-12-29,Dania Beach,P0017,1,13.63,0.0,13.63
S003110,2025-11-02,Lake Worth,P0229,1,15.22,0.0,15.22
S006271,2026-02-24,Dania Beach,P0009,1,10.82,0.0,10.82
S000173,2025-07-06,Lake Worth,P0205,1,34.1,0.0,34.1
S006788,2026-03-18,Lake Worth,P0028,1,22.61,0.0,22.61
S002659,2025-10-16,Dania Beach,P0263,1,24.16,0.0,24.16
S005995,2026-02-09,Oakland Park,P0229,1,15.22,0.0,15.22
S002756,2025-10-19,Dania Beach,P0040,1,30.27,5.0,25.27
S006269,2026-02-24,Oakland Park,P0069,1,21.4,0.0,21.4
S004593,2025-12-19,Lake Worth,P0082,1,11.34,2.0,9.34
S009240,2026-06-07,Oakland Park,P0090,2,39.67,0.0,79.34
S009012,2026-05-29,Dania Beach,P0286,1,17.06,0.0,17.06
S006589,2026-03-10,Dania Beach,P0107,1,35.69,0.0,35.69
S007674,2026-04-14,Dania Beach,P0134,1,13.77,0.0,13.77
S008610,2026-05-13,Dania Beach,P0028,1,22.61,0.0,22.61
S008225,2026-04-28,Lake Worth,P0045,1,31.47,0.0,31.47
S007295,2026-04-05,Oakland Park,P0150,1,8.12,0.0,8.12
S002919,2025-10-26,Oakland Park,P0229,1,15.22,0.0,15.22
S005997,2026-02-09,Dania Beach,P0264,1,39.66,0.0,39.66
S006950,2026-03-25,Oakland Park,P0298,1,10.79,0.0,10.79
S009726,2026-06-26,Oakland Park,P0238,1,9.91,0.0,9.91
S000710,2025-07-30,Dania Beach,P0033,2,13.41,0.0,26.82
S003378,2025-11-13,Dania Beach,P0255,1,34.26,0.0,34.26
S004376,2025-12-14,Dania Beach,P0114,1,22.91,0.0,22.91
S007808,2026-04-18,Lake Worth,P0181,1,38.54,0.0,38.54
S000619,2025-07-26,Dania Beach,P0157,1,8.43,0.0,8.43
S004923,2025-12-26,Oakland Park,P0177,1,14.51,2.0,12.51
S000674,2025-07-28,Oakland Park,P0041,1,11.22,0.0,11.22
S004113,2025-12-08,Dania Beach,P0041,2,11.22,0.0,22.44
S007163,2026-04-02,Dania Beach,P0258,1,20.03,0.0,20.03
S002672,2025-10-17,Dania Beach,P0068,1,18.85,0.0,18.85
S000030,2025-07-02,Dania Beach,P0145,2,18.52,0.0,37.04
S006263,2026-02-23,Lake Worth,P0026,1,24.77,0.0,24.77
S003349,2025-11-12,Oakland Park,P0241,1,10.09,0.0,10.09
S001805,2025-09-12,Oakland Park,P0176,1,38.34,0.0,38.34
S001906,2025-09-16,Dania Beach,P0028,1,22.61,0.0,22.61
S001869,2025-09-14,Dania Beach,P0258,1,20.03,0.0,20.03
S007074,2026-03-30,Dania Beach,P0003,1,11.11,2.0,9.11
S007467,2026-04-10,Oakland Park,P0250,1,26.07,0.0,26.07
S008767,2026-05-19,Oakland Park,P0058,1,6.59,0.0,6.59
S006675,2026-03-14,Dania Beach,P0008,1,23.36,0.0,23.36
S007315,2026-04-05,Oakland Park,P0196,1,23.33,0.0,23.33
S001770,2025-09-10,Oakland Park,P0013,3,19.04,2.0,51.12
S007530,2026-04-11,Dania Beach,P0175,1,10.78,0.0,10.78
S001738,2025-09-09,Oakland Park,P0198,1,5.19,0.0,5.19
S003129,2025-11-03,Dania Beach,P0078,1,34.08,2.0,32.08
S002417,2025-10-05,Oakland Park,P0063,1,32.31,0.0,32.31
S001494,2025-08-30,Dania Beach,P0267,1,35.08,5.0,30.08
S005521,2026-01-17,Dania Beach,P0056,1,36.04,0.0,36.04
S005722,2026-01-27,Oakland Park,P0152,1,10.83,0.0,10.83
S002244,2025-09-29,Dania Beach,P0249,1,24.88,0.0,24.88
S008119,2026-04-26,Dania Beach,P0090,1,39.67,0.0,39.67
S006156,2026-02-18,Dania Beach,P0171,1,15.79,0.0,15.79
S003173,2025-11-04,Dania Beach,P0028,1,22.61,0.0,22.61
S005098,2025-12-29,Oakland Park,P0058,1,6.59,0.0,6.59
S005588,2026-01-19,Oakland Park,P0294,3,30.88,0.0,92.64
S004617,2025-12-20,Dania Beach,P0022,1,7.3,0.0,7.3
S007202,2026-04-03,Oakland Park,P0134,1,13.77,0.0,13.77
S008213,2026-04-28,Lake Worth,P0264,1,39.66,0.0,39.66
S001997,2025-09-20,Oakland Park,P0265,1,19.55,0.0,19.55
S001761,2025-09-10,Dania Beach,P0072,1,23.85,0.0,23.85
S008956,2026-05-27,Dania Beach,P0224,1,28.47,0.0,28.47
S001409,2025-08-27,Dania Beach,P0234,1,39.24,0.0,39.24
S004712,2025-12-21,Oakland Park,P0042,1,16.07,0.0,16.07
S000070,2025-07-03,Oakland Park,P0188,1,14.19,0.0,14.19
S000510,2025-07-21,Dania Beach,P0145,1,18.52,0.0,18.52
S000164,2025-07-06,Lake Worth,P0125,1,30.0,0.0,30.0
S001967,2025-09-19,Oakland Park,P0120,1,23.21,5.0,18.21
S005618,2026-01-21,Lake Worth,P0112,1,9.26,5.0,4.26
S005958,2026-02-07,Dania Beach,P0045,1,31.47,0.0,31.47
S003692,2025-11-27,Dania Beach,P0042,1,16.07,0.0,16.07
S003778,2025-11-30,Dania Beach,P0258,1,20.03,0.0,20.03
S003177,2025-11-04,Dania Beach,P0120,2,23.21,2.0,42.42
S004015,2025-12-06,Dania Beach,P0082,1,11.34,0.0,11.34
S005338,2026-01-07,Oakland Park,P0209,1,38.73,5.0,33.73
S005074,2025-12-29,Dania Beach,P0100,1,34.67,0.0,34.67
S004521,2025-12-17,Dania Beach,P0258,1,20.03,0.0,20.03
S003618,2025-11-23,Dania Beach,P0258,1,20.03,0.0,20.03
S001810,2025-09-12,Dania Beach,P0233,1,22.74,0.0,22.74
S004131,2025-12-09,Dania Beach,P0258,1,20.03,0.0,20.03
S009055,2026-05-31,Dania Beach,P0258,1,20.03,0.0,20.03
S000274,2025-07-11,Dania Beach,P0098,1,12.85,0.0,12.85
S009841,2026-06-30,Oakland Park,P0074,1,23.62,0.0,23.62
S005586,2026-01-19,Dania Beach,P0175,2,10.78,0.0,21.56
S009133,2026-06-03,Lake Worth,P0214,1,40.55,0.0,40.55
S009137,2026-06-03,Oakland Park,P0258,1,20.03,0.0,20.03
S001140,2025-08-17,Oakland Park,P0104,3,23.8,0.0,71.4
S001270,2025-08-22,Oakland Park,P0298,1,10.79,0.0,10.79
S009065,2026-05-31,Oakland Park,P0272,1,18.29,0.0,18.29
S003589,2025-11-22,Dania Beach,P0050,1,16.14,0.0,16.14
S006241,2026-02-22,Dania Beach,P0008,1,23.36,2.0,21.36
S006021,2026-02-10,Lake Worth,P0292,1,10.79,0.0,10.79
S003894,2025-12-03,Oakland Park,P0217,1,17.82,0.0,17.82
S003863,2025-12-02,Dania Beach,P0120,1,23.21,0.0,23.21
S004893,2025-12-26,Dania Beach,P0138,1,18.5,0.0,18.5
S007489,2026-04-10,Lake Worth,P0050,1,16.14,0.0,16.14
S004580,2025-12-19,Dania Beach,P0210,1,17.31,0.0,17.31
S009640,2026-06-22,Oakland Park,P0141,1,18.03,0.0,18.03
S002413,2025-10-05,Oakland Park,P0225,1,30.83,0.0,30.83
S000788,2025-08-02,Dania Beach,P0258,1,20.03,0.0,20.03
S008705,2026-05-17,Oakland Park,P0050,1,16.14,0.0,16.14
S009184,2026-06-05,Dania Beach,P0082,1,11.34,0.0,11.34
S001789,2025-09-11,Oakland Park,P0069,1,21.4,0.0,21.4
S000461,2025-07-19,Oakland Park,P0013,2,19.04,0.0,38.08
S000401,2025-07-16,Dania Beach,P0183,1,39.68,0.0,39.68
S002576,2025-10-12,Dania Beach,P0004,1,33.33,0.0,33.33
S000363,2025-07-15,Dania Beach,P0298,1,10.79,0.0,10.79
S006413,2026-03-03,Lake Worth,P0006,1,18.74,0.0,18.74
S004444,2025-12-15,Oakland Park,P0067,1,22.05,0.0,22.05
S004297,2025-12-13,Dania Beach,P0095,1,15.25,0.0,15.25
S000273,2025-07-11,Oakland Park,P0108,1,11.87,0.0,11.87
S002455,2025-10-07,Oakland Park,P0050,1,16.14,0.0,16.14
S008450,2026-05-07,Oakland Park,P0156,1,33.24,2.0,31.24
S003135,2025-11-03,Oakland Park,P0171,1,15.79,0.0,15.79
S004695,2025-12-21,Dania Beach,P0251,1,16.69,0.0,16.69
S009702,2026-06-25,Dania Beach,P0229,1,15.22,0.0,15.22
S008019,2026-04-23,Dania Beach,P0284,2,19.93,0.0,39.86
S008793,2026-05-20,Lake Worth,P0170,1,12.29,0.0,12.29
S004356,2025-12-14,Oakland Park,P0117,1,13.24,0.0,13.24
S008657,2026-05-15,Dania Beach,P0134,1,13.77,0.0,13.77
S004761,2025-12-23,Dania Beach,P0253,1,12.31,0.0,12.31
S004716,2025-12-21,Dania Beach,P0288,1,39.45,0.0,39.45
S001500,2025-08-30,Oakland Park,P0250,2,26.07,0.0,52.14
S002518,2025-10-10,Dania Beach,P0253,1,12.31,5.0,7.31
S007492,2026-04-10,Dania Beach,P0048,1,43.54,2.0,41.54
S004777,2025-12-23,Dania Beach,P0120,1,23.21,2.0,21.21
S006217,2026-02-21,Dania Beach,P0045,1,31.47,0.0,31.47
S000550,2025-07-23,Oakland Park,P0205,1,34.1,0.0,34.1
S009311,2026-06-10,Lake Worth,P0222,1,25.03,0.0,25.03
S009306,2026-06-09,Oakland Park,P0271,3,13.23,2.0,33.69
S007635,2026-04-13,Oakland Park,P0169,2,28.05,0.0,56.1
S008165,2026-04-27,Lake Worth,P0112,1,9.26,0.0,9.26
S009724,2026-06-26,Dania Beach,P0072,1,23.85,0.0,23.85
S005235,2026-01-02,Lake Worth,P0116,1,38.74,0.0,38.74
S008925,2026-05-25,Oakland Park,P0037,1,16.2,0.0,16.2
S007424,2026-04-08,Dania Beach,P0258,1,20.03,0.0,20.03
S001149,2025-08-17,Oakland Park,P0162,1,9.66,2.0,7.66
S007567,2026-04-12,Oakland Park,P0113,1,15.71,0.0,15.71
S002328,2025-10-02,Lake Worth,P0173,1,28.8,0.0,28.8
S002679,2025-10-17,Dania Beach,P0258,1,20.03,2.0,18.03
S009732,2026-06-26,Dania Beach,P0090,1,39.67,0.0,39.67
S003774,2025-11-30,Lake Worth,P0102,1,16.27,0.0,16.27
S002201,2025-09-28,Oakland Park,P0069,1,21.4,0.0,21.4
S008837,2026-05-22,Oakland Park,P0091,2,10.86,0.0,21.72
S000653,2025-07-27,Dania Beach,P0047,1,11.39,0.0,11.39
S006924,2026-03-24,Oakland Park,P0229,1,15.22,0.0,15.22
S008948,2026-05-26,Dania Beach,P0166,1,26.78,0.0,26.78
S003920,2025-12-04,Oakland Park,P0069,1,21.4,0.0,21.4
S005132,2025-12-30,Dania Beach,P0235,1,21.78,0.0,21.78
S005771,2026-01-30,Dania Beach,P0099,2,32.17,0.0,64.34
S002203,2025-09-28,Oakland Park,P0125,1,30.0,0.0,30.0
S005963,2026-02-08,Oakland Park,P0100,1,34.67,0.0,34.67
S004693,2025-12-21,Dania Beach,P0028,1,22.61,0.0,22.61
S006825,2026-03-20,Dania Beach,P0041,2,11.22,0.0,22.44
S004547,2025-12-18,Oakland Park,P0072,1,23.85,0.0,23.85
S003715,2025-11-28,Dania Beach,P0258,1,20.03,0.0,20.03
S007196,2026-04-03,Dania Beach,P0113,1,15.71,0.0,15.71
S001333,2025-08-24,Dania Beach,P0104,2,23.8,0.0,47.6
S005702,2026-01-25,Dania Beach,P0290,1,44.36,0.0,44.36
S004898,2025-12-26,Dania Beach,P0001,1,37.04,5.0,32.04
S008267,2026-04-30,Dania Beach,P0056,1,36.04,0.0,36.04
S006651,2026-03-13,Dania Beach,P0028,1,22.61,0.0,22.61
S003998,2025-12-06,Lake Worth,P0254,1,15.72,0.0,15.72
S006476,2026-03-05,Oakland Park,P0258,1,20.03,0.0,20.03
S004553,2025-12-18,Dania Beach,P0056,1,36.04,0.0,36.04
S009162,2026-06-04,Oakland Park,P0069,1,21.4,0.0,21.4
S006040,2026-02-12,Lake Worth,P0006,2,18.74,0.0,37.48
S003187,2025-11-05,Oakland Park,P0120,1,23.21,0.0,23.21
S007696,2026-04-15,Oakland Park,P0054,1,38.06,0.0,38.06
S005761,2026-01-29,Dania Beach,P0188,1,14.19,0.0,14.19
S000966,2025-08-10,Oakland Park,P0298,1,10.79,5.0,5.79
S007590,2026-04-12,Lake Worth,P0287,1,38.39,0.0,38.39
S002870,2025-10-24,Oakland Park,P0258,1,20.03,0.0,20.03
S003022,2025-10-30,Oakland Park,P0032,1,10.89,0.0,10.89
S007301,2026-04-05,Oakland Park,P0258,1,20.03,0.0,20.03
S001067,2025-08-13,Dania Beach,P0153,1,24.73,0.0,24.73
S001227,2025-08-20,Oakland Park,P0255,1,34.26,2.0,32.26
S000794,2025-08-02,Dania Beach,P0123,1,32.28,0.0,32.28
S003776,2025-11-30,Lake Worth,P0269,1,19.37,0.0,19.37
S002067,2025-09-23,Oakland Park,P0265,1,19.55,0.0,19.55
S003905,2025-12-04,Dania Beach,P0028,1,22.61,0.0,22.61
S001150,2025-08-17,Dania Beach,P0258,1,20.03,0.0,20.03
S001280,2025-08-23,Lake Worth,P0229,1,15.22,5.0,10.22
S008698,2026-05-16,Oakland Park,P0258,1,20.03,0.0,20.03
S004979,2025-12-27,Lake Worth,P0221,3,26.83,0.0,80.49
S006208,2026-02-21,Dania Beach,P0258,1,20.03,0.0,20.03
S008738,2026-05-18,Dania Beach,P0264,1,39.66,0.0,39.66
S007348,2026-04-06,Oakland Park,P0221,2,26.83,0.0,53.66
S003580,2025-11-22,Dania Beach,P0100,1,34.67,0.0,34.67
S009444,2026-06-15,Lake Worth,P0248,3,14.4,0.0,43.2
S002359,2025-10-04,Oakland Park,P0028,2,22.61,0.0,45.22
S001545,2025-09-01,Oakland Park,P0123,1,32.28,0.0,32.28
S008369,2026-05-04,Dania Beach,P0052,1,20.69,0.0,20.69
S005893,2026-02-04,Lake Worth,P0112,1,9.26,0.0,9.26
S003139,2025-11-03,Lake Worth,P0145,1,18.52,0.0,18.52
S007307,2026-04-05,Dania Beach,P0057,3,31.85,0.0,95.55
S002565,2025-10-12,Dania Beach,P0003,1,11.11,0.0,11.11
S007389,2026-04-08,Dania Beach,P0217,1,17.82,0.0,17.82
S007174,2026-04-03,Lake Worth,P0221,1,26.83,0.0,26.83
S003451,2025-11-16,Dania Beach,P0157,1,8.43,0.0,8.43
S002701,2025-10-18,Dania Beach,P0229,1,15.22,0.0,15.22
S001993,2025-09-20,Lake Worth,P0299,1,6.83,2.0,4.83
S003826,2025-12-01,Lake Worth,P0181,3,38.54,5.0,100.62
S002098,2025-09-24,Dania Beach,P0105,1,41.09,2.0,39.09
S007072,2026-03-30,Oakland Park,P0005,1,12.32,0.0,12.32
S002951,2025-10-27,Dania Beach,P0193,1,15.19,5.0,10.19
S003323,2025-11-11,Dania Beach,P0123,2,32.28,0.0,64.56
S005723,2026-01-27,Oakland Park,P0116,1,38.74,0.0,38.74
S009474,2026-06-16,Oakland Park,P0120,1,23.21,0.0,23.21
S008975,2026-05-28,Lake Worth,P0091,1,10.86,2.0,8.86
S004324,2025-12-13,Oakland Park,P0237,1,18.61,0.0,18.61
S003088,2025-11-01,Dania Beach,P0266,1,28.75,0.0,28.75
S001654,2025-09-06,Oakland Park,P0181,1,38.54,0.0,38.54
S005829,2026-02-01,Lake Worth,P0120,1,23.21,0.0,23.21
S007595,2026-04-12,Oakland Park,P0004,1,33.33,0.0,33.33
S006972,2026-03-26,Dania Beach,P0219,1,19.95,0.0,19.95
S007846,2026-04-19,Dania Beach,P0021,1,20.19,0.0,20.19
S004848,2025-12-24,Dania Beach,P0050,3,16.14,0.0,48.42
S008605,2026-05-13,Oakland Park,P0116,1,38.74,0.0,38.74
S006714,2026-03-15,Dania Beach,P0079,1,38.19,0.0,38.19
S006150,2026-02-18,Oakland Park,P0116,3,38.74,0.0,116.22
S009263,2026-06-07,Lake Worth,P0134,1,13.77,0.0,13.77
S001780,2025-09-11,Oakland Park,P0258,1,20.03,0.0,20.03
S007751,2026-04-17,Oakland Park,P0186,1,8.27,0.0,8.27
S002808,2025-10-21,Oakland Park,P0098,1,12.85,0.0,12.85
S008544,2026-05-10,Oakland Park,P0296,1,10.05,0.0,10.05
S004922,2025-12-26,Dania Beach,P0250,2,26.07,0.0,52.14
S004503,2025-12-17,Oakland Park,P0107,1,35.69,0.0,35.69
S005370,2026-01-09,Lake Worth,P0028,1,22.61,0.0,22.61
S007556,2026-04-12,Oakland Park,P0211,1,28.43,0.0,28.43
S006529,2026-03-07,Oakland Park,P0107,1,35.69,0.0,35.69
S001807,2025-09-12,Lake Worth,P0030,1,9.83,0.0,9.83
S004302,2025-12-13,Dania Beach,P0138,1,18.5,0.0,18.5
S001343,2025-08-25,Dania Beach,P0260,1,16.34,0.0,16.34
S009082,2026-06-01,Oakland Park,P0181,1,38.54,0.0,38.54
S007020,2026-03-28,Lake Worth,P0094,1,15.94,2.0,13.94
S000718,2025-07-30,Dania Beach,P0247,2,11.6,0.0,23.2
S007804,2026-04-18,Lake Worth,P0248,3,14.4,2.0,37.2
S001095,2025-08-15,Dania Beach,P0282,1,14.8,0.0,14.8
S001284,2025-08-23,Dania Beach,P0285,1,24.04,0.0,24.04
S004775,2025-12-23,Dania Beach,P0227,1,22.7,0.0,22.7
S009484,2026-06-17,Lake Worth,P0030,1,9.83,0.0,9.83
S003150,2025-11-03,Oakland Park,P0123,1,32.28,0.0,32.28
S003796,2025-12-01,Oakland Park,P0258,1,20.03,0.0,20.03
S000089,2025-07-04,Dania Beach,P0284,1,19.93,2.0,17.93
S005495,2026-01-15,Oakland Park,P0245,1,30.57,0.0,30.57
S009531,2026-06-19,Dania Beach,P0258,2,20.03,2.0,36.06
S008415,2026-05-06,Oakland Park,P0123,1,32.28,0.0,32.28
S006171,2026-02-19,Lake Worth,P0099,1,32.17,0.0,32.17
S001894,2025-09-15,Oakland Park,P0182,1,25.07,0.0,25.07
S009518,2026-06-18,Oakland Park,P0112,1,9.26,0.0,9.26
S009692,2026-06-25,Dania Beach,P0178,1,35.29,0.0,35.29
S000979,2025-08-10,Dania Beach,P0211,1,28.43,0.0,28.43
S009288,2026-06-08,Dania Beach,P0091,1,10.86,5.0,5.86
S008123,2026-04-26,Dania Beach,P0042,1,16.07,0.0,16.07
S003157,2025-11-04,Dania Beach,P0028,2,22.61,0.0,45.22
S000596,2025-07-26,Dania Beach,P0084,1,8.22,0.0,8.22
S008341,2026-05-03,Oakland Park,P0042,1,16.07,0.0,16.07
S000405,2025-07-17,Dania Beach,P0001,1,37.04,0.0,37.04
S006810,2026-03-19,Dania Beach,P0138,1,18.5,0.0,18.5
S009622,2026-06-22,Oakland Park,P0176,1,38.34,0.0,38.34
S002773,2025-10-19,Oakland Park,P0112,1,9.26,0.0,9.26
S007480,2026-04-10,Oakland Park,P0286,1,17.06,0.0,17.06
S009751,2026-06-27,Dania Beach,P0286,1,17.06,0.0,17.06
S007844,2026-04-19,Oakland Park,P0069,1,21.4,0.0,21.4
S000045,2025-07-02,Lake Worth,P0159,1,5.86,0.0,5.86
S009760,2026-06-27,Lake Worth,P0230,1,15.88,5.0,10.88
S007354,2026-04-07,Dania Beach,P0050,1,16.14,0.0,16.14
S005059,2025-12-28,Dania Beach,P0253,1,12.31,0.0,12.31
S000579,2025-07-25,Dania Beach,P0145,1,18.52,0.0,18.52
S006103,2026-02-15,Lake Worth,P0264,1,39.66,0.0,39.66
S009183,2026-06-05,Oakland Park,P0207,1,8.62,0.0,8.62
S007959,2026-04-22,Oakland Park,P0209,1,38.73,0.0,38.73
S001004,2025-08-11,Oakland Park,P0050,1,16.14,5.0,11.14
S000367,2025-07-15,Oakland Park,P0099,2,32.17,0.0,64.34
S002525,2025-10-10,Dania Beach,P0091,1,10.86,0.0,10.86
S005697,2026-01-25,Dania Beach,P0253,1,12.31,2.0,10.31
S006267,2026-02-24,Oakland Park,P0275,1,12.12,0.0,12.12
S005089,2025-12-29,Oakland Park,P0125,1,30.0,0.0,30.0
S005056,2025-12-28,Lake Worth,P0247,1,11.6,0.0,11.6
S002388,2025-10-05,Oakland Park,P0068,1,18.85,0.0,18.85
S006753,2026-03-17,Dania Beach,P0009,3,10.82,0.0,32.46
S006072,2026-02-14,Dania Beach,P0098,1,12.85,0.0,12.85
S008671,2026-05-16,Lake Worth,P0027,1,16.28,0.0,16.28
S009398,2026-06-13,Dania Beach,P0028,1,22.61,0.0,22.61
S001670,2025-09-06,Oakland Park,P0045,2,31.47,0.0,62.94
S005123,2025-12-29,Lake Worth,P0250,1,26.07,0.0,26.07
S007753,2026-04-17,Oakland Park,P0268,1,28.7,0.0,28.7
S007918,2026-04-21,Oakland Park,P0181,1,38.54,0.0,38.54
S003964,2025-12-05,Oakland Park,P0112,1,9.26,0.0,9.26
S008190,2026-04-27,Lake Worth,P0286,1,17.06,0.0,17.06
S007666,2026-04-14,Oakland Park,P0233,1,22.74,0.0,22.74
S008371,2026-05-04,Oakland Park,P0123,1,32.28,0.0,32.28
S007936,2026-04-21,Dania Beach,P0205,1,34.1,2.0,32.1
S004123,2025-12-09,Dania Beach,P0091,1,10.86,0.0,10.86
S002060,2025-09-22,Oakland Park,P0258,1,20.03,0.0,20.03
S006747,2026-03-16,Dania Beach,P0141,1,18.03,0.0,18.03
S009216,2026-06-06,Dania Beach,P0176,1,38.34,0.0,38.34
S000258,2025-07-10,Dania Beach,P0205,1,34.1,0.0,34.1
S004852,2025-12-24,Oakland Park,P0031,1,23.06,0.0,23.06
S004019,2025-12-06,Dania Beach,P0297,1,17.64,0.0,17.64
S000846,2025-08-04,Dania Beach,P0145,1,18.52,0.0,18.52
S007256,2026-04-05,Oakland Park,P0068,1,18.85,5.0,13.85
S008053,2026-04-25,Dania Beach,P0286,1,17.06,0.0,17.06
S004389,2025-12-14,Lake Worth,P0201,1,37.27,0.0,37.27
S007001,2026-03-28,Oakland Park,P0239,1,7.76,0.0,7.76
S007711,2026-04-15,Lake Worth,P0181,1,38.54,0.0,38.54
S007875,2026-04-19,Dania Beach,P0258,1,20.03,0.0,20.03
S000963,2025-08-10,Dania Beach,P0225,1,30.83,0.0,30.83
S007710,2026-04-15,Oakland Park,P0177,1,14.51,0.0,14.51
S001023,2025-08-12,Oakland Park,P0068,1,18.85,2.0,16.85
S003483,2025-11-17,Oakland Park,P0019,1,19.0,0.0,19.0
S007216,2026-04-04,Dania Beach,P0258,1,20.03,0.0,20.03
S002800,2025-10-21,Oakland Park,P0033,1,13.41,2.0,11.41
S006016,2026-02-10,Lake Worth,P0019,1,19.0,0.0,19.0
S008264,2026-04-30,Lake Worth,P0112,1,9.26,0.0,9.26
S007881,2026-04-20,Oakland Park,P0216,1,14.8,0.0,14.8
S007145,2026-04-02,Oakland Park,P0095,1,15.25,0.0,15.25
S001576,2025-09-02,Dania Beach,P0243,1,14.68,0.0,14.68
S003465,2025-11-17,Oakland Park,P0028,1,22.61,0.0,22.61
S000252,2025-07-10,Dania Beach,P0196,1,23.33,0.0,23.33
S002474,2025-10-08,Dania Beach,P0147,2,40.67,0.0,81.34
S009017,2026-05-30,Oakland Park,P0069,1,21.4,0.0,21.4
S005362,2026-01-08,Oakland Park,P0193,1,15.19,0.0,15.19
S004024,2025-12-06,Lake Worth,P0253,3,12.31,0.0,36.93
S008097,2026-04-25,Dania Beach,P0001,1,37.04,0.0,37.04
S002832,2025-10-22,Lake Worth,P0189,1,8.68,0.0,8.68
S005813,2026-01-31,Dania Beach,P0264,2,39.66,0.0,79.32
S001089,2025-08-14,Oakland Park,P0100,1,34.67,0.0,34.67
S009138,2026-06-03,Oakland Park,P0021,1,20.19,0.0,20.19
S003023,2025-10-30,Oakland Park,P0068,1,18.85,0.0,18.85
S005714,2026-01-26,Lake Worth,P0227,1,22.7,0.0,22.7
S006661,2026-03-13,Dania Beach,P0229,1,15.22,0.0,15.22
S006443,2026-03-04,Dania Beach,P0138,1,18.5,0.0,18.5
S009660,2026-06-23,Oakland Park,P0089,1,38.61,0.0,38.61
S008691,2026-05-16,Dania Beach,P0167,1,11.11,2.0,9.11
S008573,2026-05-12,Dania Beach,P0258,1,20.03,0.0,20.03
S000932,2025-08-08,Dania Beach,P0068,1,18.85,0.0,18.85
S003461,2025-11-16,Oakland Park,P0258,1,20.03,0.0,20.03
S003224,2025-11-07,Dania Beach,P0141,1,18.03,0.0,18.03
S004467,2025-12-16,Oakland Park,P0250,1,26.07,0.0,26.07
S008457,2026-05-07,Oakland Park,P0002,1,33.09,0.0,33.09
S007708,2026-04-15,Lake Worth,P0084,1,8.22,0.0,8.22
S001385,2025-08-26,Oakland Park,P0181,1,38.54,2.0,36.54
S005401,2026-01-10,Dania Beach,P0258,1,20.03,0.0,20.03
S000394,2025-07-16,Oakland Park,P0123,1,32.28,2.0,30.28
S009351,2026-06-12,Dania Beach,P0231,1,16.4,2.0,14.4
S001867,2025-09-14,Dania Beach,P0112,1,9.26,0.0,9.26
S005579,2026-01-19,Oakland Park,P0210,1,17.31,0.0,17.31
S000057,2025-07-03,Lake Worth,P0061,1,13.54,5.0,8.54
S001086,2025-08-14,Dania Beach,P0098,1,12.85,0.0,12.85
S000931,2025-08-08,Lake Worth,P0151,1,22.36,0.0,22.36
S005183,2025-12-31,Lake Worth,P0021,1,20.19,0.0,20.19
S004366,2025-12-14,Oakland Park,P0001,1,37.04,0.0,37.04
S006179,2026-02-19,Lake Worth,P0196,1,23.33,0.0,23.33
S009227,2026-06-06,Oakland Park,P0250,1,26.07,0.0,26.07
S007798,2026-04-18,Lake Worth,P0138,1,18.5,0.0,18.5
S005097,2025-12-29,Dania Beach,P0258,1,20.03,0.0,20.03
S008273,2026-04-30,Oakland Park,P0258,1,20.03,0.0,20.03
S008239,2026-04-29,Oakland Park,P0178,1,35.29,2.0,33.29
S002973,2025-10-28,Oakland Park,P0123,1,32.28,0.0,32.28
S008680,2026-05-16,Oakland Park,P0138,1,18.5,0.0,18.5
S002806,2025-10-21,Oakland Park,P0099,1,32.17,0.0,32.17
S008966,2026-05-27,Dania Beach,P0069,1,21.4,0.0,21.4
S005207,2025-12-31,Oakland Park,P0058,1,6.59,0.0,6.59
S007406,2026-04-08,Lake Worth,P0018,1,11.18,2.0,9.18
S009520,2026-06-18,Oakland Park,P0250,2,26.07,5.0,42.14
S003134,2025-11-03,Dania Beach,P0188,1,14.19,0.0,14.19
S007407,2026-04-08,Dania Beach,P0034,1,17.39,0.0,17.39
S009828,2026-06-30,Dania Beach,P0258,2,20.03,0.0,40.06
S003691,2025-11-27,Dania Beach,P0139,1,25.22,0.0,25.22
S008632,2026-05-14,Lake Worth,P0050,3,16.14,0.0,48.42
S009036,2026-05-30,Lake Worth,P0239,1,7.76,0.0,7.76
S008674,2026-05-16,Lake Worth,P0253,1,12.31,0.0,12.31
S000526,2025-07-22,Dania Beach,P0021,1,20.19,0.0,20.19
S005258,2026-01-03,Oakland Park,P0258,1,20.03,0.0,20.03
S002929,2025-10-26,Dania Beach,P0008,1,23.36,0.0,23.36
S009076,2026-06-01,Oakland Park,P0214,1,40.55,0.0,40.55
S002998,2025-10-29,Dania Beach,P0297,1,17.64,0.0,17.64
S002270,2025-09-30,Lake Worth,P0075,1,16.43,0.0,16.43
S005654,2026-01-23,Oakland Park,P0027,1,16.28,0.0,16.28
S003367,2025-11-13,Lake Worth,P0240,1,29.77,0.0,29.77
S007171,2026-04-02,Dania Beach,P0258,1,20.03,0.0,20.03
S008991,2026-05-28,Dania Beach,P0246,1,14.88,0.0,14.88
S007999,2026-04-23,Lake Worth,P0112,2,9.26,0.0,18.52
S005285,2026-01-04,Lake Worth,P0132,3,38.62,0.0,115.86
S000929,2025-08-08,Dania Beach,P0294,1,30.88,0.0,30.88
S002024,2025-09-21,Dania Beach,P0113,1,15.71,0.0,15.71
S009447,2026-06-15,Oakland Park,P0114,1,22.91,0.0,22.91
S008376,2026-05-04,Oakland Park,P0138,1,18.5,0.0,18.5
S002521,2025-10-10,Oakland Park,P0028,1,22.61,0.0,22.61
S005106,2025-12-29,Dania Beach,P0041,1,11.22,0.0,11.22
S008545,2026-05-10,Dania Beach,P0258,1,20.03,2.0,18.03
S009803,2026-06-29,Dania Beach,P0258,1,20.03,0.0,20.03
S002523,2025-10-10,Oakland Park,P0258,2,20.03,0.0,40.06
S008820,2026-05-21,Lake Worth,P0042,1,16.07,0.0,16.07
S006090,2026-02-14,Oakland Park,P0120,1,23.21,2.0,21.21
S001069,2025-08-14,Dania Beach,P0168,1,9.03,0.0,9.03
S004161,2025-12-10,Oakland Park,P0069,1,21.4,5.0,16.4
S005882,2026-02-03,Oakland Park,P0115,1,35.88,0.0,35.88
S009242,2026-06-07,Dania Beach,P0258,1,20.03,0.0,20.03
S004419,2025-12-15,Oakland Park,P0001,1,37.04,2.0,35.04
S005534,2026-01-17,Dania Beach,P0045,1,31.47,0.0,31.47
S001937,2025-09-17,Oakland Park,P0140,1,17.16,0.0,17.16
S006930,2026-03-24,Dania Beach,P0188,1,14.19,0.0,14.19
S009694,2026-06-25,Dania Beach,P0250,1,26.07,0.0,26.07
S008712,2026-05-17,Dania Beach,P0120,1,23.21,0.0,23.21
S003024,2025-10-30,Lake Worth,P0194,1,31.47,2.0,29.47
S007446,2026-04-09,Dania Beach,P0045,1,31.47,0.0,31.47
S007437,2026-04-09,Dania Beach,P0123,1,32.28,0.0,32.28
S002962,2025-10-28,Oakland Park,P0196,1,23.33,0.0,23.33
S003030,2025-10-30,Dania Beach,P0258,1,20.03,0.0,20.03
S004528,2025-12-17,Dania Beach,P0258,1,20.03,5.0,15.03
S007692,2026-04-15,Oakland Park,P0258,1,20.03,2.0,18.03
S000523,2025-07-22,Oakland Park,P0258,1,20.03,0.0,20.03
S007383,2026-04-08,Oakland Park,P0250,1,26.07,0.0,26.07
S005718,2026-01-26,Lake Worth,P0253,1,12.31,0.0,12.31
S000676,2025-07-28,Oakland Park,P0298,1,10.79,0.0,10.79
S005785,2026-01-30,Lake Worth,P0068,1,18.85,0.0,18.85
S006607,2026-03-10,Dania Beach,P0090,1,39.67,0.0,39.67
S007365,2026-04-07,Lake Worth,P0250,1,26.07,0.0,26.07
S007964,2026-04-22,Oakland Park,P0094,1,15.94,0.0,15.94
S000064,2025-07-03,Dania Beach,P0185,1,20.14,0.0,20.14
S008160,2026-04-27,Dania Beach,P0258,1,20.03,0.0,20.03
S007002,2026-03-28,Oakland Park,P0258,1,20.03,0.0,20.03
S000630,2025-07-26,Oakland Park,P0091,1,10.86,0.0,10.86
S006185,2026-02-20,Dania Beach,P0045,1,31.47,0.0,31.47
S008122,2026-04-26,Dania Beach,P0230,1,15.88,5.0,10.88
S005653,2026-01-23,Lake Worth,P0229,1,15.22,0.0,15.22
S000153,2025-07-06,Dania Beach,P0250,2,26.07,0.0,52.14
S008315,2026-05-02,Dania Beach,P0138,1,18.5,0.0,18.5
S000432,2025-07-18,Oakland Park,P0023,2,36.9,0.0,73.8
S007443,2026-04-09,Dania Beach,P0019,2,19.0,0.0,38.0
S001893,2025-09-15,Oakland Park,P0203,1,28.04,0.0,28.04
S006556,2026-03-08,Lake Worth,P0141,1,18.03,0.0,18.03
S001238,2025-08-21,Lake Worth,P0181,1,38.54,0.0,38.54
S003404,2025-11-14,Dania Beach,P0120,1,23.21,0.0,23.21
S004348,2025-12-14,Oakland Park,P0154,1,15.49,0.0,15.49
S003459,2025-11-16,Lake Worth,P0070,1,22.38,0.0,22.38
S002099,2025-09-24,Dania Beach,P0207,1,8.62,0.0,8.62
S000406,2025-07-17,Oakland Park,P0236,1,32.91,0.0,32.91
S007923,2026-04-21,Oakland Park,P0116,1,38.74,0.0,38.74
S004349,2025-12-14,Dania Beach,P0112,2,9.26,0.0,18.52
S004642,2025-12-20,Lake Worth,P0069,1,21.4,0.0,21.4
S001489,2025-08-30,Oakland Park,P0220,1,18.24,0.0,18.24
S009364,2026-06-12,Dania Beach,P0065,1,22.31,0.0,22.31
S005107,2025-12-29,Dania Beach,P0109,1,19.26,0.0,19.26
S004473,2025-12-16,Dania Beach,P0032,1,10.89,0.0,10.89
S001648,2025-09-06,Oakland Park,P0181,1,38.54,0.0,38.54
S002292,2025-10-01,Dania Beach,P0075,2,16.43,0.0,32.86
S004277,2025-12-12,Lake Worth,P0230,1,15.88,0.0,15.88
S005284,2026-01-04,Oakland Park,P0104,1,23.8,0.0,23.8
S008064,2026-04-25,Dania Beach,P0205,1,34.1,0.0,34.1
S006893,2026-03-22,Oakland Park,P0064,1,22.4,0.0,22.4
S001405,2025-08-27,Dania Beach,P0120,1,23.21,0.0,23.21
S001412,2025-08-27,Dania Beach,P0001,1,37.04,0.0,37.04
S003766,2025-11-30,Dania Beach,P0045,1,31.47,0.0,31.47
S001866,2025-09-14,Dania Beach,P0279,1,5.18,0.0,5.18
S004136,2025-12-09,Oakland Park,P0095,1,15.25,0.0,15.25
S000105,2025-07-05,Oakland Park,P0112,1,9.26,0.0,9.26
S006642,2026-03-12,Oakland Park,P0051,1,31.0,2.0,29.0
S009486,2026-06-17,Dania Beach,P0138,1,18.5,2.0,16.5
S009824,2026-06-30,Dania Beach,P0033,1,13.41,0.0,13.41
S007270,2026-04-05,Lake Worth,P0042,1,16.07,0.0,16.07
S007018,2026-03-28,Dania Beach,P0246,1,14.88,2.0,12.88
S009542,2026-06-19,Lake Worth,P0250,1,26.07,2.0,24.07
S005268,2026-01-03,Oakland Park,P0259,1,34.69,0.0,34.69
S000775,2025-08-02,Oakland Park,P0120,1,23.21,0.0,23.21
S002405,2025-10-05,Oakland Park,P0283,1,41.77,0.0,41.77
S005563,2026-01-18,Lake Worth,P0041,1,11.22,0.0,11.22
S008672,2026-05-16,Dania Beach,P0134,1,13.77,0.0,13.77
S002317,2025-10-02,Dania Beach,P0028,1,22.61,0.0,22.61
S003700,2025-11-27,Lake Worth,P0229,1,15.22,0.0,15.22
S008669,2026-05-16,Oakland Park,P0268,3,28.7,0.0,86.1
S006790,2026-03-19,Oakland Park,P0224,1,28.47,5.0,23.47
S005575,2026-01-19,Dania Beach,P0181,1,38.54,0.0,38.54
S002262,2025-09-30,Dania Beach,P0233,1,22.74,0.0,22.74
S007885,2026-04-20,Oakland Park,P0147,1,40.67,0.0,40.67
S008756,2026-05-19,Oakland Park,P0240,1,29.77,0.0,29.77
S002404,2025-10-05,Dania Beach,P0095,1,15.25,0.0,15.25
S007487,2026-04-10,Oakland Park,P0157,1,8.43,2.0,6.43
S003597,2025-11-23,Oakland Park,P0009,3,10.82,0.0,32.46
S001619,2025-09-04,Dania Beach,P0244,1,7.54,0.0,7.54
S004287,2025-12-13,Dania Beach,P0278,1,27.49,0.0,27.49
S006324,2026-02-27,Oakland Park,P0136,1,34.18,0.0,34.18
S009657,2026-06-23,Dania Beach,P0006,1,18.74,0.0,18.74
S002712,2025-10-18,Oakland Park,P0274,1,22.73,0.0,22.73
S002233,2025-09-29,Oakland Park,P0258,1,20.03,0.0,20.03
S004551,2025-12-18,Oakland Park,P0192,2,9.96,0.0,19.92
S001596,2025-09-03,Dania Beach,P0138,1,18.5,0.0,18.5
S006587,2026-03-10,Dania Beach,P0250,1,26.07,0.0,26.07
S005896,2026-02-04,Dania Beach,P0008,1,23.36,0.0,23.36
S002054,2025-09-22,Oakland Park,P0205,1,34.1,0.0,34.1
S000570,2025-07-24,Oakland Park,P0231,1,16.4,0.0,16.4
S001521,2025-08-31,Dania Beach,P0045,1,31.47,0.0,31.47
S002217,2025-09-28,Dania Beach,P0071,1,14.0,0.0,14.0
S009546,2026-06-19,Lake Worth,P0168,2,9.03,0.0,18.06
S000640,2025-07-27,Dania Beach,P0233,1,22.74,0.0,22.74
S007481,2026-04-10,Oakland Park,P0077,2,38.06,2.0,72.12
S009111,2026-06-02,Lake Worth,P0078,1,34.08,0.0,34.08
S003869,2025-12-02,Dania Beach,P0071,1,14.0,0.0,14.0
S000341,2025-07-14,Dania Beach,P0269,1,19.37,0.0,19.37
S002715,2025-10-18,Dania Beach,P0189,3,8.68,0.0,26.04
S004270,2025-12-12,Oakland Park,P0087,1,10.56,0.0,10.56
S006965,2026-03-26,Dania Beach,P0258,2,20.03,0.0,40.06
S007664,2026-04-14,Oakland Park,P0102,1,16.27,0.0,16.27
S000747,2025-07-31,Lake Worth,P0093,1,10.98,0.0,10.98
S001661,2025-09-06,Dania Beach,P0283,1,41.77,0.0,41.77
S003596,2025-11-23,Dania Beach,P0258,1,20.03,0.0,20.03
S002257,2025-09-30,Dania Beach,P0162,1,9.66,0.0,9.66
S001034,2025-08-12,Lake Worth,P0069,1,21.4,0.0,21.4
S004800,2025-12-23,Oakland Park,P0069,1,21.4,2.0,19.4
S006715,2026-03-15,Oakland Park,P0274,1,22.73,0.0,22.73
S002639,2025-10-15,Oakland Park,P0258,1,20.03,2.0,18.03
S004107,2025-12-08,Oakland Park,P0113,1,15.71,0.0,15.71
S007458,2026-04-09,Dania Beach,P0118,1,26.15,0.0,26.15
S005201,2025-12-31,Oakland Park,P0123,1,32.28,0.0,32.28
S000984,2025-08-10,Oakland Park,P0278,1,27.49,0.0,27.49
S005290,2026-01-04,Dania Beach,P0288,2,39.45,0.0,78.9
S007213,2026-04-04,Oakland Park,P0004,1,33.33,5.0,28.33
S006576,2026-03-09,Oakland Park,P0006,1,18.74,0.0,18.74
S004876,2025-12-25,Oakland Park,P0234,2,39.24,0.0,78.48
S009632,2026-06-22,Oakland Park,P0120,1,23.21,0.0,23.21
S004176,2025-12-10,Dania Beach,P0253,3,12.31,0.0,36.93
S007524,2026-04-11,Oakland Park,P0031,2,23.06,2.0,42.12
S002495,2025-10-09,Dania Beach,P0181,1,38.54,0.0,38.54
S009818,2026-06-30,Oakland Park,P0138,1,18.5,0.0,18.5
S007539,2026-04-11,Dania Beach,P0234,2,39.24,0.0,78.48
S007555,2026-04-12,Oakland Park,P0204,2,30.89,0.0,61.78
S006316,2026-02-27,Dania Beach,P0162,1,9.66,0.0,9.66
S009782,2026-06-28,Lake Worth,P0036,1,4.54,0.0,4.54
S004191,2025-12-10,Lake Worth,P0283,1,41.77,0.0,41.77
S003095,2025-11-02,Oakland Park,P0008,1,23.36,2.0,21.36
S005188,2025-12-31,Lake Worth,P0079,1,38.19,0.0,38.19
S008595,2026-05-12,Lake Worth,P0247,1,11.6,5.0,6.6
S002816,2025-10-22,Oakland Park,P0045,1,31.47,0.0,31.47
S006765,2026-03-17,Lake Worth,P0154,1,15.49,0.0,15.49
S001048,2025-08-13,Lake Worth,P0005,1,12.32,0.0,12.32
S007186,2026-04-03,Oakland Park,P0138,1,18.5,0.0,18.5
S000123,2025-07-05,Oakland Park,P0032,1,10.89,0.0,10.89
S000119,2025-07-05,Oakland Park,P0089,1,38.61,5.0,33.61
S003031,2025-10-30,Dania Beach,P0188,1,14.19,5.0,9.19
S005339,2026-01-07,Oakland Park,P0021,1,20.19,0.0,20.19
S006329,2026-02-27,Oakland Park,P0258,2,20.03,0.0,40.06
S002874,2025-10-24,Lake Worth,P0091,1,10.86,0.0,10.86
S002439,2025-10-06,Dania Beach,P0104,1,23.8,0.0,23.8
S003752,2025-11-29,Dania Beach,P0268,1,28.7,0.0,28.7
S003237,2025-11-07,Lake Worth,P0223,1,16.45,0.0,16.45
S008987,2026-05-28,Dania Beach,P0047,1,11.39,0.0,11.39
S000039,2025-07-02,Dania Beach,P0190,2,31.63,0.0,63.26
S007694,2026-04-15,Lake Worth,P0269,1,19.37,0.0,19.37
S000344,2025-07-14,Dania Beach,P0285,1,24.04,0.0,24.04
S008478,2026-05-08,Oakland Park,P0027,1,16.28,0.0,16.28
S000168,2025-07-06,Oakland Park,P0028,1,22.61,0.0,22.61
S002705,2025-10-18,Lake Worth,P0028,1,22.61,0.0,22.61
S000366,2025-07-15,Oakland Park,P0097,1,11.18,0.0,11.18
S005704,2026-01-25,Lake Worth,P0258,1,20.03,0.0,20.03
S001745,2025-09-09,Dania Beach,P0102,1,16.27,0.0,16.27
S004904,2025-12-26,Oakland Park,P0007,1,18.87,0.0,18.87
S001203,2025-08-19,Dania Beach,P0250,1,26.07,0.0,26.07
S003545,2025-11-21,Oakland Park,P0229,1,15.22,0.0,15.22
S003767,2025-11-30,Oakland Park,P0229,2,15.22,0.0,30.44
S003866,2025-12-02,Dania Beach,P0271,1,13.23,5.0,8.23
S000435,2025-07-18,Oakland Park,P0184,1,16.92,0.0,16.92
S006351,2026-02-28,Lake Worth,P0004,1,33.33,0.0,33.33
S001802,2025-09-12,Oakland Park,P0227,1,22.7,2.0,20.7
S004670,2025-12-21,Lake Worth,P0134,1,13.77,0.0,13.77
S004955,2025-12-27,Lake Worth,P0283,1,41.77,0.0,41.77
S007807,2026-04-18,Lake Worth,P0099,1,32.17,0.0,32.17
S001297,2025-08-23,Oakland Park,P0142,1,14.84,0.0,14.84
S004384,2025-12-14,Dania Beach,P0258,2,20.03,0.0,40.06
S001739,2025-09-09,Dania Beach,P0258,1,20.03,2.0,18.03
S001046,2025-08-13,Dania Beach,P0274,1,22.73,0.0,22.73
S008224,2026-04-28,Lake Worth,P0258,2,20.03,0.0,40.06
S009433,2026-06-15,Dania Beach,P0157,1,8.43,5.0,3.43
S007788,2026-04-18,Dania Beach,P0092,1,34.43,0.0,34.43
S005601,2026-01-20,Lake Worth,P0229,1,15.22,0.0,15.22
S002111,2025-09-24,Dania Beach,P0161,1,43.05,0.0,43.05
S001154,2025-08-17,Oakland Park,P0181,1,38.54,0.0,38.54
S000111,2025-07-05,Dania Beach,P0258,1,20.03,0.0,20.03
S003275,2025-11-09,Lake Worth,P0203,1,28.04,0.0,28.04
S001940,2025-09-17,Dania Beach,P0258,1,20.03,0.0,20.03
S002663,2025-10-16,Lake Worth,P0278,1,27.49,0.0,27.49
S000581,2025-07-25,Dania Beach,P0163,1,12.13,0.0,12.13
S002229,2025-09-29,Oakland Park,P0138,1,18.5,0.0,18.5
S003682,2025-11-26,Oakland Park,P0120,1,23.21,0.0,23.21
S004974,2025-12-27,Lake Worth,P0093,3,10.98,5.0,17.94
S005677,2026-01-24,Dania Beach,P0218,1,12.89,0.0,12.89
S005972,2026-02-08,Oakland Park,P0229,1,15.22,2.0,13.22
S008467,2026-05-08,Dania Beach,P0261,1,13.52,0.0,13.52
S000474,2025-07-19,Lake Worth,P0138,1,18.5,0.0,18.5
S008828,2026-05-22,Lake Worth,P0033,1,13.41,0.0,13.41
S002381,2025-10-04,Dania Beach,P0060,1,16.29,0.0,16.29
S003795,2025-12-01,Lake Worth,P0028,2,22.61,0.0,45.22
S002143,2025-09-26,Oakland Park,P0227,1,22.7,2.0,20.7
S008145,2026-04-26,Lake Worth,P0261,1,13.52,0.0,13.52
S003884,2025-12-03,Dania Beach,P0258,1,20.03,0.0,20.03
S001395,2025-08-27,Lake Worth,P0050,1,16.14,0.0,16.14
S000537,2025-07-22,Oakland Park,P0195,1,23.58,0.0,23.58
S001554,2025-09-01,Oakland Park,P0245,1,30.57,5.0,25.57
S002966,2025-10-28,Oakland Park,P0054,1,38.06,0.0,38.06
S003133,2025-11-03,Oakland Park,P0225,1,30.83,0.0,30.83
S001204,2025-08-19,Oakland Park,P0258,1,20.03,0.0,20.03
S000564,2025-07-24,Dania Beach,P0279,3,5.18,0.0,15.54
S005814,2026-01-31,Dania Beach,P0271,1,13.23,0.0,13.23
S003200,2025-11-05,Dania Beach,P0173,1,28.8,0.0,28.8
S000554,2025-07-24,Oakland Park,P0093,1,10.98,0.0,10.98
S004535,2025-12-17,Dania Beach,P0233,2,22.74,2.0,41.48
S002537,2025-10-11,Lake Worth,P0063,1,32.31,0.0,32.31
S004001,2025-12-06,Oakland Park,P0250,1,26.07,0.0,26.07
S000921,2025-08-07,Dania Beach,P0288,1,39.45,0.0,39.45
S003341,2025-11-12,Dania Beach,P0229,1,15.22,2.0,13.22
S002935,2025-10-26,Dania Beach,P0028,1,22.61,2.0,20.61
S007596,2026-04-12,Dania Beach,P0198,1,5.19,0.0,5.19
S002078,2025-09-23,Dania Beach,P0258,1,20.03,0.0,20.03
S001503,2025-08-31,Lake Worth,P0034,1,17.39,5.0,12.39
S006984,2026-03-27,Oakland Park,P0021,1,20.19,0.0,20.19
S002658,2025-10-16,Oakland Park,P0226,1,19.09,0.0,19.09
S009639,2026-06-22,Oakland Park,P0164,1,14.99,0.0,14.99
S001511,2025-08-31,Oakland Park,P0024,1,12.01,0.0,12.01
S004201,2025-12-10,Oakland Park,P0094,1,15.94,0.0,15.94
S004663,2025-12-20,Dania Beach,P0229,1,15.22,0.0,15.22
S006855,2026-03-21,Dania Beach,P0028,1,22.61,2.0,20.61
S005093,2025-12-29,Oakland Park,P0225,1,30.83,2.0,28.83
S003342,2025-11-12,Oakland Park,P0189,1,8.68,0.0,8.68
S000188,2025-07-07,Oakland Park,P0022,1,7.3,0.0,7.3
S001842,2025-09-13,Oakland Park,P0091,1,10.86,0.0,10.86
S008227,2026-04-28,Lake Worth,P0209,2,38.73,0.0,77.46
S009305,2026-06-09,Oakland Park,P0121,1,26.48,0.0,26.48
S008301,2026-05-01,Oakland Park,P0258,2,20.03,0.0,40.06
S008084,2026-04-25,Oakland Park,P0042,1,16.07,0.0,16.07
S006111,2026-02-15,Oakland Park,P0122,1,15.39,0.0,15.39
S002091,2025-09-24,Oakland Park,P0068,1,18.85,0.0,18.85
S000501,2025-07-20,Oakland Park,P0114,1,22.91,0.0,22.91
S004087,2025-12-07,Lake Worth,P0258,1,20.03,0.0,20.03
S003280,2025-11-09,Lake Worth,P0064,1,22.4,0.0,22.4
S005889,2026-02-04,Oakland Park,P0033,1,13.41,0.0,13.41
S005262,2026-01-03,Dania Beach,P0258,1,20.03,0.0,20.03
S001447,2025-08-29,Dania Beach,P0028,1,22.61,0.0,22.61
S001516,2025-08-31,Lake Worth,P0091,1,10.86,0.0,10.86
S008962,2026-05-27,Lake Worth,P0245,1,30.57,2.0,28.57
S001377,2025-08-26,Oakland Park,P0258,2,20.03,0.0,40.06
S007259,2026-04-05,Lake Worth,P0293,1,17.47,0.0,17.47
S004558,2025-12-18,Lake Worth,P0258,1,20.03,0.0,20.03
S006746,2026-03-16,Oakland Park,P0141,1,18.03,0.0,18.03
S007103,2026-03-31,Lake Worth,P0258,1,20.03,0.0,20.03
S001729,2025-09-08,Dania Beach,P0042,1,16.07,0.0,16.07
S006109,2026-02-15,Oakland Park,P0012,1,14.93,0.0,14.93
S000263,2025-07-10,Dania Beach,P0162,1,9.66,0.0,9.66
S001721,2025-09-08,Lake Worth,P0073,1,20.85,0.0,20.85
S009835,2026-06-30,Lake Worth,P0171,1,15.79,0.0,15.79
S001924,2025-09-17,Dania Beach,P0008,1,23.36,0.0,23.36
S006861,2026-03-21,Lake Worth,P0264,1,39.66,2.0,37.66
S001687,2025-09-07,Lake Worth,P0001,1,37.04,0.0,37.04
S008679,2026-05-16,Lake Worth,P0139,1,25.22,2.0,23.22
S007087,2026-03-31,Dania Beach,P0122,1,15.39,0.0,15.39
S004744,2025-12-22,Oakland Park,P0124,1,14.5,0.0,14.5
S004710,2025-12-21,Oakland Park,P0264,1,39.66,0.0,39.66
S009729,2026-06-26,Lake Worth,P0232,1,35.97,0.0,35.97
S003327,2025-11-11,Lake Worth,P0229,2,15.22,0.0,30.44
S000583,2025-07-25,Dania Beach,P0130,1,19.21,0.0,19.21
S004054,2025-12-07,Oakland Park,P0246,1,14.88,0.0,14.88
S007997,2026-04-23,Oakland Park,P0248,1,14.4,0.0,14.4
S009685,2026-06-24,Dania Beach,P0101,1,40.29,0.0,40.29
S003612,2025-11-23,Dania Beach,P0258,1,20.03,0.0,20.03
S001970,2025-09-19,Oakland Park,P0294,1,30.88,0.0,30.88
S005086,2025-12-29,Dania Beach,P0149,1,20.51,0.0,20.51
S003559,2025-11-21,Dania Beach,P0028,1,22.61,0.0,22.61
S007421,2026-04-08,Dania Beach,P0233,1,22.74,0.0,22.74
S001804,2025-09-12,Dania Beach,P0282,1,14.8,0.0,14.8
S002245,2025-09-29,Oakland Park,P0123,1,32.28,0.0,32.28
S001507,2025-08-31,Lake Worth,P0229,1,15.22,0.0,15.22
S002311,2025-10-02,Dania Beach,P0258,1,20.03,0.0,20.03
S005724,2026-01-27,Dania Beach,P0167,1,11.11,0.0,11.11
S001508,2025-08-31,Dania Beach,P0167,3,11.11,5.0,18.33
S003801,2025-12-01,Dania Beach,P0286,1,17.06,0.0,17.06
S003994,2025-12-06,Lake Worth,P0244,1,7.54,0.0,7.54
S002349,2025-10-03,Dania Beach,P0258,1,20.03,0.0,20.03
S003009,2025-10-29,Oakland Park,P0108,1,11.87,0.0,11.87
S001463,2025-08-29,Dania Beach,P0258,1,20.03,0.0,20.03
S007427,2026-04-09,Oakland Park,P0104,1,23.8,0.0,23.8
S006350,2026-02-28,Dania Beach,P0258,1,20.03,0.0,20.03
S009610,2026-06-21,Lake Worth,P0258,2,20.03,0.0,40.06
S001526,2025-08-31,Lake Worth,P0106,1,14.38,5.0,9.38
S003284,2025-11-09,Lake Worth,P0193,1,15.19,0.0,15.19
S006554,2026-03-08,Lake Worth,P0079,1,38.19,0.0,38.19
S004269,2025-12-12,Dania Beach,P0230,1,15.88,0.0,15.88
S004554,2025-12-18,Dania Beach,P0109,1,19.26,5.0,14.26
S009419,2026-06-14,Dania Beach,P0120,1,23.21,0.0,23.21
S003161,2025-11-04,Dania Beach,P0051,1,31.0,0.0,31.0
S007345,2026-04-06,Oakland Park,P0123,1,32.28,0.0,32.28
S006789,2026-03-18,Oakland Park,P0042,1,16.07,0.0,16.07
S000278,2025-07-11,Oakland Park,P0042,1,16.07,2.0,14.07
S000725,2025-07-30,Oakland Park,P0076,1,28.11,0.0,28.11
S001357,2025-08-25,Oakland Park,P0249,1,24.88,0.0,24.88
S003897,2025-12-03,Dania Beach,P0196,1,23.33,0.0,23.33
S008141,2026-04-26,Oakland Park,P0078,2,34.08,0.0,68.16
S007727,2026-04-16,Dania Beach,P0116,1,38.74,0.0,38.74
S001032,2025-08-12,Dania Beach,P0016,1,9.61,0.0,9.61
S006296,2026-02-26,Dania Beach,P0082,2,11.34,0.0,22.68
S006496,2026-03-06,Lake Worth,P0205,1,34.1,0.0,34.1
S007712,2026-04-15,Dania Beach,P0298,1,10.79,0.0,10.79
S004773,2025-12-23,Dania Beach,P0258,1,20.03,2.0,18.03
S008834,2026-05-22,Dania Beach,P0056,1,36.04,2.0,34.04
S008800,2026-05-21,Lake Worth,P0064,1,22.4,0.0,22.4
S001310,2025-08-24,Dania Beach,P0209,1,38.73,0.0,38.73
S001672,2025-09-06,Oakland Park,P0145,1,18.52,0.0,18.52
S001616,2025-09-04,Oakland Park,P0229,1,15.22,0.0,15.22
S002390,2025-10-05,Dania Beach,P0058,1,6.59,0.0,6.59
S006024,2026-02-10,Dania Beach,P0004,1,33.33,0.0,33.33
S008353,2026-05-03,Lake Worth,P0099,1,32.17,0.0,32.17
S001634,2025-09-05,Dania Beach,P0229,1,15.22,0.0,15.22
S004475,2025-12-16,Oakland Park,P0057,1,31.85,0.0,31.85
S009611,2026-06-21,Dania Beach,P0240,1,29.77,0.0,29.77
S002709,2025-10-18,Oakland Park,P0274,1,22.73,2.0,20.73
S007245,2026-04-04,Lake Worth,P0248,2,14.4,0.0,28.8
S009547,2026-06-19,Dania Beach,P0273,1,11.49,0.0,11.49
S007222,2026-04-04,Dania Beach,P0141,1,18.03,5.0,13.03
S004541,2025-12-18,Lake Worth,P0042,1,16.07,5.0,11.07
S007520,2026-04-11,Oakland Park,P0186,2,8.27,0.0,16.54
S008782,2026-05-20,Dania Beach,P0274,1,22.73,0.0,22.73
S009509,2026-06-18,Dania Beach,P0083,1,9.28,0.0,9.28
S002294,2025-10-01,Dania Beach,P0187,1,8.33,0.0,8.33
S006191,2026-02-20,Lake Worth,P0163,1,12.13,2.0,10.13
S008391,2026-05-05,Dania Beach,P0232,1,35.97,0.0,35.97
S008446,2026-05-07,Oakland Park,P0131,1,10.61,0.0,10.61
S002433,2025-10-06,Oakland Park,P0059,1,27.7,0.0,27.7
S008154,2026-04-26,Dania Beach,P0133,1,31.55,0.0,31.55
S008488,2026-05-09,Dania Beach,P0045,1,31.47,0.0,31.47
S000664,2025-07-28,Oakland Park,P0250,1,26.07,0.0,26.07
S008302,2026-05-02,Oakland Park,P0258,1,20.03,0.0,20.03
S002106,2025-09-24,Oakland Park,P0229,1,15.22,0.0,15.22
S007262,2026-04-05,Lake Worth,P0085,1,28.45,0.0,28.45
S007974,2026-04-22,Dania Beach,P0095,2,15.25,0.0,30.5
S004960,2025-12-27,Dania Beach,P0258,1,20.03,0.0,20.03
S004111,2025-12-08,Lake Worth,P0123,1,32.28,0.0,32.28
S001200,2025-08-19,Lake Worth,P0188,2,14.19,0.0,28.38
S004624,2025-12-20,Oakland Park,P0258,1,20.03,0.0,20.03
S005598,2026-01-20,Dania Beach,P0047,2,11.39,0.0,22.78
S000137,2025-07-06,Dania Beach,P0251,1,16.69,0.0,16.69
S001775,2025-09-10,Oakland Park,P0112,1,9.26,2.0,7.26
S008580,2026-05-12,Dania Beach,P0229,1,15.22,0.0,15.22
S008104,2026-04-26,Dania Beach,P0198,1,5.19,0.0,5.19
S009524,2026-06-18,Lake Worth,P0270,1,13.93,0.0,13.93
S009555,2026-06-20,Dania Beach,P0203,1,28.04,0.0,28.04
S000930,2025-08-08,Dania Beach,P0196,1,23.33,0.0,23.33
S002765,2025-10-19,Dania Beach,P0258,1,20.03,0.0,20.03
S008015,2026-04-23,Dania Beach,P0129,1,7.89,0.0,7.89
S008654,2026-05-15,Oakland Park,P0279,1,5.18,0.0,5.18
S006031,2026-02-11,Oakland Park,P0123,1,32.28,2.0,30.28
S002636,2025-10-15,Dania Beach,P0044,1,16.95,0.0,16.95
S009172,2026-06-05,Lake Worth,P0286,1,17.06,0.0,17.06
S005466,2026-01-13,Lake Worth,P0156,1,33.24,0.0,33.24
S000357,2025-07-14,Dania Beach,P0294,1,30.88,0.0,30.88
S004446,2025-12-15,Lake Worth,P0198,1,5.19,5.0,0.19
S004079,2025-12-07,Dania Beach,P0258,1,20.03,0.0,20.03
S000076,2025-07-03,Dania Beach,P0271,1,13.23,0.0,13.23
S006596,2026-03-10,Oakland Park,P0202,1,27.95,0.0,27.95
S003114,2025-11-02,Dania Beach,P0233,1,22.74,0.0,22.74
S004175,2025-12-10,Oakland Park,P0234,1,39.24,0.0,39.24
S009557,2026-06-20,Oakland Park,P0279,1,5.18,0.0,5.18
S001354,2025-08-25,Dania Beach,P0112,1,9.26,0.0,9.26
S000446,2025-07-19,Oakland Park,P0028,1,22.61,0.0,22.61
S000434,2025-07-18,Dania Beach,P0203,1,28.04,0.0,28.04
S004479,2025-12-16,Oakland Park,P0020,1,24.25,0.0,24.25
S003395,2025-11-14,Oakland Park,P0042,1,16.07,0.0,16.07
S000852,2025-08-04,Lake Worth,P0109,1,19.26,2.0,17.26
S007682,2026-04-14,Oakland Park,P0037,1,16.2,0.0,16.2
S009181,2026-06-05,Oakland Park,P0123,1,32.28,5.0,27.28
S000580,2025-07-25,Oakland Park,P0258,1,20.03,0.0,20.03
S006586,2026-03-09,Dania Beach,P0292,1,10.79,0.0,10.79
S003940,2025-12-04,Dania Beach,P0247,1,11.6,2.0,9.6
S006600,2026-03-10,Lake Worth,P0258,1,20.03,2.0,18.03
S007102,2026-03-31,Dania Beach,P0069,1,21.4,0.0,21.4
S003377,2025-11-13,Lake Worth,P0099,1,32.17,0.0,32.17
S007669,2026-04-14,Lake Worth,P0161,1,43.05,0.0,43.05
S003500,2025-11-18,Dania Beach,P0045,1,31.47,0.0,31.47
S003817,2025-12-01,Dania Beach,P0253,1,12.31,0.0,12.31
S000777,2025-08-02,Dania Beach,P0258,1,20.03,0.0,20.03
S004969,2025-12-27,Oakland Park,P0059,2,27.7,0.0,55.4
S007317,2026-04-05,Dania Beach,P0058,1,6.59,0.0,6.59
S003914,2025-12-04,Dania Beach,P0258,1,20.03,0.0,20.03
S002841,2025-10-23,Oakland Park,P0138,1,18.5,0.0,18.5
S003698,2025-11-27,Oakland Park,P0058,1,6.59,0.0,6.59
S008197,2026-04-27,Oakland Park,P0229,1,15.22,0.0,15.22
S004562,2025-12-18,Dania Beach,P0229,2,15.22,2.0,26.44
S004134,2025-12-09,Dania Beach,P0100,1,34.67,0.0,34.67
S006671,2026-03-14,Lake Worth,P0100,1,34.67,0.0,34.67
S005465,2026-01-13,Dania Beach,P0120,1,23.21,5.0,18.21
S001563,2025-09-02,Lake Worth,P0259,1,34.69,2.0,32.69
S009150,2026-06-03,Dania Beach,P0112,1,9.26,0.0,9.26
S003742,2025-11-29,Dania Beach,P0141,1,18.03,0.0,18.03
S007529,2026-04-11,Oakland Park,P0176,1,38.34,0.0,38.34
S003790,2025-12-01,Dania Beach,P0188,1,14.19,0.0,14.19
S008163,2026-04-27,Lake Worth,P0209,1,38.73,0.0,38.73
S002299,2025-10-02,Oakland Park,P0075,1,16.43,2.0,14.43
S004044,2025-12-07,Dania Beach,P0028,1,22.61,0.0,22.61
S000170,2025-07-06,Dania Beach,P0288,1,39.45,0.0,39.45
S004219,2025-12-11,Lake Worth,P0241,1,10.09,0.0,10.09
S005323,2026-01-06,Dania Beach,P0161,2,43.05,0.0,86.1
S001159,2025-08-17,Lake Worth,P0209,1,38.73,0.0,38.73
S008292,2026-05-01,Dania Beach,P0028,1,22.61,2.0,20.61
S000516,2025-07-21,Oakland Park,P0258,1,20.03,5.0,15.03
S002178,2025-09-27,Oakland Park,P0044,1,16.95,0.0,16.95
S009262,2026-06-07,Dania Beach,P0134,1,13.77,0.0,13.77
S006151,2026-02-18,Dania Beach,P0284,3,19.93,0.0,59.79
S003504,2025-11-19,Oakland Park,P0300,1,15.39,0.0,15.39
S000502,2025-07-20,Lake Worth,P0181,1,38.54,0.0,38.54
S005176,2025-12-31,Dania Beach,P0258,1,20.03,0.0,20.03
S009339,2026-06-11,Oakland Park,P0192,1,9.96,0.0,9.96
S004534,2025-12-17,Lake Worth,P0280,3,15.83,0.0,47.49
S009143,2026-06-03,Lake Worth,P0116,1,38.74,0.0,38.74
S003168,2025-11-04,Dania Beach,P0209,1,38.73,0.0,38.73
S006688,2026-03-14,Dania Beach,P0258,1,20.03,0.0,20.03
S003228,2025-11-07,Oakland Park,P0180,1,14.34,0.0,14.34
S000878,2025-08-05,Dania Beach,P0045,1,31.47,0.0,31.47
S006144,2026-02-17,Oakland Park,P0157,1,8.43,0.0,8.43
S003701,2025-11-27,Lake Worth,P0229,1,15.22,0.0,15.22
S005198,2025-12-31,Dania Beach,P0121,1,26.48,2.0,24.48
S003839,2025-12-02,Lake Worth,P0061,1,13.54,0.0,13.54
S005477,2026-01-14,Oakland Park,P0121,1,26.48,0.0,26.48
S006668,2026-03-14,Oakland Park,P0125,1,30.0,0.0,30.0
S005892,2026-02-04,Dania Beach,P0229,1,15.22,0.0,15.22
S006492,2026-03-06,Dania Beach,P0258,1,20.03,0.0,20.03
S009504,2026-06-18,Oakland Park,P0274,1,22.73,0.0,22.73
S009053,2026-05-31,Oakland Park,P0219,1,19.95,2.0,17.95
S002254,2025-09-30,Dania Beach,P0120,1,23.21,0.0,23.21
S004090,2025-12-08,Dania Beach,P0141,1,18.03,0.0,18.03
S009796,2026-06-29,Oakland Park,P0229,1,15.22,0.0,15.22
S006207,2026-02-21,Oakland Park,P0157,1,8.43,2.0,6.43
S004140,2025-12-09,Oakland Park,P0244,1,7.54,0.0,7.54
S009470,2026-06-16,Lake Worth,P0198,1,5.19,0.0,5.19
S008809,2026-05-21,Oakland Park,P0028,2,22.61,0.0,45.22
S009775,2026-06-28,Dania Beach,P0280,1,15.83,0.0,15.83
S009460,2026-06-16,Dania Beach,P0147,1,40.67,2.0,38.67
S002366,2025-10-04,Oakland Park,P0279,1,5.18,0.0,5.18
S007344,2026-04-06,Oakland Park,P0071,2,14.0,0.0,28.0
S002107,2025-09-24,Oakland Park,P0116,1,38.74,5.0,33.74
S007987,2026-04-23,Dania Beach,P0181,1,38.54,0.0,38.54
S008947,2026-05-26,Dania Beach,P0100,1,34.67,0.0,34.67
S006630,2026-03-11,Oakland Park,P0288,1,39.45,0.0,39.45
S002673,2025-10-17,Dania Beach,P0196,1,23.33,0.0,23.33
S004569,2025-12-18,Oakland Park,P0258,1,20.03,0.0,20.03
S009429,2026-06-14,Dania Beach,P0245,1,30.57,0.0,30.57
S006902,2026-03-23,Dania Beach,P0058,1,6.59,0.0,6.59
S008380,2026-05-04,Lake Worth,P0298,1,10.79,0.0,10.79
S003749,2025-11-29,Oakland Park,P0229,2,15.22,0.0,30.44
S000143,2025-07-06,Dania Beach,P0229,1,15.22,2.0,13.22
S000131,2025-07-05,Dania Beach,P0209,1,38.73,0.0,38.73
S000442,2025-07-19,Lake Worth,P0258,1,20.03,0.0,20.03
S009323,2026-06-11,Lake Worth,P0043,1,11.96,0.0,11.96
S001551,2025-09-01,Dania Beach,P0181,1,38.54,0.0,38.54
S008708,2026-05-17,Oakland Park,P0286,1,17.06,0.0,17.06
S004292,2025-12-13,Oakland Park,P0069,1,21.4,0.0,21.4
S009620,2026-06-22,Dania Beach,P0044,1,16.95,0.0,16.95
S001438,2025-08-28,Dania Beach,P0121,1,26.48,0.0,26.48
S008704,2026-05-17,Oakland Park,P0018,1,11.18,0.0,11.18
S001328,2025-08-24,Oakland Park,P0100,1,34.67,0.0,34.67
S005130,2025-12-30,Oakland Park,P0277,1,12.14,0.0,12.14
S004673,2025-12-21,Oakland Park,P0014,1,41.58,0.0,41.58
S006574,2026-03-09,Oakland Park,P0012,1,14.93,0.0,14.93
S005740,2026-01-28,Dania Beach,P0098,1,12.85,2.0,10.85
S004643,2025-12-20,Oakland Park,P0133,1,31.55,0.0,31.55
S004762,2025-12-23,Oakland Park,P0181,1,38.54,0.0,38.54
S008260,2026-04-30,Dania Beach,P0125,1,30.0,0.0,30.0
S000310,2025-07-12,Dania Beach,P0112,1,9.26,2.0,7.26
S001763,2025-09-10,Dania Beach,P0112,2,9.26,0.0,18.52
S007637,2026-04-13,Dania Beach,P0225,1,30.83,0.0,30.83
S004733,2025-12-22,Lake Worth,P0017,1,13.63,0.0,13.63
S005175,2025-12-31,Dania Beach,P0229,1,15.22,0.0,15.22
S004601,2025-12-19,Dania Beach,P0229,1,15.22,0.0,15.22
S008929,2026-05-25,Dania Beach,P0233,1,22.74,0.0,22.74
S006683,2026-03-14,Dania Beach,P0229,1,15.22,5.0,10.22
S003180,2025-11-05,Dania Beach,P0079,1,38.19,0.0,38.19
S003242,2025-11-08,Dania Beach,P0229,1,15.22,0.0,15.22
S006850,2026-03-21,Oakland Park,P0112,1,9.26,0.0,9.26
S004311,2025-12-13,Oakland Park,P0077,2,38.06,0.0,76.12
S002840,2025-10-23,Lake Worth,P0079,1,38.19,0.0,38.19
S007086,2026-03-31,Lake Worth,P0028,1,22.61,0.0,22.61
S008949,2026-05-26,Dania Beach,P0233,2,22.74,0.0,45.48
S009631,2026-06-22,Oakland Park,P0229,1,15.22,0.0,15.22
S005324,2026-01-06,Dania Beach,P0138,1,18.5,0.0,18.5
S006963,2026-03-26,Lake Worth,P0229,1,15.22,0.0,15.22
S001621,2025-09-04,Oakland Park,P0112,1,9.26,0.0,9.26
S001337,2025-08-24,Oakland Park,P0184,1,16.92,0.0,16.92
S005982,2026-02-08,Lake Worth,P0258,1,20.03,0.0,20.03
S003601,2025-11-23,Dania Beach,P0145,1,18.52,5.0,13.52
S009534,2026-06-19,Dania Beach,P0205,1,34.1,5.0,29.1
S000311,2025-07-12,Dania Beach,P0203,1,28.04,0.0,28.04
S004179,2025-12-10,Oakland Park,P0130,1,19.21,0.0,19.21
S009839,2026-06-30,Oakland Park,P0253,1,12.31,0.0,12.31
S004832,2025-12-24,Dania Beach,P0229,1,15.22,0.0,15.22
S000034,2025-07-02,Dania Beach,P0060,1,16.29,0.0,16.29
S001864,2025-09-14,Lake Worth,P0123,1,32.28,0.0,32.28
S006131,2026-02-16,Oakland Park,P0173,2,28.8,0.0,57.6
S003289,2025-11-09,Dania Beach,P0254,1,15.72,0.0,15.72
S007152,2026-04-02,Dania Beach,P0223,1,16.45,0.0,16.45
S001198,2025-08-19,Oakland Park,P0258,1,20.03,0.0,20.03
S009245,2026-06-07,Dania Beach,P0181,1,38.54,0.0,38.54
S008005,2026-04-23,Lake Worth,P0229,1,15.22,0.0,15.22
S006618,2026-03-11,Dania Beach,P0117,1,13.24,0.0,13.24
S006505,2026-03-06,Lake Worth,P0229,2,15.22,2.0,26.44
S008915,2026-05-24,Dania Beach,P0189,1,8.68,5.0,3.68
S002530,2025-10-11,Oakland Park,P0127,1,26.3,0.0,26.3
S008010,2026-04-23,Oakland Park,P0286,1,17.06,0.0,17.06
S000233,2025-07-09,Oakland Park,P0145,1,18.52,0.0,18.52
S001019,2025-08-12,Oakland Park,P0271,1,13.23,0.0,13.23
S006712,2026-03-15,Dania Beach,P0266,1,28.75,0.0,28.75
S007388,2026-04-08,Oakland Park,P0193,1,15.19,0.0,15.19
S000359,2025-07-15,Oakland Park,P0123,1,32.28,0.0,32.28
S002466,2025-10-07,Dania Beach,P0028,1,22.61,0.0,22.61
S003105,2025-11-02,Oakland Park,P0071,1,14.0,0.0,14.0
S003750,2025-11-29,Dania Beach,P0258,1,20.03,0.0,20.03
S001252,2025-08-21,Lake Worth,P0193,1,15.19,0.0,15.19
S008626,2026-05-14,Lake Worth,P0229,1,15.22,2.0,13.22
S004485,2025-12-16,Oakland Park,P0024,1,12.01,0.0,12.01
S004582,2025-12-19,Oakland Park,P0229,3,15.22,0.0,45.66
S002074,2025-09-23,Lake Worth,P0112,3,9.26,0.0,27.78
S005330,2026-01-06,Oakland Park,P0138,1,18.5,0.0,18.5
S000080,2025-07-04,Oakland Park,P0188,1,14.19,0.0,14.19
S004896,2025-12-26,Oakland Park,P0200,1,20.12,5.0,15.12
S004578,2025-12-19,Lake Worth,P0005,1,12.32,0.0,12.32
S004821,2025-12-24,Lake Worth,P0198,1,5.19,0.0,5.19
S000535,2025-07-22,Oakland Park,P0149,1,20.51,2.0,18.51
S006845,2026-03-20,Lake Worth,P0157,1,8.43,0.0,8.43
S003397,2025-11-14,Dania Beach,P0106,1,14.38,0.0,14.38
S002202,2025-09-28,Dania Beach,P0231,2,16.4,0.0,32.8
S003502,2025-11-18,Dania Beach,P0112,1,9.26,0.0,9.26
S005540,2026-01-17,Lake Worth,P0027,1,16.28,0.0,16.28
S004552,2025-12-18,Oakland Park,P0068,1,18.85,0.0,18.85
S006371,2026-03-01,Oakland Park,P0126,1,18.39,0.0,18.39
S001682,2025-09-07,Lake Worth,P0157,1,8.43,0.0,8.43
S008136,2026-04-26,Dania Beach,P0151,2,22.36,0.0,44.72
S003584,2025-11-22,Dania Beach,P0298,1,10.79,0.0,10.79
S007234,2026-04-04,Dania Beach,P0157,1,8.43,0.0,8.43
S003250,2025-11-08,Dania Beach,P0088,2,14.79,0.0,29.58
S001091,2025-08-15,Dania Beach,P0234,1,39.24,5.0,34.24
S000562,2025-07-24,Dania Beach,P0279,1,5.18,0.0,5.18
S006521,2026-03-07,Dania Beach,P0141,1,18.03,0.0,18.03
S002616,2025-10-14,Dania Beach,P0258,1,20.03,0.0,20.03
S007025,2026-03-28,Lake Worth,P0123,1,32.28,0.0,32.28
S009455,2026-06-15,Dania Beach,P0200,1,20.12,0.0,20.12
S008498,2026-05-09,Oakland Park,P0249,1,24.88,0.0,24.88
S008029,2026-04-24,Oakland Park,P0062,1,34.29,0.0,34.29
S003477,2025-11-17,Lake Worth,P0215,1,5.21,0.0,5.21
S004289,2025-12-13,Dania Beach,P0068,1,18.85,0.0,18.85
S002771,2025-10-19,Dania Beach,P0120,1,23.21,0.0,23.21
S003178,2025-11-05,Dania Beach,P0225,1,30.83,0.0,30.83
S000666,2025-07-28,Dania Beach,P0229,1,15.22,0.0,15.22
S003821,2025-12-01,Lake Worth,P0094,1,15.94,0.0,15.94
S002291,2025-10-01,Oakland Park,P0192,1,9.96,0.0,9.96
S009566,2026-06-20,Lake Worth,P0225,1,30.83,0.0,30.83
S003652,2025-11-25,Dania Beach,P0016,1,9.61,0.0,9.61
S000530,2025-07-22,Lake Worth,P0008,1,23.36,0.0,23.36
S001003,2025-08-11,Oakland Park,P0028,1,22.61,0.0,22.61
S008692,2026-05-16,Dania Beach,P0033,2,13.41,0.0,26.82
S003631,2025-11-24,Dania Beach,P0229,1,15.22,0.0,15.22
S007091,2026-03-31,Oakland Park,P0112,1,9.26,0.0,9.26
S000708,2025-07-30,Lake Worth,P0290,1,44.36,0.0,44.36
S002507,2025-10-09,Lake Worth,P0189,1,8.68,5.0,3.68
S006192,2026-02-20,Lake Worth,P0113,2,15.71,0.0,31.42
S008435,2026-05-07,Dania Beach,P0004,1,33.33,0.0,33.33
S007685,2026-04-15,Dania Beach,P0209,1,38.73,0.0,38.73
S007897,2026-04-20,Dania Beach,P0229,1,15.22,0.0,15.22
S006411,2026-03-03,Lake Worth,P0193,1,15.19,0.0,15.19
S008211,2026-04-28,Dania Beach,P0069,1,21.4,0.0,21.4
S004089,2025-12-07,Dania Beach,P0258,1,20.03,5.0,15.03
S006750,2026-03-17,Lake Worth,P0121,1,26.48,0.0,26.48
S005748,2026-01-28,Oakland Park,P0229,2,15.22,5.0,20.44
S009532,2026-06-19,Oakland Park,P0115,1,35.88,2.0,33.88
S004186,2025-12-10,Dania Beach,P0113,1,15.71,0.0,15.71
S009493,2026-06-17,Dania Beach,P0093,1,10.98,0.0,10.98
S004407,2025-12-15,Oakland Park,P0063,1,32.31,0.0,32.31
S005794,2026-01-31,Lake Worth,P0226,1,19.09,0.0,19.09
S004355,2025-12-14,Dania Beach,P0195,1,23.58,0.0,23.58
S003291,2025-11-09,Dania Beach,P0219,1,19.95,2.0,17.95
S007873,2026-04-19,Dania Beach,P0258,1,20.03,0.0,20.03
S008032,2026-04-24,Oakland Park,P0250,1,26.07,5.0,21.07
S006770,2026-03-18,Lake Worth,P0123,1,32.28,0.0,32.28
S006457,2026-03-04,Dania Beach,P0258,3,20.03,0.0,60.09
S009709,2026-06-25,Oakland Park,P0250,1,26.07,0.0,26.07
S003588,2025-11-22,Lake Worth,P0249,1,24.88,0.0,24.88
S004807,2025-12-23,Dania Beach,P0181,1,38.54,0.0,38.54
S004354,2025-12-14,Dania Beach,P0025,1,37.2,0.0,37.2
S008850,2026-05-23,Lake Worth,P0250,1,26.07,0.0,26.07
S004884,2025-12-25,Oakland Park,P0095,1,15.25,0.0,15.25
S000892,2025-08-06,Oakland Park,P0099,1,32.17,0.0,32.17
S009214,2026-06-06,Oakland Park,P0260,1,16.34,0.0,16.34
S001446,2025-08-29,Dania Beach,P0100,1,34.67,0.0,34.67
S003418,2025-11-15,Dania Beach,P0232,1,35.97,0.0,35.97
S005267,2026-01-03,Lake Worth,P0189,1,8.68,0.0,8.68
S004764,2025-12-23,Lake Worth,P0028,1,22.61,0.0,22.61
S005537,2026-01-17,Lake Worth,P0293,1,17.47,0.0,17.47
S009448,2026-06-15,Dania Beach,P0071,2,14.0,2.0,24.0
S002174,2025-09-27,Dania Beach,P0202,1,27.95,0.0,27.95
S001561,2025-09-02,Oakland Park,P0150,1,8.12,0.0,8.12
S000736,2025-07-31,Oakland Park,P0033,1,13.41,0.0,13.41
S007834,2026-04-18,Dania Beach,P0164,1,14.99,0.0,14.99
S005572,2026-01-19,Oakland Park,P0091,1,10.86,0.0,10.86
S005240,2026-01-02,Oakland Park,P0297,1,17.64,2.0,15.64
S005577,2026-01-19,Dania Beach,P0268,1,28.7,0.0,28.7
S002394,2025-10-05,Dania Beach,P0238,3,9.91,2.0,23.73
S006532,2026-03-07,Lake Worth,P0036,1,4.54,0.0,4.54
S008173,2026-04-27,Lake Worth,P0252,1,18.54,0.0,18.54
S001814,2025-09-12,Dania Beach,P0099,1,32.17,0.0,32.17
S001305,2025-08-24,Oakland Park,P0271,1,13.23,2.0,11.23
S003426,2025-11-15,Dania Beach,P0158,1,15.94,0.0,15.94
S001427,2025-08-28,Dania Beach,P0034,1,17.39,0.0,17.39
S008676,2026-05-16,Lake Worth,P0234,1,39.24,0.0,39.24
S006958,2026-03-25,Dania Beach,P0138,1,18.5,0.0,18.5
S002228,2025-09-29,Oakland Park,P0252,1,18.54,0.0,18.54
S009116,2026-06-02,Dania Beach,P0250,1,26.07,2.0,24.07
S005689,2026-01-24,Oakland Park,P0060,1,16.29,0.0,16.29
S003861,2025-12-02,Dania Beach,P0124,1,14.5,0.0,14.5
S006347,2026-02-28,Dania Beach,P0250,2,26.07,0.0,52.14
S005479,2026-01-14,Dania Beach,P0140,1,17.16,0.0,17.16
S000190,2025-07-07,Oakland Park,P0254,1,15.72,2.0,13.72
S009587,2026-06-21,Dania Beach,P0181,1,38.54,2.0,36.54
S005316,2026-01-05,Oakland Park,P0245,1,30.57,0.0,30.57
S006523,2026-03-07,Dania Beach,P0138,1,18.5,0.0,18.5
S002506,2025-10-09,Oakland Park,P0028,2,22.61,5.0,35.22
S005165,2025-12-30,Oakland Park,P0233,1,22.74,2.0,20.74
S000790,2025-08-02,Lake Worth,P0120,1,23.21,0.0,23.21
S005035,2025-12-28,Dania Beach,P0109,1,19.26,0.0,19.26
S006229,2026-02-22,Lake Worth,P0048,3,43.54,0.0,130.62
S009618,2026-06-21,Oakland Park,P0165,1,17.48,0.0,17.48
S000122,2025-07-05,Dania Beach,P0028,1,22.61,0.0,22.61
S008898,2026-05-24,Dania Beach,P0071,1,14.0,0.0,14.0
S009410,2026-06-14,Dania Beach,P0222,1,25.03,0.0,25.03
S000286,2025-07-12,Oakland Park,P0025,1,37.2,0.0,37.2
S002300,2025-10-02,Oakland Park,P0069,1,21.4,0.0,21.4
S000665,2025-07-28,Lake Worth,P0112,1,9.26,0.0,9.26
S009675,2026-06-24,Dania Beach,P0272,1,18.29,0.0,18.29
S006562,2026-03-08,Dania Beach,P0108,1,11.87,0.0,11.87
S003852,2025-12-02,Oakland Park,P0069,1,21.4,0.0,21.4
S004729,2025-12-22,Dania Beach,P0059,1,27.7,0.0,27.7
S008785,2026-05-20,Dania Beach,P0063,1,32.31,0.0,32.31
S001633,2025-09-05,Dania Beach,P0139,2,25.22,0.0,50.44
S004981,2025-12-27,Dania Beach,P0258,1,20.03,2.0,18.03
S009582,2026-06-21,Dania Beach,P0099,1,32.17,0.0,32.17
S005499,2026-01-15,Oakland Park,P0058,1,6.59,0.0,6.59
S009580,2026-06-21,Dania Beach,P0141,1,18.03,0.0,18.03
S000450,2025-07-19,Dania Beach,P0138,1,18.5,0.0,18.5
S007516,2026-04-11,Oakland Park,P0091,1,10.86,0.0,10.86
S000595,2025-07-26,Dania Beach,P0012,1,14.93,0.0,14.93
S000905,2025-08-07,Dania Beach,P0100,1,34.67,0.0,34.67
S003479,2025-11-17,Oakland Park,P0196,2,23.33,0.0,46.66
S008167,2026-04-27,Oakland Park,P0130,1,19.21,2.0,17.21
S008480,2026-05-08,Dania Beach,P0258,1,20.03,0.0,20.03
S004750,2025-12-22,Lake Worth,P0182,1,25.07,0.0,25.07
S002563,2025-10-12,Oakland Park,P0215,1,5.21,0.0,5.21
S005798,2026-01-31,Oakland Park,P0253,1,12.31,0.0,12.31
S002436,2025-10-06,Oakland Park,P0043,1,11.96,0.0,11.96
S005118,2025-12-29,Lake Worth,P0284,1,19.93,0.0,19.93
S007288,2026-04-05,Dania Beach,P0071,1,14.0,0.0,14.0
S009052,2026-05-31,Dania Beach,P0234,1,39.24,2.0,37.24
S002482,2025-10-08,Dania Beach,P0016,1,9.61,0.0,9.61
S002972,2025-10-28,Lake Worth,P0258,2,20.03,2.0,36.06
S007794,2026-04-18,Dania Beach,P0188,1,14.19,0.0,14.19
S004592,2025-12-19,Lake Worth,P0028,1,22.61,0.0,22.61
S008928,2026-05-25,Dania Beach,P0249,2,24.88,5.0,39.76
S002786,2025-10-20,Dania Beach,P0034,1,17.39,0.0,17.39
S007622,2026-04-13,Lake Worth,P0229,1,15.22,0.0,15.22
S000317,2025-07-13,Dania Beach,P0058,1,6.59,0.0,6.59
S000296,2025-07-12,Oakland Park,P0041,2,11.22,0.0,22.44
S004278,2025-12-12,Lake Worth,P0205,1,34.1,0.0,34.1
S002476,2025-10-08,Oakland Park,P0022,1,7.3,0.0,7.3
S006999,2026-03-28,Lake Worth,P0232,1,35.97,0.0,35.97
S001916,2025-09-16,Lake Worth,P0191,1,35.79,0.0,35.79
S008593,2026-05-12,Oakland Park,P0186,1,8.27,0.0,8.27
S008398,2026-05-05,Oakland Park,P0250,3,26.07,2.0,72.21
S002341,2025-10-03,Oakland Park,P0048,1,43.54,0.0,43.54
S006620,2026-03-11,Oakland Park,P0258,1,20.03,0.0,20.03
S009800,2026-06-29,Lake Worth,P0250,1,26.07,0.0,26.07
S008609,2026-05-13,Dania Beach,P0258,2,20.03,5.0,30.06
S009809,2026-06-29,Oakland Park,P0284,1,19.93,5.0,14.93
S002538,2025-10-11,Dania Beach,P0014,1,41.58,0.0,41.58
S002031,2025-09-21,Dania Beach,P0258,1,20.03,0.0,20.03
S000194,2025-07-07,Dania Beach,P0165,1,17.48,5.0,12.48
S002528,2025-10-11,Dania Beach,P0205,1,34.1,0.0,34.1
S009089,2026-06-01,Oakland Park,P0051,1,31.0,0.0,31.0
S009265,2026-06-07,Dania Beach,P0282,1,14.8,2.0,12.8
S009062,2026-05-31,Dania Beach,P0028,1,22.61,0.0,22.61
S007151,2026-04-02,Lake Worth,P0045,1,31.47,0.0,31.47
S004381,2025-12-14,Dania Beach,P0258,1,20.03,0.0,20.03
S002655,2025-10-16,Lake Worth,P0135,1,18.06,0.0,18.06
S003122,2025-11-02,Dania Beach,P0188,1,14.19,0.0,14.19
S005760,2026-01-29,Lake Worth,P0298,1,10.79,0.0,10.79
S002064,2025-09-22,Lake Worth,P0173,1,28.8,0.0,28.8
S005567,2026-01-19,Dania Beach,P0099,1,32.17,0.0,32.17
S002922,2025-10-26,Oakland Park,P0060,1,16.29,0.0,16.29
S002646,2025-10-15,Dania Beach,P0067,1,22.05,0.0,22.05
S004252,2025-12-12,Dania Beach,P0272,1,18.29,0.0,18.29
S009209,2026-06-06,Dania Beach,P0100,1,34.67,2.0,32.67
S005665,2026-01-24,Lake Worth,P0091,1,10.86,0.0,10.86
S005571,2026-01-19,Oakland Park,P0229,1,15.22,0.0,15.22
S002851,2025-10-23,Oakland Park,P0130,1,19.21,0.0,19.21
S004586,2025-12-19,Lake Worth,P0040,1,30.27,0.0,30.27
S000874,2025-08-05,Dania Beach,P0232,1,35.97,0.0,35.97
S004306,2025-12-13,Oakland Park,P0031,1,23.06,2.0,21.06
S003982,2025-12-05,Oakland Park,P0028,1,22.61,0.0,22.61
S005652,2026-01-23,Dania Beach,P0041,1,11.22,0.0,11.22
S000551,2025-07-24,Oakland Park,P0019,1,19.0,0.0,19.0
S003476,2025-11-17,Oakland Park,P0235,1,21.78,0.0,21.78
S009287,2026-06-08,Dania Beach,P0069,1,21.4,0.0,21.4
S009335,2026-06-11,Dania Beach,P0053,1,11.0,0.0,11.0
S000703,2025-07-30,Dania Beach,P0051,1,31.0,5.0,26.0
S008066,2026-04-25,Oakland Park,P0060,1,16.29,0.0,16.29
S002061,2025-09-22,Dania Beach,P0102,1,16.27,0.0,16.27
S004124,2025-12-09,Dania Beach,P0258,2,20.03,0.0,40.06
S005341,2026-01-07,Oakland Park,P0112,1,9.26,0.0,9.26
S005639,2026-01-22,Dania Beach,P0016,1,9.61,0.0,9.61
S007978,2026-04-22,Oakland Park,P0024,2,12.01,0.0,24.02
S007838,2026-04-19,Dania Beach,P0258,1,20.03,0.0,20.03
S009028,2026-05-30,Dania Beach,P0258,1,20.03,0.0,20.03
S007757,2026-04-17,Oakland Park,P0229,1,15.22,0.0,15.22
S001990,2025-09-20,Dania Beach,P0054,1,38.06,0.0,38.06
S003316,2025-11-10,Dania Beach,P0037,1,16.2,0.0,16.2
S001776,2025-09-10,Oakland Park,P0059,1,27.7,0.0,27.7
S009073,2026-05-31,Dania Beach,P0063,1,32.31,0.0,32.31
S001535,2025-09-01,Dania Beach,P0123,1,32.28,0.0,32.28
S006564,2026-03-08,Dania Beach,P0253,1,12.31,0.0,12.31
S009491,2026-06-17,Dania Beach,P0028,1,22.61,0.0,22.61
S002118,2025-09-25,Oakland Park,P0087,1,10.56,0.0,10.56
S001945,2025-09-18,Dania Beach,P0060,1,16.29,0.0,16.29
S003832,2025-12-02,Dania Beach,P0116,1,38.74,0.0,38.74
S000688,2025-07-29,Oakland Park,P0258,2,20.03,2.0,36.06
S005746,2026-01-28,Oakland Park,P0255,1,34.26,0.0,34.26
S006959,2026-03-25,Dania Beach,P0258,1,20.03,0.0,20.03
S008634,2026-05-14,Oakland Park,P0104,2,23.8,0.0,47.6
S004742,2025-12-22,Lake Worth,P0028,3,22.61,0.0,67.83
S008633,2026-05-14,Oakland Park,P0299,1,6.83,5.0,1.83
S007322,2026-04-06,Oakland Park,P0160,1,15.14,0.0,15.14
S007253,2026-04-04,Oakland Park,P0107,1,35.69,0.0,35.69
S005545,2026-01-18,Lake Worth,P0034,1,17.39,0.0,17.39
S005569,2026-01-19,Oakland Park,P0258,1,20.03,0.0,20.03
S008159,2026-04-27,Dania Beach,P0264,1,39.66,2.0,37.66
S001304,2025-08-23,Lake Worth,P0120,3,23.21,2.0,63.63
S001512,2025-08-31,Oakland Park,P0177,1,14.51,0.0,14.51
S004202,2025-12-10,Dania Beach,P0003,1,11.11,0.0,11.11
S008578,2026-05-12,Oakland Park,P0151,1,22.36,0.0,22.36
S000566,2025-07-24,Lake Worth,P0234,1,39.24,0.0,39.24
S007769,2026-04-17,Dania Beach,P0028,1,22.61,0.0,22.61
S003681,2025-11-26,Dania Beach,P0244,1,7.54,0.0,7.54
S000906,2025-08-07,Lake Worth,P0006,1,18.74,0.0,18.74
S000513,2025-07-21,Oakland Park,P0024,1,12.01,5.0,7.01
S008020,2026-04-24,Dania Beach,P0232,2,35.97,0.0,71.94
S003868,2025-12-02,Oakland Park,P0298,1,10.79,0.0,10.79
S009259,2026-06-07,Dania Beach,P0245,1,30.57,5.0,25.57
S003659,2025-11-25,Oakland Park,P0017,1,13.63,0.0,13.63
S007924,2026-04-21,Lake Worth,P0199,1,11.97,0.0,11.97
S008860,2026-05-23,Dania Beach,P0045,1,31.47,2.0,29.47
S004118,2025-12-09,Oakland Park,P0099,1,32.17,0.0,32.17
S002130,2025-09-25,Dania Beach,P0104,1,23.8,0.0,23.8
S002702,2025-10-18,Oakland Park,P0225,1,30.83,0.0,30.83
S006538,2026-03-08,Oakland Park,P0288,1,39.45,0.0,39.45
S004012,2025-12-06,Dania Beach,P0283,1,41.77,0.0,41.77
S007963,2026-04-22,Dania Beach,P0034,1,17.39,0.0,17.39
S005949,2026-02-07,Oakland Park,P0112,1,9.26,0.0,9.26
S008551,2026-05-11,Lake Worth,P0253,1,12.31,2.0,10.31
S004609,2025-12-20,Oakland Park,P0280,3,15.83,0.0,47.49
S005047,2025-12-28,Oakland Park,P0076,1,28.11,5.0,23.11
S004061,2025-12-07,Oakland Park,P0181,1,38.54,0.0,38.54
S008851,2026-05-23,Oakland Park,P0229,1,15.22,0.0,15.22
S006123,2026-02-16,Dania Beach,P0120,1,23.21,0.0,23.21
S008849,2026-05-22,Lake Worth,P0266,1,28.75,0.0,28.75
S000018,2025-07-02,Dania Beach,P0141,1,18.03,0.0,18.03
S004163,2025-12-10,Dania Beach,P0102,1,16.27,0.0,16.27
S003549,2025-11-21,Oakland Park,P0131,1,10.61,0.0,10.61
S006431,2026-03-03,Lake Worth,P0099,1,32.17,0.0,32.17
S008951,2026-05-26,Oakland Park,P0286,1,17.06,0.0,17.06
S006666,2026-03-14,Lake Worth,P0090,1,39.67,0.0,39.67
S000077,2025-07-04,Dania Beach,P0077,1,38.06,0.0,38.06
S004350,2025-12-14,Oakland Park,P0033,1,13.41,0.0,13.41
S007574,2026-04-12,Dania Beach,P0141,1,18.03,0.0,18.03
S005675,2026-01-24,Lake Worth,P0107,1,35.69,0.0,35.69
S004497,2025-12-17,Dania Beach,P0258,1,20.03,0.0,20.03
S007337,2026-04-06,Dania Beach,P0099,1,32.17,0.0,32.17
S002714,2025-10-18,Dania Beach,P0253,1,12.31,0.0,12.31
S009318,2026-06-10,Lake Worth,P0123,1,32.28,0.0,32.28
S005947,2026-02-07,Lake Worth,P0031,1,23.06,0.0,23.06
S006583,2026-03-09,Dania Beach,P0191,1,35.79,0.0,35.79
S007405,2026-04-08,Lake Worth,P0120,2,23.21,0.0,46.42
S006913,2026-03-23,Dania Beach,P0192,2,9.96,0.0,19.92
S003570,2025-11-22,Oakland Park,P0181,1,38.54,0.0,38.54
S001680,2025-09-06,Dania Beach,P0033,1,13.41,0.0,13.41
S006766,2026-03-17,Lake Worth,P0245,1,30.57,0.0,30.57
S009619,2026-06-22,Oakland Park,P0138,1,18.5,2.0,16.5
S005085,2025-12-29,Dania Beach,P0022,1,7.3,0.0,7.3
S007332,2026-04-06,Dania Beach,P0277,1,12.14,0.0,12.14
S001777,2025-09-10,Oakland Park,P0250,2,26.07,0.0,52.14
S001417,2025-08-27,Dania Beach,P0027,1,16.28,2.0,14.28
S001818,2025-09-12,Lake Worth,P0264,1,39.66,0.0,39.66
S003889,2025-12-03,Oakland Park,P0255,1,34.26,0.0,34.26
S005327,2026-01-06,Dania Beach,P0263,1,24.16,0.0,24.16
S003996,2025-12-06,Dania Beach,P0033,2,13.41,0.0,26.82
S003670,2025-11-26,Dania Beach,P0258,1,20.03,0.0,20.03
S001597,2025-09-03,Dania Beach,P0021,1,20.19,0.0,20.19
S007940,2026-04-21,Dania Beach,P0152,1,10.83,0.0,10.83
S000262,2025-07-10,Oakland Park,P0120,1,23.21,0.0,23.21
S003875,2025-12-03,Dania Beach,P0133,1,31.55,0.0,31.55
S005901,2026-02-04,Oakland Park,P0002,1,33.09,0.0,33.09
S002776,2025-10-20,Dania Beach,P0168,1,9.03,2.0,7.03
S009576,2026-06-20,Oakland Park,P0259,1,34.69,0.0,34.69
S002239,2025-09-29,Oakland Park,P0200,1,20.12,0.0,20.12
S007831,2026-04-18,Dania Beach,P0134,1,13.77,0.0,13.77
S003166,2025-11-04,Dania Beach,P0229,1,15.22,0.0,15.22
S001617,2025-09-04,Dania Beach,P0258,1,20.03,0.0,20.03
S005663,2026-01-24,Lake Worth,P0048,3,43.54,0.0,130.62
S005608,2026-01-21,Lake Worth,P0025,1,37.2,0.0,37.2
S001061,2025-08-13,Dania Beach,P0028,1,22.61,0.0,22.61
S004563,2025-12-18,Lake Worth,P0279,1,5.18,0.0,5.18
S001175,2025-08-18,Dania Beach,P0266,1,28.75,0.0,28.75
S005514,2026-01-16,Dania Beach,P0138,1,18.5,0.0,18.5
S006121,2026-02-16,Dania Beach,P0188,1,14.19,2.0,12.19
S002127,2025-09-25,Oakland Park,P0251,3,16.69,0.0,50.07
S001985,2025-09-20,Lake Worth,P0205,1,34.1,0.0,34.1
S002250,2025-09-29,Oakland Park,P0253,1,12.31,0.0,12.31
S006914,2026-03-23,Oakland Park,P0059,1,27.7,0.0,27.7
S000178,2025-07-06,Oakland Park,P0197,1,24.23,0.0,24.23
S005683,2026-01-24,Lake Worth,P0054,1,38.06,0.0,38.06
S005305,2026-01-05,Dania Beach,P0247,2,11.6,0.0,23.2
S000689,2025-07-29,Dania Beach,P0296,2,10.05,0.0,20.1
S003943,2025-12-05,Oakland Park,P0004,1,33.33,0.0,33.33
S006692,2026-03-14,Dania Beach,P0264,1,39.66,0.0,39.66
S001900,2025-09-16,Dania Beach,P0120,1,23.21,0.0,23.21
S004102,2025-12-08,Dania Beach,P0015,1,10.97,0.0,10.97
S009312,2026-06-10,Oakland Park,P0081,1,12.2,0.0,12.2
S009745,2026-06-27,Lake Worth,P0138,1,18.5,0.0,18.5
S008487,2026-05-09,Oakland Park,P0126,1,18.39,2.0,16.39
S004853,2025-12-25,Lake Worth,P0022,1,7.3,0.0,7.3
S004346,2025-12-14,Lake Worth,P0250,1,26.07,0.0,26.07
S009031,2026-05-30,Dania Beach,P0201,1,37.27,0.0,37.27
S008583,2026-05-12,Oakland Park,P0126,1,18.39,2.0,16.39
S006909,2026-03-23,Dania Beach,P0217,1,17.82,0.0,17.82
S000705,2025-07-30,Oakland Park,P0240,1,29.77,0.0,29.77
S009210,2026-06-06,Oakland Park,P0120,1,23.21,2.0,21.21
S003254,2025-11-08,Dania Beach,P0233,1,22.74,5.0,17.74
S006045,2026-02-12,Dania Beach,P0258,1,20.03,0.0,20.03
S004190,2025-12-10,Dania Beach,P0251,1,16.69,0.0,16.69
S002651,2025-10-15,Dania Beach,P0228,1,12.36,0.0,12.36
S002069,2025-09-23,Oakland Park,P0250,1,26.07,0.0,26.07
S003883,2025-12-03,Oakland Park,P0178,1,35.29,0.0,35.29
S000642,2025-07-27,Lake Worth,P0060,3,16.29,0.0,48.87
S002119,2025-09-25,Lake Worth,P0229,1,15.22,0.0,15.22
S007431,2026-04-09,Lake Worth,P0250,1,26.07,0.0,26.07
S005933,2026-02-06,Oakland Park,P0138,1,18.5,0.0,18.5
S009764,2026-06-27,Oakland Park,P0290,1,44.36,0.0,44.36
S009238,2026-06-07,Lake Worth,P0169,1,28.05,2.0,26.05
S003917,2025-12-04,Oakland Park,P0095,1,15.25,0.0,15.25
S008255,2026-04-30,Dania Beach,P0181,1,38.54,0.0,38.54
S007276,2026-04-05,Lake Worth,P0168,2,9.03,0.0,18.06
S008622,2026-05-13,Dania Beach,P0258,1,20.03,0.0,20.03
S009309,2026-06-10,Dania Beach,P0091,2,10.86,0.0,21.72
S006454,2026-03-04,Lake Worth,P0205,1,34.1,0.0,34.1
S005003,2025-12-27,Dania Beach,P0134,1,13.77,0.0,13.77
S008132,2026-04-26,Lake Worth,P0246,1,14.88,0.0,14.88
S001375,2025-08-26,Oakland Park,P0207,1,8.62,5.0,3.62
S009248,2026-06-07,Lake Worth,P0095,1,15.25,0.0,15.25
S000066,2025-07-03,Dania Beach,P0209,1,38.73,0.0,38.73
S001145,2025-08-17,Oakland Park,P0090,1,39.67,0.0,39.67
S006843,2026-03-20,Oakland Park,P0286,1,17.06,0.0,17.06
S007931,2026-04-21,Dania Beach,P0042,1,16.07,0.0,16.07
S001716,2025-09-08,Oakland Park,P0145,1,18.52,0.0,18.52
S008910,2026-05-24,Dania Beach,P0258,1,20.03,0.0,20.03
S002266,2025-09-30,Oakland Park,P0195,1,23.58,0.0,23.58
S001187,2025-08-18,Dania Beach,P0248,1,14.4,0.0,14.4
S007683,2026-04-14,Dania Beach,P0257,1,21.09,0.0,21.09
S001531,2025-09-01,Lake Worth,P0190,1,31.63,0.0,31.63
S002337,2025-10-03,Lake Worth,P0104,1,23.8,0.0,23.8
S002361,2025-10-04,Dania Beach,P0033,1,13.41,0.0,13.41
S002637,2025-10-15,Dania Beach,P0042,1,16.07,0.0,16.07
S009480,2026-06-16,Lake Worth,P0063,1,32.31,0.0,32.31
S005707,2026-01-26,Oakland Park,P0250,1,26.07,5.0,21.07
S003167,2025-11-04,Dania Beach,P0250,1,26.07,5.0,21.07
S008265,2026-04-30,Dania Beach,P0283,1,41.77,0.0,41.77
S002483,2025-10-08,Dania Beach,P0006,1,18.74,0.0,18.74
S008505,2026-05-09,Dania Beach,P0074,1,23.62,0.0,23.62
S007180,2026-04-03,Oakland Park,P0123,1,32.28,0.0,32.28
S007579,2026-04-12,Dania Beach,P0202,1,27.95,0.0,27.95
S005676,2026-01-24,Oakland Park,P0081,1,12.2,0.0,12.2
S009628,2026-06-22,Dania Beach,P0298,1,10.79,0.0,10.79
S008034,2026-04-24,Lake Worth,P0258,1,20.03,0.0,20.03
S002587,2025-10-13,Dania Beach,P0063,1,32.31,0.0,32.31
S009514,2026-06-18,Dania Beach,P0089,1,38.61,0.0,38.61
S000886,2025-08-06,Oakland Park,P0017,1,13.63,0.0,13.63
S008859,2026-05-23,Dania Beach,P0250,1,26.07,0.0,26.07
S007109,2026-04-01,Dania Beach,P0224,1,28.47,0.0,28.47
S007328,2026-04-06,Oakland Park,P0237,1,18.61,0.0,18.61
S009795,2026-06-29,Lake Worth,P0123,1,32.28,5.0,27.28
S005632,2026-01-22,Oakland Park,P0204,1,30.89,0.0,30.89
S008552,2026-05-11,Lake Worth,P0255,1,34.26,0.0,34.26
S006525,2026-03-07,Dania Beach,P0258,2,20.03,0.0,40.06
S002589,2025-10-13,Oakland Park,P0250,1,26.07,0.0,26.07
S004390,2025-12-14,Dania Beach,P0113,1,15.71,0.0,15.71
S003784,2025-11-30,Oakland Park,P0229,1,15.22,0.0,15.22
S005609,2026-01-21,Dania Beach,P0244,1,7.54,0.0,7.54
S009008,2026-05-29,Lake Worth,P0097,1,11.18,0.0,11.18
S007016,2026-03-28,Dania Beach,P0188,1,14.19,0.0,14.19
S000085,2025-07-04,Oakland Park,P0100,1,34.67,0.0,34.67
S005168,2025-12-30,Dania Beach,P0004,2,33.33,0.0,66.66
S009277,2026-06-08,Oakland Park,P0027,1,16.28,2.0,14.28
S009821,2026-06-30,Lake Worth,P0028,1,22.61,0.0,22.61
S006778,2026-03-18,Oakland Park,P0196,1,23.33,0.0,23.33
S008798,2026-05-21,Lake Worth,P0258,1,20.03,0.0,20.03
S002481,2025-10-08,Dania Beach,P0171,1,15.79,0.0,15.79
S004806,2025-12-23,Dania Beach,P0250,1,26.07,0.0,26.07
S006869,2026-03-21,Lake Worth,P0126,1,18.39,0.0,18.39
S002447,2025-10-07,Dania Beach,P0165,1,17.48,0.0,17.48
S004746,2025-12-22,Oakland Park,P0257,1,21.09,0.0,21.09
S008810,2026-05-21,Dania Beach,P0107,1,35.69,0.0,35.69
S008085,2026-04-25,Oakland Park,P0148,1,17.71,0.0,17.71
S006301,2026-02-26,Oakland Park,P0084,1,8.22,0.0,8.22
S003018,2025-10-30,Oakland Park,P0085,1,28.45,0.0,28.45
S007777,2026-04-17,Dania Beach,P0298,1,10.79,0.0,10.79
S000197,2025-07-07,Dania Beach,P0005,1,12.32,0.0,12.32
S007078,2026-03-30,Oakland Park,P0073,1,20.85,0.0,20.85
S007068,2026-03-30,Lake Worth,P0225,1,30.83,2.0,28.83
S003780,2025-11-30,Lake Worth,P0225,1,30.83,2.0,28.83
S001440,2025-08-28,Dania Beach,P0028,1,22.61,0.0,22.61
S005052,2025-12-28,Dania Beach,P0090,1,39.67,0.0,39.67
S005811,2026-01-31,Lake Worth,P0224,1,28.47,0.0,28.47
S009654,2026-06-23,Dania Beach,P0078,1,34.08,0.0,34.08
S002733,2025-10-18,Oakland Park,P0229,1,15.22,0.0,15.22
S004165,2025-12-10,Dania Beach,P0232,2,35.97,0.0,71.94
S000398,2025-07-16,Oakland Park,P0051,1,31.0,0.0,31.0
S003639,2025-11-24,Dania Beach,P0033,1,13.41,0.0,13.41
S003558,2025-11-21,Dania Beach,P0202,1,27.95,0.0,27.95
S009198,2026-06-06,Oakland Park,P0176,1,38.34,0.0,38.34
S002594,2025-10-13,Dania Beach,P0232,2,35.97,0.0,71.94
S000228,2025-07-09,Oakland Park,P0293,2,17.47,0.0,34.94
S007061,2026-03-30,Dania Beach,P0155,1,33.74,0.0,33.74
S003406,2025-11-14,Dania Beach,P0120,1,23.21,0.0,23.21
S006655,2026-03-13,Lake Worth,P0258,1,20.03,0.0,20.03
S000690,2025-07-29,Oakland Park,P0024,1,12.01,0.0,12.01
S006513,2026-03-07,Dania Beach,P0032,2,10.89,0.0,21.78
S003230,2025-11-07,Dania Beach,P0033,1,13.41,0.0,13.41
S002320,2025-10-02,Dania Beach,P0041,1,11.22,0.0,11.22
S002335,2025-10-03,Lake Worth,P0095,2,15.25,2.0,26.5
S005509,2026-01-16,Dania Beach,P0191,1,35.79,0.0,35.79
S000873,2025-08-05,Oakland Park,P0145,1,18.52,0.0,18.52
S009123,2026-06-02,Oakland Park,P0224,1,28.47,2.0,26.47
S008908,2026-05-24,Oakland Park,P0072,1,23.85,0.0,23.85
S002898,2025-10-25,Oakland Park,P0123,1,32.28,0.0,32.28
S008559,2026-05-11,Lake Worth,P0286,1,17.06,2.0,15.06
S009380,2026-06-13,Dania Beach,P0061,1,13.54,0.0,13.54
S000571,2025-07-25,Dania Beach,P0092,1,34.43,0.0,34.43
S006361,2026-02-28,Oakland Park,P0275,1,12.12,0.0,12.12
S005573,2026-01-19,Dania Beach,P0250,1,26.07,0.0,26.07
S008750,2026-05-18,Lake Worth,P0250,1,26.07,0.0,26.07
S002114,2025-09-25,Oakland Park,P0214,1,40.55,5.0,35.55
S005191,2025-12-31,Dania Beach,P0107,1,35.69,0.0,35.69
S004797,2025-12-23,Oakland Park,P0289,1,47.01,0.0,47.01
S009366,2026-06-12,Dania Beach,P0108,1,11.87,0.0,11.87
S007770,2026-04-17,Dania Beach,P0069,1,21.4,0.0,21.4
S007430,2026-04-09,Dania Beach,P0098,1,12.85,0.0,12.85
S006702,2026-03-15,Dania Beach,P0035,1,25.13,0.0,25.13
S000022,2025-07-02,Dania Beach,P0100,1,34.67,0.0,34.67
S006560,2026-03-08,Dania Beach,P0068,1,18.85,0.0,18.85
S008414,2026-05-06,Dania Beach,P0258,1,20.03,0.0,20.03
S009842,2026-06-30,Oakland Park,P0209,1,38.73,0.0,38.73
S001258,2025-08-22,Dania Beach,P0192,1,9.96,0.0,9.96
S006290,2026-02-26,Dania Beach,P0120,1,23.21,0.0,23.21
S008048,2026-04-24,Dania Beach,P0090,1,39.67,0.0,39.67
S001232,2025-08-20,Lake Worth,P0134,2,13.77,0.0,27.54
S000101,2025-07-05,Oakland Park,P0271,1,13.23,0.0,13.23
S000227,2025-07-09,Dania Beach,P0259,1,34.69,0.0,34.69
S000213,2025-07-08,Dania Beach,P0122,1,15.39,0.0,15.39
S000019,2025-07-02,Lake Worth,P0028,1,22.61,0.0,22.61
S009785,2026-06-28,Dania Beach,P0125,2,30.0,0.0,60.0
S002232,2025-09-29,Lake Worth,P0294,1,30.88,0.0,30.88
S002376,2025-10-04,Dania Beach,P0258,2,20.03,0.0,40.06
S001393,2025-08-27,Dania Beach,P0157,2,8.43,2.0,12.86
S003972,2025-12-05,Dania Beach,P0072,1,23.85,0.0,23.85
S002986,2025-10-28,Oakland Park,P0078,1,34.08,0.0,34.08
S004095,2025-12-08,Oakland Park,P0229,1,15.22,5.0,10.22
S007374,2026-04-07,Dania Beach,P0229,1,15.22,0.0,15.22
S002707,2025-10-18,Dania Beach,P0279,1,5.18,0.0,5.18
S000268,2025-07-11,Oakland Park,P0236,1,32.91,0.0,32.91
S009489,2026-06-17,Lake Worth,P0180,2,14.34,0.0,28.68
S007475,2026-04-10,Oakland Park,P0046,1,16.17,0.0,16.17
S009476,2026-06-16,Oakland Park,P0237,1,18.61,0.0,18.61
S001501,2025-08-31,Dania Beach,P0258,1,20.03,5.0,15.03
S007149,2026-04-02,Oakland Park,P0298,1,10.79,0.0,10.79
S006152,2026-02-18,Oakland Park,P0123,1,32.28,0.0,32.28
S002421,2025-10-05,Dania Beach,P0109,2,19.26,0.0,38.52
S001435,2025-08-28,Oakland Park,P0058,1,6.59,0.0,6.59
S007673,2026-04-14,Oakland Park,P0171,1,15.79,5.0,10.79
S000731,2025-07-31,Lake Worth,P0122,1,15.39,0.0,15.39
S001994,2025-09-20,Lake Worth,P0180,1,14.34,0.0,14.34
S000507,2025-07-20,Dania Beach,P0283,1,41.77,0.0,41.77
S003633,2025-11-24,Dania Beach,P0045,1,31.47,0.0,31.47
S004690,2025-12-21,Dania Beach,P0253,1,12.31,5.0,7.31
S006162,2026-02-18,Lake Worth,P0209,1,38.73,0.0,38.73
S007105,2026-03-31,Oakland Park,P0028,1,22.61,0.0,22.61
S002193,2025-09-28,Dania Beach,P0153,1,24.73,0.0,24.73
S008999,2026-05-29,Dania Beach,P0257,1,21.09,0.0,21.09
S002397,2025-10-05,Oakland Park,P0099,1,32.17,0.0,32.17
S006196,2026-02-20,Lake Worth,P0099,1,32.17,0.0,32.17
S007397,2026-04-08,Dania Beach,P0258,1,20.03,0.0,20.03
S006705,2026-03-15,Oakland Park,P0286,1,17.06,0.0,17.06
S005937,2026-02-06,Dania Beach,P0129,1,7.89,0.0,7.89
S001684,2025-09-07,Dania Beach,P0258,1,20.03,0.0,20.03
S007591,2026-04-12,Oakland Park,P0003,1,11.11,0.0,11.11
S006580,2026-03-09,Dania Beach,P0091,1,10.86,0.0,10.86
S001480,2025-08-30,Dania Beach,P0271,1,13.23,0.0,13.23
S008942,2026-05-26,Dania Beach,P0229,1,15.22,0.0,15.22
S000760,2025-08-01,Dania Beach,P0258,1,20.03,0.0,20.03
S003510,2025-11-19,Oakland Park,P0258,2,20.03,0.0,40.06
S009039,2026-05-30,Lake Worth,P0229,1,15.22,0.0,15.22
S001174,2025-08-18,Dania Beach,P0225,1,30.83,0.0,30.83
S005288,2026-01-04,Dania Beach,P0138,1,18.5,0.0,18.5
S002090,2025-09-24,Oakland Park,P0150,1,8.12,0.0,8.12
S004235,2025-12-11,Dania Beach,P0044,1,16.95,0.0,16.95
S000997,2025-08-10,Lake Worth,P0252,1,18.54,0.0,18.54
S001720,2025-09-08,Oakland Park,P0121,1,26.48,0.0,26.48
S005920,2026-02-06,Dania Beach,P0205,1,34.1,0.0,34.1
S005136,2025-12-30,Dania Beach,P0137,1,34.89,0.0,34.89
S008489,2026-05-09,Dania Beach,P0258,1,20.03,0.0,20.03
S005589,2026-01-19,Dania Beach,P0099,1,32.17,0.0,32.17
S002073,2025-09-23,Dania Beach,P0028,1,22.61,0.0,22.61
S001216,2025-08-20,Oakland Park,P0212,1,31.11,0.0,31.11
S003330,2025-11-11,Dania Beach,P0258,1,20.03,0.0,20.03
S006816,2026-03-20,Lake Worth,P0212,2,31.11,2.0,58.22
S004359,2025-12-14,Dania Beach,P0068,1,18.85,2.0,16.85
S007642,2026-04-14,Dania Beach,P0071,1,14.0,0.0,14.0
S003486,2025-11-18,Dania Beach,P0125,1,30.0,0.0,30.0
S008977,2026-05-28,Oakland Park,P0138,1,18.5,0.0,18.5
S002665,2025-10-16,Oakland Park,P0279,1,5.18,0.0,5.18
S005450,2026-01-12,Oakland Park,P0022,1,7.3,0.0,7.3
S003482,2025-11-17,Oakland Park,P0157,1,8.43,0.0,8.43
S005459,2026-01-13,Oakland Park,P0107,1,35.69,0.0,35.69
S002486,2025-10-08,Dania Beach,P0090,1,39.67,0.0,39.67
S001590,2025-09-03,Oakland Park,P0028,1,22.61,0.0,22.61
S001469,2025-08-30,Dania Beach,P0281,1,17.35,0.0,17.35
S009175,2026-06-05,Oakland Park,P0107,1,35.69,0.0,35.69
S004753,2025-12-22,Lake Worth,P0253,1,12.31,0.0,12.31
S000152,2025-07-06,Oakland Park,P0002,1,33.09,0.0,33.09
S002820,2025-10-22,Oakland Park,P0250,1,26.07,0.0,26.07
S007639,2026-04-13,Dania Beach,P0258,1,20.03,0.0,20.03
S009171,2026-06-05,Oakland Park,P0048,1,43.54,0.0,43.54
S007616,2026-04-13,Lake Worth,P0120,1,23.21,0.0,23.21
S002878,2025-10-25,Oakland Park,P0123,1,32.28,0.0,32.28
S000944,2025-08-09,Oakland Park,P0066,1,15.19,0.0,15.19
S004065,2025-12-07,Oakland Park,P0110,1,16.9,2.0,14.9
S004434,2025-12-15,Oakland Park,P0028,1,22.61,0.0,22.61
S005638,2026-01-22,Dania Beach,P0153,1,24.73,0.0,24.73
S001586,2025-09-03,Oakland Park,P0151,1,22.36,0.0,22.36
S006390,2026-03-01,Dania Beach,P0045,2,31.47,0.0,62.94
S005245,2026-01-02,Dania Beach,P0138,1,18.5,0.0,18.5
S000850,2025-08-04,Dania Beach,P0138,2,18.5,0.0,37.0
S004254,2025-12-12,Oakland Park,P0004,1,33.33,5.0,28.33
S002905,2025-10-25,Oakland Park,P0193,1,15.19,5.0,10.19
S008538,2026-05-10,Dania Beach,P0028,1,22.61,0.0,22.61
S002725,2025-10-18,Lake Worth,P0028,1,22.61,0.0,22.61
S001992,2025-09-20,Dania Beach,P0048,1,43.54,0.0,43.54
S007172,2026-04-03,Oakland Park,P0229,1,15.22,0.0,15.22
S007862,2026-04-19,Dania Beach,P0048,2,43.54,2.0,83.08
S005759,2026-01-29,Dania Beach,P0259,1,34.69,0.0,34.69
S009516,2026-06-18,Lake Worth,P0258,1,20.03,0.0,20.03
S008431,2026-05-07,Oakland Park,P0289,2,47.01,2.0,90.02
S000836,2025-08-03,Dania Beach,P0205,1,34.1,0.0,34.1
S007628,2026-04-13,Oakland Park,P0108,1,11.87,0.0,11.87
S002868,2025-10-24,Oakland Park,P0225,1,30.83,2.0,28.83
S002124,2025-09-25,Oakland Park,P0112,1,9.26,0.0,9.26
S000002,2025-07-01,Dania Beach,P0125,1,30.0,0.0,30.0
S000875,2025-08-05,Dania Beach,P0258,1,20.03,0.0,20.03
S005474,2026-01-14,Oakland Park,P0242,1,16.38,0.0,16.38
S000428,2025-07-18,Oakland Park,P0152,1,10.83,2.0,8.83
S007177,2026-04-03,Oakland Park,P0116,1,38.74,0.0,38.74
S001097,2025-08-15,Dania Beach,P0258,1,20.03,0.0,20.03
S009010,2026-05-29,Oakland Park,P0153,1,24.73,0.0,24.73
S000648,2025-07-27,Dania Beach,P0022,1,7.3,0.0,7.3
S001148,2025-08-17,Dania Beach,P0298,1,10.79,0.0,10.79
S004051,2025-12-07,Lake Worth,P0120,2,23.21,2.0,42.42
S005058,2025-12-28,Dania Beach,P0010,1,26.25,0.0,26.25
S006676,2026-03-14,Dania Beach,P0068,1,18.85,0.0,18.85
S001697,2025-09-07,Dania Beach,P0113,1,15.71,0.0,15.71
S001088,2025-08-14,Oakland Park,P0057,1,31.85,0.0,31.85
S002103,2025-09-24,Dania Beach,P0221,1,26.83,0.0,26.83
S007919,2026-04-21,Oakland Park,P0177,1,14.51,0.0,14.51
S003264,2025-11-08,Lake Worth,P0189,1,8.68,0.0,8.68
S002181,2025-09-27,Dania Beach,P0068,1,18.85,0.0,18.85
S003870,2025-12-02,Lake Worth,P0120,1,23.21,0.0,23.21
S001986,2025-09-20,Oakland Park,P0250,1,26.07,0.0,26.07
S009647,2026-06-23,Oakland Park,P0206,1,25.28,0.0,25.28
S004769,2025-12-23,Lake Worth,P0153,1,24.73,0.0,24.73
S002384,2025-10-05,Dania Beach,P0258,1,20.03,0.0,20.03
S005260,2026-01-03,Dania Beach,P0141,1,18.03,0.0,18.03
S000413,2025-07-17,Oakland Park,P0077,1,38.06,0.0,38.06
S005382,2026-01-09,Lake Worth,P0010,1,26.25,0.0,26.25
S004907,2025-12-26,Dania Beach,P0082,1,11.34,0.0,11.34
S003256,2025-11-08,Oakland Park,P0165,1,17.48,0.0,17.48
S005383,2026-01-09,Dania Beach,P0258,1,20.03,2.0,18.03
S001902,2025-09-16,Lake Worth,P0045,1,31.47,0.0,31.47
S007212,2026-04-04,Lake Worth,P0123,1,32.28,0.0,32.28
S003467,2025-11-17,Dania Beach,P0024,1,12.01,0.0,12.01
S007252,2026-04-04,Dania Beach,P0233,1,22.74,0.0,22.74
S006498,2026-03-06,Oakland Park,P0028,1,22.61,0.0,22.61
S004945,2025-12-27,Dania Beach,P0258,1,20.03,0.0,20.03
S003063,2025-11-01,Dania Beach,P0281,1,17.35,0.0,17.35
S006020,2026-02-10,Lake Worth,P0098,1,12.85,0.0,12.85
S000625,2025-07-26,Oakland Park,P0190,2,31.63,0.0,63.26
S007663,2026-04-14,Dania Beach,P0271,1,13.23,0.0,13.23
S005359,2026-01-08,Dania Beach,P0258,1,20.03,0.0,20.03
S000515,2025-07-21,Oakland Park,P0101,1,40.29,0.0,40.29
S007656,2026-04-14,Oakland Park,P0097,1,11.18,0.0,11.18
S004537,2025-12-18,Dania Beach,P0168,1,9.03,0.0,9.03
S005312,2026-01-05,Dania Beach,P0250,1,26.07,2.0,24.07
S006776,2026-03-18,Dania Beach,P0258,1,20.03,0.0,20.03
S005512,2026-01-16,Dania Beach,P0181,1,38.54,0.0,38.54
S003413,2025-11-15,Dania Beach,P0050,1,16.14,0.0,16.14
S005807,2026-01-31,Lake Worth,P0288,1,39.45,0.0,39.45
S002862,2025-10-24,Dania Beach,P0264,1,39.66,0.0,39.66
S006295,2026-02-26,Dania Beach,P0258,1,20.03,0.0,20.03
S005372,2026-01-09,Lake Worth,P0185,1,20.14,0.0,20.14
S005147,2025-12-30,Dania Beach,P0093,2,10.98,0.0,21.96
S005503,2026-01-15,Oakland Park,P0250,1,26.07,0.0,26.07
S002803,2025-10-21,Dania Beach,P0185,1,20.14,0.0,20.14
S001111,2025-08-16,Lake Worth,P0181,1,38.54,0.0,38.54
S004536,2025-12-18,Oakland Park,P0120,1,23.21,0.0,23.21
S004097,2025-12-08,Lake Worth,P0227,1,22.7,0.0,22.7
S004940,2025-12-27,Lake Worth,P0099,1,32.17,0.0,32.17
S001823,2025-09-12,Dania Beach,P0250,1,26.07,0.0,26.07
S006489,2026-03-06,Oakland Park,P0063,3,32.31,0.0,96.93
S000787,2025-08-02,Dania Beach,P0269,1,19.37,2.0,17.37
S007113,2026-04-01,Oakland Park,P0099,1,32.17,0.0,32.17
S007329,2026-04-06,Oakland Park,P0129,1,7.89,0.0,7.89
S000008,2025-07-01,Oakland Park,P0275,1,12.12,0.0,12.12
S005733,2026-01-27,Lake Worth,P0060,1,16.29,0.0,16.29
S006075,2026-02-14,Dania Beach,P0079,1,38.19,0.0,38.19
S007767,2026-04-17,Lake Worth,P0191,1,35.79,0.0,35.79
S000424,2025-07-18,Oakland Park,P0069,1,21.4,0.0,21.4
S005917,2026-02-05,Lake Worth,P0099,1,32.17,0.0,32.17
S000517,2025-07-21,Lake Worth,P0070,1,22.38,0.0,22.38
S009406,2026-06-14,Dania Beach,P0072,1,23.85,0.0,23.85
S002914,2025-10-26,Dania Beach,P0100,1,34.67,0.0,34.67
S008630,2026-05-14,Dania Beach,P0120,1,23.21,0.0,23.21
S008581,2026-05-12,Dania Beach,P0028,1,22.61,0.0,22.61
S004433,2025-12-15,Dania Beach,P0125,1,30.0,5.0,25.0
S009403,2026-06-14,Oakland Park,P0116,1,38.74,0.0,38.74
S007665,2026-04-14,Dania Beach,P0258,1,20.03,0.0,20.03
S008556,2026-05-11,Oakland Park,P0258,2,20.03,0.0,40.06
S008963,2026-05-27,Oakland Park,P0258,1,20.03,0.0,20.03
S001795,2025-09-11,Oakland Park,P0045,1,31.47,0.0,31.47
S002992,2025-10-29,Dania Beach,P0062,1,34.29,0.0,34.29
S004187,2025-12-10,Oakland Park,P0045,1,31.47,0.0,31.47
S009273,2026-06-07,Dania Beach,P0253,1,12.31,0.0,12.31
S009806,2026-06-29,Lake Worth,P0251,1,16.69,5.0,11.69
S005614,2026-01-21,Dania Beach,P0141,1,18.03,0.0,18.03
S006729,2026-03-16,Dania Beach,P0028,1,22.61,5.0,17.61
S005436,2026-01-12,Oakland Park,P0222,1,25.03,0.0,25.03
S001919,2025-09-16,Lake Worth,P0028,2,22.61,0.0,45.22
S003128,2025-11-02,Dania Beach,P0207,1,8.62,0.0,8.62
S000833,2025-08-03,Oakland Park,P0211,1,28.43,0.0,28.43
S004471,2025-12-16,Dania Beach,P0258,1,20.03,0.0,20.03
S005496,2026-01-15,Dania Beach,P0078,1,34.08,0.0,34.08
S009385,2026-06-13,Dania Beach,P0028,1,22.61,0.0,22.61
S002634,2025-10-14,Oakland Park,P0238,1,9.91,2.0,7.91
S005708,2026-01-26,Oakland Park,P0028,1,22.61,0.0,22.61
S009129,2026-06-02,Dania Beach,P0152,1,10.83,0.0,10.83
S006742,2026-03-16,Lake Worth,P0252,1,18.54,0.0,18.54
S002801,2025-10-21,Dania Beach,P0115,1,35.88,0.0,35.88
S009249,2026-06-07,Oakland Park,P0253,1,12.31,0.0,12.31
S007056,2026-03-30,Oakland Park,P0173,1,28.8,0.0,28.8
S009773,2026-06-28,Oakland Park,P0258,1,20.03,0.0,20.03
S003610,2025-11-23,Dania Beach,P0123,1,32.28,0.0,32.28
S003337,2025-11-11,Dania Beach,P0185,1,20.14,0.0,20.14
S005025,2025-12-28,Lake Worth,P0076,1,28.11,0.0,28.11
S001118,2025-08-16,Oakland Park,P0188,1,14.19,0.0,14.19
S000707,2025-07-30,Oakland Park,P0300,1,15.39,2.0,13.39
S007792,2026-04-18,Dania Beach,P0228,1,12.36,0.0,12.36
S007156,2026-04-02,Dania Beach,P0229,1,15.22,0.0,15.22
S009125,2026-06-02,Lake Worth,P0028,1,22.61,0.0,22.61
S000506,2025-07-20,Oakland Park,P0127,1,26.3,0.0,26.3
S008125,2026-04-26,Oakland Park,P0291,1,10.13,0.0,10.13
S004659,2025-12-20,Oakland Park,P0022,3,7.3,0.0,21.9
S008997,2026-05-28,Dania Beach,P0141,1,18.03,5.0,13.03
S005300,2026-01-05,Oakland Park,P0298,1,10.79,0.0,10.79
S002117,2025-09-25,Dania Beach,P0045,1,31.47,0.0,31.47
S009461,2026-06-16,Dania Beach,P0188,1,14.19,0.0,14.19
S004318,2025-12-13,Lake Worth,P0098,1,12.85,5.0,7.85
S009472,2026-06-16,Dania Beach,P0047,1,11.39,0.0,11.39
S007973,2026-04-22,Oakland Park,P0044,1,16.95,2.0,14.95
S007649,2026-04-14,Lake Worth,P0107,1,35.69,0.0,35.69
S001325,2025-08-24,Oakland Park,P0270,2,13.93,0.0,27.86
S004600,2025-12-19,Oakland Park,P0290,1,44.36,0.0,44.36
S000756,2025-07-31,Dania Beach,P0281,1,17.35,0.0,17.35
S003706,2025-11-27,Oakland Park,P0258,1,20.03,0.0,20.03
S004253,2025-12-12,Dania Beach,P0138,1,18.5,0.0,18.5
S005565,2026-01-19,Oakland Park,P0298,1,10.79,0.0,10.79
S007855,2026-04-19,Lake Worth,P0230,1,15.88,0.0,15.88
S001021,2025-08-12,Dania Beach,P0112,1,9.26,0.0,9.26
S000876,2025-08-05,Dania Beach,P0277,1,12.14,0.0,12.14
S006975,2026-03-26,Oakland Park,P0155,1,33.74,0.0,33.74
S000697,2025-07-29,Dania Beach,P0071,3,14.0,0.0,42.0
S008258,2026-04-30,Lake Worth,P0098,1,12.85,0.0,12.85
S002375,2025-10-04,Dania Beach,P0227,1,22.7,0.0,22.7
S006650,2026-03-13,Lake Worth,P0042,1,16.07,0.0,16.07
S006487,2026-03-06,Oakland Park,P0279,1,5.18,0.0,5.18
S000447,2025-07-19,Oakland Park,P0245,1,30.57,0.0,30.57
S005508,2026-01-16,Dania Beach,P0229,1,15.22,0.0,15.22
S002907,2025-10-25,Oakland Park,P0099,1,32.17,0.0,32.17
S007837,2026-04-19,Oakland Park,P0152,2,10.83,2.0,17.66
S008668,2026-05-16,Dania Beach,P0199,1,11.97,0.0,11.97
S009728,2026-06-26,Lake Worth,P0209,1,38.73,0.0,38.73
S002983,2025-10-28,Dania Beach,P0293,1,17.47,0.0,17.47
S001402,2025-08-27,Lake Worth,P0004,1,33.33,2.0,31.33
S006275,2026-02-24,Lake Worth,P0124,1,14.5,0.0,14.5
S007280,2026-04-05,Dania Beach,P0258,1,20.03,0.0,20.03
S009771,2026-06-28,Lake Worth,P0286,1,17.06,0.0,17.06
S001202,2025-08-19,Dania Beach,P0076,1,28.11,0.0,28.11
S004039,2025-12-07,Oakland Park,P0211,1,28.43,0.0,28.43
S006452,2026-03-04,Dania Beach,P0057,1,31.85,0.0,31.85
S008911,2026-05-24,Lake Worth,P0050,1,16.14,0.0,16.14
S009011,2026-05-29,Lake Worth,P0241,1,10.09,0.0,10.09
S004926,2025-12-26,Dania Beach,P0258,2,20.03,0.0,40.06
S005004,2025-12-27,Dania Beach,P0140,1,17.16,5.0,12.16
S003062,2025-11-01,Dania Beach,P0258,1,20.03,0.0,20.03
S009124,2026-06-02,Oakland Park,P0085,1,28.45,0.0,28.45
S001407,2025-08-27,Dania Beach,P0152,1,10.83,0.0,10.83
S009152,2026-06-04,Lake Worth,P0298,1,10.79,0.0,10.79
S002794,2025-10-21,Oakland Park,P0095,1,15.25,0.0,15.25
S005046,2025-12-28,Oakland Park,P0120,1,23.21,0.0,23.21
S007010,2026-03-28,Lake Worth,P0077,1,38.06,0.0,38.06
S003086,2025-11-01,Oakland Park,P0209,1,38.73,0.0,38.73
S001143,2025-08-17,Dania Beach,P0231,1,16.4,0.0,16.4
S009730,2026-06-26,Lake Worth,P0258,1,20.03,0.0,20.03
S005969,2026-02-08,Lake Worth,P0196,1,23.33,0.0,23.33
S000765,2025-08-01,Oakland Park,P0286,1,17.06,0.0,17.06
S008236,2026-04-29,Lake Worth,P0216,1,14.8,0.0,14.8
S003317,2025-11-11,Dania Beach,P0060,1,16.29,0.0,16.29
S004436,2025-12-15,Dania Beach,P0161,1,43.05,0.0,43.05
S008494,2026-05-09,Dania Beach,P0258,1,20.03,0.0,20.03
S009833,2026-06-30,Oakland Park,P0298,1,10.79,0.0,10.79
S002906,2025-10-25,Dania Beach,P0155,1,33.74,0.0,33.74
S000148,2025-07-06,Dania Beach,P0033,1,13.41,0.0,13.41
S005640,2026-01-22,Dania Beach,P0039,1,18.68,0.0,18.68
S002151,2025-09-26,Dania Beach,P0234,1,39.24,5.0,34.24
S001973,2025-09-19,Lake Worth,P0195,1,23.58,0.0,23.58
S002209,2025-09-28,Dania Beach,P0123,1,32.28,0.0,32.28
S003576,2025-11-22,Dania Beach,P0024,2,12.01,0.0,24.02
S004885,2025-12-25,Oakland Park,P0211,1,28.43,2.0,26.43
S005956,2026-02-07,Dania Beach,P0229,1,15.22,0.0,15.22
S009232,2026-06-06,Oakland Park,P0150,1,8.12,0.0,8.12
S001347,2025-08-25,Dania Beach,P0120,2,23.21,0.0,46.42
S002633,2025-10-14,Oakland Park,P0170,1,12.29,0.0,12.29
S007670,2026-04-14,Dania Beach,P0041,1,11.22,2.0,9.22
S001552,2025-09-01,Oakland Park,P0094,1,15.94,0.0,15.94
S009226,2026-06-06,Dania Beach,P0232,1,35.97,0.0,35.97
S007652,2026-04-14,Lake Worth,P0074,1,23.62,2.0,21.62
S004199,2025-12-10,Lake Worth,P0042,1,16.07,0.0,16.07
S008988,2026-05-28,Oakland Park,P0224,1,28.47,5.0,23.47
S000229,2025-07-09,Dania Beach,P0163,1,12.13,2.0,10.13
S001033,2025-08-12,Dania Beach,P0045,1,31.47,0.0,31.47
S009664,2026-06-23,Dania Beach,P0176,1,38.34,0.0,38.34
S008090,2026-04-25,Lake Worth,P0071,1,14.0,0.0,14.0
S003102,2025-11-02,Oakland Park,P0231,1,16.4,0.0,16.4
S003494,2025-11-18,Dania Beach,P0161,1,43.05,0.0,43.05
S000559,2025-07-24,Oakland Park,P0157,1,8.43,0.0,8.43
S000426,2025-07-18,Dania Beach,P0120,2,23.21,0.0,46.42
S006281,2026-02-25,Oakland Park,P0098,1,12.85,0.0,12.85
S002623,2025-10-14,Dania Beach,P0132,1,38.62,0.0,38.62
S009341,2026-06-12,Dania Beach,P0050,1,16.14,0.0,16.14
S005658,2026-01-23,Oakland Park,P0138,1,18.5,0.0,18.5
S006829,2026-03-20,Dania Beach,P0233,1,22.74,0.0,22.74
S001748,2025-09-09,Lake Worth,P0069,1,21.4,0.0,21.4
S003209,2025-11-06,Lake Worth,P0288,1,39.45,0.0,39.45
S008317,2026-05-02,Lake Worth,P0283,1,41.77,0.0,41.77
S009723,2026-06-26,Lake Worth,P0229,2,15.22,0.0,30.44
S001579,2025-09-03,Dania Beach,P0030,1,9.83,0.0,9.83
S007845,2026-04-19,Oakland Park,P0274,1,22.73,0.0,22.73
S005647,2026-01-23,Dania Beach,P0055,1,18.49,0.0,18.49
S003523,2025-11-20,Oakland Park,P0082,1,11.34,0.0,11.34
S001722,2025-09-08,Dania Beach,P0112,1,9.26,2.0,7.26
S005251,2026-01-03,Oakland Park,P0250,1,26.07,0.0,26.07
S002357,2025-10-04,Lake Worth,P0140,1,17.16,2.0,15.16
S000611,2025-07-26,Oakland Park,P0296,1,10.05,0.0,10.05
S001189,2025-08-18,Lake Worth,P0231,1,16.4,0.0,16.4
S009561,2026-06-20,Lake Worth,P0145,1,18.52,2.0,16.52
S000114,2025-07-05,Oakland Park,P0234,1,39.24,0.0,39.24
S006137,2026-02-17,Dania Beach,P0161,2,43.05,0.0,86.1
S007211,2026-04-04,Lake Worth,P0130,1,19.21,0.0,19.21
S004793,2025-12-23,Dania Beach,P0020,1,24.25,0.0,24.25
S007049,2026-03-29,Dania Beach,P0250,1,26.07,0.0,26.07
S006279,2026-02-25,Oakland Park,P0022,1,7.3,2.0,5.3
S000468,2025-07-19,Oakland Park,P0210,1,17.31,0.0,17.31
S002116,2025-09-25,Oakland Park,P0181,1,38.54,0.0,38.54
S001161,2025-08-17,Lake Worth,P0181,1,38.54,0.0,38.54
S004802,2025-12-23,Dania Beach,P0079,1,38.19,0.0,38.19
S009606,2026-06-21,Dania Beach,P0150,2,8.12,0.0,16.24
S006873,2026-03-21,Lake Worth,P0058,2,6.59,0.0,13.18
S007799,2026-04-18,Oakland Park,P0209,1,38.73,0.0,38.73
S004608,2025-12-20,Oakland Park,P0081,1,12.2,0.0,12.2
S008483,2026-05-08,Dania Beach,P0175,1,10.78,0.0,10.78
S006451,2026-03-04,Oakland Park,P0104,1,23.8,0.0,23.8
S008174,2026-04-27,Oakland Park,P0250,2,26.07,0.0,52.14
S009085,2026-06-01,Oakland Park,P0006,1,18.74,0.0,18.74
S004069,2025-12-07,Oakland Park,P0209,1,38.73,0.0,38.73
S007217,2026-04-04,Dania Beach,P0028,1,22.61,0.0,22.61
S001076,2025-08-14,Oakland Park,P0031,2,23.06,0.0,46.12
S006212,2026-02-21,Lake Worth,P0092,1,34.43,0.0,34.43
S007448,2026-04-09,Oakland Park,P0018,1,11.18,0.0,11.18
S004944,2025-12-27,Oakland Park,P0001,1,37.04,0.0,37.04
S002884,2025-10-25,Dania Beach,P0258,1,20.03,0.0,20.03
S005473,2026-01-14,Dania Beach,P0297,1,17.64,0.0,17.64
S000471,2025-07-19,Oakland Park,P0119,2,10.1,2.0,16.2
S005103,2025-12-29,Dania Beach,P0252,1,18.54,0.0,18.54
S006240,2026-02-22,Dania Beach,P0112,1,9.26,0.0,9.26
S000795,2025-08-02,Dania Beach,P0266,1,28.75,0.0,28.75
S000163,2025-07-06,Oakland Park,P0229,1,15.22,2.0,13.22
S006214,2026-02-21,Oakland Park,P0199,1,11.97,0.0,11.97
S007748,2026-04-16,Lake Worth,P0086,1,19.54,0.0,19.54
S004546,2025-12-18,Dania Beach,P0071,1,14.0,0.0,14.0
S006830,2026-03-20,Oakland Park,P0050,1,16.14,5.0,11.14
S005405,2026-01-10,Lake Worth,P0008,1,23.36,0.0,23.36
S007668,2026-04-14,Oakland Park,P0250,1,26.07,0.0,26.07
S002010,2025-09-21,Dania Beach,P0213,1,4.58,0.0,4.58
S002785,2025-10-20,Oakland Park,P0062,1,34.29,0.0,34.29
S005246,2026-01-02,Oakland Park,P0299,2,6.83,0.0,13.66
S005993,2026-02-09,Dania Beach,P0251,1,16.69,5.0,11.69
S004838,2025-12-24,Lake Worth,P0071,2,14.0,0.0,28.0
S003665,2025-11-25,Oakland Park,P0021,1,20.19,0.0,20.19
S009180,2026-06-05,Dania Beach,P0283,1,41.77,0.0,41.77
S002984,2025-10-28,Oakland Park,P0135,1,18.06,0.0,18.06
S001860,2025-09-14,Lake Worth,P0271,1,13.23,0.0,13.23
S002534,2025-10-11,Lake Worth,P0169,1,28.05,0.0,28.05
S001660,2025-09-06,Oakland Park,P0073,1,20.85,0.0,20.85
S003818,2025-12-01,Dania Beach,P0276,1,10.98,0.0,10.98
S005510,2026-01-16,Lake Worth,P0103,1,23.52,0.0,23.52
S001139,2025-08-17,Oakland Park,P0258,1,20.03,0.0,20.03
S008052,2026-04-24,Oakland Park,P0106,1,14.38,0.0,14.38
S002186,2025-09-28,Dania Beach,P0222,1,25.03,0.0,25.03
S007131,2026-04-01,Dania Beach,P0258,1,20.03,0.0,20.03
S005069,2025-12-28,Dania Beach,P0028,1,22.61,0.0,22.61
S006248,2026-02-22,Lake Worth,P0020,1,24.25,0.0,24.25
S003195,2025-11-05,Oakland Park,P0075,1,16.43,0.0,16.43
S006503,2026-03-06,Dania Beach,P0024,1,12.01,0.0,12.01
S001132,2025-08-16,Dania Beach,P0196,1,23.33,0.0,23.33
S002456,2025-10-07,Oakland Park,P0071,1,14.0,0.0,14.0
S002422,2025-10-05,Dania Beach,P0034,1,17.39,0.0,17.39
S008980,2026-05-28,Lake Worth,P0229,1,15.22,0.0,15.22
S006359,2026-02-28,Oakland Park,P0212,1,31.11,0.0,31.11
S003561,2025-11-21,Lake Worth,P0293,1,17.47,0.0,17.47
S000738,2025-07-31,Oakland Park,P0250,1,26.07,0.0,26.07
S006228,2026-02-22,Dania Beach,P0258,1,20.03,0.0,20.03
S002545,2025-10-11,Lake Worth,P0052,2,20.69,0.0,41.38
S002487,2025-10-08,Dania Beach,P0123,1,32.28,0.0,32.28
S001072,2025-08-14,Dania Beach,P0078,3,34.08,0.0,102.24
S004369,2025-12-14,Dania Beach,P0298,1,10.79,2.0,8.79
S004739,2025-12-22,Lake Worth,P0250,1,26.07,0.0,26.07
S002842,2025-10-23,Dania Beach,P0157,2,8.43,0.0,16.86
S007139,2026-04-01,Dania Beach,P0113,1,15.71,0.0,15.71
S005128,2025-12-30,Dania Beach,P0145,1,18.52,0.0,18.52
S007134,2026-04-01,Dania Beach,P0139,1,25.22,0.0,25.22
S008937,2026-05-26,Dania Beach,P0120,1,23.21,0.0,23.21
S000412,2025-07-17,Oakland Park,P0245,1,30.57,5.0,25.57
S003793,2025-12-01,Lake Worth,P0195,1,23.58,0.0,23.58
S004704,2025-12-21,Dania Beach,P0181,1,38.54,2.0,36.54
S003661,2025-11-25,Dania Beach,P0283,1,41.77,0.0,41.77
S009519,2026-06-18,Dania Beach,P0197,1,24.23,0.0,24.23
S008318,2026-05-02,Lake Worth,P0227,1,22.7,2.0,20.7
S001322,2025-08-24,Dania Beach,P0087,1,10.56,0.0,10.56
S005848,2026-02-02,Dania Beach,P0022,1,7.3,0.0,7.3
S000761,2025-08-01,Dania Beach,P0294,1,30.88,0.0,30.88
S003719,2025-11-28,Dania Beach,P0157,1,8.43,0.0,8.43
S008686,2026-05-16,Oakland Park,P0120,1,23.21,0.0,23.21
S000999,2025-08-10,Oakland Park,P0187,1,8.33,0.0,8.33
S004703,2025-12-21,Dania Beach,P0033,1,13.41,0.0,13.41
S004449,2025-12-15,Lake Worth,P0067,1,22.05,2.0,20.05
S007731,2026-04-16,Oakland Park,P0212,1,31.11,0.0,31.11
S009710,2026-06-25,Dania Beach,P0011,1,31.32,0.0,31.32
S000832,2025-08-03,Dania Beach,P0045,1,31.47,0.0,31.47
S009104,2026-06-02,Dania Beach,P0181,1,38.54,5.0,33.54
S002491,2025-10-08,Lake Worth,P0122,3,15.39,0.0,46.17
S001237,2025-08-21,Oakland Park,P0094,1,15.94,0.0,15.94
S001841,2025-09-13,Oakland Park,P0167,1,11.11,0.0,11.11
S002057,2025-09-22,Oakland Park,P0017,1,13.63,0.0,13.63
S005426,2026-01-11,Oakland Park,P0278,3,27.49,0.0,82.47
S007284,2026-04-05,Dania Beach,P0082,1,11.34,2.0,9.34
S005320,2026-01-06,Dania Beach,P0164,1,14.99,0.0,14.99
S000791,2025-08-02,Dania Beach,P0233,1,22.74,0.0,22.74
S009109,2026-06-02,Dania Beach,P0181,1,38.54,0.0,38.54
S007743,2026-04-16,Oakland Park,P0229,1,15.22,0.0,15.22
S006748,2026-03-16,Dania Beach,P0045,1,31.47,0.0,31.47
S007956,2026-04-22,Dania Beach,P0161,1,43.05,0.0,43.05
S005734,2026-01-27,Dania Beach,P0116,1,38.74,0.0,38.74
S009187,2026-06-05,Dania Beach,P0112,1,9.26,0.0,9.26
S008714,2026-05-17,Lake Worth,P0245,1,30.57,0.0,30.57
S005386,2026-01-09,Dania Beach,P0258,1,20.03,0.0,20.03
S006757,2026-03-17,Lake Worth,P0157,1,8.43,0.0,8.43
S000084,2025-07-04,Oakland Park,P0192,2,9.96,0.0,19.92
S003130,2025-11-03,Dania Beach,P0258,1,20.03,0.0,20.03
S000199,2025-07-07,Dania Beach,P0187,1,8.33,0.0,8.33
S006741,2026-03-16,Dania Beach,P0258,1,20.03,0.0,20.03
S000117,2025-07-05,Dania Beach,P0033,1,13.41,0.0,13.41
S009235,2026-06-07,Oakland Park,P0175,2,10.78,0.0,21.56
S006403,2026-03-02,Oakland Park,P0232,1,35.97,0.0,35.97
S005121,2025-12-29,Dania Beach,P0035,1,25.13,0.0,25.13
S003360,2025-11-13,Dania Beach,P0040,2,30.27,0.0,60.54
S000494,2025-07-20,Oakland Park,P0107,1,35.69,0.0,35.69
S009506,2026-06-18,Dania Beach,P0138,1,18.5,2.0,16.5
S004265,2025-12-12,Lake Worth,P0016,1,9.61,0.0,9.61
S005497,2026-01-15,Dania Beach,P0297,1,17.64,0.0,17.64
S006815,2026-03-20,Oakland Park,P0122,1,15.39,0.0,15.39
S006691,2026-03-14,Dania Beach,P0090,1,39.67,0.0,39.67
S002605,2025-10-13,Dania Beach,P0192,1,9.96,0.0,9.96
S000133,2025-07-06,Dania Beach,P0152,1,10.83,0.0,10.83
S000686,2025-07-29,Dania Beach,P0229,1,15.22,0.0,15.22
S003867,2025-12-02,Dania Beach,P0100,1,34.67,0.0,34.67
S005173,2025-12-31,Dania Beach,P0098,1,12.85,2.0,10.85
S008346,2026-05-03,Oakland Park,P0287,1,38.39,0.0,38.39
S001240,2025-08-21,Dania Beach,P0168,1,9.03,0.0,9.03
S005612,2026-01-21,Dania Beach,P0258,2,20.03,0.0,40.06
S005406,2026-01-10,Dania Beach,P0232,1,35.97,0.0,35.97
S000548,2025-07-23,Lake Worth,P0181,1,38.54,0.0,38.54
S001546,2025-09-01,Oakland Park,P0112,1,9.26,0.0,9.26
S001801,2025-09-12,Dania Beach,P0141,1,18.03,0.0,18.03
S007466,2026-04-10,Lake Worth,P0134,3,13.77,0.0,41.31
S009556,2026-06-20,Oakland Park,P0069,1,21.4,0.0,21.4
S003536,2025-11-20,Dania Beach,P0050,1,16.14,0.0,16.14
S006536,2026-03-07,Dania Beach,P0091,1,10.86,0.0,10.86
S004146,2025-12-09,Lake Worth,P0123,1,32.28,0.0,32.28
S008108,2026-04-26,Dania Beach,P0099,2,32.17,5.0,54.34
S000503,2025-07-20,Oakland Park,P0203,1,28.04,0.0,28.04
S006900,2026-03-22,Dania Beach,P0247,1,11.6,0.0,11.6
S009362,2026-06-12,Oakland Park,P0050,1,16.14,0.0,16.14
S005177,2025-12-31,Lake Worth,P0163,1,12.13,0.0,12.13
S003516,2025-11-19,Oakland Park,P0277,1,12.14,0.0,12.14
S006653,2026-03-13,Lake Worth,P0112,2,9.26,0.0,18.52
S002575,2025-10-12,Oakland Park,P0250,1,26.07,0.0,26.07
S002227,2025-09-29,Dania Beach,P0229,1,15.22,0.0,15.22
S009191,2026-06-05,Oakland Park,P0140,1,17.16,0.0,17.16
S002100,2025-09-24,Dania Beach,P0239,3,7.76,0.0,23.28
S005824,2026-02-01,Dania Beach,P0220,1,18.24,0.0,18.24
S001047,2025-08-13,Lake Worth,P0296,1,10.05,0.0,10.05
S007625,2026-04-13,Lake Worth,P0041,1,11.22,0.0,11.22
S007415,2026-04-08,Dania Beach,P0176,1,38.34,0.0,38.34
S000838,2025-08-04,Lake Worth,P0180,1,14.34,2.0,12.34
S004946,2025-12-27,Oakland Park,P0147,1,40.67,0.0,40.67
S003971,2025-12-05,Lake Worth,P0220,1,18.24,0.0,18.24
S005505,2026-01-16,Oakland Park,P0172,1,16.93,0.0,16.93
S004951,2025-12-27,Oakland Park,P0258,1,20.03,0.0,20.03
S006687,2026-03-14,Dania Beach,P0122,2,15.39,5.0,20.78
S007419,2026-04-08,Dania Beach,P0264,2,39.66,0.0,79.32
S000355,2025-07-14,Dania Beach,P0141,2,18.03,5.0,26.06
S005976,2026-02-08,Oakland Park,P0087,1,10.56,0.0,10.56
S009608,2026-06-21,Oakland Park,P0108,1,11.87,0.0,11.87
S005088,2025-12-29,Dania Beach,P0262,1,32.15,0.0,32.15
S004933,2025-12-26,Dania Beach,P0251,1,16.69,0.0,16.69
S000822,2025-08-03,Dania Beach,P0253,1,12.31,0.0,12.31
S000491,2025-07-20,Dania Beach,P0021,1,20.19,2.0,18.19
S004808,2025-12-24,Dania Beach,P0120,1,23.21,0.0,23.21
S006758,2026-03-17,Dania Beach,P0028,2,22.61,0.0,45.22
S004367,2025-12-14,Oakland Park,P0137,1,34.89,0.0,34.89
S004657,2025-12-20,Dania Beach,P0285,1,24.04,0.0,24.04
S006970,2026-03-26,Oakland Park,P0028,1,22.61,0.0,22.61
S007044,2026-03-29,Dania Beach,P0164,1,14.99,0.0,14.99
S000075,2025-07-03,Oakland Park,P0065,2,22.31,0.0,44.62
S005500,2026-01-15,Dania Beach,P0258,1,20.03,0.0,20.03
S002961,2025-10-28,Lake Worth,P0028,1,22.61,0.0,22.61
S003407,2025-11-15,Dania Beach,P0240,1,29.77,0.0,29.77
S001519,2025-08-31,Lake Worth,P0091,1,10.86,0.0,10.86
S005422,2026-01-11,Dania Beach,P0168,1,9.03,0.0,9.03
S005449,2026-01-12,Lake Worth,P0258,1,20.03,0.0,20.03
S008230,2026-04-28,Dania Beach,P0232,2,35.97,0.0,71.94
S005872,2026-02-03,Lake Worth,P0112,1,9.26,0.0,9.26
S000855,2025-08-04,Dania Beach,P0145,1,18.52,0.0,18.52
S002365,2025-10-04,Dania Beach,P0264,1,39.66,0.0,39.66
S008065,2026-04-25,Oakland Park,P0047,1,11.39,0.0,11.39
S005538,2026-01-17,Oakland Park,P0162,3,9.66,0.0,28.98
S004795,2025-12-23,Lake Worth,P0250,1,26.07,0.0,26.07
S006805,2026-03-19,Dania Beach,P0181,1,38.54,0.0,38.54
S004780,2025-12-23,Oakland Park,P0121,2,26.48,5.0,42.96
S009836,2026-06-30,Oakland Park,P0016,1,9.61,0.0,9.61
S005492,2026-01-15,Dania Beach,P0188,1,14.19,0.0,14.19
S004209,2025-12-11,Dania Beach,P0134,2,13.77,0.0,27.54
S000967,2025-08-10,Lake Worth,P0132,1,38.62,2.0,36.62
S008082,2026-04-25,Dania Beach,P0071,1,14.0,0.0,14.0
S002373,2025-10-04,Lake Worth,P0076,1,28.11,0.0,28.11
S001668,2025-09-06,Dania Beach,P0153,1,24.73,0.0,24.73
S004337,2025-12-13,Dania Beach,P0145,2,18.52,2.0,33.04
S004745,2025-12-22,Oakland Park,P0060,1,16.29,0.0,16.29
S006981,2026-03-26,Lake Worth,P0229,1,15.22,0.0,15.22
S007286,2026-04-05,Oakland Park,P0142,1,14.84,0.0,14.84
S006665,2026-03-13,Oakland Park,P0145,1,18.52,0.0,18.52
S007075,2026-03-30,Dania Beach,P0125,1,30.0,0.0,30.0
S003892,2025-12-03,Dania Beach,P0138,1,18.5,0.0,18.5
S000976,2025-08-10,Dania Beach,P0137,1,34.89,0.0,34.89
S006593,2026-03-10,Dania Beach,P0269,2,19.37,0.0,38.74
S004708,2025-12-21,Dania Beach,P0188,1,14.19,2.0,12.19
S002087,2025-09-23,Dania Beach,P0169,1,28.05,0.0,28.05
S005145,2025-12-30,Dania Beach,P0162,1,9.66,5.0,4.66
S006570,2026-03-09,Lake Worth,P0095,1,15.25,0.0,15.25
S003764,2025-11-30,Lake Worth,P0250,1,26.07,0.0,26.07
S000823,2025-08-03,Oakland Park,P0224,1,28.47,0.0,28.47
S008796,2026-05-20,Dania Beach,P0258,1,20.03,2.0,18.03
S009690,2026-06-24,Lake Worth,P0156,1,33.24,0.0,33.24
S004968,2025-12-27,Oakland Park,P0229,1,15.22,5.0,10.22
S000365,2025-07-15,Oakland Park,P0004,1,33.33,0.0,33.33
S003571,2025-11-22,Oakland Park,P0007,1,18.87,0.0,18.87
S007264,2026-04-05,Oakland Park,P0229,1,15.22,0.0,15.22
S001735,2025-09-09,Oakland Park,P0272,1,18.29,0.0,18.29
S003408,2025-11-15,Oakland Park,P0209,1,38.73,0.0,38.73
S009482,2026-06-16,Oakland Park,P0266,1,28.75,0.0,28.75
S002007,2025-09-21,Oakland Park,P0068,2,18.85,0.0,37.7
S004363,2025-12-14,Lake Worth,P0120,3,23.21,0.0,69.63
S002125,2025-09-25,Dania Beach,P0185,1,20.14,0.0,20.14
S009442,2026-06-15,Lake Worth,P0181,1,38.54,2.0,36.54
S004632,2025-12-20,Dania Beach,P0222,1,25.03,0.0,25.03
S004583,2025-12-19,Lake Worth,P0138,1,18.5,0.0,18.5
S002512,2025-10-10,Lake Worth,P0028,1,22.61,0.0,22.61
S005944,2026-02-07,Lake Worth,P0219,1,19.95,0.0,19.95
S006638,2026-03-12,Dania Beach,P0112,1,9.26,0.0,9.26
S009422,2026-06-14,Oakland Park,P0236,3,32.91,0.0,98.73
S007534,2026-04-11,Dania Beach,P0058,2,6.59,2.0,9.18
S009648,2026-06-23,Oakland Park,P0100,1,34.67,0.0,34.67
S000081,2025-07-04,Lake Worth,P0250,1,26.07,0.0,26.07
S003847,2025-12-02,Oakland Park,P0134,1,13.77,0.0,13.77
S002567,2025-10-12,Lake Worth,P0217,1,17.82,2.0,15.82
S002834,2025-10-22,Oakland Park,P0009,1,10.82,0.0,10.82
S009005,2026-05-29,Dania Beach,P0258,1,20.03,0.0,20.03
S004684,2025-12-21,Oakland Park,P0040,1,30.27,0.0,30.27
S001728,2025-09-08,Oakland Park,P0038,1,16.31,0.0,16.31
S008716,2026-05-17,Oakland Park,P0227,2,22.7,0.0,45.4
S005750,2026-01-28,Dania Beach,P0134,1,13.77,0.0,13.77
S000970,2025-08-10,Dania Beach,P0041,1,11.22,0.0,11.22
S003290,2025-11-09,Dania Beach,P0094,2,15.94,2.0,27.88
S000487,2025-07-20,Lake Worth,P0091,1,10.86,0.0,10.86
S006081,2026-02-14,Lake Worth,P0250,1,26.07,0.0,26.07
S009725,2026-06-26,Lake Worth,P0204,1,30.89,0.0,30.89
S005237,2026-01-02,Dania Beach,P0283,2,41.77,0.0,83.54
S002703,2025-10-18,Lake Worth,P0052,2,20.69,0.0,41.38
S006735,2026-03-16,Dania Beach,P0247,1,11.6,0.0,11.6
S002453,2025-10-07,Oakland Park,P0060,1,16.29,2.0,14.29
S008455,2026-05-07,Dania Beach,P0112,1,9.26,0.0,9.26
S009798,2026-06-29,Lake Worth,P0258,1,20.03,0.0,20.03
S003478,2025-11-17,Oakland Park,P0209,1,38.73,0.0,38.73
S000529,2025-07-22,Dania Beach,P0105,1,41.09,0.0,41.09
S001024,2025-08-12,Oakland Park,P0218,1,12.89,0.0,12.89
S001874,2025-09-14,Oakland Park,P0058,1,6.59,0.0,6.59
S002019,2025-09-21,Dania Beach,P0028,1,22.61,2.0,20.61
S002693,2025-10-17,Oakland Park,P0096,1,17.3,0.0,17.3
S002068,2025-09-23,Dania Beach,P0157,1,8.43,2.0,6.43
S005835,2026-02-01,Dania Beach,P0142,1,14.84,0.0,14.84
S005060,2025-12-28,Oakland Park,P0258,2,20.03,0.0,40.06
S002981,2025-10-28,Dania Beach,P0186,2,8.27,0.0,16.54
S007478,2026-04-10,Oakland Park,P0153,1,24.73,0.0,24.73
S003149,2025-11-03,Oakland Park,P0253,1,12.31,0.0,12.31
S007502,2026-04-11,Oakland Park,P0128,1,25.5,0.0,25.5
S000155,2025-07-06,Dania Beach,P0157,1,8.43,0.0,8.43
S007299,2026-04-05,Dania Beach,P0028,1,22.61,0.0,22.61
S005668,2026-01-24,Dania Beach,P0181,1,38.54,0.0,38.54
S005802,2026-01-31,Oakland Park,P0261,1,13.52,0.0,13.52
S008509,2026-05-09,Dania Beach,P0074,2,23.62,5.0,37.24
S003319,2025-11-11,Dania Beach,P0045,1,31.47,0.0,31.47
S006115,2026-02-15,Lake Worth,P0112,1,9.26,0.0,9.26
S001445,2025-08-29,Dania Beach,P0045,1,31.47,0.0,31.47
S003966,2025-12-05,Oakland Park,P0028,1,22.61,2.0,20.61
S006227,2026-02-22,Oakland Park,P0185,1,20.14,5.0,15.14
S005641,2026-01-22,Dania Beach,P0255,1,34.26,0.0,34.26
S001486,2025-08-30,Lake Worth,P0056,1,36.04,0.0,36.04
S004501,2025-12-17,Lake Worth,P0264,1,39.66,5.0,34.66
S006602,2026-03-10,Dania Beach,P0004,1,33.33,0.0,33.33
S006174,2026-02-19,Dania Beach,P0122,1,15.39,0.0,15.39
S009787,2026-06-28,Dania Beach,P0250,1,26.07,0.0,26.07
S009142,2026-06-03,Oakland Park,P0173,1,28.8,0.0,28.8
S004231,2025-12-11,Lake Worth,P0268,1,28.7,0.0,28.7
S005580,2026-01-19,Dania Beach,P0095,1,15.25,2.0,13.25
S006471,2026-03-05,Oakland Park,P0247,1,11.6,2.0,9.6
S001167,2025-08-17,Oakland Park,P0079,1,38.19,0.0,38.19
S003201,2025-11-06,Lake Worth,P0229,1,15.22,0.0,15.22
S009317,2026-06-10,Oakland Park,P0081,1,12.2,0.0,12.2
S008897,2026-05-24,Oakland Park,P0013,1,19.04,0.0,19.04
S000354,2025-07-14,Lake Worth,P0120,1,23.21,0.0,23.21
S005886,2026-02-03,Lake Worth,P0078,1,34.08,0.0,34.08
S006060,2026-02-13,Dania Beach,P0035,1,25.13,0.0,25.13
S008451,2026-05-07,Oakland Park,P0028,1,22.61,0.0,22.61
S009533,2026-06-19,Oakland Park,P0209,1,38.73,0.0,38.73
S002029,2025-09-21,Lake Worth,P0102,1,16.27,0.0,16.27
S001641,2025-09-06,Oakland Park,P0168,1,9.03,0.0,9.03
S000916,2025-08-07,Oakland Park,P0041,1,11.22,0.0,11.22
S001466,2025-08-30,Dania Beach,P0232,1,35.97,0.0,35.97
S002425,2025-10-06,Oakland Park,P0028,1,22.61,0.0,22.61
S003941,2025-12-04,Dania Beach,P0123,1,32.28,2.0,30.28
S009383,2026-06-13,Oakland Park,P0263,1,24.16,0.0,24.16
S007839,2026-04-19,Lake Worth,P0069,1,21.4,0.0,21.4
S008094,2026-04-25,Dania Beach,P0067,1,22.05,0.0,22.05
S009720,2026-06-26,Oakland Park,P0222,1,25.03,0.0,25.03
S000382,2025-07-15,Dania Beach,P0041,1,11.22,0.0,11.22
S003268,2025-11-09,Oakland Park,P0229,2,15.22,5.0,20.44
S004126,2025-12-09,Lake Worth,P0106,2,14.38,0.0,28.76
S003076,2025-11-01,Oakland Park,P0258,1,20.03,0.0,20.03
S003893,2025-12-03,Oakland Park,P0101,1,40.29,0.0,40.29
S007758,2026-04-17,Oakland Park,P0193,1,15.19,0.0,15.19
S003034,2025-10-31,Oakland Park,P0028,1,22.61,0.0,22.61
S008803,2026-05-21,Lake Worth,P0258,2,20.03,0.0,40.06
S002451,2025-10-07,Dania Beach,P0066,1,15.19,0.0,15.19
S009375,2026-06-13,Dania Beach,P0045,2,31.47,0.0,62.94
S008436,2026-05-07,Dania Beach,P0229,1,15.22,0.0,15.22
S001915,2025-09-16,Dania Beach,P0132,1,38.62,0.0,38.62
S009813,2026-06-29,Oakland Park,P0123,1,32.28,0.0,32.28
S007660,2026-04-14,Lake Worth,P0208,1,8.68,0.0,8.68
S000327,2025-07-13,Oakland Park,P0187,1,8.33,0.0,8.33
S007125,2026-04-01,Lake Worth,P0095,1,15.25,0.0,15.25
S008421,2026-05-06,Oakland Park,P0092,1,34.43,5.0,29.43
S005351,2026-01-08,Lake Worth,P0083,1,9.28,0.0,9.28
S007342,2026-04-06,Dania Beach,P0258,1,20.03,0.0,20.03
S007793,2026-04-18,Oakland Park,P0242,1,16.38,0.0,16.38
S005192,2025-12-31,Dania Beach,P0042,1,16.07,0.0,16.07
S009750,2026-06-27,Oakland Park,P0200,1,20.12,5.0,15.12
S000399,2025-07-16,Oakland Park,P0141,2,18.03,0.0,36.06
S008337,2026-05-03,Dania Beach,P0266,2,28.75,0.0,57.5
S006627,2026-03-11,Dania Beach,P0258,1,20.03,0.0,20.03
S005884,2026-02-03,Dania Beach,P0205,1,34.1,0.0,34.1
S004556,2025-12-18,Lake Worth,P0120,1,23.21,0.0,23.21
S000987,2025-08-10,Oakland Park,P0081,1,12.2,0.0,12.2
S004404,2025-12-14,Oakland Park,P0138,1,18.5,0.0,18.5
S007019,2026-03-28,Lake Worth,P0264,1,39.66,0.0,39.66
S002152,2025-09-26,Dania Beach,P0258,1,20.03,0.0,20.03
S007607,2026-04-13,Oakland Park,P0281,2,17.35,0.0,34.7
S007399,2026-04-08,Dania Beach,P0281,1,17.35,0.0,17.35
S008660,2026-05-15,Oakland Park,P0102,3,16.27,0.0,48.81
S002150,2025-09-26,Oakland Park,P0121,1,26.48,0.0,26.48
S001844,2025-09-13,Lake Worth,P0031,1,23.06,0.0,23.06
S001544,2025-09-01,Oakland Park,P0141,1,18.03,0.0,18.03
S008172,2026-04-27,Oakland Park,P0229,1,15.22,0.0,15.22
S001366,2025-08-26,Dania Beach,P0229,1,15.22,0.0,15.22
S007678,2026-04-14,Oakland Park,P0042,1,16.07,0.0,16.07
S001363,2025-08-26,Lake Worth,P0068,1,18.85,0.0,18.85
S005337,2026-01-07,Lake Worth,P0122,1,15.39,0.0,15.39
S003949,2025-12-05,Dania Beach,P0042,1,16.07,0.0,16.07
S006438,2026-03-04,Oakland Park,P0061,1,13.54,0.0,13.54
S002611,2025-10-14,Oakland Park,P0281,2,17.35,0.0,34.7
S009559,2026-06-20,Oakland Park,P0084,1,8.22,0.0,8.22
S000276,2025-07-11,Lake Worth,P0192,1,9.96,0.0,9.96
S005287,2026-01-04,Lake Worth,P0219,1,19.95,0.0,19.95
S008441,2026-05-07,Oakland Park,P0127,1,26.3,0.0,26.3
S006979,2026-03-26,Dania Beach,P0020,1,24.25,0.0,24.25
S005026,2025-12-28,Oakland Park,P0099,1,32.17,0.0,32.17
S001462,2025-08-29,Oakland Park,P0137,1,34.89,2.0,32.89
S000800,2025-08-02,Oakland Park,P0133,1,31.55,0.0,31.55
S002435,2025-10-06,Dania Beach,P0279,1,5.18,0.0,5.18
S005215,2025-12-31,Dania Beach,P0229,1,15.22,0.0,15.22
S008385,2026-05-05,Oakland Park,P0128,1,25.5,0.0,25.5
S008968,2026-05-27,Lake Worth,P0297,1,17.64,0.0,17.64
S005861,2026-02-02,Oakland Park,P0059,1,27.7,5.0,22.7
S005553,2026-01-18,Lake Worth,P0283,1,41.77,0.0,41.77
S006623,2026-03-11,Dania Beach,P0022,1,7.3,0.0,7.3
S001689,2025-09-07,Oakland Park,P0184,2,16.92,0.0,33.84
S009166,2026-06-04,Oakland Park,P0248,1,14.4,0.0,14.4
S006213,2026-02-21,Dania Beach,P0258,1,20.03,0.0,20.03
S009244,2026-06-07,Dania Beach,P0020,1,24.25,0.0,24.25
S000015,2025-07-01,Oakland Park,P0131,1,10.61,0.0,10.61
S006916,2026-03-23,Oakland Park,P0288,1,39.45,0.0,39.45
S009805,2026-06-29,Dania Beach,P0228,1,12.36,0.0,12.36
S006896,2026-03-22,Lake Worth,P0258,1,20.03,0.0,20.03
S002967,2025-10-28,Lake Worth,P0008,2,23.36,0.0,46.72
S006527,2026-03-07,Dania Beach,P0160,1,15.14,0.0,15.14
S003359,2025-11-12,Dania Beach,P0010,1,26.25,2.0,24.25
S001614,2025-09-04,Lake Worth,P0258,1,20.03,0.0,20.03
S009645,2026-06-23,Lake Worth,P0101,1,40.29,0.0,40.29
S003231,2025-11-07,Oakland Park,P0141,1,18.03,0.0,18.03
S000485,2025-07-20,Lake Worth,P0152,2,10.83,0.0,21.66
S007927,2026-04-21,Dania Beach,P0005,1,12.32,2.0,10.32
S000636,2025-07-27,Lake Worth,P0163,1,12.13,2.0,10.13
S009376,2026-06-13,Dania Beach,P0240,1,29.77,0.0,29.77
S005224,2026-01-01,Oakland Park,P0123,1,32.28,0.0,32.28
S007359,2026-04-07,Lake Worth,P0233,1,22.74,2.0,20.74
S004570,2025-12-19,Oakland Park,P0116,1,38.74,0.0,38.74
S009314,2026-06-10,Oakland Park,P0082,1,11.34,0.0,11.34
S004938,2025-12-26,Dania Beach,P0233,2,22.74,0.0,45.48
S004620,2025-12-20,Dania Beach,P0113,1,15.71,0.0,15.71
S007387,2026-04-08,Oakland Park,P0181,1,38.54,2.0,36.54
S001819,2025-09-12,Lake Worth,P0152,1,10.83,0.0,10.83
S008596,2026-05-12,Dania Beach,P0258,1,20.03,0.0,20.03
S009127,2026-06-02,Dania Beach,P0256,1,20.62,0.0,20.62
S002448,2025-10-07,Lake Worth,P0128,1,25.5,0.0,25.5
S000639,2025-07-27,Oakland Park,P0234,1,39.24,0.0,39.24
S000531,2025-07-22,Oakland Park,P0227,1,22.7,0.0,22.7
S005082,2025-12-29,Oakland Park,P0134,1,13.77,0.0,13.77
S008039,2026-04-24,Dania Beach,P0005,1,12.32,0.0,12.32
S001314,2025-08-24,Dania Beach,P0135,1,18.06,0.0,18.06
S005543,2026-01-18,Dania Beach,P0045,3,31.47,0.0,94.41
S002468,2025-10-07,Lake Worth,P0219,1,19.95,2.0,17.95
S009529,2026-06-19,Dania Beach,P0247,1,11.6,0.0,11.6
S002814,2025-10-21,Oakland Park,P0229,1,15.22,0.0,15.22
S007425,2026-04-08,Dania Beach,P0200,1,20.12,0.0,20.12
S008422,2026-05-06,Lake Worth,P0181,2,38.54,0.0,77.08
S007272,2026-04-05,Dania Beach,P0229,1,15.22,5.0,10.22
S003473,2025-11-17,Dania Beach,P0229,1,15.22,0.0,15.22
S001525,2025-08-31,Dania Beach,P0253,1,12.31,0.0,12.31
S000013,2025-07-01,Dania Beach,P0095,1,15.25,0.0,15.25
S008614,2026-05-13,Lake Worth,P0155,1,33.74,5.0,28.74
S005179,2025-12-31,Dania Beach,P0045,1,31.47,0.0,31.47
S003199,2025-11-05,Dania Beach,P0027,1,16.28,5.0,11.28
S008507,2026-05-09,Dania Beach,P0086,1,19.54,0.0,19.54
S004242,2025-12-11,Dania Beach,P0258,1,20.03,0.0,20.03
S000014,2025-07-01,Lake Worth,P0293,1,17.47,2.0,15.47
S005912,2026-02-05,Dania Beach,P0043,1,11.96,0.0,11.96
S001384,2025-08-26,Dania Beach,P0064,1,22.4,0.0,22.4
S002548,2025-10-11,Dania Beach,P0009,1,10.82,0.0,10.82
S005152,2025-12-30,Dania Beach,P0059,1,27.7,0.0,27.7
S007251,2026-04-04,Dania Beach,P0258,1,20.03,0.0,20.03
S002223,2025-09-28,Oakland Park,P0194,1,31.47,5.0,26.47
S008842,2026-05-22,Dania Beach,P0232,1,35.97,0.0,35.97
S002531,2025-10-11,Dania Beach,P0071,1,14.0,0.0,14.0
S001559,2025-09-02,Dania Beach,P0102,1,16.27,0.0,16.27
S004813,2025-12-24,Oakland Park,P0145,1,18.52,0.0,18.52
S003677,2025-11-26,Lake Worth,P0099,1,32.17,0.0,32.17
S003174,2025-11-04,Lake Worth,P0145,1,18.52,0.0,18.52
S006381,2026-03-01,Oakland Park,P0026,1,24.77,0.0,24.77
S003046,2025-10-31,Dania Beach,P0077,1,38.06,0.0,38.06
S009736,2026-06-27,Lake Worth,P0190,2,31.63,2.0,59.26
S007346,2026-04-06,Lake Worth,P0063,1,32.31,0.0,32.31
S007911,2026-04-20,Oakland Park,P0025,1,37.2,0.0,37.2
S002749,2025-10-19,Dania Beach,P0123,1,32.28,0.0,32.28
S001078,2025-08-14,Lake Worth,P0107,1,35.69,0.0,35.69
S006801,2026-03-19,Oakland Park,P0091,1,10.86,0.0,10.86
S004010,2025-12-06,Oakland Park,P0169,1,28.05,0.0,28.05
S008485,2026-05-09,Dania Beach,P0181,1,38.54,5.0,33.54
S009686,2026-06-24,Dania Beach,P0112,2,9.26,0.0,18.52
S005247,2026-01-03,Lake Worth,P0112,1,9.26,0.0,9.26
S004954,2025-12-27,Dania Beach,P0047,1,11.39,0.0,11.39
S005282,2026-01-04,Lake Worth,P0226,1,19.09,0.0,19.09
S000919,2025-08-07,Oakland Park,P0190,1,31.63,0.0,31.63
S007688,2026-04-15,Oakland Park,P0190,1,31.63,0.0,31.63
S007404,2026-04-08,Oakland Park,P0138,1,18.5,2.0,16.5
S009205,2026-06-06,Lake Worth,P0185,1,20.14,0.0,20.14
S000694,2025-07-29,Lake Worth,P0138,1,18.5,0.0,18.5
S005225,2026-01-01,Dania Beach,P0264,1,39.66,5.0,34.66
S001695,2025-09-07,Lake Worth,P0046,1,16.17,0.0,16.17
S000202,2025-07-07,Dania Beach,P0268,1,28.7,0.0,28.7
S006743,2026-03-16,Lake Worth,P0051,1,31.0,0.0,31.0
S000313,2025-07-12,Oakland Park,P0120,1,23.21,0.0,23.21
S005621,2026-01-21,Dania Beach,P0258,1,20.03,0.0,20.03
S002322,2025-10-02,Dania Beach,P0258,2,20.03,0.0,40.06
S000061,2025-07-03,Oakland Park,P0258,1,20.03,0.0,20.03
S002177,2025-09-27,Dania Beach,P0158,1,15.94,0.0,15.94
S004464,2025-12-16,Lake Worth,P0258,1,20.03,0.0,20.03
S003226,2025-11-07,Dania Beach,P0152,1,10.83,0.0,10.83
S000622,2025-07-26,Dania Beach,P0120,1,23.21,0.0,23.21
S005581,2026-01-19,Dania Beach,P0048,1,43.54,5.0,38.54
S006033,2026-02-11,Dania Beach,P0123,1,32.28,0.0,32.28
S005109,2025-12-29,Lake Worth,P0242,1,16.38,0.0,16.38
S007316,2026-04-05,Dania Beach,P0068,1,18.85,0.0,18.85
S009027,2026-05-30,Lake Worth,P0176,1,38.34,2.0,36.34
S003145,2025-11-03,Lake Worth,P0094,1,15.94,0.0,15.94
S006135,2026-02-17,Dania Beach,P0090,1,39.67,0.0,39.67
S005296,2026-01-04,Oakland Park,P0181,2,38.54,2.0,73.08
S002006,2025-09-20,Oakland Park,P0206,1,25.28,0.0,25.28
S004605,2025-12-19,Lake Worth,P0258,1,20.03,0.0,20.03
S002370,2025-10-04,Oakland Park,P0083,1,9.28,0.0,9.28
S001141,2025-08-17,Lake Worth,P0251,1,16.69,0.0,16.69
S000277,2025-07-11,Oakland Park,P0272,1,18.29,0.0,18.29
S009467,2026-06-16,Oakland Park,P0102,1,16.27,0.0,16.27
S003945,2025-12-05,Dania Beach,P0189,2,8.68,0.0,17.36
S002778,2025-10-20,Oakland Park,P0258,1,20.03,0.0,20.03
S009407,2026-06-14,Dania Beach,P0250,1,26.07,0.0,26.07
S000651,2025-07-27,Oakland Park,P0250,1,26.07,0.0,26.07
S003185,2025-11-05,Dania Beach,P0008,1,23.36,5.0,18.36
S004492,2025-12-17,Lake Worth,P0041,1,11.22,0.0,11.22
S007935,2026-04-21,Oakland Park,P0258,1,20.03,0.0,20.03
S007949,2026-04-22,Oakland Park,P0229,1,15.22,0.0,15.22
S003208,2025-11-06,Dania Beach,P0028,2,22.61,0.0,45.22
S003107,2025-11-02,Dania Beach,P0127,1,26.3,2.0,24.3
S004928,2025-12-26,Lake Worth,P0258,1,20.03,0.0,20.03
S009405,2026-06-14,Dania Beach,P0153,1,24.73,0.0,24.73
S005311,2026-01-05,Oakland Park,P0006,1,18.74,0.0,18.74
S008030,2026-04-24,Oakland Park,P0232,1,35.97,0.0,35.97
S002471,2025-10-08,Lake Worth,P0150,1,8.12,0.0,8.12
S003151,2025-11-03,Oakland Park,P0188,3,14.19,0.0,42.57
S006616,2026-03-11,Oakland Park,P0172,1,16.93,0.0,16.93
S004635,2025-12-20,Oakland Park,P0183,1,39.68,0.0,39.68
S004692,2025-12-21,Lake Worth,P0270,2,13.93,0.0,27.86
S006595,2026-03-10,Oakland Park,P0034,1,17.39,0.0,17.39
S009059,2026-05-31,Dania Beach,P0253,1,12.31,0.0,12.31
S001224,2025-08-20,Oakland Park,P0250,1,26.07,0.0,26.07
S007339,2026-04-06,Dania Beach,P0176,1,38.34,0.0,38.34
S005849,2026-02-02,Oakland Park,P0070,1,22.38,0.0,22.38
S001197,2025-08-19,Oakland Park,P0236,1,32.91,0.0,32.91
S002501,2025-10-09,Dania Beach,P0048,1,43.54,0.0,43.54
S001783,2025-09-11,Dania Beach,P0250,1,26.07,0.0,26.07
S006270,2026-02-24,Dania Beach,P0099,1,32.17,0.0,32.17
S001294,2025-08-23,Oakland Park,P0176,1,38.34,0.0,38.34
S007871,2026-04-19,Oakland Park,P0116,1,38.74,2.0,36.74
S009649,2026-06-23,Dania Beach,P0129,2,7.89,0.0,15.78
S000290,2025-07-12,Oakland Park,P0258,1,20.03,0.0,20.03
S008206,2026-04-28,Oakland Park,P0021,2,20.19,5.0,30.38
S006663,2026-03-13,Dania Beach,P0079,1,38.19,0.0,38.19
S002189,2025-09-28,Lake Worth,P0112,1,9.26,0.0,9.26
S005670,2026-01-24,Lake Worth,P0133,1,31.55,0.0,31.55
S000325,2025-07-13,Dania Beach,P0028,2,22.61,0.0,45.22
S003222,2025-11-07,Dania Beach,P0123,1,32.28,5.0,27.28
S004850,2025-12-24,Dania Beach,P0109,1,19.26,0.0,19.26
S002423,2025-10-05,Oakland Park,P0125,2,30.0,0.0,60.0
S002885,2025-10-25,Oakland Park,P0214,1,40.55,0.0,40.55
S006038,2026-02-12,Oakland Park,P0053,1,11.0,0.0,11.0
S009034,2026-05-30,Lake Worth,P0159,1,5.86,2.0,3.86
S001172,2025-08-18,Dania Beach,P0157,1,8.43,0.0,8.43
S000059,2025-07-03,Dania Beach,P0109,1,19.26,0.0,19.26
S003379,2025-11-13,Lake Worth,P0055,2,18.49,0.0,36.98
S005154,2025-12-30,Lake Worth,P0266,1,28.75,0.0,28.75
S001358,2025-08-25,Oakland Park,P0045,2,31.47,0.0,62.94
S004086,2025-12-07,Lake Worth,P0036,1,4.54,0.0,4.54
S005529,2026-01-17,Dania Beach,P0250,1,26.07,0.0,26.07
S006535,2026-03-07,Oakland Park,P0258,1,20.03,0.0,20.03
S009102,2026-06-02,Lake Worth,P0256,1,20.62,0.0,20.62
S004330,2025-12-13,Oakland Park,P0039,1,18.68,0.0,18.68
S008969,2026-05-27,Dania Beach,P0258,1,20.03,0.0,20.03
S005667,2026-01-24,Dania Beach,P0028,2,22.61,0.0,45.22
S005568,2026-01-19,Oakland Park,P0286,1,17.06,0.0,17.06
S002948,2025-10-27,Oakland Park,P0245,1,30.57,5.0,25.57
S001948,2025-09-18,Dania Beach,P0258,1,20.03,0.0,20.03
S006997,2026-03-27,Lake Worth,P0234,1,39.24,0.0,39.24
S002479,2025-10-08,Dania Beach,P0225,1,30.83,0.0,30.83
S001121,2025-08-16,Oakland Park,P0205,1,34.1,0.0,34.1
S008055,2026-04-25,Dania Beach,P0229,2,15.22,0.0,30.44
S002759,2025-10-19,Dania Beach,P0232,1,35.97,0.0,35.97
S009653,2026-06-23,Oakland Park,P0091,2,10.86,0.0,21.72
S003099,2025-11-02,Dania Beach,P0086,1,19.54,0.0,19.54
S004705,2025-12-21,Lake Worth,P0238,1,9.91,0.0,9.91
S006563,2026-03-08,Oakland Park,P0265,2,19.55,0.0,39.1
S008305,2026-05-02,Dania Beach,P0297,1,17.64,0.0,17.64
S007553,2026-04-12,Lake Worth,P0263,1,24.16,0.0,24.16
S000381,2025-07-15,Lake Worth,P0080,1,3.25,0.0,3.25
S003740,2025-11-29,Lake Worth,P0069,1,21.4,2.0,19.4
S008523,2026-05-10,Oakland Park,P0189,1,8.68,0.0,8.68
S003760,2025-11-30,Oakland Park,P0229,1,15.22,0.0,15.22
S006460,2026-03-04,Lake Worth,P0229,2,15.22,0.0,30.44
S008506,2026-05-09,Dania Beach,P0125,1,30.0,0.0,30.0
S000608,2025-07-26,Dania Beach,P0233,1,22.74,0.0,22.74
S008156,2026-04-26,Lake Worth,P0205,1,34.1,0.0,34.1
S004983,2025-12-27,Dania Beach,P0277,1,12.14,0.0,12.14
S002256,2025-09-30,Oakland Park,P0298,2,10.79,0.0,21.58
S002205,2025-09-28,Oakland Park,P0249,1,24.88,0.0,24.88
S006936,2026-03-24,Dania Beach,P0258,1,20.03,0.0,20.03
S003744,2025-11-29,Dania Beach,P0078,3,34.08,0.0,102.24
S004213,2025-12-11,Oakland Park,P0258,1,20.03,0.0,20.03
S003011,2025-10-29,Dania Beach,P0297,1,17.64,0.0,17.64
S003748,2025-11-29,Oakland Park,P0229,1,15.22,0.0,15.22
S001796,2025-09-11,Dania Beach,P0161,1,43.05,0.0,43.05
S008016,2026-04-23,Dania Beach,P0209,1,38.73,0.0,38.73
S002240,2025-09-29,Dania Beach,P0162,2,9.66,0.0,19.32
S007369,2026-04-07,Lake Worth,P0253,1,12.31,0.0,12.31
S008824,2026-05-21,Oakland Park,P0095,1,15.25,0.0,15.25
S002463,2025-10-07,Oakland Park,P0258,1,20.03,0.0,20.03
S001124,2025-08-16,Oakland Park,P0293,1,17.47,0.0,17.47
S002084,2025-09-23,Lake Worth,P0004,1,33.33,0.0,33.33
S003732,2025-11-29,Lake Worth,P0116,1,38.74,0.0,38.74
S007210,2026-04-04,Oakland Park,P0164,2,14.99,0.0,29.98
S002403,2025-10-05,Lake Worth,P0181,1,38.54,0.0,38.54
S008484,2026-05-09,Lake Worth,P0028,1,22.61,0.0,22.61
S007198,2026-04-03,Oakland Park,P0007,1,18.87,0.0,18.87
S009666,2026-06-23,Dania Beach,P0258,1,20.03,0.0,20.03
S009154,2026-06-04,Dania Beach,P0225,1,30.83,0.0,30.83
S002104,2025-09-24,Lake Worth,P0116,1,38.74,0.0,38.74
S005954,2026-02-07,Lake Worth,P0192,1,9.96,0.0,9.96
S001312,2025-08-24,Dania Beach,P0043,1,11.96,0.0,11.96
S008042,2026-04-24,Dania Beach,P0020,1,24.25,0.0,24.25
S000518,2025-07-21,Dania Beach,P0181,1,38.54,0.0,38.54
S003263,2025-11-08,Dania Beach,P0200,1,20.12,0.0,20.12
S006545,2026-03-08,Lake Worth,P0181,1,38.54,0.0,38.54
S001324,2025-08-24,Dania Beach,P0086,1,19.54,0.0,19.54
S003506,2025-11-19,Oakland Park,P0153,1,24.73,0.0,24.73
S006946,2026-03-25,Oakland Park,P0137,1,34.89,0.0,34.89
S007780,2026-04-18,Oakland Park,P0250,1,26.07,2.0,24.07
S003140,2025-11-03,Dania Beach,P0258,1,20.03,0.0,20.03
S009382,2026-06-13,Oakland Park,P0229,1,15.22,0.0,15.22
S009254,2026-06-07,Dania Beach,P0147,1,40.67,0.0,40.67
S008543,2026-05-10,Oakland Park,P0159,1,5.86,0.0,5.86
S000172,2025-07-06,Oakland Park,P0233,1,22.74,0.0,22.74
S002976,2025-10-28,Dania Beach,P0258,1,20.03,0.0,20.03
S009588,2026-06-21,Dania Beach,P0016,1,9.61,0.0,9.61
S002671,2025-10-17,Dania Beach,P0022,1,7.3,0.0,7.3
S005171,2025-12-31,Dania Beach,P0259,1,34.69,0.0,34.69
S004982,2025-12-27,Lake Worth,P0153,1,24.73,0.0,24.73
S005873,2026-02-03,Dania Beach,P0258,1,20.03,0.0,20.03
S004672,2025-12-21,Oakland Park,P0098,1,12.85,0.0,12.85
S004244,2025-12-12,Oakland Park,P0078,3,34.08,0.0,102.24
S008004,2026-04-23,Oakland Park,P0225,1,30.83,0.0,30.83
S007203,2026-04-03,Dania Beach,P0009,1,10.82,0.0,10.82
S007384,2026-04-08,Lake Worth,P0042,1,16.07,5.0,11.07
S003067,2025-11-01,Dania Beach,P0181,1,38.54,0.0,38.54
S003043,2025-10-31,Lake Worth,P0087,3,10.56,0.0,31.68
S006802,2026-03-19,Dania Beach,P0250,1,26.07,0.0,26.07
S007057,2026-03-30,Oakland Park,P0042,1,16.07,0.0,16.07
S008395,2026-05-05,Oakland Park,P0099,1,32.17,0.0,32.17
S005394,2026-01-10,Dania Beach,P0181,1,38.54,0.0,38.54
S003716,2025-11-28,Dania Beach,P0264,3,39.66,0.0,118.98
S005162,2025-12-30,Dania Beach,P0005,1,12.32,0.0,12.32
S009071,2026-05-31,Dania Beach,P0028,1,22.61,0.0,22.61
S003806,2025-12-01,Lake Worth,P0190,1,31.63,0.0,31.63
S008711,2026-05-17,Dania Beach,P0258,1,20.03,2.0,18.03
S000895,2025-08-06,Oakland Park,P0229,1,15.22,0.0,15.22
S008390,2026-05-05,Lake Worth,P0134,1,13.77,0.0,13.77
S006515,2026-03-07,Oakland Park,P0225,1,30.83,0.0,30.83
S000958,2025-08-09,Lake Worth,P0051,1,31.0,0.0,31.0
S005424,2026-01-11,Lake Worth,P0181,2,38.54,0.0,77.08
S002319,2025-10-02,Oakland Park,P0016,1,9.61,0.0,9.61
S009284,2026-06-08,Lake Worth,P0047,1,11.39,0.0,11.39
S003078,2025-11-01,Lake Worth,P0065,1,22.31,0.0,22.31
S000547,2025-07-23,Dania Beach,P0138,1,18.5,0.0,18.5
S003084,2025-11-01,Oakland Park,P0179,1,10.96,0.0,10.96
S009435,2026-06-15,Oakland Park,P0178,3,35.29,0.0,105.87
S006119,2026-02-15,Dania Beach,P0002,2,33.09,0.0,66.18
S007257,2026-04-05,Dania Beach,P0166,1,26.78,0.0,26.78
S006289,2026-02-25,Dania Beach,P0258,1,20.03,0.0,20.03
S000901,2025-08-06,Dania Beach,P0250,1,26.07,0.0,26.07
S004540,2025-12-18,Oakland Park,P0141,1,18.03,0.0,18.03
S001418,2025-08-27,Dania Beach,P0113,1,15.71,0.0,15.71
S005186,2025-12-31,Dania Beach,P0258,2,20.03,0.0,40.06
S006543,2026-03-08,Oakland Park,P0155,1,33.74,0.0,33.74
S001927,2025-09-17,Dania Beach,P0090,1,39.67,0.0,39.67
S007470,2026-04-10,Dania Beach,P0264,1,39.66,0.0,39.66
S004920,2025-12-26,Dania Beach,P0190,1,31.63,0.0,31.63
S009091,2026-06-01,Oakland Park,P0255,1,34.26,0.0,34.26
S009613,2026-06-21,Oakland Park,P0116,1,38.74,0.0,38.74
S006898,2026-03-22,Oakland Park,P0203,1,28.04,0.0,28.04
S005293,2026-01-04,Dania Beach,P0138,1,18.5,0.0,18.5
S009651,2026-06-23,Dania Beach,P0258,2,20.03,0.0,40.06
S003902,2025-12-04,Oakland Park,P0145,1,18.52,0.0,18.52
S006405,2026-03-02,Oakland Park,P0112,1,9.26,0.0,9.26
S004590,2025-12-19,Lake Worth,P0218,1,12.89,0.0,12.89
S005970,2026-02-08,Dania Beach,P0161,1,43.05,0.0,43.05
S009437,2026-06-15,Dania Beach,P0020,1,24.25,0.0,24.25
S007309,2026-04-05,Dania Beach,P0143,1,33.65,0.0,33.65
S001206,2025-08-19,Dania Beach,P0033,1,13.41,0.0,13.41
S002243,2025-09-29,Dania Beach,P0116,1,38.74,0.0,38.74
S005820,2026-01-31,Dania Beach,P0102,1,16.27,0.0,16.27
S001173,2025-08-18,Dania Beach,P0041,1,11.22,2.0,9.22
S006518,2026-03-07,Lake Worth,P0173,1,28.8,0.0,28.8
S004032,2025-12-07,Oakland Park,P0225,1,30.83,0.0,30.83
S000379,2025-07-15,Oakland Park,P0061,1,13.54,0.0,13.54
S009837,2026-06-30,Oakland Park,P0071,1,14.0,0.0,14.0
S000698,2025-07-29,Oakland Park,P0121,1,26.48,0.0,26.48
S004028,2025-12-06,Lake Worth,P0300,1,15.39,0.0,15.39
S003592,2025-11-23,Oakland Park,P0112,2,9.26,0.0,18.52
S002577,2025-10-12,Lake Worth,P0172,1,16.93,0.0,16.93
S009496,2026-06-17,Oakland Park,P0253,1,12.31,0.0,12.31
S006358,2026-02-28,Oakland Park,P0288,1,39.45,2.0,37.45
S000656,2025-07-27,Lake Worth,P0258,1,20.03,0.0,20.03
S006823,2026-03-20,Lake Worth,P0188,1,14.19,0.0,14.19
S006173,2026-02-19,Dania Beach,P0258,1,20.03,0.0,20.03
S005751,2026-01-28,Dania Beach,P0204,1,30.89,0.0,30.89
S001098,2025-08-15,Dania Beach,P0264,1,39.66,0.0,39.66
S001002,2025-08-11,Dania Beach,P0263,3,24.16,0.0,72.48
S006611,2026-03-10,Lake Worth,P0015,1,10.97,0.0,10.97
S003460,2025-11-16,Dania Beach,P0170,1,12.29,0.0,12.29
S003381,2025-11-13,Oakland Park,P0028,1,22.61,0.0,22.61
S000455,2025-07-19,Lake Worth,P0229,1,15.22,0.0,15.22
S004152,2025-12-09,Oakland Park,P0229,1,15.22,0.0,15.22
S005141,2025-12-30,Lake Worth,P0033,1,13.41,0.0,13.41
S007071,2026-03-30,Oakland Park,P0060,1,16.29,0.0,16.29
S009691,2026-06-25,Lake Worth,P0152,1,10.83,0.0,10.83
S009404,2026-06-14,Oakland Park,P0229,2,15.22,0.0,30.44
S003147,2025-11-03,Dania Beach,P0099,1,32.17,0.0,32.17
S007204,2026-04-04,Oakland Park,P0035,1,25.13,0.0,25.13
S003035,2025-10-31,Lake Worth,P0179,1,10.96,0.0,10.96
S002207,2025-09-28,Oakland Park,P0093,1,10.98,0.0,10.98
S000387,2025-07-15,Dania Beach,P0045,1,31.47,5.0,26.47
S001696,2025-09-07,Oakland Park,P0225,1,30.83,0.0,30.83
S006864,2026-03-21,Lake Worth,P0145,1,18.52,2.0,16.52
S007023,2026-03-28,Oakland Park,P0099,1,32.17,0.0,32.17
S004203,2025-12-11,Dania Beach,P0102,1,16.27,0.0,16.27
S004153,2025-12-09,Dania Beach,P0132,1,38.62,0.0,38.62
S007907,2026-04-20,Lake Worth,P0258,2,20.03,2.0,36.06
S003144,2025-11-03,Oakland Park,P0184,1,16.92,0.0,16.92
S006461,2026-03-05,Oakland Park,P0141,1,18.03,0.0,18.03
S002710,2025-10-18,Lake Worth,P0258,1,20.03,0.0,20.03
S003120,2025-11-02,Oakland Park,P0061,1,13.54,5.0,8.54
S006436,2026-03-03,Oakland Park,P0061,1,13.54,0.0,13.54
S008512,2026-05-09,Oakland Park,P0298,1,10.79,0.0,10.79
S005649,2026-01-23,Oakland Park,P0108,2,11.87,0.0,23.74
S000606,2025-07-26,Dania Beach,P0244,1,7.54,0.0,7.54
S007452,2026-04-09,Dania Beach,P0100,1,34.67,0.0,34.67
S004817,2025-12-24,Oakland Park,P0258,1,20.03,0.0,20.03
S003001,2025-10-29,Oakland Park,P0234,1,39.24,0.0,39.24
S009327,2026-06-11,Lake Worth,P0234,1,39.24,0.0,39.24
S005622,2026-01-22,Lake Worth,P0198,1,5.19,0.0,5.19
S002519,2025-10-10,Lake Worth,P0262,1,32.15,2.0,30.15
S008565,2026-05-11,Oakland Park,P0237,1,18.61,0.0,18.61
S001741,2025-09-09,Oakland Park,P0069,1,21.4,0.0,21.4
S001713,2025-09-07,Oakland Park,P0258,1,20.03,0.0,20.03
S001329,2025-08-24,Oakland Park,P0123,1,32.28,0.0,32.28
S006809,2026-03-19,Oakland Park,P0069,1,21.4,0.0,21.4
S000771,2025-08-01,Dania Beach,P0099,1,32.17,0.0,32.17
S002129,2025-09-25,Lake Worth,P0088,1,14.79,0.0,14.79
S008560,2026-05-11,Dania Beach,P0238,1,9.91,0.0,9.91
S000375,2025-07-15,Dania Beach,P0198,1,5.19,0.0,5.19
S005527,2026-01-17,Lake Worth,P0042,1,16.07,0.0,16.07
S000352,2025-07-14,Lake Worth,P0220,1,18.24,0.0,18.24
S003722,2025-11-28,Dania Beach,P0250,1,26.07,0.0,26.07
S002414,2025-10-05,Dania Beach,P0002,1,33.09,0.0,33.09
S001183,2025-08-18,Dania Beach,P0069,1,21.4,0.0,21.4
S005137,2025-12-30,Lake Worth,P0225,1,30.83,0.0,30.83
S003267,2025-11-09,Dania Beach,P0138,1,18.5,0.0,18.5
S006794,2026-03-19,Oakland Park,P0141,1,18.03,0.0,18.03
S004676,2025-12-21,Dania Beach,P0141,1,18.03,0.0,18.03
S001772,2025-09-10,Dania Beach,P0100,1,34.67,2.0,32.67
S002641,2025-10-15,Lake Worth,P0251,1,16.69,2.0,14.69
S006078,2026-02-14,Dania Beach,P0012,2,14.93,0.0,29.86
S007164,2026-04-02,Oakland Park,P0222,1,25.03,0.0,25.03
S006448,2026-03-04,Oakland Park,P0250,1,26.07,0.0,26.07
S002720,2025-10-18,Oakland Park,P0284,3,19.93,0.0,59.79
S004258,2025-12-12,Dania Beach,P0264,1,39.66,0.0,39.66
S000739,2025-07-31,Oakland Park,P0255,1,34.26,2.0,32.26
S008770,2026-05-19,Dania Beach,P0258,1,20.03,0.0,20.03
S004873,2025-12-25,Dania Beach,P0010,1,26.25,0.0,26.25
S001711,2025-09-07,Lake Worth,P0120,1,23.21,5.0,18.21
S005126,2025-12-30,Lake Worth,P0259,1,34.69,0.0,34.69
S000410,2025-07-17,Dania Beach,P0019,1,19.0,2.0,17.0
S003194,2025-11-05,Oakland Park,P0272,1,18.29,0.0,18.29
S007795,2026-04-18,Oakland Park,P0128,1,25.5,0.0,25.5
S009741,2026-06-27,Oakland Park,P0029,1,44.82,0.0,44.82
S007593,2026-04-12,Dania Beach,P0029,1,44.82,0.0,44.82
S002680,2025-10-17,Lake Worth,P0028,1,22.61,0.0,22.61
S009417,2026-06-14,Dania Beach,P0258,1,20.03,0.0,20.03
S000400,2025-07-16,Dania Beach,P0298,3,10.79,0.0,32.37
S003411,2025-11-15,Dania Beach,P0188,1,14.19,0.0,14.19
S006737,2026-03-16,Oakland Park,P0045,1,31.47,2.0,29.47
S000815,2025-08-03,Lake Worth,P0060,1,16.29,2.0,14.29
S003313,2025-11-10,Dania Beach,P0100,1,34.67,0.0,34.67
S008811,2026-05-21,Lake Worth,P0076,1,28.11,5.0,23.11
S006059,2026-02-13,Lake Worth,P0050,1,16.14,0.0,16.14
S005738,2026-01-27,Oakland Park,P0028,1,22.61,0.0,22.61
S008909,2026-05-24,Lake Worth,P0125,1,30.0,0.0,30.0
S004291,2025-12-13,Dania Beach,P0045,1,31.47,0.0,31.47
S004522,2025-12-17,Oakland Park,P0258,1,20.03,0.0,20.03
S004091,2025-12-08,Dania Beach,P0147,2,40.67,0.0,81.34
S008297,2026-05-01,Oakland Park,P0069,1,21.4,0.0,21.4
S004243,2025-12-11,Oakland Park,P0229,1,15.22,0.0,15.22
S000774,2025-08-02,Oakland Park,P0253,1,12.31,0.0,12.31
S002238,2025-09-29,Dania Beach,P0192,1,9.96,0.0,9.96
S003302,2025-11-09,Oakland Park,P0258,1,20.03,0.0,20.03
S000062,2025-07-03,Dania Beach,P0229,2,15.22,0.0,30.44
S001875,2025-09-14,Oakland Park,P0058,1,6.59,0.0,6.59
S009135,2026-06-03,Oakland Park,P0033,1,13.41,2.0,11.41
S008035,2026-04-24,Oakland Park,P0196,1,23.33,0.0,23.33
S003170,2025-11-04,Dania Beach,P0258,1,20.03,0.0,20.03
S003823,2025-12-01,Dania Beach,P0258,1,20.03,2.0,18.03
S002815,2025-10-21,Oakland Park,P0173,3,28.8,0.0,86.4
S001085,2025-08-14,Oakland Park,P0067,1,22.05,0.0,22.05
S002614,2025-10-14,Oakland Park,P0222,1,25.03,0.0,25.03
S006960,2026-03-25,Dania Beach,P0147,1,40.67,0.0,40.67
S000326,2025-07-13,Dania Beach,P0179,1,10.96,5.0,5.96
S000673,2025-07-28,Dania Beach,P0264,1,39.66,5.0,34.66
S007150,2026-04-02,Dania Beach,P0100,1,34.67,0.0,34.67
S005727,2026-01-27,Dania Beach,P0181,1,38.54,0.0,38.54
S007848,2026-04-19,Dania Beach,P0035,1,25.13,0.0,25.13
S009122,2026-06-02,Dania Beach,P0258,2,20.03,0.0,40.06
S007544,2026-04-11,Dania Beach,P0169,2,28.05,0.0,56.1
S008400,2026-05-05,Dania Beach,P0258,1,20.03,5.0,15.03
S003299,2025-11-09,Lake Worth,P0138,2,18.5,0.0,37.0
S005810,2026-01-31,Oakland Park,P0120,1,23.21,0.0,23.21
S005409,2026-01-10,Dania Beach,P0258,1,20.03,0.0,20.03
S008381,2026-05-04,Dania Beach,P0028,2,22.61,0.0,45.22
S003581,2025-11-22,Lake Worth,P0256,1,20.62,0.0,20.62
S009680,2026-06-24,Dania Beach,P0250,1,26.07,0.0,26.07
S007557,2026-04-12,Dania Beach,P0202,1,27.95,0.0,27.95
S008219,2026-04-28,Oakland Park,P0008,1,23.36,0.0,23.36
S004972,2025-12-27,Dania Beach,P0228,1,12.36,0.0,12.36
S009228,2026-06-06,Dania Beach,P0258,1,20.03,0.0,20.03
S006320,2026-02-27,Dania Beach,P0258,1,20.03,0.0,20.03
S000869,2025-08-05,Dania Beach,P0078,1,34.08,0.0,34.08
S000082,2025-07-04,Dania Beach,P0157,1,8.43,0.0,8.43
S006344,2026-02-28,Lake Worth,P0212,1,31.11,0.0,31.11
S000464,2025-07-19,Lake Worth,P0225,1,30.83,0.0,30.83
S008892,2026-05-24,Oakland Park,P0225,1,30.83,0.0,30.83
S006113,2026-02-15,Oakland Park,P0286,1,17.06,0.0,17.06
S006356,2026-02-28,Lake Worth,P0250,2,26.07,0.0,52.14
S000004,2025-07-01,Oakland Park,P0175,1,10.78,0.0,10.78
S002267,2025-09-30,Oakland Park,P0145,1,18.52,0.0,18.52
S002277,2025-10-01,Oakland Park,P0245,1,30.57,0.0,30.57
S001662,2025-09-06,Dania Beach,P0270,1,13.93,0.0,13.93
S004915,2025-12-26,Oakland Park,P0245,1,30.57,0.0,30.57
S004025,2025-12-06,Lake Worth,P0063,1,32.31,0.0,32.31
S003613,2025-11-23,Lake Worth,P0050,1,16.14,0.0,16.14
S007512,2026-04-11,Dania Beach,P0258,1,20.03,0.0,20.03
S007291,2026-04-05,Dania Beach,P0079,1,38.19,0.0,38.19
S007379,2026-04-07,Oakland Park,P0020,2,24.25,0.0,48.5
S007402,2026-04-08,Lake Worth,P0069,1,21.4,0.0,21.4
S004504,2025-12-17,Lake Worth,P0123,1,32.28,0.0,32.28
S002488,2025-10-08,Dania Beach,P0157,1,8.43,0.0,8.43
S001746,2025-09-09,Oakland Park,P0030,2,9.83,0.0,19.66
S000395,2025-07-16,Lake Worth,P0138,1,18.5,0.0,18.5
S003563,2025-11-21,Oakland Park,P0078,1,34.08,0.0,34.08
S008204,2026-04-28,Dania Beach,P0041,1,11.22,0.0,11.22
S008334,2026-05-03,Dania Beach,P0120,1,23.21,0.0,23.21
S000333,2025-07-13,Dania Beach,P0022,1,7.3,0.0,7.3
S001362,2025-08-26,Oakland Park,P0098,1,12.85,2.0,10.85
S002302,2025-10-02,Oakland Park,P0225,1,30.83,0.0,30.83
S008866,2026-05-23,Oakland Park,P0258,1,20.03,0.0,20.03
S001602,2025-09-03,Dania Beach,P0248,1,14.4,2.0,12.4
S008404,2026-05-05,Lake Worth,P0229,1,15.22,0.0,15.22
S000489,2025-07-20,Dania Beach,P0278,1,27.49,0.0,27.49
S007909,2026-04-20,Lake Worth,P0250,1,26.07,0.0,26.07
S006258,2026-02-23,Lake Worth,P0258,1,20.03,0.0,20.03
S004198,2025-12-10,Dania Beach,P0258,1,20.03,0.0,20.03
S002546,2025-10-11,Dania Beach,P0028,1,22.61,2.0,20.61
S003879,2025-12-03,Dania Beach,P0120,1,23.21,0.0,23.21
S000065,2025-07-03,Oakland Park,P0010,1,26.25,0.0,26.25
S001707,2025-09-07,Dania Beach,P0250,2,26.07,5.0,42.14
S008835,2026-05-22,Dania Beach,P0258,1,20.03,5.0,15.03
S000083,2025-07-04,Dania Beach,P0090,1,39.67,0.0,39.67
S005678,2026-01-24,Oakland Park,P0138,1,18.5,0.0,18.5
S005117,2025-12-29,Dania Beach,P0227,1,22.7,0.0,22.7
S007972,2026-04-22,Dania Beach,P0229,1,15.22,0.0,15.22
S004115,2025-12-08,Oakland Park,P0237,1,18.61,0.0,18.61
S003881,2025-12-03,Oakland Park,P0156,1,33.24,2.0,31.24
S002656,2025-10-16,Dania Beach,P0028,1,22.61,2.0,20.61
S007183,2026-04-03,Dania Beach,P0033,1,13.41,0.0,13.41
S005768,2026-01-30,Dania Beach,P0278,1,27.49,0.0,27.49
S009568,2026-06-20,Oakland Park,P0245,1,30.57,0.0,30.57
S000071,2025-07-03,Oakland Park,P0123,1,32.28,0.0,32.28
S002730,2025-10-18,Dania Beach,P0091,2,10.86,0.0,21.72
S000374,2025-07-15,Dania Beach,P0279,1,5.18,0.0,5.18
S004023,2025-12-06,Oakland Park,P0196,1,23.33,0.0,23.33
S002200,2025-09-28,Dania Beach,P0028,1,22.61,2.0,20.61
S007966,2026-04-22,Dania Beach,P0141,1,18.03,2.0,16.03
S002461,2025-10-07,Dania Beach,P0098,1,12.85,0.0,12.85
S002797,2025-10-21,Lake Worth,P0011,1,31.32,0.0,31.32
S000136,2025-07-06,Dania Beach,P0278,1,27.49,0.0,27.49
S004374,2025-12-14,Dania Beach,P0072,1,23.85,0.0,23.85
S008953,2026-05-26,Dania Beach,P0050,1,16.14,0.0,16.14
S006388,2026-03-01,Lake Worth,P0297,1,17.64,0.0,17.64
S006483,2026-03-05,Dania Beach,P0258,1,20.03,0.0,20.03
S005279,2026-01-04,Oakland Park,P0209,1,38.73,0.0,38.73
S006710,2026-03-15,Dania Beach,P0088,1,14.79,2.0,12.79
S001320,2025-08-24,Oakland Park,P0285,2,24.04,0.0,48.08
S003499,2025-11-18,Dania Beach,P0028,1,22.61,5.0,17.61
S006073,2026-02-14,Dania Beach,P0258,1,20.03,0.0,20.03
S006286,2026-02-25,Oakland Park,P0240,1,29.77,0.0,29.77
S005847,2026-02-02,Dania Beach,P0173,1,28.8,0.0,28.8
S007775,2026-04-17,Oakland Park,P0270,1,13.93,0.0,13.93
S009544,2026-06-19,Dania Beach,P0287,1,38.39,0.0,38.39
S001917,2025-09-16,Oakland Park,P0251,1,16.69,0.0,16.69
S005196,2025-12-31,Dania Beach,P0253,1,12.31,0.0,12.31
S007331,2026-04-06,Oakland Park,P0145,1,18.52,0.0,18.52
S000681,2025-07-29,Dania Beach,P0274,1,22.73,0.0,22.73
S005864,2026-02-03,Oakland Park,P0020,1,24.25,0.0,24.25
S001127,2025-08-16,Oakland Park,P0170,1,12.29,0.0,12.29
S004588,2025-12-19,Dania Beach,P0108,1,11.87,0.0,11.87
S001279,2025-08-23,Dania Beach,P0264,1,39.66,0.0,39.66
S000360,2025-07-15,Oakland Park,P0022,1,7.3,0.0,7.3
S005916,2026-02-05,Oakland Park,P0033,1,13.41,0.0,13.41
S005158,2025-12-30,Lake Worth,P0022,1,7.3,0.0,7.3
S005907,2026-02-05,Lake Worth,P0170,1,12.29,0.0,12.29
S005360,2026-01-08,Dania Beach,P0025,1,37.2,0.0,37.2
S008221,2026-04-28,Oakland Park,P0069,1,21.4,0.0,21.4
S001676,2025-09-06,Dania Beach,P0045,1,31.47,0.0,31.47
S008178,2026-04-27,Oakland Park,P0078,1,34.08,0.0,34.08
S004696,2025-12-21,Lake Worth,P0112,1,9.26,2.0,7.26
S007676,2026-04-14,Lake Worth,P0185,1,20.14,0.0,20.14
S001740,2025-09-09,Dania Beach,P0229,1,15.22,0.0,15.22
S005348,2026-01-07,Dania Beach,P0133,1,31.55,0.0,31.55
S006005,2026-02-09,Oakland Park,P0239,1,7.76,0.0,7.76
S007613,2026-04-13,Oakland Park,P0028,2,22.61,0.0,45.22
S003474,2025-11-17,Oakland Park,P0267,1,35.08,0.0,35.08
S006530,2026-03-07,Dania Beach,P0027,1,16.28,0.0,16.28
S005730,2026-01-27,Oakland Park,P0037,1,16.2,0.0,16.2
S007396,2026-04-08,Oakland Park,P0047,2,11.39,0.0,22.78
S006442,2026-03-04,Dania Beach,P0230,1,15.88,0.0,15.88
S009770,2026-06-28,Dania Beach,P0045,1,31.47,0.0,31.47
S002478,2025-10-08,Dania Beach,P0188,1,14.19,0.0,14.19
S000255,2025-07-10,Dania Beach,P0232,2,35.97,0.0,71.94
S008336,2026-05-03,Lake Worth,P0115,1,35.88,0.0,35.88
S002741,2025-10-19,Oakland Park,P0272,2,18.29,0.0,36.58
S009822,2026-06-30,Dania Beach,P0126,1,18.39,0.0,18.39
S001282,2025-08-23,Lake Worth,P0123,1,32.28,0.0,32.28
S004748,2025-12-22,Dania Beach,P0004,2,33.33,0.0,66.66
S000672,2025-07-28,Lake Worth,P0044,1,16.95,0.0,16.95
S001673,2025-09-06,Dania Beach,P0258,1,20.03,0.0,20.03
S009438,2026-06-15,Dania Beach,P0228,1,12.36,0.0,12.36
S006450,2026-03-04,Oakland Park,P0170,2,12.29,0.0,24.58
S005732,2026-01-27,Lake Worth,P0032,1,10.89,0.0,10.89
S004916,2025-12-26,Dania Beach,P0200,1,20.12,0.0,20.12
S006973,2026-03-26,Dania Beach,P0258,1,20.03,0.0,20.03
S002643,2025-10-15,Oakland Park,P0219,1,19.95,0.0,19.95
S008608,2026-05-13,Lake Worth,P0120,1,23.21,0.0,23.21
S005501,2026-01-15,Dania Beach,P0093,1,10.98,0.0,10.98
S003047,2025-10-31,Oakland Park,P0172,1,16.93,0.0,16.93
S000362,2025-07-15,Dania Beach,P0028,1,22.61,0.0,22.61
S002883,2025-10-25,Oakland Park,P0023,1,36.9,0.0,36.9
S003915,2025-12-04,Lake Worth,P0121,1,26.48,0.0,26.48
S006495,2026-03-06,Dania Beach,P0258,1,20.03,0.0,20.03
S002724,2025-10-18,Dania Beach,P0016,1,9.61,0.0,9.61
S001523,2025-08-31,Oakland Park,P0005,1,12.32,0.0,12.32
S007719,2026-04-15,Dania Beach,P0253,1,12.31,0.0,12.31
S006410,2026-03-03,Oakland Park,P0021,1,20.19,0.0,20.19
S001859,2025-09-14,Dania Beach,P0258,2,20.03,0.0,40.06
S003305,2025-11-10,Dania Beach,P0072,1,23.85,0.0,23.85
S000027,2025-07-02,Dania Beach,P0138,1,18.5,0.0,18.5
S009418,2026-06-14,Lake Worth,P0083,2,9.28,0.0,18.56
S006057,2026-02-13,Lake Worth,P0083,1,9.28,0.0,9.28
S003013,2025-10-30,Lake Worth,P0181,1,38.54,0.0,38.54
S008459,2026-05-08,Dania Beach,P0036,1,4.54,0.0,4.54
S007363,2026-04-07,Dania Beach,P0231,2,16.4,0.0,32.8
S000816,2025-08-03,Dania Beach,P0069,1,21.4,0.0,21.4
S003859,2025-12-02,Oakland Park,P0225,2,30.83,0.0,61.66
S008706,2026-05-17,Dania Beach,P0250,1,26.07,0.0,26.07
S008694,2026-05-16,Dania Beach,P0054,1,38.06,0.0,38.06
S004991,2025-12-27,Oakland Park,P0130,1,19.21,0.0,19.21
S002289,2025-10-01,Lake Worth,P0238,1,9.91,0.0,9.91
S009002,2026-05-29,Dania Beach,P0250,2,26.07,0.0,52.14
S000582,2025-07-25,Dania Beach,P0034,2,17.39,0.0,34.78
S004652,2025-12-20,Oakland Park,P0165,1,17.48,0.0,17.48
S001941,2025-09-17,Oakland Park,P0232,1,35.97,0.0,35.97
S002830,2025-10-22,Dania Beach,P0258,1,20.03,0.0,20.03
S000803,2025-08-02,Oakland Park,P0011,1,31.32,0.0,31.32
S000347,2025-07-14,Dania Beach,P0123,1,32.28,0.0,32.28
S007901,2026-04-20,Dania Beach,P0056,1,36.04,0.0,36.04
S002946,2025-10-27,Oakland Park,P0099,1,32.17,0.0,32.17
S006158,2026-02-18,Lake Worth,P0099,1,32.17,0.0,32.17
S002445,2025-10-06,Dania Beach,P0213,1,4.58,0.0,4.58
S006628,2026-03-11,Dania Beach,P0100,3,34.67,2.0,98.01
S009176,2026-06-05,Lake Worth,P0248,1,14.4,0.0,14.4
S002348,2025-10-03,Oakland Park,P0069,2,21.4,2.0,38.8
S001954,2025-09-18,Lake Worth,P0234,1,39.24,0.0,39.24
S003488,2025-11-18,Dania Beach,P0288,2,39.45,0.0,78.9
S000221,2025-07-08,Oakland Park,P0122,1,15.39,0.0,15.39
S003279,2025-11-09,Dania Beach,P0258,1,20.03,0.0,20.03
S000368,2025-07-15,Oakland Park,P0127,1,26.3,0.0,26.3
S003827,2025-12-02,Dania Beach,P0193,1,15.19,0.0,15.19
S008290,2026-05-01,Oakland Park,P0122,1,15.39,0.0,15.39
S002274,2025-10-01,Lake Worth,P0148,1,17.71,0.0,17.71
S004508,2025-12-17,Oakland Park,P0281,1,17.35,0.0,17.35
S007729,2026-04-16,Oakland Park,P0028,1,22.61,0.0,22.61
S004653,2025-12-20,Dania Beach,P0258,1,20.03,0.0,20.03
S005520,2026-01-17,Oakland Park,P0245,1,30.57,0.0,30.57
S000540,2025-07-23,Dania Beach,P0079,1,38.19,0.0,38.19
S002438,2025-10-06,Dania Beach,P0259,2,34.69,0.0,69.38
S003364,2025-11-13,Dania Beach,P0181,1,38.54,0.0,38.54
S003785,2025-11-30,Oakland Park,P0289,1,47.01,2.0,45.01
S009093,2026-06-01,Oakland Park,P0023,1,36.9,0.0,36.9
S007313,2026-04-05,Dania Beach,P0102,1,16.27,0.0,16.27
S000307,2025-07-12,Oakland Park,P0278,1,27.49,0.0,27.49
S007440,2026-04-09,Oakland Park,P0239,1,7.76,0.0,7.76
S002963,2025-10-28,Oakland Park,P0037,1,16.2,0.0,16.2
S000576,2025-07-25,Oakland Park,P0181,1,38.54,0.0,38.54
S002383,2025-10-05,Oakland Park,P0063,1,32.31,2.0,30.31
S003708,2025-11-27,Lake Worth,P0239,1,7.76,0.0,7.76
S005122,2025-12-29,Dania Beach,P0258,1,20.03,0.0,20.03
S006374,2026-03-01,Dania Beach,P0022,3,7.3,0.0,21.9
S002569,2025-10-12,Lake Worth,P0112,1,9.26,0.0,9.26
S004799,2025-12-23,Dania Beach,P0100,1,34.67,0.0,34.67
S005012,2025-12-28,Lake Worth,P0277,1,12.14,0.0,12.14
S009650,2026-06-23,Dania Beach,P0119,1,10.1,0.0,10.1
S009662,2026-06-23,Oakland Park,P0134,2,13.77,0.0,27.54
S001692,2025-09-07,Oakland Park,P0069,1,21.4,0.0,21.4
S009224,2026-06-06,Oakland Park,P0157,1,8.43,0.0,8.43
S007542,2026-04-11,Oakland Park,P0112,1,9.26,0.0,9.26
S004628,2025-12-20,Dania Beach,P0224,1,28.47,0.0,28.47
S003568,2025-11-22,Lake Worth,P0226,1,19.09,2.0,17.09
S007854,2026-04-19,Dania Beach,P0022,1,7.3,5.0,2.3
S001774,2025-09-10,Lake Worth,P0120,1,23.21,0.0,23.21
S005602,2026-01-21,Oakland Park,P0043,1,11.96,0.0,11.96
S004568,2025-12-18,Dania Beach,P0298,1,10.79,0.0,10.79
S006636,2026-03-11,Dania Beach,P0245,1,30.57,0.0,30.57
S003981,2025-12-05,Oakland Park,P0141,2,18.03,0.0,36.06
S008788,2026-05-20,Dania Beach,P0120,1,23.21,2.0,21.21
S006763,2026-03-17,Oakland Park,P0250,2,26.07,0.0,52.14
S009497,2026-06-17,Oakland Park,P0294,1,30.88,0.0,30.88
S000729,2025-07-30,Dania Beach,P0071,1,14.0,0.0,14.0
S002329,2025-10-03,Lake Worth,P0138,1,18.5,0.0,18.5
S006884,2026-03-22,Oakland Park,P0116,1,38.74,0.0,38.74
S000157,2025-07-06,Oakland Park,P0004,1,33.33,0.0,33.33
S009373,2026-06-13,Oakland Park,P0099,1,32.17,2.0,30.17
S001293,2025-08-23,Lake Worth,P0250,1,26.07,0.0,26.07
S004854,2025-12-25,Lake Worth,P0258,3,20.03,0.0,60.09
S006807,2026-03-19,Dania Beach,P0161,1,43.05,0.0,43.05
S008092,2026-04-25,Dania Beach,P0258,1,20.03,0.0,20.03
S003090,2025-11-02,Lake Worth,P0107,1,35.69,0.0,35.69
S001317,2025-08-24,Dania Beach,P0272,1,18.29,0.0,18.29
S009595,2026-06-21,Oakland Park,P0264,1,39.66,0.0,39.66
S008627,2026-05-14,Lake Worth,P0112,1,9.26,0.0,9.26
S003705,2025-11-27,Dania Beach,P0258,1,20.03,0.0,20.03
S001898,2025-09-15,Oakland Park,P0093,1,10.98,0.0,10.98
S005180,2025-12-31,Oakland Park,P0060,1,16.29,0.0,16.29
S003688,2025-11-26,Oakland Park,P0112,1,9.26,0.0,9.26
S001406,2025-08-27,Lake Worth,P0209,1,38.73,0.0,38.73
S002173,2025-09-27,Oakland Park,P0258,1,20.03,2.0,18.03
S000340,2025-07-14,Lake Worth,P0295,1,27.7,0.0,27.7
S005033,2025-12-28,Lake Worth,P0205,1,34.1,0.0,34.1
S000706,2025-07-30,Dania Beach,P0181,2,38.54,0.0,77.08
S003214,2025-11-06,Dania Beach,P0028,2,22.61,0.0,45.22
S007928,2026-04-21,Dania Beach,P0043,1,11.96,0.0,11.96
S002734,2025-10-18,Oakland Park,P0209,1,38.73,0.0,38.73
S002333,2025-10-03,Dania Beach,P0229,2,15.22,0.0,30.44
S009030,2026-05-30,Oakland Park,P0245,1,30.57,0.0,30.57
S008774,2026-05-20,Oakland Park,P0209,1,38.73,0.0,38.73
S006200,2026-02-21,Dania Beach,P0028,1,22.61,0.0,22.61
S000572,2025-07-25,Oakland Park,P0138,3,18.5,0.0,55.5
S008574,2026-05-12,Dania Beach,P0022,2,7.3,0.0,14.6
S007148,2026-04-02,Oakland Park,P0237,2,18.61,2.0,33.22
S009000,2026-05-29,Dania Beach,P0133,1,31.55,0.0,31.55
S007004,2026-03-28,Dania Beach,P0283,1,41.77,0.0,41.77
S008717,2026-05-17,Oakland Park,P0120,1,23.21,0.0,23.21
S006964,2026-03-26,Lake Worth,P0085,1,28.45,0.0,28.45
S008557,2026-05-11,Dania Beach,P0241,2,10.09,2.0,16.18
S001785,2025-09-11,Oakland Park,P0278,1,27.49,0.0,27.49
S004307,2025-12-13,Dania Beach,P0258,1,20.03,0.0,20.03
S002265,2025-09-30,Dania Beach,P0090,1,39.67,0.0,39.67
S008157,2026-04-27,Oakland Park,P0229,1,15.22,0.0,15.22
S001105,2025-08-15,Dania Beach,P0005,1,12.32,0.0,12.32
S008887,2026-05-23,Lake Worth,P0300,1,15.39,0.0,15.39
S007900,2026-04-20,Dania Beach,P0058,1,6.59,0.0,6.59
S006036,2026-02-12,Dania Beach,P0258,1,20.03,0.0,20.03
S006377,2026-03-01,Dania Beach,P0028,1,22.61,0.0,22.61
S007319,2026-04-05,Dania Beach,P0270,1,13.93,0.0,13.93
S009128,2026-06-02,Oakland Park,P0156,1,33.24,0.0,33.24
S006782,2026-03-18,Dania Beach,P0232,1,35.97,0.0,35.97
S001757,2025-09-09,Oakland Park,P0093,1,10.98,0.0,10.98
S008051,2026-04-24,Dania Beach,P0198,1,5.19,0.0,5.19
S003741,2025-11-29,Oakland Park,P0250,1,26.07,0.0,26.07
S009134,2026-06-03,Dania Beach,P0258,1,20.03,5.0,15.03
S007667,2026-04-14,Oakland Park,P0225,2,30.83,0.0,61.66
S007716,2026-04-15,Lake Worth,P0116,1,38.74,0.0,38.74
S002839,2025-10-23,Dania Beach,P0227,1,22.7,0.0,22.7
S003543,2025-11-20,Oakland Park,P0258,1,20.03,0.0,20.03
S009324,2026-06-11,Oakland Park,P0008,1,23.36,0.0,23.36
S001211,2025-08-20,Lake Worth,P0028,2,22.61,0.0,45.22
S008690,2026-05-16,Oakland Park,P0060,2,16.29,0.0,32.58
S006689,2026-03-14,Dania Beach,P0068,3,18.85,0.0,56.55
S003204,2025-11-06,Oakland Park,P0152,1,10.83,0.0,10.83
S009192,2026-06-05,Dania Beach,P0253,1,12.31,0.0,12.31
S008490,2026-05-09,Lake Worth,P0096,1,17.3,0.0,17.3
S000035,2025-07-02,Lake Worth,P0174,1,17.55,0.0,17.55
S003440,2025-11-16,Dania Beach,P0232,2,35.97,0.0,71.94
S008526,2026-05-10,Dania Beach,P0258,2,20.03,2.0,36.06
S004826,2025-12-24,Lake Worth,P0031,1,23.06,5.0,18.06
S006594,2026-03-10,Dania Beach,P0072,1,23.85,0.0,23.85
S002790,2025-10-20,Lake Worth,P0288,1,39.45,0.0,39.45
S008877,2026-05-23,Oakland Park,P0028,1,22.61,0.0,22.61
S002824,2025-10-22,Dania Beach,P0041,1,11.22,0.0,11.22
S005978,2026-02-08,Lake Worth,P0258,1,20.03,0.0,20.03
S006866,2026-03-21,Oakland Park,P0154,1,15.49,0.0,15.49
S002355,2025-10-04,Oakland Park,P0025,1,37.2,0.0,37.2
S002452,2025-10-07,Dania Beach,P0294,1,30.88,5.0,25.88
S005389,2026-01-09,Oakland Park,P0108,3,11.87,0.0,35.61
S005437,2026-01-12,Oakland Park,P0152,1,10.83,0.0,10.83
S000806,2025-08-02,Lake Worth,P0286,1,17.06,0.0,17.06
S001011,2025-08-11,Oakland Park,P0258,1,20.03,0.0,20.03
S002880,2025-10-25,Lake Worth,P0233,1,22.74,0.0,22.74
S008359,2026-05-03,Oakland Park,P0288,1,39.45,0.0,39.45
S007651,2026-04-14,Lake Worth,P0223,1,16.45,0.0,16.45
S008569,2026-05-11,Oakland Park,P0270,1,13.93,0.0,13.93
S002872,2025-10-24,Lake Worth,P0264,1,39.66,0.0,39.66
S005430,2026-01-11,Dania Beach,P0180,2,14.34,0.0,28.68
S008998,2026-05-29,Dania Beach,P0092,1,34.43,0.0,34.43
S008651,2026-05-15,Dania Beach,P0088,1,14.79,0.0,14.79
S001700,2025-09-07,Oakland Park,P0229,1,15.22,0.0,15.22
S005754,2026-01-29,Lake Worth,P0250,1,26.07,0.0,26.07
S004647,2025-12-20,Dania Beach,P0048,1,43.54,2.0,41.54
S000165,2025-07-06,Dania Beach,P0286,1,17.06,0.0,17.06
S002215,2025-09-28,Oakland Park,P0019,2,19.0,0.0,38.0
S002942,2025-10-27,Dania Beach,P0229,3,15.22,0.0,45.66
S004532,2025-12-17,Oakland Park,P0272,1,18.29,0.0,18.29
S006667,2026-03-14,Oakland Park,P0069,2,21.4,0.0,42.8
S000186,2025-07-07,Dania Beach,P0284,1,19.93,0.0,19.93
S007496,2026-04-10,Dania Beach,P0110,2,16.9,0.0,33.8
S005266,2026-01-03,Lake Worth,P0022,1,7.3,0.0,7.3
S002618,2025-10-14,Oakland Park,P0293,1,17.47,0.0,17.47
S001390,2025-08-27,Dania Beach,P0192,1,9.96,0.0,9.96
S002213,2025-09-28,Dania Beach,P0258,2,20.03,2.0,36.06
S003582,2025-11-22,Oakland Park,P0030,1,9.83,0.0,9.83
S006186,2026-02-20,Dania Beach,P0258,1,20.03,2.0,18.03
S007338,2026-04-06,Oakland Park,P0175,1,10.78,0.0,10.78
S000103,2025-07-05,Oakland Park,P0178,1,35.29,0.0,35.29
S001465,2025-08-29,Lake Worth,P0036,1,4.54,0.0,4.54
S008802,2026-05-21,Oakland Park,P0120,1,23.21,0.0,23.21
S004423,2025-12-15,Oakland Park,P0095,1,15.25,0.0,15.25
S003640,2025-11-25,Oakland Park,P0294,1,30.88,2.0,28.88
S002893,2025-10-25,Lake Worth,P0286,1,17.06,0.0,17.06
S002686,2025-10-17,Oakland Park,P0090,1,39.67,0.0,39.67
S000287,2025-07-12,Dania Beach,P0138,1,18.5,0.0,18.5
S006901,2026-03-23,Lake Worth,P0210,1,17.31,0.0,17.31
S000779,2025-08-02,Dania Beach,P0229,1,15.22,0.0,15.22
S007460,2026-04-10,Dania Beach,P0154,1,15.49,0.0,15.49
S000177,2025-07-06,Lake Worth,P0089,1,38.61,0.0,38.61
S007118,2026-04-01,Dania Beach,P0092,1,34.43,2.0,32.43
S007497,2026-04-10,Dania Beach,P0229,1,15.22,0.0,15.22
S007698,2026-04-15,Dania Beach,P0297,1,17.64,5.0,12.64
S006447,2026-03-04,Lake Worth,P0173,1,28.8,0.0,28.8
S008109,2026-04-26,Oakland Park,P0271,1,13.23,0.0,13.23
S004947,2025-12-27,Dania Beach,P0219,1,19.95,0.0,19.95
S000884,2025-08-05,Oakland Park,P0178,1,35.29,0.0,35.29
S009218,2026-06-06,Dania Beach,P0099,1,32.17,0.0,32.17
S006597,2026-03-10,Dania Beach,P0180,1,14.34,0.0,14.34
S000696,2025-07-29,Dania Beach,P0173,1,28.8,0.0,28.8
S005416,2026-01-11,Dania Beach,P0258,1,20.03,0.0,20.03
S006528,2026-03-07,Oakland Park,P0188,1,14.19,0.0,14.19
S001369,2025-08-26,Dania Beach,P0264,1,39.66,0.0,39.66
S004117,2025-12-09,Lake Worth,P0224,1,28.47,0.0,28.47
S006512,2026-03-07,Dania Beach,P0068,1,18.85,5.0,13.85
S001444,2025-08-28,Dania Beach,P0258,1,20.03,0.0,20.03
S000239,2025-07-09,Lake Worth,P0244,1,7.54,0.0,7.54
S007827,2026-04-18,Oakland Park,P0032,1,10.89,0.0,10.89
S000224,2025-07-09,Dania Beach,P0040,1,30.27,0.0,30.27
S008232,2026-04-28,Dania Beach,P0232,3,35.97,0.0,107.91
S002861,2025-10-24,Oakland Park,P0229,1,15.22,0.0,15.22
S009069,2026-05-31,Lake Worth,P0272,1,18.29,2.0,16.29
S004313,2025-12-13,Oakland Park,P0174,1,17.55,0.0,17.55
S002443,2025-10-06,Dania Beach,P0116,1,38.74,0.0,38.74
S000615,2025-07-26,Oakland Park,P0028,1,22.61,0.0,22.61
S001263,2025-08-22,Dania Beach,P0181,1,38.54,0.0,38.54
S007830,2026-04-18,Oakland Park,P0283,1,41.77,2.0,39.77
S008185,2026-04-27,Oakland Park,P0181,1,38.54,0.0,38.54
S002539,2025-10-11,Oakland Park,P0073,1,20.85,0.0,20.85
S008918,2026-05-25,Dania Beach,P0266,1,28.75,0.0,28.75
S003781,2025-11-30,Lake Worth,P0093,1,10.98,2.0,8.98
S006407,2026-03-02,Lake Worth,P0279,1,5.18,2.0,3.18
S000207,2025-07-08,Dania Beach,P0271,1,13.23,0.0,13.23
S009023,2026-05-30,Oakland Park,P0229,1,15.22,0.0,15.22
S004509,2025-12-17,Oakland Park,P0123,1,32.28,0.0,32.28
S005930,2026-02-06,Dania Beach,P0258,1,20.03,0.0,20.03
S005596,2026-01-20,Dania Beach,P0258,1,20.03,0.0,20.03
S005061,2025-12-28,Lake Worth,P0293,1,17.47,0.0,17.47
S006828,2026-03-20,Dania Beach,P0227,1,22.7,0.0,22.7
S005398,2026-01-10,Oakland Park,P0166,1,26.78,0.0,26.78
S006838,2026-03-20,Dania Beach,P0078,1,34.08,0.0,34.08
S003417,2025-11-15,Dania Beach,P0044,1,16.95,2.0,14.95
S000920,2025-08-07,Dania Beach,P0050,1,16.14,0.0,16.14
S008812,2026-05-21,Oakland Park,P0229,3,15.22,2.0,39.66
S003855,2025-12-02,Oakland Park,P0208,2,8.68,0.0,17.36
S009237,2026-06-07,Oakland Park,P0273,1,11.49,0.0,11.49
S001285,2025-08-23,Lake Worth,P0012,1,14.93,2.0,12.93
S002735,2025-10-18,Oakland Park,P0175,1,10.78,0.0,10.78
S004752,2025-12-22,Dania Beach,P0157,2,8.43,0.0,16.86
S001014,2025-08-11,Oakland Park,P0093,1,10.98,0.0,10.98
S004637,2025-12-20,Oakland Park,P0033,1,13.41,0.0,13.41
S008783,2026-05-20,Dania Beach,P0181,1,38.54,0.0,38.54
S002940,2025-10-26,Dania Beach,P0123,1,32.28,0.0,32.28
S007550,2026-04-12,Oakland Park,P0112,1,9.26,0.0,9.26
S001979,2025-09-20,Dania Beach,P0066,3,15.19,0.0,45.57
S007787,2026-04-18,Lake Worth,P0268,1,28.7,0.0,28.7
S004939,2025-12-26,Oakland Park,P0004,3,33.33,0.0,99.99
S004004,2025-12-06,Dania Beach,P0258,1,20.03,2.0,18.03
S008726,2026-05-18,Dania Beach,P0181,1,38.54,0.0,38.54
S001152,2025-08-17,Oakland Park,P0089,1,38.61,0.0,38.61
S007821,2026-04-18,Dania Beach,P0151,1,22.36,0.0,22.36
S006672,2026-03-14,Dania Beach,P0258,1,20.03,2.0,18.03
S006178,2026-02-19,Dania Beach,P0229,1,15.22,0.0,15.22
S006769,2026-03-18,Dania Beach,P0028,1,22.61,0.0,22.61
S002105,2025-09-24,Dania Beach,P0106,1,14.38,0.0,14.38
S002459,2025-10-07,Oakland Park,P0258,1,20.03,5.0,15.03
S009593,2026-06-21,Dania Beach,P0288,3,39.45,2.0,112.35
S009158,2026-06-04,Dania Beach,P0291,1,10.13,0.0,10.13
S001311,2025-08-24,Oakland Park,P0267,2,35.08,0.0,70.16
S009714,2026-06-26,Dania Beach,P0108,1,11.87,0.0,11.87
S000476,2025-07-19,Dania Beach,P0115,1,35.88,0.0,35.88
S000335,2025-07-13,Dania Beach,P0287,1,38.39,0.0,38.39
S002652,2025-10-15,Oakland Park,P0258,1,20.03,0.0,20.03
S001379,2025-08-26,Dania Beach,P0245,2,30.57,0.0,61.14
S007465,2026-04-10,Dania Beach,P0275,1,12.12,0.0,12.12
S006848,2026-03-21,Dania Beach,P0229,1,15.22,0.0,15.22
S006352,2026-02-28,Lake Worth,P0033,1,13.41,0.0,13.41
S003623,2025-11-23,Dania Beach,P0185,1,20.14,0.0,20.14
S002835,2025-10-22,Dania Beach,P0244,1,7.54,0.0,7.54
S002676,2025-10-17,Dania Beach,P0281,1,17.35,0.0,17.35
S005535,2026-01-17,Oakland Park,P0008,1,23.36,0.0,23.36
S009614,2026-06-21,Oakland Park,P0004,1,33.33,0.0,33.33
S008370,2026-05-04,Lake Worth,P0067,1,22.05,5.0,17.05
S001659,2025-09-06,Dania Beach,P0028,1,22.61,0.0,22.61
S000670,2025-07-28,Dania Beach,P0170,2,12.29,0.0,24.58
S006927,2026-03-24,Oakland Park,P0274,1,22.73,0.0,22.73
S001533,2025-09-01,Lake Worth,P0298,1,10.79,0.0,10.79
S005846,2026-02-02,Dania Beach,P0152,1,10.83,0.0,10.83
S002336,2025-10-03,Oakland Park,P0028,1,22.61,0.0,22.61
S000829,2025-08-03,Dania Beach,P0102,1,16.27,0.0,16.27
S003942,2025-12-04,Dania Beach,P0041,1,11.22,2.0,9.22
S009802,2026-06-29,Lake Worth,P0196,1,23.33,2.0,21.33
S004719,2025-12-22,Oakland Park,P0042,1,16.07,0.0,16.07
S009424,2026-06-14,Oakland Park,P0068,1,18.85,0.0,18.85
S000102,2025-07-05,Dania Beach,P0205,1,34.1,0.0,34.1
S000267,2025-07-11,Lake Worth,P0020,1,24.25,0.0,24.25
S002371,2025-10-04,Oakland Park,P0123,1,32.28,0.0,32.28
S008088,2026-04-25,Lake Worth,P0258,1,20.03,0.0,20.03
S008935,2026-05-26,Dania Beach,P0028,1,22.61,0.0,22.61
S003179,2025-11-05,Dania Beach,P0056,1,36.04,0.0,36.04
S006466,2026-03-05,Dania Beach,P0196,1,23.33,0.0,23.33
S003908,2025-12-04,Dania Beach,P0253,1,12.31,0.0,12.31
S008535,2026-05-10,Lake Worth,P0123,1,32.28,0.0,32.28
S007473,2026-04-10,Oakland Park,P0046,1,16.17,0.0,16.17
S002980,2025-10-28,Dania Beach,P0196,1,23.33,2.0,21.33
S000973,2025-08-10,Dania Beach,P0181,1,38.54,0.0,38.54
S000106,2025-07-05,Oakland Park,P0042,3,16.07,0.0,48.21
S007718,2026-04-15,Dania Beach,P0035,1,25.13,0.0,25.13
S004486,2025-12-16,Dania Beach,P0082,2,11.34,5.0,12.68
S005335,2026-01-07,Oakland Park,P0232,1,35.97,2.0,33.97
S004784,2025-12-23,Lake Worth,P0169,1,28.05,0.0,28.05
S000946,2025-08-09,Lake Worth,P0145,1,18.52,0.0,18.52
S005384,2026-01-09,Dania Beach,P0098,1,12.85,0.0,12.85
S000724,2025-07-30,Lake Worth,P0298,1,10.79,0.0,10.79
S002206,2025-09-28,Dania Beach,P0243,1,14.68,0.0,14.68
S000745,2025-07-31,Dania Beach,P0138,1,18.5,0.0,18.5
S003697,2025-11-27,Dania Beach,P0045,1,31.47,0.0,31.47
S005513,2026-01-16,Dania Beach,P0286,1,17.06,2.0,15.06
S003843,2025-12-02,Dania Beach,P0258,1,20.03,2.0,18.03
S007500,2026-04-10,Oakland Park,P0182,1,25.07,0.0,25.07
S002549,2025-10-11,Dania Beach,P0250,2,26.07,0.0,52.14
S002043,2025-09-22,Oakland Park,P0137,1,34.89,5.0,29.89
S000225,2025-07-09,Oakland Park,P0003,2,11.11,0.0,22.22
S003181,2025-11-05,Oakland Park,P0045,1,31.47,0.0,31.47
S007983,2026-04-23,Lake Worth,P0229,1,15.22,0.0,15.22
S000093,2025-07-04,Dania Beach,P0232,1,35.97,0.0,35.97
S006353,2026-02-28,Oakland Park,P0258,1,20.03,5.0,15.03
S009592,2026-06-21,Dania Beach,P0283,1,41.77,0.0,41.77
S007598,2026-04-12,Oakland Park,P0045,1,31.47,0.0,31.47
S006516,2026-03-07,Dania Beach,P0056,1,36.04,0.0,36.04
S002367,2025-10-04,Dania Beach,P0188,1,14.19,0.0,14.19
S003415,2025-11-15,Dania Beach,P0080,1,3.25,0.0,3.25
S002610,2025-10-14,Oakland Park,P0111,1,9.29,0.0,9.29
S004164,2025-12-10,Oakland Park,P0141,1,18.03,0.0,18.03
S007609,2026-04-13,Oakland Park,P0037,1,16.2,0.0,16.2
S001077,2025-08-14,Lake Worth,P0261,1,13.52,0.0,13.52
S003248,2025-11-08,Dania Beach,P0258,1,20.03,0.0,20.03
S006247,2026-02-22,Dania Beach,P0227,1,22.7,0.0,22.7
S002224,2025-09-29,Oakland Park,P0011,1,31.32,0.0,31.32
S008989,2026-05-28,Dania Beach,P0125,1,30.0,0.0,30.0
S003098,2025-11-02,Dania Beach,P0258,1,20.03,2.0,18.03
S000121,2025-07-05,Lake Worth,P0193,1,15.19,0.0,15.19
S001572,2025-09-02,Dania Beach,P0267,1,35.08,0.0,35.08
S000269,2025-07-11,Dania Beach,P0286,1,17.06,0.0,17.06
S009537,2026-06-19,Oakland Park,P0012,1,14.93,5.0,9.93
S005523,2026-01-17,Lake Worth,P0138,1,18.5,0.0,18.5
S001244,2025-08-21,Dania Beach,P0298,1,10.79,0.0,10.79
S008961,2026-05-27,Dania Beach,P0045,1,31.47,0.0,31.47
S007221,2026-04-04,Oakland Park,P0210,1,17.31,0.0,17.31
S002755,2025-10-19,Lake Worth,P0028,1,22.61,0.0,22.61
S008807,2026-05-21,Oakland Park,P0161,1,43.05,0.0,43.05
S007126,2026-04-01,Dania Beach,P0258,1,20.03,0.0,20.03
S005721,2026-01-27,Dania Beach,P0123,2,32.28,0.0,64.56
S003106,2025-11-02,Oakland Park,P0031,1,23.06,5.0,18.06
S004707,2025-12-21,Lake Worth,P0102,1,16.27,0.0,16.27
S009551,2026-06-20,Dania Beach,P0208,1,8.68,0.0,8.68
S002047,2025-09-22,Oakland Park,P0113,1,15.71,0.0,15.71
S000180,2025-07-06,Dania Beach,P0262,1,32.15,0.0,32.15
S003546,2025-11-21,Oakland Park,P0267,1,35.08,0.0,35.08
S000599,2025-07-26,Dania Beach,P0160,1,15.14,0.0,15.14
S004577,2025-12-19,Oakland Park,P0208,1,8.68,2.0,6.68
S007381,2026-04-07,Dania Beach,P0258,3,20.03,0.0,60.09
S007238,2026-04-04,Lake Worth,P0259,1,34.69,0.0,34.69
S004971,2025-12-27,Oakland Park,P0251,1,16.69,0.0,16.69
S000956,2025-08-09,Oakland Park,P0266,1,28.75,0.0,28.75
S001646,2025-09-06,Dania Beach,P0161,1,43.05,0.0,43.05
S004396,2025-12-14,Dania Beach,P0060,1,16.29,0.0,16.29
S003238,2025-11-08,Oakland Park,P0028,1,22.61,0.0,22.61
S007312,2026-04-05,Dania Beach,P0258,1,20.03,5.0,15.03
S009174,2026-06-05,Dania Beach,P0121,1,26.48,0.0,26.48
S008226,2026-04-28,Oakland Park,P0229,1,15.22,0.0,15.22
S007320,2026-04-06,Lake Worth,P0073,1,20.85,0.0,20.85
S008761,2026-05-19,Dania Beach,P0060,2,16.29,0.0,32.58
S004155,2025-12-09,Oakland Park,P0181,1,38.54,0.0,38.54
S003590,2025-11-22,Dania Beach,P0072,1,23.85,0.0,23.85
S002860,2025-10-24,Oakland Park,P0109,1,19.26,0.0,19.26
S002454,2025-10-07,Lake Worth,P0272,1,18.29,0.0,18.29
S000952,2025-08-09,Dania Beach,P0042,2,16.07,0.0,32.14
S001476,2025-08-30,Dania Beach,P0223,1,16.45,0.0,16.45
S004370,2025-12-14,Oakland Park,P0271,1,13.23,0.0,13.23
S008350,2026-05-03,Dania Beach,P0229,1,15.22,0.0,15.22
S009282,2026-06-08,Dania Beach,P0151,1,22.36,0.0,22.36
S002441,2025-10-06,Dania Beach,P0027,1,16.28,2.0,14.28
S002788,2025-10-20,Dania Beach,P0112,1,9.26,0.0,9.26
S008424,2026-05-06,Dania Beach,P0205,1,34.1,0.0,34.1
S006148,2026-02-17,Lake Worth,P0004,1,33.33,0.0,33.33
S006201,2026-02-21,Dania Beach,P0101,1,40.29,0.0,40.29
S002431,2025-10-06,Lake Worth,P0069,1,21.4,2.0,19.4
S001295,2025-08-23,Lake Worth,P0161,1,43.05,0.0,43.05
S005804,2026-01-31,Oakland Park,P0229,1,15.22,0.0,15.22
S006076,2026-02-14,Lake Worth,P0228,2,12.36,0.0,24.72
S007796,2026-04-18,Oakland Park,P0120,1,23.21,0.0,23.21
S007816,2026-04-18,Lake Worth,P0258,1,20.03,0.0,20.03
S006446,2026-03-04,Dania Beach,P0028,1,22.61,0.0,22.61
S003989,2025-12-06,Dania Beach,P0011,1,31.32,0.0,31.32
S009316,2026-06-10,Oakland Park,P0298,2,10.79,2.0,17.58
S004245,2025-12-12,Oakland Park,P0196,1,23.33,0.0,23.33
S003298,2025-11-09,Oakland Park,P0007,2,18.87,0.0,37.74
S006813,2026-03-19,Oakland Park,P0291,1,10.13,0.0,10.13
S001126,2025-08-16,Oakland Park,P0112,1,9.26,0.0,9.26
S001599,2025-09-03,Oakland Park,P0299,1,6.83,0.0,6.83
S008611,2026-05-13,Lake Worth,P0196,1,23.33,0.0,23.33
S009170,2026-06-05,Lake Worth,P0193,1,15.19,0.0,15.19
S009078,2026-06-01,Oakland Park,P0116,1,38.74,0.0,38.74
S006175,2026-02-19,Dania Beach,P0233,1,22.74,2.0,20.74
S004751,2025-12-22,Lake Worth,P0050,1,16.14,2.0,14.14
S004085,2025-12-07,Lake Worth,P0203,1,28.04,0.0,28.04
S002619,2025-10-14,Lake Worth,P0091,1,10.86,5.0,5.86
S005709,2026-01-26,Dania Beach,P0131,1,10.61,0.0,10.61
S004835,2025-12-24,Dania Beach,P0264,1,39.66,5.0,34.66
S006969,2026-03-26,Oakland Park,P0028,1,22.61,0.0,22.61
S007504,2026-04-11,Dania Beach,P0258,1,20.03,0.0,20.03
S006253,2026-02-23,Lake Worth,P0123,1,32.28,0.0,32.28
S001115,2025-08-16,Lake Worth,P0252,1,18.54,0.0,18.54
S001843,2025-09-13,Dania Beach,P0175,1,10.78,0.0,10.78
S003603,2025-11-23,Dania Beach,P0022,1,7.3,0.0,7.3
S005506,2026-01-16,Lake Worth,P0120,1,23.21,0.0,23.21
S008732,2026-05-18,Dania Beach,P0258,1,20.03,0.0,20.03
S002669,2025-10-17,Dania Beach,P0258,1,20.03,0.0,20.03
S007601,2026-04-12,Oakland Park,P0235,1,21.78,0.0,21.78
S003376,2025-11-13,Lake Worth,P0258,2,20.03,0.0,40.06
S006548,2026-03-08,Dania Beach,P0028,1,22.61,0.0,22.61
S003788,2025-12-01,Dania Beach,P0045,1,31.47,0.0,31.47
S000383,2025-07-15,Lake Worth,P0042,1,16.07,0.0,16.07
S000024,2025-07-02,Oakland Park,P0120,1,23.21,0.0,23.21
S003393,2025-11-14,Lake Worth,P0286,1,17.06,0.0,17.06
S002469,2025-10-08,Oakland Park,P0140,1,17.16,0.0,17.16
S008900,2026-05-24,Oakland Park,P0209,1,38.73,0.0,38.73
S005939,2026-02-06,Dania Beach,P0138,1,18.5,0.0,18.5
S006047,2026-02-12,Lake Worth,P0009,1,10.82,5.0,5.82
S001130,2025-08-16,Oakland Park,P0270,1,13.93,0.0,13.93
S008786,2026-05-20,Dania Beach,P0258,3,20.03,0.0,60.09
S000783,2025-08-02,Lake Worth,P0258,1,20.03,0.0,20.03
S003410,2025-11-15,Oakland Park,P0272,1,18.29,2.0,16.29
S009056,2026-05-31,Oakland Park,P0094,1,15.94,0.0,15.94
S008242,2026-04-29,Lake Worth,P0229,2,15.22,0.0,30.44
S002251,2025-09-30,Oakland Park,P0004,1,33.33,0.0,33.33
S003578,2025-11-22,Dania Beach,P0269,1,19.37,0.0,19.37
S003396,2025-11-14,Oakland Park,P0249,1,24.88,0.0,24.88
S000404,2025-07-17,Oakland Park,P0071,1,14.0,0.0,14.0
S006831,2026-03-20,Oakland Park,P0028,3,22.61,0.0,67.83
S005967,2026-02-08,Lake Worth,P0248,1,14.4,0.0,14.4
S008773,2026-05-20,Dania Beach,P0107,1,35.69,0.0,35.69
S008667,2026-05-16,Oakland Park,P0145,1,18.52,0.0,18.52
S003338,2025-11-12,Dania Beach,P0147,1,40.67,0.0,40.67
S004013,2025-12-06,Lake Worth,P0258,1,20.03,0.0,20.03
S008645,2026-05-15,Lake Worth,P0112,1,9.26,0.0,9.26
S004167,2025-12-10,Oakland Park,P0188,2,14.19,0.0,28.38
S008360,2026-05-03,Oakland Park,P0022,1,7.3,0.0,7.3
S005178,2025-12-31,Oakland Park,P0081,1,12.2,0.0,12.2
S006396,2026-03-02,Oakland Park,P0161,1,43.05,0.0,43.05
S001214,2025-08-20,Oakland Park,P0272,1,18.29,0.0,18.29
S005022,2025-12-28,Oakland Park,P0275,1,12.12,0.0,12.12
S001144,2025-08-17,Oakland Park,P0099,1,32.17,0.0,32.17
S008078,2026-04-25,Oakland Park,P0068,1,18.85,0.0,18.85
S004998,2025-12-27,Dania Beach,P0250,1,26.07,0.0,26.07
S001108,2025-08-15,Dania Beach,P0258,1,20.03,0.0,20.03
S002791,2025-10-20,Dania Beach,P0145,1,18.52,0.0,18.52
S001246,2025-08-21,Oakland Park,P0242,1,16.38,0.0,16.38
S009420,2026-06-14,Lake Worth,P0011,2,31.32,0.0,62.64
S004212,2025-12-11,Oakland Park,P0181,1,38.54,0.0,38.54
S005679,2026-01-24,Dania Beach,P0116,1,38.74,0.0,38.74
S004168,2025-12-10,Lake Worth,P0091,1,10.86,0.0,10.86
S003249,2025-11-08,Oakland Park,P0223,1,16.45,0.0,16.45
S006044,2026-02-12,Dania Beach,P0184,1,16.92,0.0,16.92
S006184,2026-02-20,Lake Worth,P0042,1,16.07,0.0,16.07
S001013,2025-08-11,Dania Beach,P0229,1,15.22,0.0,15.22
S004985,2025-12-27,Dania Beach,P0245,1,30.57,0.0,30.57
S007310,2026-04-05,Dania Beach,P0024,1,12.01,2.0,10.01
S009756,2026-06-27,Oakland Park,P0258,2,20.03,0.0,40.06
S005564,2026-01-18,Dania Beach,P0266,1,28.75,2.0,26.75
S006948,2026-03-25,Oakland Park,P0229,1,15.22,0.0,15.22
S006662,2026-03-13,Oakland Park,P0193,1,15.19,0.0,15.19
S008314,2026-05-02,Dania Beach,P0229,1,15.22,0.0,15.22
S000638,2025-07-27,Lake Worth,P0298,2,10.79,0.0,21.58
S008177,2026-04-27,Oakland Park,P0179,1,10.96,0.0,10.96
S004060,2025-12-07,Oakland Park,P0141,1,18.03,0.0,18.03
S007258,2026-04-05,Oakland Park,P0289,1,47.01,0.0,47.01
S000649,2025-07-27,Oakland Park,P0298,3,10.79,0.0,32.37
S007029,2026-03-29,Lake Worth,P0052,1,20.69,0.0,20.69
S002051,2025-09-22,Dania Beach,P0129,1,7.89,0.0,7.89
S009090,2026-06-01,Lake Worth,P0112,1,9.26,0.0,9.26
S005289,2026-01-04,Dania Beach,P0157,1,8.43,0.0,8.43
S007912,2026-04-20,Oakland Park,P0022,1,7.3,0.0,7.3
S007085,2026-03-31,Oakland Park,P0145,1,18.52,0.0,18.52
S006382,2026-03-01,Lake Worth,P0028,2,22.61,2.0,41.22
S000994,2025-08-10,Dania Beach,P0068,1,18.85,0.0,18.85
S008348,2026-05-03,Oakland Park,P0120,2,23.21,0.0,46.42
S006761,2026-03-17,Oakland Park,P0145,2,18.52,0.0,37.04
S007368,2026-04-07,Dania Beach,P0181,1,38.54,0.0,38.54
S002936,2025-10-26,Oakland Park,P0091,2,10.86,2.0,17.72
S003278,2025-11-09,Oakland Park,P0286,1,17.06,0.0,17.06
S004275,2025-12-12,Dania Beach,P0116,1,38.74,0.0,38.74
S004688,2025-12-21,Oakland Park,P0108,1,11.87,0.0,11.87
S005256,2026-01-03,Oakland Park,P0258,2,20.03,0.0,40.06
S005471,2026-01-14,Oakland Park,P0194,1,31.47,0.0,31.47
S000240,2025-07-09,Dania Beach,P0141,2,18.03,0.0,36.06
S007024,2026-03-28,Oakland Park,P0116,1,38.74,0.0,38.74
S009058,2026-05-31,Dania Beach,P0090,1,39.67,0.0,39.67
S009780,2026-06-28,Dania Beach,P0229,1,15.22,0.0,15.22
S006978,2026-03-26,Oakland Park,P0016,3,9.61,0.0,28.83
S009157,2026-06-04,Dania Beach,P0259,1,34.69,0.0,34.69
S007485,2026-04-10,Oakland Park,P0181,1,38.54,0.0,38.54
S000804,2025-08-02,Lake Worth,P0122,1,15.39,0.0,15.39
S002606,2025-10-13,Oakland Park,P0112,1,9.26,0.0,9.26
S000001,2025-07-01,Lake Worth,P0258,1,20.03,0.0,20.03
S008615,2026-05-13,Dania Beach,P0023,1,36.9,0.0,36.9
S003757,2025-11-29,Lake Worth,P0258,1,20.03,0.0,20.03
S003108,2025-11-02,Dania Beach,P0204,1,30.89,0.0,30.89
S001215,2025-08-20,Oakland Park,P0005,1,12.32,0.0,12.32
S008237,2026-04-29,Oakland Park,P0205,1,34.1,0.0,34.1
S001005,2025-08-11,Oakland Park,P0250,1,26.07,0.0,26.07
S008263,2026-04-30,Oakland Park,P0243,1,14.68,0.0,14.68
S008661,2026-05-15,Dania Beach,P0028,2,22.61,0.0,45.22
S003324,2025-11-11,Oakland Park,P0229,2,15.22,5.0,20.44
S006303,2026-02-26,Oakland Park,P0202,1,27.95,0.0,27.95
S001558,2025-09-02,Oakland Park,P0108,1,11.87,0.0,11.87
S001568,2025-09-02,Dania Beach,P0068,1,18.85,0.0,18.85
S007627,2026-04-13,Dania Beach,P0213,1,4.58,0.0,4.58
S008653,2026-05-15,Dania Beach,P0248,1,14.4,0.0,14.4
S004385,2025-12-14,Oakland Park,P0099,1,32.17,0.0,32.17
S007653,2026-04-14,Dania Beach,P0258,1,20.03,0.0,20.03
S001981,2025-09-20,Oakland Park,P0131,1,10.61,0.0,10.61
S006502,2026-03-06,Oakland Park,P0188,1,14.19,0.0,14.19
S007227,2026-04-04,Dania Beach,P0094,2,15.94,5.0,21.88
S005149,2025-12-30,Oakland Park,P0286,1,17.06,0.0,17.06
S002079,2025-09-23,Oakland Park,P0141,1,18.03,0.0,18.03
S001571,2025-09-02,Dania Beach,P0254,1,15.72,0.0,15.72
S006989,2026-03-27,Oakland Park,P0286,1,17.06,0.0,17.06
S002566,2025-10-12,Oakland Park,P0282,1,14.8,0.0,14.8
S009567,2026-06-20,Dania Beach,P0050,2,16.14,0.0,32.28
S000634,2025-07-26,Dania Beach,P0127,1,26.3,0.0,26.3
S005419,2026-01-11,Oakland Park,P0087,1,10.56,0.0,10.56
S003101,2025-11-02,Dania Beach,P0147,1,40.67,0.0,40.67
S009037,2026-05-30,Dania Beach,P0022,1,7.3,0.0,7.3
S000525,2025-07-22,Dania Beach,P0258,1,20.03,0.0,20.03
S006905,2026-03-23,Lake Worth,P0051,1,31.0,0.0,31.0
S004936,2025-12-26,Lake Worth,P0268,1,28.7,0.0,28.7
S005671,2026-01-24,Oakland Park,P0048,1,43.54,0.0,43.54
S009758,2026-06-27,Dania Beach,P0058,1,6.59,0.0,6.59
S005120,2025-12-29,Oakland Park,P0048,2,43.54,0.0,87.08
S007505,2026-04-11,Lake Worth,P0258,1,20.03,0.0,20.03
S006009,2026-02-10,Dania Beach,P0077,1,38.06,0.0,38.06
S009759,2026-06-27,Dania Beach,P0229,2,15.22,0.0,30.44
S006598,2026-03-10,Oakland Park,P0227,2,22.7,0.0,45.4
S001620,2025-09-04,Dania Beach,P0258,1,20.03,0.0,20.03
S007754,2026-04-17,Dania Beach,P0152,1,10.83,0.0,10.83
S000544,2025-07-23,Dania Beach,P0258,1,20.03,0.0,20.03
S003594,2025-11-23,Dania Beach,P0188,3,14.19,0.0,42.57
S005306,2026-01-05,Oakland Park,P0060,1,16.29,0.0,16.29
S005332,2026-01-06,Oakland Park,P0083,1,9.28,0.0,9.28
S000116,2025-07-05,Oakland Park,P0250,2,26.07,0.0,52.14
S007955,2026-04-22,Dania Beach,P0003,1,11.11,0.0,11.11
S000960,2025-08-09,Dania Beach,P0271,1,13.23,0.0,13.23
S000297,2025-07-12,Oakland Park,P0027,2,16.28,0.0,32.56
S006784,2026-03-18,Oakland Park,P0081,1,12.2,0.0,12.2
S007543,2026-04-11,Dania Beach,P0020,2,24.25,0.0,48.5
S006547,2026-03-08,Dania Beach,P0050,1,16.14,0.0,16.14
S007732,2026-04-16,Dania Beach,P0270,1,13.93,0.0,13.93
S008217,2026-04-28,Dania Beach,P0214,1,40.55,0.0,40.55
S008054,2026-04-25,Dania Beach,P0232,1,35.97,0.0,35.97
S000948,2025-08-09,Dania Beach,P0250,1,26.07,0.0,26.07
S000927,2025-08-08,Dania Beach,P0205,1,34.1,5.0,29.1
S000336,2025-07-13,Dania Beach,P0069,1,21.4,5.0,16.4
S003520,2025-11-19,Dania Beach,P0258,1,20.03,0.0,20.03
S003811,2025-12-01,Oakland Park,P0234,1,39.24,2.0,37.24
S003276,2025-11-09,Dania Beach,P0073,1,20.85,0.0,20.85
S006736,2026-03-16,Dania Beach,P0028,2,22.61,0.0,45.22
S007096,2026-03-31,Oakland Park,P0269,1,19.37,0.0,19.37
S005630,2026-01-22,Oakland Park,P0205,2,34.1,0.0,68.2
S001332,2025-08-24,Oakland Park,P0126,1,18.39,0.0,18.39
S007459,2026-04-10,Dania Beach,P0028,1,22.61,0.0,22.61
S007308,2026-04-05,Oakland Park,P0138,1,18.5,0.0,18.5
S006891,2026-03-22,Dania Beach,P0016,1,9.61,2.0,7.61
S008904,2026-05-24,Oakland Park,P0099,1,32.17,2.0,30.17
S002818,2025-10-22,Dania Beach,P0258,1,20.03,0.0,20.03
S008013,2026-04-23,Oakland Park,P0199,1,11.97,0.0,11.97
S002444,2025-10-06,Oakland Park,P0069,2,21.4,0.0,42.8
S008139,2026-04-26,Oakland Park,P0229,1,15.22,0.0,15.22
S001241,2025-08-21,Oakland Park,P0141,1,18.03,0.0,18.03
S005705,2026-01-26,Lake Worth,P0112,1,9.26,0.0,9.26
S006282,2026-02-25,Dania Beach,P0186,3,8.27,0.0,24.81
S000338,2025-07-13,Dania Beach,P0004,1,33.33,0.0,33.33
S005494,2026-01-15,Lake Worth,P0068,1,18.85,0.0,18.85
S008924,2026-05-25,Oakland Park,P0232,1,35.97,0.0,35.97
S003822,2025-12-01,Dania Beach,P0217,1,17.82,0.0,17.82
S002399,2025-10-05,Oakland Park,P0140,1,17.16,0.0,17.16
S002918,2025-10-26,Oakland Park,P0250,2,26.07,0.0,52.14
S000711,2025-07-30,Oakland Park,P0017,1,13.63,0.0,13.63
S009068,2026-05-31,Oakland Park,P0250,1,26.07,0.0,26.07
S002682,2025-10-17,Lake Worth,P0280,2,15.83,0.0,31.66
S000200,2025-07-07,Oakland Park,P0123,1,32.28,5.0,27.28
S006622,2026-03-11,Lake Worth,P0197,1,24.23,2.0,22.23
S006102,2026-02-15,Oakland Park,P0258,1,20.03,0.0,20.03
S003435,2025-11-15,Dania Beach,P0258,1,20.03,0.0,20.03
S002584,2025-10-13,Dania Beach,P0197,1,24.23,0.0,24.23
S002210,2025-09-28,Oakland Park,P0264,1,39.66,0.0,39.66
S005832,2026-02-01,Oakland Park,P0265,1,19.55,0.0,19.55
S004099,2025-12-08,Oakland Park,P0233,1,22.74,0.0,22.74
S005719,2026-01-26,Dania Beach,P0190,1,31.63,0.0,31.63
S006501,2026-03-06,Lake Worth,P0027,1,16.28,0.0,16.28
S005014,2025-12-28,Dania Beach,P0229,1,15.22,0.0,15.22
S008496,2026-05-09,Dania Beach,P0140,1,17.16,0.0,17.16
S002276,2025-10-01,Dania Beach,P0225,1,30.83,0.0,30.83
S003300,2025-11-09,Oakland Park,P0229,1,15.22,0.0,15.22
S001931,2025-09-17,Dania Beach,P0188,2,14.19,0.0,28.38
S006325,2026-02-27,Lake Worth,P0017,1,13.63,0.0,13.63
S006908,2026-03-23,Oakland Park,P0016,1,9.61,0.0,9.61
S009094,2026-06-01,Dania Beach,P0141,1,18.03,0.0,18.03
S005796,2026-01-31,Dania Beach,P0233,1,22.74,0.0,22.74
S006755,2026-03-17,Oakland Park,P0099,1,32.17,2.0,30.17
S009689,2026-06-24,Oakland Park,P0258,1,20.03,0.0,20.03
S004830,2025-12-24,Oakland Park,P0196,3,23.33,0.0,69.99
S006842,2026-03-20,Lake Worth,P0227,1,22.7,0.0,22.7
S007734,2026-04-16,Lake Worth,P0100,1,34.67,0.0,34.67
S006169,2026-02-19,Dania Beach,P0258,1,20.03,2.0,18.03
S009641,2026-06-22,Lake Worth,P0028,1,22.61,0.0,22.61
S008117,2026-04-26,Dania Beach,P0123,1,32.28,0.0,32.28
S005328,2026-01-06,Lake Worth,P0298,1,10.79,0.0,10.79
S001803,2025-09-12,Oakland Park,P0247,1,11.6,0.0,11.6
S009742,2026-06-27,Oakland Park,P0064,2,22.4,0.0,44.8
S008312,2026-05-02,Oakland Park,P0259,1,34.69,0.0,34.69
S001268,2025-08-22,Lake Worth,P0264,3,39.66,0.0,118.98
S005220,2026-01-01,Dania Beach,P0295,1,27.7,2.0,25.7
S007067,2026-03-30,Oakland Park,P0173,1,28.8,0.0,28.8
S000246,2025-07-10,Lake Worth,P0181,1,38.54,0.0,38.54
S008528,2026-05-10,Lake Worth,P0250,1,26.07,0.0,26.07
S005616,2026-01-21,Oakland Park,P0219,1,19.95,0.0,19.95
S000090,2025-07-04,Dania Beach,P0016,1,9.61,0.0,9.61
S003626,2025-11-24,Oakland Park,P0132,1,38.62,0.0,38.62
S006069,2026-02-14,Lake Worth,P0016,1,9.61,0.0,9.61
S002562,2025-10-12,Dania Beach,P0105,1,41.09,0.0,41.09
S004790,2025-12-23,Oakland Park,P0017,1,13.63,0.0,13.63
S005435,2026-01-12,Dania Beach,P0152,1,10.83,0.0,10.83
S008755,2026-05-19,Lake Worth,P0125,1,30.0,0.0,30.0
S000127,2025-07-05,Oakland Park,P0106,2,14.38,0.0,28.76
S000864,2025-08-05,Oakland Park,P0027,1,16.28,0.0,16.28
S004192,2025-12-10,Dania Beach,P0225,1,30.83,0.0,30.83
S006187,2026-02-20,Oakland Park,P0181,1,38.54,0.0,38.54
S005597,2026-01-20,Dania Beach,P0056,1,36.04,2.0,34.04
S009634,2026-06-22,Oakland Park,P0057,1,31.85,0.0,31.85
S003820,2025-12-01,Oakland Park,P0281,1,17.35,0.0,17.35
S003575,2025-11-22,Lake Worth,P0061,1,13.54,0.0,13.54
S000741,2025-07-31,Dania Beach,P0229,1,15.22,0.0,15.22
S009607,2026-06-21,Oakland Park,P0041,2,11.22,0.0,22.44
S006837,2026-03-20,Oakland Park,P0028,1,22.61,0.0,22.61
S006878,2026-03-22,Oakland Park,P0099,1,32.17,5.0,27.17
S007564,2026-04-12,Dania Beach,P0258,1,20.03,0.0,20.03
S002135,2025-09-26,Lake Worth,P0028,1,22.61,5.0,17.61
S002427,2025-10-06,Oakland Park,P0253,2,12.31,2.0,20.62
S004713,2025-12-21,Oakland Park,P0147,1,40.67,0.0,40.67
S007197,2026-04-03,Lake Worth,P0120,1,23.21,0.0,23.21
S003556,2025-11-21,Lake Worth,P0276,1,10.98,0.0,10.98
S000072,2025-07-03,Dania Beach,P0258,1,20.03,5.0,15.03
S001001,2025-08-11,Dania Beach,P0029,1,44.82,0.0,44.82
S009688,2026-06-24,Dania Beach,P0195,1,23.58,0.0,23.58
S003294,2025-11-09,Dania Beach,P0048,1,43.54,0.0,43.54
S004418,2025-12-15,Dania Beach,P0088,1,14.79,0.0,14.79
S000149,2025-07-06,Dania Beach,P0244,1,7.54,0.0,7.54
S002994,2025-10-29,Dania Beach,P0033,1,13.41,0.0,13.41
S002385,2025-10-05,Lake Worth,P0181,1,38.54,0.0,38.54
S008161,2026-04-27,Oakland Park,P0022,1,7.3,0.0,7.3
S000226,2025-07-09,Oakland Park,P0225,1,30.83,0.0,30.83
S000195,2025-07-07,Dania Beach,P0082,1,11.34,0.0,11.34
S004596,2025-12-19,Oakland Park,P0032,1,10.89,0.0,10.89
S007507,2026-04-11,Dania Beach,P0075,1,16.43,2.0,14.43
S000813,2025-08-03,Lake Worth,P0258,1,20.03,2.0,18.03
S001666,2025-09-06,Dania Beach,P0028,1,22.61,0.0,22.61
S003783,2025-11-30,Oakland Park,P0037,1,16.2,0.0,16.2
S005659,2026-01-24,Lake Worth,P0229,1,15.22,0.0,15.22
S008779,2026-05-20,Lake Worth,P0278,3,27.49,5.0,67.47
S007979,2026-04-22,Oakland Park,P0154,1,15.49,0.0,15.49
S002758,2025-10-19,Dania Beach,P0258,1,20.03,0.0,20.03
S003066,2025-11-01,Dania Beach,P0229,1,15.22,0.0,15.22
S005184,2025-12-31,Lake Worth,P0139,1,25.22,0.0,25.22
S002892,2025-10-25,Oakland Park,P0295,1,27.7,2.0,25.7
S002041,2025-09-22,Oakland Park,P0296,1,10.05,0.0,10.05
S001043,2025-08-13,Oakland Park,P0054,2,38.06,0.0,76.12
S001779,2025-09-11,Oakland Park,P0264,1,39.66,0.0,39.66
S002321,2025-10-02,Oakland Park,P0039,1,18.68,0.0,18.68
S000192,2025-07-07,Lake Worth,P0071,2,14.0,5.0,18.0
S001147,2025-08-17,Lake Worth,P0298,3,10.79,0.0,32.37
S006772,2026-03-18,Dania Beach,P0062,1,34.29,0.0,34.29
S009487,2026-06-17,Oakland Park,P0169,1,28.05,0.0,28.05
S004058,2025-12-07,Oakland Park,P0156,1,33.24,0.0,33.24
S007083,2026-03-31,Dania Beach,P0229,1,15.22,5.0,10.22
S001665,2025-09-06,Dania Beach,P0197,1,24.23,0.0,24.23
S004925,2025-12-26,Lake Worth,P0295,1,27.7,0.0,27.7
S000682,2025-07-29,Dania Beach,P0258,1,20.03,0.0,20.03
S009627,2026-06-22,Dania Beach,P0092,1,34.43,0.0,34.43
S007810,2026-04-18,Dania Beach,P0098,1,12.85,0.0,12.85
S008639,2026-05-14,Dania Beach,P0288,1,39.45,0.0,39.45
S008644,2026-05-15,Oakland Park,P0224,1,28.47,0.0,28.47
S005795,2026-01-31,Lake Worth,P0258,1,20.03,0.0,20.03
S008576,2026-05-12,Dania Beach,P0160,2,15.14,0.0,30.28
S000848,2025-08-04,Dania Beach,P0286,1,17.06,2.0,15.06
S002485,2025-10-08,Dania Beach,P0093,1,10.98,0.0,10.98
S007513,2026-04-11,Lake Worth,P0107,2,35.69,0.0,71.38
S003656,2025-11-25,Oakland Park,P0298,1,10.79,0.0,10.79
S005559,2026-01-18,Dania Beach,P0279,1,5.18,0.0,5.18
S007429,2026-04-09,Oakland Park,P0200,1,20.12,0.0,20.12
S007184,2026-04-03,Oakland Park,P0139,1,25.22,0.0,25.22
S002450,2025-10-07,Lake Worth,P0099,1,32.17,2.0,30.17
S003081,2025-11-01,Lake Worth,P0286,1,17.06,0.0,17.06
S007523,2026-04-11,Dania Beach,P0028,1,22.61,0.0,22.61
S006885,2026-03-22,Oakland Park,P0229,1,15.22,0.0,15.22
S005455,2026-01-13,Lake Worth,P0069,1,21.4,2.0,19.4
S005902,2026-02-04,Dania Beach,P0125,1,30.0,0.0,30.0
S008269,2026-04-30,Dania Beach,P0116,1,38.74,0.0,38.74
S000733,2025-07-31,Oakland Park,P0006,2,18.74,0.0,37.48
S005809,2026-01-31,Lake Worth,P0028,1,22.61,0.0,22.61
S008486,2026-05-09,Oakland Park,P0181,1,38.54,0.0,38.54
S005065,2025-12-28,Dania Beach,P0020,1,24.25,0.0,24.25
S006615,2026-03-11,Lake Worth,P0250,1,26.07,0.0,26.07
S001040,2025-08-12,Lake Worth,P0102,1,16.27,0.0,16.27
S007803,2026-04-18,Oakland Park,P0091,1,10.86,0.0,10.86
S002571,2025-10-12,Oakland Park,P0099,1,32.17,0.0,32.17
S001261,2025-08-22,Lake Worth,P0218,1,12.89,0.0,12.89
S005470,2026-01-14,Dania Beach,P0246,1,14.88,0.0,14.88
S006210,2026-02-21,Dania Beach,P0043,2,11.96,0.0,23.92
S009070,2026-05-31,Oakland Park,P0258,1,20.03,0.0,20.03
S001453,2025-08-29,Dania Beach,P0042,1,16.07,0.0,16.07
S002551,2025-10-11,Dania Beach,P0189,1,8.68,0.0,8.68
S006690,2026-03-14,Oakland Park,P0100,1,34.67,0.0,34.67
S004413,2025-12-15,Dania Beach,P0258,1,20.03,0.0,20.03
S001060,2025-08-13,Oakland Park,P0082,1,11.34,0.0,11.34
S006424,2026-03-03,Dania Beach,P0258,1,20.03,2.0,18.03
S001635,2025-09-05,Oakland Park,P0254,1,15.72,0.0,15.72
S009119,2026-06-02,Lake Worth,P0142,2,14.84,0.0,29.68
S000209,2025-07-08,Dania Beach,P0279,2,5.18,0.0,10.36
S005860,2026-02-02,Oakland Park,P0050,2,16.14,2.0,28.28
S004450,2025-12-15,Lake Worth,P0134,1,13.77,0.0,13.77
S006670,2026-03-14,Oakland Park,P0107,1,35.69,0.0,35.69
S000275,2025-07-11,Dania Beach,P0138,1,18.5,0.0,18.5
S002881,2025-10-25,Dania Beach,P0141,1,18.03,0.0,18.03
S001951,2025-09-18,Dania Beach,P0026,1,24.77,0.0,24.77
S009098,2026-06-02,Lake Worth,P0029,3,44.82,0.0,134.46
S006336,2026-02-27,Dania Beach,P0229,1,15.22,0.0,15.22
S006557,2026-03-08,Dania Beach,P0069,1,21.4,0.0,21.4
S008819,2026-05-21,Oakland Park,P0122,1,15.39,5.0,10.39
S009753,2026-06-27,Dania Beach,P0297,1,17.64,0.0,17.64
S008624,2026-05-14,Dania Beach,P0161,1,43.05,0.0,43.05
S007623,2026-04-13,Lake Worth,P0209,1,38.73,0.0,38.73
S001829,2025-09-12,Oakland Park,P0258,2,20.03,0.0,40.06
S004921,2025-12-26,Oakland Park,P0234,1,39.24,0.0,39.24
S007510,2026-04-11,Lake Worth,P0219,1,19.95,5.0,14.95
S007268,2026-04-05,Dania Beach,P0138,2,18.5,2.0,33.0
S001100,2025-08-15,Dania Beach,P0154,1,15.49,0.0,15.49
S002560,2025-10-12,Dania Beach,P0089,1,38.61,5.0,33.61
S007082,2026-03-31,Dania Beach,P0263,1,24.16,0.0,24.16
S008727,2026-05-18,Dania Beach,P0138,1,18.5,0.0,18.5
S009007,2026-05-29,Dania Beach,P0247,1,11.6,0.0,11.6
S001936,2025-09-17,Oakland Park,P0053,1,11.0,0.0,11.0
S005112,2025-12-29,Dania Beach,P0250,1,26.07,0.0,26.07
S007571,2026-04-12,Oakland Park,P0258,1,20.03,0.0,20.03
S003159,2025-11-04,Oakland Park,P0157,1,8.43,0.0,8.43
S004139,2025-12-09,Lake Worth,P0188,1,14.19,0.0,14.19
S004154,2025-12-09,Dania Beach,P0258,1,20.03,0.0,20.03
S004334,2025-12-13,Dania Beach,P0045,1,31.47,5.0,26.47
S007003,2026-03-28,Dania Beach,P0229,1,15.22,5.0,10.22
S005420,2026-01-11,Dania Beach,P0101,1,40.29,0.0,40.29
S008561,2026-05-11,Dania Beach,P0258,1,20.03,0.0,20.03
S008047,2026-04-24,Dania Beach,P0068,1,18.85,0.0,18.85
S008210,2026-04-28,Lake Worth,P0229,1,15.22,0.0,15.22
S002492,2025-10-08,Lake Worth,P0229,1,15.22,0.0,15.22
S006138,2026-02-17,Dania Beach,P0160,1,15.14,0.0,15.14
S003193,2025-11-05,Oakland Park,P0123,1,32.28,0.0,32.28
S000032,2025-07-02,Dania Beach,P0113,1,15.71,0.0,15.71
S007826,2026-04-18,Dania Beach,P0258,1,20.03,2.0,18.03
S000371,2025-07-15,Dania Beach,P0104,1,23.8,0.0,23.8
S006360,2026-02-28,Dania Beach,P0123,1,32.28,0.0,32.28
S009677,2026-06-24,Dania Beach,P0209,2,38.73,0.0,77.46
S009374,2026-06-13,Dania Beach,P0105,1,41.09,0.0,41.09
S009345,2026-06-12,Oakland Park,P0022,2,7.3,0.0,14.6
S001054,2025-08-13,Oakland Park,P0104,1,23.8,0.0,23.8
S002527,2025-10-11,Lake Worth,P0205,1,34.1,0.0,34.1
S008922,2026-05-25,Oakland Park,P0229,1,15.22,0.0,15.22
S003307,2025-11-10,Lake Worth,P0150,1,8.12,0.0,8.12
S008069,2026-04-25,Oakland Park,P0028,1,22.61,0.0,22.61
S001832,2025-09-13,Oakland Park,P0095,1,15.25,0.0,15.25
S008440,2026-05-07,Dania Beach,P0192,1,9.96,0.0,9.96
S001624,2025-09-05,Dania Beach,P0209,1,38.73,0.0,38.73
S009810,2026-06-29,Lake Worth,P0195,1,23.58,0.0,23.58
S004143,2025-12-09,Oakland Park,P0220,1,18.24,0.0,18.24
S007671,2026-04-14,Oakland Park,P0141,1,18.03,0.0,18.03
S004430,2025-12-15,Oakland Park,P0297,1,17.64,0.0,17.64
S001889,2025-09-15,Oakland Park,P0063,2,32.31,0.0,64.62
S009396,2026-06-13,Oakland Park,P0127,1,26.3,0.0,26.3
S006847,2026-03-21,Dania Beach,P0286,1,17.06,0.0,17.06
S002810,2025-10-21,Oakland Park,P0233,1,22.74,0.0,22.74
S007343,2026-04-06,Lake Worth,P0112,1,9.26,0.0,9.26
S002219,2025-09-28,Dania Beach,P0137,1,34.89,0.0,34.89
S000978,2025-08-10,Dania Beach,P0258,1,20.03,2.0,18.03
S000107,2025-07-05,Dania Beach,P0085,1,28.45,0.0,28.45
S006944,2026-03-25,Lake Worth,P0258,1,20.03,0.0,20.03
S000563,2025-07-24,Lake Worth,P0298,1,10.79,0.0,10.79
S002585,2025-10-13,Lake Worth,P0248,1,14.4,2.0,12.4
S007783,2026-04-18,Dania Beach,P0047,1,11.39,0.0,11.39
S005469,2026-01-14,Dania Beach,P0028,1,22.61,0.0,22.61
S000601,2025-07-26,Dania Beach,P0176,1,38.34,0.0,38.34
S008566,2026-05-11,Dania Beach,P0010,1,26.25,0.0,26.25
S008681,2026-05-16,Lake Worth,P0143,1,33.65,0.0,33.65
S006504,2026-03-06,Dania Beach,P0028,1,22.61,0.0,22.61
S006552,2026-03-08,Dania Beach,P0223,1,16.45,0.0,16.45
S007128,2026-04-01,Lake Worth,P0084,1,8.22,0.0,8.22
S002059,2025-09-22,Dania Beach,P0018,1,11.18,0.0,11.18
S003252,2025-11-08,Oakland Park,P0202,1,27.95,2.0,25.95
S007540,2026-04-11,Lake Worth,P0189,2,8.68,0.0,17.36
S008086,2026-04-25,Oakland Park,P0060,1,16.29,0.0,16.29
S001978,2025-09-20,Lake Worth,P0005,1,12.32,5.0,7.32
S002713,2025-10-18,Dania Beach,P0018,1,11.18,0.0,11.18
S002377,2025-10-04,Dania Beach,P0232,2,35.97,0.0,71.94
S007736,2026-04-16,Lake Worth,P0040,2,30.27,0.0,60.54
S009141,2026-06-03,Lake Worth,P0122,2,15.39,0.0,30.78
S001758,2025-09-09,Lake Worth,P0141,1,18.03,0.0,18.03
S006814,2026-03-20,Oakland Park,P0148,1,17.71,0.0,17.71
S001116,2025-08-16,Dania Beach,P0112,1,9.26,0.0,9.26
S003432,2025-11-15,Dania Beach,P0218,2,12.89,0.0,25.78
S005211,2025-12-31,Oakland Park,P0196,1,23.33,0.0,23.33
S009365,2026-06-12,Lake Worth,P0095,1,15.25,5.0,10.25
S005845,2026-02-02,Lake Worth,P0244,1,7.54,0.0,7.54
S009393,2026-06-13,Dania Beach,P0028,1,22.61,0.0,22.61
S008950,2026-05-26,Dania Beach,P0229,1,15.22,0.0,15.22
S002156,2025-09-27,Lake Worth,P0270,1,13.93,2.0,11.93
S001359,2025-08-26,Oakland Park,P0229,1,15.22,0.0,15.22
S009413,2026-06-14,Lake Worth,P0222,1,25.03,2.0,23.03
S002396,2025-10-05,Oakland Park,P0250,1,26.07,0.0,26.07
S008033,2026-04-24,Dania Beach,P0123,1,32.28,0.0,32.28
S007735,2026-04-16,Oakland Park,P0258,1,20.03,2.0,18.03
S006231,2026-02-22,Dania Beach,P0006,1,18.74,0.0,18.74
S002625,2025-10-14,Lake Worth,P0233,1,22.74,0.0,22.74
S009303,2026-06-09,Oakland Park,P0151,1,22.36,0.0,22.36
S009425,2026-06-14,Lake Worth,P0229,1,15.22,0.0,15.22
S003976,2025-12-05,Dania Beach,P0211,1,28.43,0.0,28.43
S002230,2025-09-29,Dania Beach,P0250,1,26.07,0.0,26.07
S009655,2026-06-23,Oakland Park,P0152,1,10.83,0.0,10.83
S004295,2025-12-13,Oakland Park,P0288,1,39.45,0.0,39.45
S008180,2026-04-27,Lake Worth,P0258,1,20.03,0.0,20.03
S006867,2026-03-21,Dania Beach,P0033,1,13.41,0.0,13.41
S008939,2026-05-26,Dania Beach,P0229,1,15.22,0.0,15.22
S003355,2025-11-12,Lake Worth,P0258,1,20.03,0.0,20.03
S005301,2026-01-05,Dania Beach,P0149,2,20.51,0.0,41.02
S008171,2026-04-27,Oakland Park,P0233,1,22.74,0.0,22.74
S008250,2026-04-29,Dania Beach,P0266,1,28.75,0.0,28.75
S007306,2026-04-05,Oakland Park,P0041,1,11.22,0.0,11.22
S002974,2025-10-28,Dania Beach,P0102,1,16.27,0.0,16.27
S000378,2025-07-15,Lake Worth,P0069,2,21.4,0.0,42.8
S000139,2025-07-06,Dania Beach,P0205,1,34.1,0.0,34.1
S009260,2026-06-07,Lake Worth,P0041,1,11.22,0.0,11.22
S006398,2026-03-02,Oakland Park,P0034,1,17.39,0.0,17.39
S000637,2025-07-27,Dania Beach,P0244,1,7.54,0.0,7.54
S001816,2025-09-12,Lake Worth,P0286,1,17.06,0.0,17.06
S004357,2025-12-14,Dania Beach,P0240,1,29.77,0.0,29.77
S008014,2026-04-23,Lake Worth,P0095,1,15.25,0.0,15.25
S006198,2026-02-20,Oakland Park,P0068,1,18.85,0.0,18.85
S004843,2025-12-24,Dania Beach,P0281,1,17.35,0.0,17.35
S001179,2025-08-18,Oakland Park,P0266,1,28.75,0.0,28.75
S003693,2025-11-27,Lake Worth,P0098,1,12.85,0.0,12.85
S001557,2025-09-01,Dania Beach,P0004,1,33.33,5.0,28.33
S002708,2025-10-18,Dania Beach,P0138,1,18.5,0.0,18.5
S006197,2026-02-20,Oakland Park,P0258,1,20.03,0.0,20.03
S000821,2025-08-03,Dania Beach,P0258,1,20.03,0.0,20.03
S002264,2025-09-30,Oakland Park,P0175,1,10.78,0.0,10.78
S008331,2026-05-03,Dania Beach,P0233,1,22.74,0.0,22.74
S000142,2025-07-06,Dania Beach,P0138,1,18.5,0.0,18.5
S004072,2025-12-07,Lake Worth,P0294,3,30.88,0.0,92.64
S000026,2025-07-02,Dania Beach,P0069,1,21.4,0.0,21.4
S007857,2026-04-19,Dania Beach,P0138,1,18.5,0.0,18.5
S003371,2025-11-13,Oakland Park,P0181,1,38.54,0.0,38.54
S008335,2026-05-03,Dania Beach,P0198,1,5.19,0.0,5.19
S004144,2025-12-09,Dania Beach,P0054,1,38.06,0.0,38.06
S003374,2025-11-13,Oakland Park,P0258,1,20.03,0.0,20.03
S007296,2026-04-05,Dania Beach,P0258,1,20.03,0.0,20.03
S008972,2026-05-27,Oakland Park,P0011,1,31.32,0.0,31.32
S007518,2026-04-11,Oakland Park,P0099,2,32.17,0.0,64.34
S000908,2025-08-07,Dania Beach,P0014,1,41.58,5.0,36.58
S002760,2025-10-19,Dania Beach,P0050,1,16.14,0.0,16.14
S009368,2026-06-13,Oakland Park,P0225,1,30.83,0.0,30.83
S000612,2025-07-26,Oakland Park,P0037,1,16.2,0.0,16.2
S000479,2025-07-20,Dania Beach,P0258,1,20.03,2.0,18.03
S006129,2026-02-16,Dania Beach,P0282,1,14.8,0.0,14.8
S004412,2025-12-15,Lake Worth,P0244,1,7.54,2.0,5.54
S003605,2025-11-23,Dania Beach,P0231,1,16.4,0.0,16.4
S004841,2025-12-24,Oakland Park,P0229,3,15.22,0.0,45.66
S009099,2026-06-02,Oakland Park,P0076,1,28.11,0.0,28.11
S003957,2025-12-05,Dania Beach,P0099,1,32.17,0.0,32.17
S008805,2026-05-21,Dania Beach,P0180,1,14.34,5.0,9.34
S002827,2025-10-22,Dania Beach,P0090,1,39.67,0.0,39.67
S006430,2026-03-03,Lake Worth,P0138,1,18.5,0.0,18.5
S001759,2025-09-10,Lake Worth,P0150,1,8.12,0.0,8.12
S006369,2026-03-01,Dania Beach,P0100,1,34.67,0.0,34.67
S006578,2026-03-09,Oakland Park,P0229,2,15.22,0.0,30.44
S005164,2025-12-30,Oakland Park,P0123,1,32.28,0.0,32.28
S002754,2025-10-19,Dania Beach,P0226,1,19.09,0.0,19.09
S007141,2026-04-01,Oakland Park,P0093,1,10.98,0.0,10.98
S008416,2026-05-06,Oakland Park,P0229,2,15.22,0.0,30.44
S004185,2025-12-10,Dania Beach,P0077,2,38.06,0.0,76.12
S007176,2026-04-03,Dania Beach,P0016,1,9.61,0.0,9.61
S007486,2026-04-10,Dania Beach,P0126,1,18.39,0.0,18.39
S007013,2026-03-28,Dania Beach,P0232,1,35.97,0.0,35.97
S003190,2025-11-05,Oakland Park,P0123,1,32.28,0.0,32.28
S007351,2026-04-06,Dania Beach,P0037,1,16.2,0.0,16.2
S001541,2025-09-01,Dania Beach,P0274,1,22.73,0.0,22.73
S006539,2026-03-08,Oakland Park,P0181,2,38.54,0.0,77.08
S004427,2025-12-15,Oakland Park,P0247,1,11.6,0.0,11.6
S000992,2025-08-10,Dania Beach,P0162,1,9.66,0.0,9.66
S001192,2025-08-18,Oakland Park,P0189,2,8.68,0.0,17.36
S005699,2026-01-25,Oakland Park,P0066,1,15.19,0.0,15.19
S007191,2026-04-03,Dania Beach,P0233,1,22.74,2.0,20.74
S000827,2025-08-03,Oakland Park,P0080,1,3.25,0.0,3.25
S002273,2025-10-01,Dania Beach,P0258,1,20.03,0.0,20.03
S002628,2025-10-14,Oakland Park,P0002,1,33.09,0.0,33.09
S007187,2026-04-03,Oakland Park,P0252,1,18.54,0.0,18.54
S008588,2026-05-12,Dania Beach,P0057,1,31.85,0.0,31.85
S007996,2026-04-23,Dania Beach,P0091,1,10.86,0.0,10.86
S000511,2025-07-21,Dania Beach,P0108,1,11.87,0.0,11.87
S000549,2025-07-23,Oakland Park,P0239,1,7.76,0.0,7.76
S008757,2026-05-19,Oakland Park,P0100,1,34.67,2.0,32.67
S002036,2025-09-21,Dania Beach,P0258,2,20.03,0.0,40.06
S006161,2026-02-18,Dania Beach,P0286,1,17.06,0.0,17.06
S009347,2026-06-12,Oakland Park,P0123,1,32.28,0.0,32.28
S005476,2026-01-14,Dania Beach,P0238,2,9.91,0.0,19.82
S000390,2025-07-16,Oakland Park,P0028,1,22.61,0.0,22.61
S007367,2026-04-07,Oakland Park,P0089,2,38.61,0.0,77.22
S007632,2026-04-13,Oakland Park,P0138,1,18.5,0.0,18.5
S001041,2025-08-13,Lake Worth,P0222,1,25.03,0.0,25.03
S006262,2026-02-23,Dania Beach,P0195,1,23.58,0.0,23.58
S005965,2026-02-08,Oakland Park,P0076,1,28.11,0.0,28.11
S008002,2026-04-23,Dania Beach,P0250,1,26.07,0.0,26.07
S007305,2026-04-05,Oakland Park,P0086,1,19.54,0.0,19.54
S006499,2026-03-06,Dania Beach,P0113,1,15.71,0.0,15.71
S004633,2025-12-20,Oakland Park,P0229,2,15.22,0.0,30.44
S007201,2026-04-03,Lake Worth,P0180,1,14.34,0.0,14.34
S008906,2026-05-24,Dania Beach,P0064,1,22.4,0.0,22.4
S007129,2026-04-01,Oakland Park,P0223,1,16.45,0.0,16.45
S007937,2026-04-21,Dania Beach,P0258,1,20.03,0.0,20.03
S002780,2025-10-20,Oakland Park,P0103,1,23.52,0.0,23.52
S003997,2025-12-06,Oakland Park,P0055,1,18.49,0.0,18.49
S007980,2026-04-22,Oakland Park,P0232,1,35.97,0.0,35.97
S007905,2026-04-20,Oakland Park,P0111,1,9.29,0.0,9.29
S002971,2025-10-28,Oakland Park,P0229,1,15.22,0.0,15.22
S009155,2026-06-04,Oakland Park,P0198,1,5.19,2.0,3.19
S007030,2026-03-29,Lake Worth,P0138,1,18.5,0.0,18.5
S003211,2025-11-06,Dania Beach,P0123,1,32.28,0.0,32.28
S002524,2025-10-10,Dania Beach,P0048,1,43.54,0.0,43.54
S006284,2026-02-25,Dania Beach,P0170,1,12.29,2.0,10.29
S005878,2026-02-03,Dania Beach,P0229,1,15.22,0.0,15.22
S002678,2025-10-17,Oakland Park,P0083,1,9.28,2.0,7.28
S009663,2026-06-23,Dania Beach,P0258,1,20.03,0.0,20.03
S006832,2026-03-20,Dania Beach,P0138,2,18.5,0.0,37.0
S000883,2025-08-05,Oakland Park,P0218,1,12.89,0.0,12.89
S004809,2025-12-24,Dania Beach,P0258,1,20.03,0.0,20.03
S008511,2026-05-09,Oakland Park,P0213,1,4.58,0.0,4.58
S006216,2026-02-21,Dania Beach,P0120,1,23.21,0.0,23.21
S007776,2026-04-17,Lake Worth,P0250,1,26.07,0.0,26.07
S004831,2025-12-24,Oakland Park,P0042,1,16.07,0.0,16.07
S008916,2026-05-24,Dania Beach,P0250,1,26.07,2.0,24.07
S003000,2025-10-29,Dania Beach,P0258,1,20.03,0.0,20.03
S004218,2025-12-11,Dania Beach,P0161,3,43.05,0.0,129.15
S009182,2026-06-05,Oakland Park,P0274,1,22.73,2.0,20.73
S004864,2025-12-25,Dania Beach,P0242,2,16.38,2.0,28.76
S008508,2026-05-09,Dania Beach,P0258,2,20.03,5.0,30.06
S008752,2026-05-18,Lake Worth,P0258,1,20.03,0.0,20.03
S005458,2026-01-13,Oakland Park,P0069,1,21.4,0.0,21.4
S008766,2026-05-19,Oakland Park,P0300,1,15.39,0.0,15.39
S003007,2025-10-29,Dania Beach,P0257,1,21.09,0.0,21.09
S004845,2025-12-24,Dania Beach,P0028,1,22.61,2.0,20.61
S002094,2025-09-24,Dania Beach,P0258,1,20.03,0.0,20.03
S005909,2026-02-05,Oakland Park,P0113,1,15.71,0.0,15.71
S000348,2025-07-14,Dania Beach,P0077,1,38.06,0.0,38.06
S006506,2026-03-07,Oakland Park,P0093,1,10.98,0.0,10.98
S009349,2026-06-12,Dania Beach,P0250,1,26.07,2.0,24.07
S007154,2026-04-02,Dania Beach,P0139,1,25.22,0.0,25.22
S000222,2025-07-08,Oakland Park,P0137,1,34.89,0.0,34.89
S002866,2025-10-24,Dania Beach,P0225,1,30.83,0.0,30.83
S002139,2025-09-26,Oakland Park,P0098,1,12.85,0.0,12.85
S005526,2026-01-17,Dania Beach,P0176,1,38.34,0.0,38.34
S004276,2025-12-12,Oakland Park,P0031,2,23.06,0.0,46.12
S007686,2026-04-15,Dania Beach,P0042,1,16.07,0.0,16.07
S001553,2025-09-01,Oakland Park,P0050,1,16.14,0.0,16.14
S009761,2026-06-27,Oakland Park,P0079,1,38.19,0.0,38.19
S002825,2025-10-22,Lake Worth,P0225,3,30.83,0.0,92.49
S000830,2025-08-03,Oakland Park,P0181,1,38.54,0.0,38.54
S005880,2026-02-03,Dania Beach,P0198,1,5.19,0.0,5.19
S007046,2026-03-29,Oakland Park,P0041,1,11.22,0.0,11.22
S006397,2026-03-02,Oakland Park,P0250,1,26.07,0.0,26.07
S000607,2025-07-26,Oakland Park,P0002,1,33.09,0.0,33.09
S002497,2025-10-09,Dania Beach,P0258,1,20.03,0.0,20.03
S006987,2026-03-27,Dania Beach,P0207,2,8.62,0.0,17.24
S007709,2026-04-15,Oakland Park,P0294,1,30.88,0.0,30.88
S005493,2026-01-15,Dania Beach,P0005,1,12.32,0.0,12.32
S007561,2026-04-12,Dania Beach,P0297,1,17.64,0.0,17.64
S002675,2025-10-17,Dania Beach,P0135,2,18.06,0.0,36.12
S008418,2026-05-06,Dania Beach,P0048,1,43.54,0.0,43.54
S008763,2026-05-19,Dania Beach,P0020,1,24.25,0.0,24.25
S008392,2026-05-05,Oakland Park,P0300,1,15.39,0.0,15.39
S001289,2025-08-23,Lake Worth,P0104,1,23.8,0.0,23.8
S005661,2026-01-24,Oakland Park,P0233,2,22.74,0.0,45.48
