sale_id,sale_date,location,product_id,quantity,unit_price,discount
S000385,2025-07-15,OAKLAND PARK,P0143,1,$33.65,0.0
S002458,2025-10-07,Dania Beach,P0138,1,18.5,0.0
S008299,2026-05-01,Oakland Park,P0247,1,11.6,0.0
S002374,2025-10-04,Dania Beach,P0181,1,38.54,0.0
S002579,10/12/2025,Oakland Park,P0129,1,7.89,0.0
S006459,2026-03-04,Dania Beach,P0271,1,$13.23,0.0
S005411,1/11/2026,lake worth,P0225,1,30.83,0.0
S007325,2026-04-06,Lake Worth,P0110,1,16.9,0.0
S002360,2025-10-04,Oakland Park,P0250,1,26.07,0.0
S006678,2026-03-14,Dania Beach,P0100,1,34.67,0.0
S000675,2025-07-28,Lake Worth,P0120,1,23.21,0.0
S008675,2026-05-16,Dania Beach,P0233,1,22.74,0.0
S003901,2025-12-04,Dania Beach,P0167,1,11.11,0.0
S001876,9/14/2025,Dania Beach,P0122,1,15.39,0.0
S009105,2026-06-02,Dania Beach,P0100,1,34.67,0.0
S000578,2025-07-25,Dania Beach,P0168,2,9.03,0.0
S008429,2026-05-06,Dania Beach,P0028,1,22.61,0.0
S008554,5/11/2026,Oakland Park,P0271,2,13.23,0.0
S009471,2026-06-16,Lake Worth,P0063,1,32.31,0.0
S005087,2025-12-29,Dania Beach,P0099,1,32.17,
S006392,2026-03-01,Dania Beach,P0258,1,20.03,0.0
S000305,2025-07-12,Dania Beach,P0288,1,39.45,0.0
S005932,2026-02-06,dania beach,P0249,1,24.88,0.0
S004216,2025-12-11,Dania Beach,P0013,1,19.04,0.0
S006494,3/6/2026,Oakland Park,P0196,1,23.33,0.0
S003606,2025-11-23,Dania Beach,P0210,2,17.31,0.0
S009161,2026-06-04,Dania Beach,P0258,1,20.03,0.0
S000766,2025-08-01,Dania Beach,P0060,1,16.29,0.0
S005148,2025-12-30,Oakland Park,P0042,1,16.07,0.0
S006713,2026-03-15,Oakland Park,P0028,2,22.61,2.0
S004825,12/24/2025,Oakland Park,P0215,1,5.21,0.0
S006812,2026-03-19,Dania Beach,P0136,1,34.18,5.0
S000877,2025-08-05,Lake Worth,P0147,1,40.67,0.0
S000312,2025-07-12,Oakland Park,P0156,1,33.24,0.0
S003923,2025-12-04,Lake Worth,P0119,1,$10.1,0.0
S005040,2025-12-28,Dania Beach,P0100,1,34.67,0.0
S006285,2026-02-25,Lake Worth,P0258,1,20.03,0.0
S007910,2026-04-20,Oakland Park,P0138,3,18.5,2.0
S006274,2026-02-24,Oakland Park,P0246,1,14.88,0.0
S009696,2026-06-25,Lake Worth,P0209,1,38.73,0.0
S003351,2025-11-12,Oakland Park,P0144,1,39.21,0.0
S002997,2025-10-29,dania beach,P0077,1,38.06,0.0
S008495,2026-05-09,Oakland Park,P0229,1,15.22,0.0
S002372,2025-10-04,Dania Beach,P0100,1,34.67,0.0
S003620,2025-11-23,Dania Beach,P0254,1,15.72,0.0
S003825,12/1/2025,Lake Worth,P0058,3,$6.59,0.0
S009144,2026-06-03,Oakland Park,P0004,1,33.33,0.0
S009067,2026-05-31,Oakland Park,P0219,2,19.95,2.0
S004542,2025-12-18,Dania Beach,P0157,1,8.43,0.0
S004914,2025-12-26,Dania Beach,P0164,1,14.99,0.0
S000028,2025-07-02,oakland park,P0195,2,23.58,0.0
S000879,2025-08-05,Dania Beach,P0258,1,20.03,0.0
S008071,2026-04-25,Oakland Park,P0122,1,15.39,0.0
S004437,2025-12-15,Oakland Park,P0034,1,17.39,0.0
S008128,2026-04-26,Dania Beach,P0289,1,47.01,0.0
S008251,2026-04-29,Oakland Park,P0016,1,9.61,
S005977,2026-02-08,Lake Worth,P0226,1,19.09,0.0
S000304,2025-07-12,Oakland Park,P0205,1,34.1,0.0
S004561,2025-12-18,Dania Beach,P0060,1,16.29,2.0
S002038,2025-09-22,Oakland Park,P0138,1,18.5,0.0
S000633,2025-07-26,Lake Worth,P0156,1,33.24,0.0
S004993,2025-12-27,Oakland Park,P0099,1,32.17,0.0
S008549,2026-05-10,Dania Beach,P0258,1,20.03,0.0
S004956,2025-12-27,Lake Worth,P0088,1,14.79,0.0
S008833,2026-05-22,Oakland Park,P0135,1,18.06,0.0
S004822,2025-12-24,Lake Worth,P0120,1,23.21,0.0
S002813,2025-10-21,Dania Beach,P0257,1,21.09,
S004721,2025-12-22,Oakland Park,P0286,1,17.06,0.0
S003172,2025-11-04,Dania Beach,P0271,1,13.23,0.0
S001165,8/17/2025,Dania Beach,P0258,1,20.03,0.0
S001348,2025-08-25,Dania Beach,P0258,1,20.03,0.0
S009715,2026-06-26,Oakland Park,P0068,1,18.85,0.0
S000797,8/2/2025,Oakland Park,P0258,1,20.03,0.0
S006899,2026-03-22,Dania Beach,P0115,1,35.88,0.0
S005987,2026-02-08,Dania Beach,P0131,2,10.61,0.0
S004722,2025-12-22,Dania Beach,P0028,2,22.61,0.0
S000459,2025-07-19,Dania Beach,P0265,1,19.55,0.0
S007155,2026-04-02,Dania Beach,P0061,2,13.54,0.0
S002066,9/23/2025,Dania Beach,P0293,1,17.47,0.0
S002690,2025-10-17,OAKLAND PARK,P0263,1,$24.16,0.0
S004106,12/8/2025,Oakland Park,P0093,1,10.98,5.0
S008423,2026-05-06,Lake Worth,P0229,1,15.22,2.0
S002653,2025-10-16,Oakland Park,P0100,2,34.67,0.0
S000040,2025-07-02,Lake Worth,P0041,1,11.22,0.0
S008862,2026-05-23,Oakland Park,P0258,3,20.03,0.0
S001424,2025-08-28,Oakland Park,P0107,1,35.69,0.0
S000250,2025-07-10,Dania Beach,P0258,2,20.03,2.0
S002736,2025-10-18,Dania Beach,P0016,2,9.61,0.0
S003882,2025-12-03,Oakland Park,P0258,2,20.03,0.0
S004526,2025-12-17,Oakland Park,P0058,1,6.59,0.0
S008744,2026-05-18,Dania Beach,P0027,2,16.28,0.0
S008367,2026-05-04,Dania Beach,P0227,1,22.7,0.0
S004698,2025-12-21,Dania Beach,P0121,1,26.48,0.0
S000500,2025-07-20,Lake Worth,P0042,1,16.07,0.0
S004736,2025-12-22,Dania Beach,P0024,1,12.01,5.0
S000962,2025-08-09,Dania Beach,P0282,1,14.8,0.0
S001177,2025-08-18,OAKLAND PARK,P0250,1,26.07,0.0
S005206,2025-12-31,Oakland Park,P0297,1,17.64,2.0
S009112,2026-06-02,Dania Beach,P0279,1,5.18,0.0
S002123,2025-09-25,Dania Beach,P0232,1,35.97,
S004399,2025-12-14,Dania Beach,P0265,1,19.55,0.0
S003860,2025-12-02,Oakland Park,P0235,1,21.78,0.0
S001335,2025-08-24,Dania Beach,P0097,1,11.18,0.0
S005913,2026-02-05,Oakland Park,P0157,1,8.43,5.0
S001081,8/14/2025,Oakland Park,P0199,1,11.97,0.0
S009272,2026-06-07,LAKE WORTH,P0295,1,27.7,0.0
S002315,2025-10-02,Oakland Park,P0143,2,33.65,5.0
S002407,10/5/2025,Oakland Park,P0120,1,23.21,0.0
S005578,2026-01-19,Dania Beach,P0014,1,41.58,2.0
S004360,2025-12-14,Lake Worth,P0206,1,25.28,0.0
S005102,2025-12-29,Dania Beach,P0258,1,20.03,0.0
S009390,2026-06-13,Dania Beach,P0237,1,18.61,0.0
S003188,11/5/2025,Dania Beach,P0028,1,22.61,2.0
S000773,2025-08-02,Lake Worth,P0279,2,$5.18,0.0
S004241,2025-12-11,Dania Beach,P0133,1,31.55,0.0
S006051,2026-02-13,Lake Worth,P0169,1,28.05,0.0
S002465,2025-10-07,Oakland Park,P0200,1,20.12,
S006383,2026-03-01,Dania Beach,P0138,1,18.5,0.0
S009643,2026-06-22,Dania Beach,P0057,2,31.85,0.0
S003808,2025-12-01,Lake Worth,P0287,1,38.39,0.0
S008856,2026-05-23,Oakland Park,P0215,1,5.21,
S008970,2026-05-27,Oakland Park,P0289,1,47.01,0.0
S003485,11/18/2025,Lake Worth,P0083,1,9.28,0.0
S009353,2026-06-12,Dania Beach,P0225,2,30.83,5.0
S001664,2025-09-06,Dania Beach,P0228,1,12.36,0.0
S002826,10/22/2025,Dania Beach,P0098,1,12.85,2.0
S001388,2025-08-27,Oakland Park,P0155,1,33.74,0.0
S008638,2026-05-14,Dania Beach,P0132,1,38.62,2.0
S002957,2025-10-27,Lake Worth,P0229,1,15.22,0.0
S007271,2026-04-05,Lake Worth,P0208,1,8.68,0.0
S008382,2026-05-04,Lake Worth,P0104,1,23.8,0.0
S009445,2026-06-15,Oakland Park,P0045,1,31.47,0.0
S003383,2025-11-13,Lake Worth,P0125,1,30.0,0.0
S009711,2026-06-25,OAKLAND PARK,P0272,1,18.29,0.0
S003083,2025-11-01,Dania Beach,P0007,1,18.87,0.0
S003529,2025-11-20,Dania Beach,P0242,1,16.38,0.0
S001604,2025-09-04,dania beach,P0258,1,20.03,0.0
S001074,2025-08-14,DANIA BEACH,P0258,1,$20.03,0.0
S008426,2026-05-06,Oakland Park,P0114,1,22.91,0.0
S003458,2025-11-16,Dania Beach,P0123,1,32.28,0.0
S004305,2025-12-13,Lake Worth,P0156,1,33.24,0.0
S007630,2026-04-13,Dania Beach,P0031,1,23.06,0.0
S003398,2025-11-14,Oakland Park,P0145,1,18.52,0.0
S001969,2025-09-19,Dania Beach,P0229,1,$15.22,2.0
S000380,2025-07-15,Lake Worth,P0232,1,35.97,0.0
S001765,2025-09-10,Oakland Park,P0294,1,30.88,0.0
S006592,2026-03-10,Oakland Park,P0101,1,40.29,0.0
S005556,2026-01-18,Lake Worth,P0278,1,27.49,2.0
S005291,2026-01-04,Dania Beach,P0134,1,13.77,2.0
S005790,2026-01-31,Dania Beach,P0136,1,34.18,0.0
S000021,2025-07-02,Lake Worth,P0134,1,13.77,
S006065,2026-02-13,Lake Worth,P0150,1,8.12,
S003773,2025-11-30,Oakland Park,P0178,2,35.29,0.0
S001340,8/25/2025,Oakland Park,P0070,2,22.38,0.0
S002190,2025-09-28,Dania Beach,P0095,1,15.25,0.0
S004178,2025-12-10,Lake Worth,P0039,1,18.68,0.0
S006549,2026-03-08,dania beach,P0258,1,20.03,5.0
S001768,2025-09-10,Oakland Park,P0042,1,16.07,0.0
S003848,12/2/2025,Lake Worth,P0098,1,12.85,0.0
S009452,6/15/2026,Oakland Park,P0293,1,17.47,
S000041,2025-07-02,Oakland Park,P0222,1,25.03,0.0
S005910,2026-02-05,Oakland Park,P0107,1,35.69,0.0
S000091,7/4/2025,Oakland Park,P0123,1,32.28,0.0
S001543,2025-09-01,Oakland Park,P0137,1,34.89,0.0
S006063,2026-02-13,oakland park,P0250,1,26.07,0.0
S004961,2025-12-27,Dania Beach,P0095,2,15.25,0.0
S007468,2026-04-10,Dania Beach,P0120,2,23.21,2.0
S006288,2026-02-25,Dania Beach,P0222,1,25.03,
S006147,2026-02-17,Dania Beach,P0074,1,23.62,2.0
S009117,2026-06-02,Lake Worth,P0097,1,11.18,2.0
S008257,2026-04-30,Lake Worth,P0069,1,21.4,0.0
S002554,2025-10-11,Dania Beach,P0269,1,19.37,0.0
S000885,8/5/2025,Dania Beach,P0050,1,16.14,0.0
S006677,2026-03-14,Dania Beach,P0031,1,23.06,5.0
S000044,2025-07-02,Oakland Park,P0181,1,$38.54,0.0
S000205,2025-07-07,Dania Beach,P0005,1,12.32,2.0
S003213,2025-11-06,Oakland Park,P0298,1,10.79,2.0
S006133,2026-02-16,Oakland Park,P0181,3,$38.54,5.0
S008878,2026-05-23,lake worth,P0112,1,9.26,0.0
S000844,2025-08-04,Dania Beach,P0258,1,20.03,0.0
S000283,2025-07-12,Oakland Park,P0144,1,39.21,0.0
S000546,2025-07-23,Dania Beach,P0257,2,21.09,0.0
S008518,2026-05-09,Oakland Park,P0117,1,13.24,0.0
S008233,2026-04-29,Dania Beach,P0229,3,15.22,0.0
S002234,2025-09-29,Dania Beach,P0071,1,14.0,0.0
S002890,2025-10-25,OAKLAND PARK,P0138,1,18.5,0.0
S008245,2026-04-29,Dania Beach,P0141,1,18.03,0.0
S009026,5/30/2026,Dania Beach,P0157,1,8.43,0.0
S003115,11/2/2025,Oakland Park,P0197,1,24.23,0.0
S000867,2025-08-05,Oakland Park,P0271,2,13.23,0.0
S006920,3/23/2026,Lake Worth,P0055,1,18.49,2.0
S008743,5/18/2026,Dania Beach,P0257,1,$21.09,0.0
S009490,6/17/2026,Dania Beach,P0251,1,16.69,0.0
S003050,2025-10-31,Dania Beach,P0108,1,11.87,0.0
S003390,2025-11-14,Oakland Park,P0141,1,$18.03,5.0
S008121,2026-04-26,Dania Beach,P0196,1,23.33,0.0
S003641,2025-11-25,Lake Worth,P0181,1,38.54,0.0
S007053,2026-03-30,DANIA BEACH,P0229,1,15.22,0.0
S001425,2025-08-28,Dania Beach,P0002,1,33.09,0.0
S009077,2026-06-01,Lake Worth,P0250,1,26.07,0.0
S004866,2025-12-25,Dania Beach,P0009,1,10.82,0.0
S000073,2025-07-03,Oakland Park,P0240,1,29.77,0.0
S002508,10/9/2025,Oakland Park,P0255,1,34.26,0.0
S000882,8/5/2025,Oakland Park,P0063,1,32.31,0.0
S006701,2026-03-15,Oakland Park,P0025,1,37.2,2.0
S002424,2025-10-05,Oakland Park,P0247,1,11.6,
S002783,2025-10-20,Dania Beach,P0262,1,32.15,0.0
S001055,2025-08-13,lake worth,P0099,1,32.17,0.0
S009197,2026-06-06,Dania Beach,P0028,1,22.61,0.0
S005001,2025-12-27,Dania Beach,P0141,3,$18.03,0.0
S006982,2026-03-26,Oakland Park,P0159,1,5.86,0.0
S004680,2025-12-21,Lake Worth,P0122,2,15.39,0.0
S000185,7/7/2025,lake worth,P0240,1,29.77,2.0
S007603,2026-04-12,Oakland Park,P0258,1,20.03,0.0
S005396,2026-01-10,Dania Beach,P0145,1,18.52,0.0
S008276,2026-04-30,Oakland Park,P0080,1,3.25,0.0
S005084,2025-12-29,Lake Worth,P0183,1,39.68,0.0
S008832,2026-05-22,Oakland Park,P0007,1,18.87,0.0
S002046,2025-09-22,Oakland Park,P0014,1,41.58,0.0
S008562,2026-05-11,Dania Beach,P0078,1,34.08,0.0
S002915,2025-10-26,Oakland Park,P0101,1,40.29,0.0
S005276,2026-01-04,Lake Worth,P0229,1,15.22,0.0
S006128,2026-02-16,Dania Beach,P0229,1,15.22,0.0
S001677,2025-09-06,Dania Beach,P0006,1,18.74,0.0
S004610,12/20/2025,Oakland Park,P0079,2,38.19,0.0
S007353,2026-04-06,Dania Beach,P0090,1,39.67,2.0
S006935,2026-03-24,Oakland Park,P0258,2,20.03,
S001278,2025-08-23,oakland park,P0023,1,36.9,0.0
S000423,2025-07-18,Lake Worth,P0269,1,19.37,2.0
S009579,2026-06-21,Oakland Park,P0250,1,26.07,0.0
S009831,2026-06-30,Oakland Park,P0028,1,22.61,0.0
S006108,2026-02-15,LAKE WORTH,P0022,1,7.3,0.0
S003430,2025-11-15,Dania Beach,P0028,1,22.61,0.0
S005717,2026-01-26,Dania Beach,P0028,1,22.61,2.0
S003072,2025-11-01,Lake Worth,P0157,2,8.43,0.0
S005818,2026-01-31,Oakland Park,P0028,1,22.61,0.0
S003803,2025-12-01,lake worth,P0233,1,22.74,0.0
S003676,11/26/2025,Oakland Park,P0082,1,11.34,5.0
S007763,2026-04-17,Oakland Park,P0191,1,35.79,0.0
S003647,2025-11-25,Oakland Park,P0074,1,23.62,0.0
S002101,9/24/2025,Lake Worth,P0079,1,$38.19,5.0
S003104,2025-11-02,Oakland Park,P0090,1,39.67,0.0
S004648,2025-12-20,Oakland Park,P0258,1,20.03,2.0
S009466,2026-06-16,oakland park,P0253,1,12.31,0.0
S004717,2025-12-21,Lake Worth,P0095,3,15.25,0.0
S001836,2025-09-13,Dania Beach,P0190,1,31.63,0.0
S002140,2025-09-26,Lake Worth,P0169,1,28.05,0.0
S004677,2025-12-21,Dania Beach,P0007,1,18.87,0.0
S000539,2025-07-23,Oakland Park,P0040,1,30.27,0.0
S008076,2026-04-25,Dania Beach,P0253,1,12.31,0.0
S006364,2026-02-28,Oakland Park,P0095,3,15.25,0.0
S005819,1/31/2026,Oakland Park,P0095,1,15.25,0.0
S003947,12/5/2025,Oakland Park,P0224,1,28.47,0.0
S003986,12/6/2025,Oakland Park,P0073,2,20.85,0.0
S004059,2025-12-07,Oakland Park,P0047,1,11.39,0.0
S005259,2026-01-03,Lake Worth,P0258,1,20.03,0.0
S006803,2026-03-19,OAKLAND PARK,P0095,1,15.25,0.0
S002857,2025-10-24,Oakland Park,P0232,1,35.97,0.0
S001556,2025-09-01,Dania Beach,P0005,1,12.32,0.0
S004638,2025-12-20,Dania Beach,P0227,3,22.7,0.0
S004402,2025-12-14,Dania Beach,P0264,2,39.66,0.0
S008402,2026-05-05,Dania Beach,P0104,1,23.8,0.0
S000417,2025-07-17,Oakland Park,P0102,1,16.27,0.0
S003704,2025-11-27,Oakland Park,P0250,2,26.07,0.0
S006945,2026-03-25,Dania Beach,P0258,1,20.03,0.0
S002738,2025-10-18,Dania Beach,P0120,1,23.21,0.0
S000700,2025-07-30,Oakland Park,P0067,1,22.05,0.0
S001283,2025-08-23,Lake Worth,P0028,1,22.61,0.0
S000243,2025-07-09,Oakland Park,P0266,1,28.75,0.0
S001194,2025-08-19,Oakland Park,P0035,1,25.13,2.0
S002772,2025-10-19,lake worth,P0230,2,15.88,0.0
S004290,2025-12-13,Oakland Park,P0231,1,16.4,0.0
S002677,2025-10-17,Oakland Park,P0043,1,11.96,0.0
S003733,2025-11-29,Dania Beach,P0028,1,22.61,0.0
S003842,2025-12-02,Dania Beach,P0285,1,24.04,0.0
S000068,7/3/2025,Lake Worth,P0068,1,18.85,0.0
S008762,2026-05-19,Dania Beach,P0173,1,$28.8,0.0
S005664,2026-01-24,Dania Beach,P0149,1,20.51,0.0
S005975,2026-02-08,Dania Beach,P0069,1,21.4,2.0
S003286,2025-11-09,Dania Beach,P0258,2,20.03,0.0
S000054,2025-07-03,Oakland Park,P0076,1,28.11,0.0
S003541,2025-11-20,Dania Beach,P0185,1,20.14,0.0
S007081,2026-03-31,Oakland Park,P0099,1,32.17,0.0
S009276,2026-06-08,Oakland Park,P0258,1,20.03,2.0
S000621,2025-07-26,Oakland Park,P0040,2,30.27,0.0
S006674,2026-03-14,Oakland Park,P0239,1,7.76,0.0
S005427,2026-01-11,Dania Beach,P0119,1,10.1,0.0
S000824,2025-08-03,Oakland Park,P0112,1,9.26,5.0
S006791,3/19/2026,Oakland Park,P0120,1,23.21,0.0
S003454,2025-11-16,Dania Beach,P0205,1,$34.1,2.0
S004901,12/26/2025,Oakland Park,P0100,1,$34.67,0.0
S008031,2026-04-24,Dania Beach,P0258,1,20.03,0.0
S007236,2026-04-04,Oakland Park,P0241,1,10.09,
S007958,2026-04-22,Lake Worth,P0230,1,15.88,0.0
S008806,2026-05-21,Dania Beach,P0257,1,21.09,0.0
S007382,2026-04-07,Dania Beach,P0233,1,22.74,0.0
S007953,2026-04-22,Dania Beach,P0210,1,17.31,0.0
S006507,2026-03-07,Lake Worth,P0181,1,38.54,0.0
S004824,12/24/2025,Oakland Park,P0045,1,31.47,2.0
S005988,2026-02-08,Dania Beach,P0258,1,20.03,0.0
S003271,2025-11-09,Lake Worth,P0042,1,16.07,2.0
S004874,2025-12-25,dania beach,P0062,1,34.29,0.0
S005650,2026-01-23,Lake Worth,P0020,1,$24.25,0.0
S008153,2026-04-26,Lake Worth,P0099,1,32.17,0.0
S007350,2026-04-06,Oakland Park,P0116,1,38.74,0.0
S004629,12/20/2025,Oakland Park,P0258,1,20.03,2.0
S001250,2025-08-21,Dania Beach,P0232,1,35.97,0.0
S005929,2/6/2026,Dania Beach,P0004,2,33.33,0.0
S002126,2025-09-25,Lake Worth,P0258,1,20.03,0.0
S009389,6/13/2026,Dania Beach,P0250,2,26.07,0.0
S002775,2025-10-19,Dania Beach,P0112,1,9.26,2.0
S003954,2025-12-05,Dania Beach,P0207,1,8.62,0.0
S006464,2026-03-05,Dania Beach,P0071,1,14.0,0.0
S008649,2026-05-15,Dania Beach,P0028,1,22.61,0.0
S007147,2026-04-02,Dania Beach,P0157,1,8.43,0.0
S007806,2026-04-18,Dania Beach,P0161,1,43.05,2.0
S000321,7/13/2025,Dania Beach,P0102,1,16.27,0.0
S001400,2025-08-27,Lake Worth,P0250,3,26.07,0.0
S006926,2026-03-24,Oakland Park,P0137,1,34.89,0.0
S002082,2025-09-23,Dania Beach,P0188,2,14.19,0.0
S005866,2026-02-03,Oakland Park,P0100,1,34.67,
S002944,2025-10-27,Oakland Park,P0112,1,$9.26,0.0
S005057,12/28/2025,Dania Beach,P0253,1,12.31,0.0
S003441,2025-11-16,Dania Beach,P0285,1,24.04,0.0
S003266,2025-11-08,Oakland Park,P0229,1,15.22,0.0
S001734,2025-09-08,Oakland Park,P0167,1,11.11,0.0
S009359,6/12/2026,Oakland Park,P0076,2,28.11,0.0
S004340,2025-12-13,OAKLAND PARK,P0120,1,23.21,0.0
S002662,2025-10-16,Lake Worth,P0091,1,10.86,0.0
S000605,2025-07-26,Lake Worth,P0160,1,15.14,0.0
S001195,2025-08-19,Dania Beach,P0133,1,31.55,0.0
S004706,2025-12-21,Dania Beach,P0174,1,17.55,0.0
S000353,2025-07-14,Dania Beach,P0106,1,14.38,0.0
S002255,2025-09-30,Oakland Park,P0081,1,12.2,0.0
S004856,2025-12-25,Lake Worth,P0102,1,16.27,5.0
S002406,2025-10-05,Oakland Park,P0181,2,38.54,0.0
S009564,2026-06-20,Dania Beach,P0173,1,28.8,0.0
S007501,2026-04-11,Lake Worth,P0258,1,20.03,
S003492,2025-11-18,Oakland Park,P0233,1,$22.74,
S001319,2025-08-24,Lake Worth,P0035,1,25.13,0.0
S003747,2025-11-29,Dania Beach,P0181,2,38.54,0.0
S005815,2026-01-31,oakland park,P0250,1,26.07,0.0
S002112,9/24/2025,Dania Beach,P0258,1,20.03,0.0
S005648,2026-01-23,Dania Beach,P0017,1,13.63,0.0
S008853,2026-05-23,Dania Beach,P0229,1,15.22,0.0
S001923,2025-09-17,Dania Beach,P0260,1,16.34,0.0
S006619,2026-03-11,Dania Beach,P0293,1,17.47,0.0
S003471,2025-11-17,Lake Worth,P0140,1,17.16,0.0
S006071,2026-02-14,oakland park,P0201,3,37.27,0.0
S005144,2025-12-30,Dania Beach,P0079,1,38.19,0.0
S008193,2026-04-27,Oakland Park,P0004,1,33.33,0.0
S003736,2025-11-29,Oakland Park,P0041,1,11.22,0.0
S009744,2026-06-27,Oakland Park,P0063,2,32.31,0.0
S001092,2025-08-15,Dania Beach,P0181,1,38.54,0.0
S000166,2025-07-06,Oakland Park,P0028,1,$22.61,5.0
S001475,2025-08-30,Dania Beach,P0123,1,$32.28,2.0
S008871,5/23/2026,Lake Worth,P0077,1,38.06,0.0
S006058,2026-02-13,Dania Beach,P0258,1,20.03,5.0
S007946,2026-04-22,Lake Worth,P0225,1,30.83,0.0
S005741,2026-01-28,Oakland Park,P0188,1,14.19,2.0
S002050,2025-09-22,Dania Beach,P0153,1,24.73,0.0
S000991,2025-08-10,Dania Beach,P0024,1,12.01,2.0
S000584,2025-07-25,DANIA BEACH,P0122,1,15.39,0.0
S008012,2026-04-23,Dania Beach,P0120,2,23.21,0.0
S004223,2025-12-11,Lake Worth,P0170,1,12.29,0.0
S006582,2026-03-09,Oakland Park,P0249,1,24.88,0.0
S002089,2025-09-23,Lake Worth,P0255,1,34.26,0.0
S002096,2025-09-24,Lake Worth,P0082,1,11.34,0.0
S002593,2025-10-13,Lake Worth,P0209,1,38.73,0.0
S002420,2025-10-05,Oakland Park,P0112,1,9.26,0.0
S002621,2025-10-14,Oakland Park,P0050,1,16.14,0.0
S001057,2025-08-13,Dania Beach,P0258,1,20.03,0.0
S004422,2025-12-15,LAKE WORTH,P0116,1,38.74,0.0
S005855,2026-02-02,Dania Beach,P0120,1,23.21,0.0
S008322,2026-05-02,Lake Worth,P0023,1,36.9,0.0
S000003,2025-07-01,Dania Beach,P0034,1,17.39,0.0
S005487,2026-01-15,Oakland Park,P0258,1,20.03,2.0
S008546,2026-05-10,Lake Worth,P0181,1,38.54,0.0
S005163,12/30/2025,Oakland Park,P0147,1,40.67,0.0
S004597,2025-12-19,lake worth,P0100,1,34.67,0.0
S008521,2026-05-10,Oakland Park,P0060,1,16.29,0.0
S009738,2026-06-27,Dania Beach,P0057,1,31.85,0.0
S001330,2025-08-24,Lake Worth,P0141,1,18.03,0.0
S009207,2026-06-06,Lake Worth,P0050,1,16.14,0.0
S006493,3/6/2026,Lake Worth,P0065,1,22.31,0.0
S001961,2025-09-18,oakland park,P0067,1,22.05,0.0
S003621,11/23/2025,Dania Beach,P0058,1,6.59,0.0
S002409,2025-10-05,Lake Worth,P0252,1,18.54,0.0
S007077,3/30/2026,Lake Worth,P0229,1,15.22,5.0
S008775,5/20/2026,Oakland Park,P0067,1,22.05,0.0
S003347,11/12/2025,Oakland Park,P0082,2,11.34,0.0
S001691,2025-09-07,Oakland Park,P0102,1,16.27,2.0
S005318,2026-01-06,Dania Beach,P0218,1,12.89,0.0
S009257,2026-06-07,Oakland Park,P0109,1,19.26,
S002324,2025-10-02,Oakland Park,P0215,1,5.21,0.0
S000685,2025-07-29,Dania Beach,P0141,1,18.03,0.0
S001122,2025-08-16,Lake Worth,P0283,1,41.77,0.0
S007069,2026-03-30,Oakland Park,P0285,1,24.04,0.0
S005945,2026-02-07,DANIA BEACH,P0258,1,20.03,0.0
S003171,2025-11-04,Oakland Park,P0165,1,17.48,
S007283,2026-04-05,Dania Beach,P0258,1,20.03,0.0
S003660,2025-11-25,Dania Beach,P0120,1,23.21,
S002931,2025-10-26,Dania Beach,P0121,1,26.48,0.0
S005283,2026-01-04,Dania Beach,P0231,1,16.4,0.0
S004870,2025-12-25,Dania Beach,P0258,1,20.03,0.0
S004882,2025-12-25,Dania Beach,P0092,1,34.43,0.0
S004987,2025-12-27,Dania Beach,P0050,1,16.14,0.0
S006478,2026-03-05,Lake Worth,P0054,1,38.06,2.0
S003739,2025-11-29,Lake Worth,P0298,1,10.79,0.0
S008607,2026-05-13,Oakland Park,P0258,1,20.03,0.0
S001455,8/29/2025,Oakland Park,P0200,1,20.12,5.0
S006767,2026-03-17,Lake Worth,P0229,1,15.22,0.0
S003786,2025-11-30,Dania Beach,P0141,1,18.03,0.0
S005953,2026-02-07,Dania Beach,P0181,1,38.54,0.0
S005925,2026-02-06,Oakland Park,P0123,1,$32.28,0.0
S001443,2025-08-28,Oakland Park,P0194,1,$31.47,
S009477,2026-06-16,Oakland Park,P0161,1,43.05,0.0
S002833,2025-10-22,Lake Worth,P0054,1,38.06,0.0
S008234,2026-04-29,Dania Beach,P0266,1,28.75,0.0
S004989,12/27/2025,dania beach,P0236,1,32.91,0.0
S004042,12/7/2025,Oakland Park,P0250,1,26.07,
S007392,2026-04-08,Lake Worth,P0225,1,30.83,0.0
S004405,12/15/2025,Dania Beach,P0223,1,16.45,0.0
S000609,2025-07-26,Dania Beach,P0258,1,20.03,0.0
S000717,2025-07-30,Oakland Park,P0158,1,15.94,0.0
S005402,1/10/2026,Oakland Park,P0222,1,25.03,0.0
S003463,2025-11-16,Lake Worth,P0028,1,22.61,5.0
S006656,2026-03-13,Lake Worth,P0091,1,10.86,0.0
S009672,6/24/2026,Lake Worth,P0102,1,16.27,0.0
S003311,2025-11-10,Dania Beach,P0028,1,22.61,0.0
S000393,7/16/2025,Dania Beach,P0201,1,37.27,0.0
S004149,2025-12-09,Lake Worth,P0250,1,$26.07,0.0
S008200,2026-04-27,Oakland Park,P0250,1,26.07,0.0
S009296,2026-06-09,dania beach,P0112,1,9.26,5.0
S008946,2026-05-26,Oakland Park,P0258,1,20.03,
S004889,2025-12-25,Dania Beach,P0181,2,38.54,2.0
S000755,2025-07-31,Oakland Park,P0042,1,16.07,0.0
S006086,2026-02-14,Dania Beach,P0259,1,34.69,
S009635,2026-06-22,Lake Worth,P0161,1,43.05,0.0
S001989,2025-09-20,Oakland Park,P0037,2,16.2,0.0
S009797,2026-06-29,Dania Beach,P0028,1,22.61,0.0
S007573,2026-04-12,Dania Beach,P0042,2,16.07,0.0
S001903,2025-09-16,Lake Worth,P0205,1,34.1,2.0
S005752,2026-01-28,Lake Worth,P0113,1,15.71,0.0
S008885,2026-05-23,Oakland Park,P0209,1,38.73,0.0
S003635,2025-11-24,oakland park,P0205,1,34.1,0.0
S001345,2025-08-25,Lake Worth,P0259,1,34.69,0.0
S008041,4/24/2026,Oakland Park,P0060,2,16.29,0.0
S004965,2025-12-27,Dania Beach,P0008,1,23.36,
S000067,7/3/2025,Dania Beach,P0104,1,23.8,0.0
S008043,2026-04-24,Oakland Park,P0007,1,18.87,0.0
S007157,2026-04-02,Oakland Park,P0140,1,17.16,0.0
S007009,2026-03-28,DANIA BEACH,P0260,1,16.34,0.0
S000191,2025-07-07,Dania Beach,P0294,3,30.88,
S005985,2026-02-08,Oakland Park,P0004,1,33.33,
S009251,2026-06-07,Oakland Park,P0067,1,22.05,
S005005,2025-12-27,Oakland Park,P0190,1,31.63,2.0
S006399,2026-03-02,Oakland Park,P0077,1,38.06,0.0
S003409,2025-11-15,dania beach,P0024,1,12.01,0.0
S008656,2026-05-15,lake worth,P0010,2,26.25,0.0
S005800,2026-01-31,Dania Beach,P0189,1,8.68,0.0
S009286,2026-06-08,Oakland Park,P0161,1,43.05,0.0
S003930,2025-12-04,lake worth,P0161,1,43.05,0.0
S000985,2025-08-10,Dania Beach,P0028,1,22.61,0.0
S004040,2025-12-07,Dania Beach,P0045,3,31.47,0.0
S005558,2026-01-18,Dania Beach,P0061,1,13.54,0.0
S004157,2025-12-09,Oakland Park,P0205,1,34.1,0.0
S001327,2025-08-24,OAKLAND PARK,P0033,1,13.41,0.0
S007850,2026-04-19,Dania Beach,P0100,2,34.67,0.0
S003645,2025-11-25,Oakland Park,P0095,1,15.25,0.0
S000160,2025-07-06,Oakland Park,P0258,1,20.03,0.0
S006341,2/28/2026,Oakland Park,P0229,1,15.22,0.0
S005522,2026-01-17,Dania Beach,P0123,2,32.28,0.0
S009708,2026-06-25,Oakland Park,P0127,1,$26.3,0.0
S005030,2025-12-28,dania beach,P0268,1,28.7,0.0
S003960,2025-12-05,Lake Worth,P0258,1,20.03,0.0
S006209,2026-02-21,Lake Worth,P0156,1,33.24,0.0
S001606,2025-09-04,Dania Beach,P0124,1,14.5,0.0
S006608,2026-03-10,Lake Worth,P0157,1,8.43,0.0
S008116,2026-04-26,Oakland Park,P0203,1,28.04,0.0
S008687,2026-05-16,Oakland Park,P0258,1,20.03,0.0
S004585,2025-12-19,Dania Beach,P0288,1,39.45,0.0
S002195,2025-09-28,Dania Beach,P0228,2,12.36,0.0
S009550,6/20/2026,Dania Beach,P0250,2,26.07,0.0
S006649,2026-03-13,Oakland Park,P0280,1,15.83,0.0
S008018,2026-04-23,Dania Beach,P0141,3,18.03,0.0
S008091,2026-04-25,Oakland Park,P0012,1,14.93,0.0
S004098,2025-12-08,Oakland Park,P0229,1,15.22,0.0
S002933,2025-10-26,Oakland Park,P0252,1,18.54,0.0
S007435,2026-04-09,Dania Beach,P0141,1,18.03,0.0
S007648,4/14/2026,Oakland Park,P0181,1,38.54,0.0
S004286,2025-12-13,Oakland Park,P0244,1,7.54,0.0
S005562,2026-01-18,Dania Beach,P0207,1,8.62,0.0
S003599,2025-11-23,dania beach,P0175,1,10.78,0.0
S009103,2026-06-02,Dania Beach,P0258,1,20.03,2.0
S008876,2026-05-23,Dania Beach,P0168,1,$9.03,0.0
S001112,2025-08-16,Dania Beach,P0137,1,34.89,0.0
S004871,2025-12-25,Oakland Park,P0148,1,17.71,0.0
S002989,2025-10-29,DANIA BEACH,P0264,1,39.66,
S000316,2025-07-13,Dania Beach,P0028,1,22.61,0.0
S001878,2025-09-14,Oakland Park,P0181,1,$38.54,0.0
S007356,2026-04-07,Oakland Park,P0112,1,9.26,0.0
S001582,2025-09-03,Dania Beach,P0157,1,8.43,2.0
S005808,1/31/2026,Dania Beach,P0288,1,39.45,0.0
S002664,2025-10-16,Dania Beach,P0253,1,12.31,2.0
S008790,2026-05-20,Oakland Park,P0112,1,9.26,0.0
S002356,2025-10-04,Oakland Park,P0233,1,22.74,0.0
S000865,2025-08-05,Oakland Park,P0047,1,$11.39,0.0
S004649,2025-12-20,Lake Worth,P0181,3,38.54,0.0
S000522,2025-07-21,Oakland Park,P0093,2,10.98,0.0
S002323,2025-10-02,Oakland Park,P0196,1,23.33,0.0
S003667,2025-11-25,oakland park,P0192,1,9.96,0.0
S006234,2026-02-22,Lake Worth,P0004,1,33.33,0.0
S008621,2026-05-13,Lake Worth,P0163,1,12.13,2.0
S004612,2025-12-20,Oakland Park,P0177,1,14.51,0.0
S009107,2026-06-02,Lake Worth,P0028,1,22.61,0.0
S003428,2025-11-15,Lake Worth,P0229,1,15.22,0.0
S004336,12/13/2025,Dania Beach,P0232,1,35.97,0.0
S005778,2026-01-30,Dania Beach,P0178,1,35.29,0.0
S009451,2026-06-15,DANIA BEACH,P0277,1,12.14,0.0
S009033,2026-05-30,Lake Worth,P0258,2,$20.03,0.0
S005202,2025-12-31,Lake Worth,P0134,1,13.77,0.0
S006100,2026-02-15,Oakland Park,P0137,1,34.89,0.0
S004567,2025-12-18,Dania Beach,P0091,1,10.86,2.0
S002260,2025-09-30,Dania Beach,P0048,1,43.54,0.0
S001461,2025-08-29,dania beach,P0016,1,9.61,0.0
S009043,2026-05-30,Dania Beach,P0186,1,8.27,0.0
S006205,2026-02-21,Dania Beach,P0120,1,23.21,0.0
S009459,2026-06-16,Oakland Park,P0042,1,16.07,0.0
S001630,2025-09-05,Lake Worth,P0104,1,23.8,
S008934,2026-05-25,lake worth,P0127,1,26.3,0.0
S009356,2026-06-12,Dania Beach,P0004,1,33.33,0.0
S001731,2025-09-08,Dania Beach,P0006,2,18.74,5.0
S007962,2026-04-22,Dania Beach,P0088,2,14.79,0.0
S006334,2026-02-27,Dania Beach,P0229,1,$15.22,0.0
S004488,2025-12-16,oakland park,P0258,1,20.03,0.0
S001712,2025-09-07,Lake Worth,P0205,1,34.1,0.0
S007892,2026-04-20,Oakland Park,P0250,1,26.07,0.0
S001852,2025-09-14,Lake Worth,P0215,1,5.21,
S007104,2026-03-31,Oakland Park,P0258,1,20.03,0.0
S000871,8/5/2025,Dania Beach,P0227,1,22.7,0.0
S004694,2025-12-21,Lake Worth,P0040,1,30.27,0.0
S004801,2025-12-23,Dania Beach,P0058,3,$6.59,2.0
S009473,2026-06-16,Lake Worth,P0188,1,14.19,0.0
S002859,2025-10-24,Oakland Park,P0231,1,16.4,0.0
S000954,2025-08-09,Dania Beach,P0201,1,37.27,0.0
S003627,2025-11-24,Dania Beach,P0188,1,14.19,0.0
S004709,2025-12-21,Lake Worth,P0042,1,16.07,2.0
S004640,2025-12-20,Oakland Park,P0270,3,13.93,0.0
S000679,2025-07-28,Dania Beach,P0232,1,35.97,5.0
S001884,2025-09-15,Oakland Park,P0061,1,13.54,0.0
S001451,2025-08-29,Dania Beach,P0207,1,8.62,0.0
S004014,2025-12-06,Oakland Park,P0045,1,31.47,2.0
S002282,2025-10-01,Dania Beach,P0190,1,31.63,0.0
S002590,10/13/2025,DANIA BEACH,P0096,1,17.3,0.0
S003956,2025-12-05,Oakland Park,P0136,1,34.18,0.0
S001452,2025-08-29,Dania Beach,P0098,1,12.85,0.0
S006300,2026-02-26,Oakland Park,P0058,1,6.59,0.0
S008247,2026-04-29,Oakland Park,P0041,1,11.22,5.0
S000490,2025-07-20,Oakland Park,P0027,1,16.28,2.0
S003369,2025-11-13,Dania Beach,P0258,1,20.03,5.0
S002308,2025-10-02,Lake Worth,P0258,1,20.03,0.0
S005615,2026-01-21,Lake Worth,P0072,1,23.85,0.0
S007645,4/14/2026,Dania Beach,P0079,1,38.19,0.0
S009106,2026-06-02,LAKE WORTH,P0248,1,14.4,0.0
S004435,2025-12-15,Lake Worth,P0069,1,21.4,0.0
S004474,2025-12-16,Lake Worth,P0004,1,33.33,0.0
S002603,2025-10-13,Lake Worth,P0145,1,18.52,0.0
S004347,2025-12-14,Dania Beach,P0123,1,32.28,0.0
S002070,2025-09-23,Oakland Park,P0196,1,23.33,
S006427,2026-03-03,Oakland Park,P0028,1,22.61,0.0
S004964,2025-12-27,Lake Worth,P0229,1,15.22,0.0
S001514,8/31/2025,Dania Beach,P0041,1,11.22,0.0
S001235,2025-08-20,Dania Beach,P0168,1,9.03,0.0
S005833,2026-02-01,Dania Beach,P0033,1,13.41,0.0
S002467,2025-10-07,Dania Beach,P0157,1,8.43,0.0
S005857,2026-02-02,Dania Beach,P0028,1,22.61,2.0
S002871,2025-10-24,Oakland Park,P0224,1,28.47,0.0
S003419,2025-11-15,Dania Beach,P0121,1,26.48,0.0
S003403,2025-11-14,Oakland Park,P0100,1,34.67,0.0
S008361,2026-05-04,Dania Beach,P0041,1,11.22,0.0
S003037,2025-10-31,Dania Beach,P0286,1,17.06,0.0
S008693,2026-05-16,Oakland Park,P0235,1,21.78,0.0
S007376,2026-04-07,Dania Beach,P0059,1,27.7,
S005834,2026-02-01,Dania Beach,P0028,1,22.61,0.0
S002580,2025-10-12,Dania Beach,P0188,1,14.19,5.0
S006993,2026-03-27,Dania Beach,P0028,1,22.61,0.0
S007181,2026-04-03,Oakland Park,P0204,1,$30.89,0.0
S007655,2026-04-14,Dania Beach,P0210,1,$17.31,0.0
S001467,2025-08-30,Lake Worth,P0055,1,18.49,0.0
S001960,2025-09-18,Oakland Park,P0271,1,13.23,0.0
S001229,2025-08-20,Oakland Park,P0281,1,17.35,2.0
S000925,2025-08-08,Oakland Park,P0204,1,30.89,0.0
S005295,2026-01-04,Dania Beach,P0229,1,15.22,0.0
S008427,2026-05-06,Lake Worth,P0209,1,38.73,2.0
S009502,6/17/2026,Oakland Park,P0068,2,18.85,
S002873,2025-10-24,Lake Worth,P0242,1,16.38,0.0
S009791,2026-06-28,Oakland Park,P0007,1,18.87,2.0
S000941,2025-08-09,Lake Worth,P0120,1,23.21,0.0
S002923,2025-10-26,Oakland Park,P0258,1,20.03,0.0
S003587,2025-11-22,Dania Beach,P0028,1,22.61,0.0
S004066,2025-12-07,Dania Beach,P0088,1,14.79,0.0
S008821,2026-05-21,Oakland Park,P0028,2,22.61,0.0
S002280,2025-10-01,Dania Beach,P0123,1,32.28,0.0
S008044,2026-04-24,lake worth,P0040,1,30.27,0.0
S001850,2025-09-14,Oakland Park,P0115,1,35.88,0.0
S008199,2026-04-27,Oakland Park,P0028,1,22.61,0.0
S001302,2025-08-23,Dania Beach,P0007,1,18.87,0.0
S003245,2025-11-08,Dania Beach,P0242,1,16.38,0.0
S008130,2026-04-26,lake worth,P0236,1,32.91,2.0
S005942,2026-02-07,Lake Worth,P0006,1,18.74,2.0
S001703,2025-09-07,Dania Beach,P0021,1,20.19,0.0
S009535,2026-06-19,Lake Worth,P0279,1,5.18,2.0
S008665,5/15/2026,Dania Beach,P0047,1,11.39,0.0
S006932,2026-03-24,Dania Beach,P0100,1,34.67,0.0
S007965,2026-04-22,Oakland Park,P0229,1,$15.22,0.0
S007476,2026-04-10,Oakland Park,P0253,1,12.31,0.0
S005231,2026-01-02,Lake Worth,P0237,1,18.61,0.0
S003876,2025-12-03,Oakland Park,P0028,1,22.61,0.0
S002128,2025-09-25,Dania Beach,P0298,1,10.79,0.0
S005592,2026-01-20,Oakland Park,P0141,1,18.03,2.0
S003527,2025-11-20,Dania Beach,P0045,1,31.47,0.0
S005990,2026-02-08,Dania Beach,P0258,1,20.03,5.0
S001851,2025-09-14,Oakland Park,P0061,1,13.54,0.0
S007746,2026-04-16,Oakland Park,P0093,1,10.98,0.0
S009799,2026-06-29,Oakland Park,P0172,1,16.93,0.0
S006363,2026-02-28,Oakland Park,P0250,1,26.07,2.0
S006215,2026-02-21,Dania Beach,P0028,1,22.61,0.0
S001318,2025-08-24,Oakland Park,P0196,1,23.33,0.0
S007672,2026-04-14,Oakland Park,P0250,1,26.07,0.0
S004160,12/10/2025,Lake Worth,P0175,1,10.78,0.0
S003053,2025-10-31,Dania Beach,P0065,1,22.31,0.0
S001613,2025-09-04,Oakland Park,P0112,3,9.26,5.0
S008772,5/19/2026,Dania Beach,P0220,1,18.24,0.0
S000616,2025-07-26,Lake Worth,P0188,2,14.19,0.0
S004048,2025-12-07,Lake Worth,P0271,1,13.23,5.0
S005353,1/8/2026,Dania Beach,P0196,1,$23.33,
S008894,2026-05-24,Dania Beach,P0269,1,19.37,0.0
S007856,2026-04-19,Dania Beach,P0229,1,15.22,0.0
S009367,6/12/2026,Lake Worth,P0300,1,15.39,0.0
S002789,2025-10-20,Lake Worth,P0099,2,32.17,2.0
S007414,4/8/2026,Oakland Park,P0156,1,33.24,0.0
S006049,2026-02-12,Dania Beach,P0189,1,8.68,0.0
S004469,2025-12-16,Oakland Park,P0257,1,21.09,0.0
S003163,2025-11-04,Dania Beach,P0258,1,20.03,0.0
S004909,2025-12-26,dania beach,P0067,1,22.05,2.0
S006472,2026-03-05,Oakland Park,P0120,1,23.21,0.0
S000543,2025-07-23,Oakland Park,P0094,1,15.94,0.0
S000237,2025-07-09,Oakland Park,P0165,1,17.48,0.0
S007903,2026-04-20,Dania Beach,P0229,1,15.22,0.0
S006724,2026-03-16,Lake Worth,P0174,1,17.55,0.0
S005585,2026-01-19,Dania Beach,P0023,3,36.9,0.0
S008571,2026-05-11,Dania Beach,P0018,1,11.18,
S003207,2025-11-06,Dania Beach,P0028,2,22.61,0.0
S001971,2025-09-19,Oakland Park,P0108,1,11.87,0.0
S000078,2025-07-04,Dania Beach,P0134,1,13.77,0.0
S001547,9/1/2025,Oakland Park,P0178,1,35.29,0.0
S006321,2026-02-27,Lake Worth,P0206,1,25.28,5.0
S000110,2025-07-05,Dania Beach,P0229,1,15.22,0.0
S005739,1/28/2026,Lake Worth,P0045,1,31.47,0.0
S008291,5/1/2026,Oakland Park,P0241,1,10.09,0.0
S001334,2025-08-24,Dania Beach,P0258,1,20.03,5.0
S006954,2026-03-25,Dania Beach,P0026,1,24.77,0.0
S006160,2026-02-18,Lake Worth,P0063,1,$32.31,0.0
S009790,2026-06-28,Lake Worth,P0123,1,32.28,0.0
S006126,2026-02-16,Oakland Park,P0278,1,27.49,2.0
S006646,3/12/2026,dania beach,P0028,1,22.61,0.0
S001245,8/21/2025,Oakland Park,P0234,1,39.24,0.0
S008829,2026-05-22,Dania Beach,P0008,1,23.36,5.0
S009698,2026-06-25,Dania Beach,P0022,1,7.3,0.0
S005899,2026-02-04,Dania Beach,P0217,1,17.82,0.0
S009391,2026-06-13,Dania Beach,P0016,1,9.61,
S004728,2025-12-22,Oakland Park,P0298,1,10.79,0.0
S003333,2025-11-11,Oakland Park,P0100,1,34.67,0.0
S006003,2026-02-09,Lake Worth,P0258,1,$20.03,0.0
S005725,2026-01-27,dania beach,P0234,1,$39.24,0.0
S001243,2025-08-21,Dania Beach,P0229,1,15.22,0.0
S008815,5/21/2026,Dania Beach,P0270,1,13.93,0.0
S002048,2025-09-22,oakland park,P0138,1,18.5,0.0
S001080,2025-08-14,Oakland Park,P0067,1,22.05,0.0
S001794,2025-09-11,Oakland Park,P0169,1,28.05,
S002540,2025-10-11,Oakland Park,P0270,1,13.93,0.0
S007285,2026-04-05,Lake Worth,P0120,1,23.21,0.0
S002392,2025-10-05,Oakland Park,P0094,2,15.94,0.0
S009701,2026-06-25,Oakland Park,P0079,2,38.19,0.0
S006534,2026-03-07,Oakland Park,P0099,1,$32.17,0.0
S005365,1/8/2026,Lake Worth,P0165,1,17.48,0.0
S008262,2026-04-30,Lake Worth,P0021,1,20.19,5.0
S001313,2025-08-24,Lake Worth,P0184,2,16.92,0.0
S007943,2026-04-21,Dania Beach,P0236,1,32.91,2.0
S006449,2026-03-04,Dania Beach,P0223,1,16.45,
S009819,2026-06-30,Oakland Park,P0069,1,21.4,0.0
S008852,2026-05-23,Oakland Park,P0189,3,8.68,0.0
S007165,4/2/2026,Dania Beach,P0120,1,23.21,2.0
S006166,2026-02-19,dania beach,P0250,1,26.07,0.0
S007707,2026-04-15,Dania Beach,P0189,1,8.68,
S003958,2025-12-05,Oakland Park,P0173,1,28.8,0.0
S005684,2026-01-24,Dania Beach,P0145,1,18.52,0.0
S003963,2025-12-05,Dania Beach,P0247,2,11.6,0.0
S008453,2026-05-07,Lake Worth,P0182,2,25.07,0.0
S000737,7/31/2025,Oakland Park,P0183,1,39.68,0.0
S001186,2025-08-18,Oakland Park,P0229,1,15.22,0.0
S003061,10/31/2025,Lake Worth,P0298,3,10.79,0.0
S000196,2025-07-07,Dania Beach,P0051,1,31.0,0.0
S007587,2026-04-12,Dania Beach,P0123,1,32.28,5.0
S002630,2025-10-14,Oakland Park,P0140,1,17.16,0.0
S003824,2025-12-01,Oakland Park,P0148,3,17.71,0.0
S005633,1/22/2026,Dania Beach,P0004,1,33.33,0.0
S001957,2025-09-18,Oakland Park,P0143,1,33.65,
S003524,2025-11-20,Lake Worth,P0033,1,13.41,0.0
S004314,2025-12-13,Dania Beach,P0258,1,20.03,0.0
S008933,2026-05-25,Oakland Park,P0098,2,12.85,0.0
S007825,2026-04-18,Lake Worth,P0140,1,17.16,2.0
S004625,2025-12-20,Dania Beach,P0286,1,$17.06,0.0
S008147,2026-04-26,Lake Worth,P0145,2,18.52,0.0
S009234,2026-06-07,Lake Worth,P0064,1,22.4,2.0
S008216,2026-04-28,Oakland Park,P0105,1,41.09,0.0
S002932,2025-10-26,Dania Beach,P0100,1,34.67,0.0
S004145,2025-12-09,Dania Beach,P0098,1,12.85,0.0
S007619,2026-04-13,Oakland Park,P0091,1,10.86,0.0
S001364,2025-08-26,Lake Worth,P0050,1,16.14,0.0
S008456,5/7/2026,OAKLAND PARK,P0226,1,19.09,0.0
S008243,2026-04-29,Dania Beach,P0028,1,22.61,0.0
S000257,2025-07-10,Oakland Park,P0091,1,10.86,0.0
S001639,2025-09-06,Dania Beach,P0016,1,9.61,0.0
S002352,2025-10-04,Dania Beach,P0105,3,41.09,0.0
S004768,2025-12-23,Dania Beach,P0008,1,23.36,0.0
S008553,2026-05-11,Oakland Park,P0126,1,18.39,5.0
S006660,2026-03-13,Lake Worth,P0060,1,16.29,0.0
S000863,2025-08-05,Oakland Park,P0258,1,20.03,0.0
S001374,2025-08-26,Dania Beach,P0288,1,39.45,0.0
S002812,2025-10-21,Lake Worth,P0007,1,$18.87,0.0
S008444,2026-05-07,Dania Beach,P0258,1,20.03,0.0
S003629,2025-11-24,Dania Beach,P0253,1,12.31,0.0
S005078,2025-12-29,Dania Beach,P0121,1,26.48,0.0
S004477,2025-12-16,Oakland Park,P0099,1,32.17,0.0
S008647,2026-05-15,Dania Beach,P0266,2,28.75,0.0
S000514,7/21/2025,Dania Beach,P0131,1,10.61,0.0
S001423,8/28/2025,Oakland Park,P0250,1,26.07,0.0
S001982,2025-09-20,Oakland Park,P0137,1,34.89,0.0
S009285,2026-06-08,Dania Beach,P0120,1,23.21,0.0
S005844,2026-02-02,Oakland Park,P0229,1,$15.22,2.0
S003885,2025-12-03,Oakland Park,P0157,1,8.43,0.0
S008839,2026-05-22,Oakland Park,P0220,1,18.24,2.0
S006238,2026-02-22,Dania Beach,P0247,1,11.6,0.0
S002581,2025-10-12,Lake Worth,P0100,1,34.67,0.0
S009560,2026-06-20,Oakland Park,P0137,1,34.89,0.0
S008442,2026-05-07,Dania Beach,P0202,1,27.95,0.0
S003058,10/31/2025,Dania Beach,P0188,1,14.19,0.0
S001190,2025-08-18,Oakland Park,P0134,1,13.77,0.0
S003602,2025-11-23,Oakland Park,P0273,1,11.49,0.0
S004362,2025-12-14,Dania Beach,P0138,1,18.5,0.0
S003160,2025-11-04,DANIA BEACH,P0028,1,22.61,0.0
S002920,2025-10-26,Dania Beach,P0269,1,19.37,0.0
S002674,10/17/2025,Dania Beach,P0036,1,4.54,0.0
S009512,2026-06-18,Dania Beach,P0249,1,24.88,0.0
S004927,2025-12-26,Oakland Park,P0134,1,13.77,0.0
S004899,12/26/2025,Dania Beach,P0028,1,22.61,
S001356,2025-08-25,Dania Beach,P0054,1,38.06,0.0
S009381,2026-06-13,lake worth,P0060,1,$16.29,0.0
S005655,1/23/2026,Lake Worth,P0121,1,26.48,0.0
S009270,2026-06-07,Dania Beach,P0032,1,10.89,0.0
S001344,2025-08-25,Dania Beach,P0138,1,18.5,
S001303,2025-08-23,DANIA BEACH,P0258,1,20.03,0.0
S005467,2026-01-14,Lake Worth,P0013,1,19.04,0.0
S001865,2025-09-14,Oakland Park,P0116,1,38.74,0.0
S006080,2026-02-14,Oakland Park,P0082,1,11.34,2.0
S003648,2025-11-25,Dania Beach,P0258,1,20.03,0.0
S007785,2026-04-18,Oakland Park,P0160,2,15.14,0.0
S006887,2026-03-22,Oakland Park,P0258,1,20.03,0.0
S005927,2026-02-06,Dania Beach,P0250,1,26.07,0.0
S003493,2025-11-18,Oakland Park,P0290,1,44.36,5.0
S006764,2026-03-17,Dania Beach,P0260,1,16.34,0.0
S002642,2025-10-15,Dania Beach,P0030,1,9.83,2.0
S002222,2025-09-28,Lake Worth,P0106,1,14.38,0.0
S003484,2025-11-18,dania beach,P0141,1,18.03,0.0
S006425,2026-03-03,Dania Beach,P0076,1,28.11,0.0
S008006,2026-04-23,Dania Beach,P0290,1,44.36,0.0
S009523,2026-06-18,Dania Beach,P0099,3,32.17,0.0
S003310,2025-11-10,Lake Worth,P0042,1,16.07,0.0
S005272,2026-01-04,Dania Beach,P0258,1,20.03,0.0
S000159,2025-07-06,Oakland Park,P0099,1,32.17,5.0
S001269,2025-08-22,Dania Beach,P0258,1,20.03,0.0
S004193,2025-12-10,Lake Worth,P0112,1,9.26,2.0
S004094,2025-12-08,Lake Worth,P0258,1,20.03,2.0
S002058,2025-09-22,Oakland Park,P0103,1,23.52,0.0
S006001,2/9/2026,Oakland Park,P0250,1,26.07,0.0
S005773,2026-01-30,Lake Worth,P0053,1,11.0,2.0
S009412,2026-06-14,Oakland Park,P0059,1,27.7,0.0
S006219,2026-02-21,Lake Worth,P0225,2,30.83,0.0
S000247,2025-07-10,Lake Worth,P0165,1,17.48,0.0
S001236,2025-08-21,Oakland Park,P0120,1,23.21,0.0
S001251,2025-08-21,Dania Beach,P0099,1,32.17,0.0
S002513,2025-10-10,Lake Worth,P0299,1,6.83,0.0
S002027,2025-09-21,Oakland Park,P0195,1,23.58,2.0
S002092,9/24/2025,Dania Beach,P0258,1,20.03,0.0
S000671,2025-07-28,Lake Worth,P0188,1,14.19,0.0
S006762,2026-03-17,Lake Worth,P0258,1,20.03,0.0
S005782,2026-01-30,Dania Beach,P0015,1,10.97,0.0
S009673,2026-06-24,Oakland Park,P0097,2,11.18,0.0
S002296,2025-10-02,Oakland Park,P0041,1,$11.22,0.0
S002464,10/7/2025,Oakland Park,P0259,2,34.69,2.0
S004285,2025-12-13,Oakland Park,P0180,1,14.34,0.0
S002045,2025-09-22,Lake Worth,P0229,2,15.22,0.0
S001548,2025-09-01,Lake Worth,P0271,1,13.23,0.0
S002489,2025-10-08,oakland park,P0211,1,28.43,0.0
S000799,2025-08-02,Lake Worth,P0183,1,39.68,0.0
S005787,2026-01-31,Dania Beach,P0091,1,10.86,0.0
S006571,2026-03-09,Oakland Park,P0244,1,7.54,2.0
S005017,2025-12-28,Dania Beach,P0258,1,20.03,0.0
S006176,2026-02-19,Dania Beach,P0069,2,$21.4,0.0
S008959,2026-05-27,Dania Beach,P0059,1,27.7,5.0
S005541,2026-01-18,Oakland Park,P0140,1,17.16,0.0
S003929,2025-12-04,Dania Beach,P0190,1,31.63,0.0
S003344,2025-11-12,Dania Beach,P0264,1,39.66,0.0
S002085,9/23/2025,Dania Beach,P0244,1,7.54,5.0
S007809,4/18/2026,Dania Beach,P0129,1,7.89,0.0
S006083,2026-02-14,Oakland Park,P0277,1,12.14,
S000891,2025-08-06,Oakland Park,P0204,2,30.89,0.0
S004344,2025-12-14,Oakland Park,P0229,1,15.22,
S004328,2025-12-13,Dania Beach,P0258,1,20.03,0.0
S003113,11/2/2025,Dania Beach,P0253,1,12.31,0.0
S009562,2026-06-20,Dania Beach,P0258,1,20.03,0.0
S002095,2025-09-24,Oakland Park,P0173,3,28.8,0.0
S001099,8/15/2025,Oakland Park,P0286,1,17.06,
S000556,2025-07-24,Lake Worth,P0298,1,10.79,0.0
S005274,2026-01-04,oakland park,P0099,1,32.17,0.0
S003189,2025-11-05,Oakland Park,P0267,1,35.08,0.0
S001935,2025-09-17,Lake Worth,P0144,1,39.21,0.0
S004634,2025-12-20,Dania Beach,P0138,1,18.5,2.0
S006951,3/25/2026,oakland park,P0151,1,22.36,2.0
S002535,2025-10-11,Dania Beach,P0113,1,15.71,0.0
S009252,2026-06-07,LAKE WORTH,P0025,1,37.2,0.0
S009169,2026-06-04,Dania Beach,P0051,1,31.0,0.0
S006366,2026-02-28,Oakland Park,P0146,1,36.76,
S007159,2026-04-02,Dania Beach,P0033,1,13.41,0.0
S004881,2025-12-25,Oakland Park,P0042,1,16.07,0.0
S009402,2026-06-13,Dania Beach,P0028,1,$22.61,0.0
S008555,2026-05-11,Dania Beach,P0085,1,28.45,2.0
S004783,2025-12-23,Lake Worth,P0138,1,18.5,0.0
S002160,2025-09-27,Oakland Park,P0112,2,9.26,2.0
S003731,2025-11-28,Lake Worth,P0106,1,14.38,2.0
S009061,2026-05-31,Dania Beach,P0293,1,17.47,0.0
S003798,2025-12-01,Oakland Park,P0129,1,7.89,0.0
S005823,2026-02-01,Oakland Park,P0057,1,$31.85,0.0
S008981,2026-05-28,Lake Worth,P0063,1,32.31,0.0
S001987,2025-09-20,Dania Beach,P0193,1,15.19,0.0
S004683,12/21/2025,Lake Worth,P0070,1,22.38,0.0
S000702,2025-07-30,Dania Beach,P0090,1,39.67,0.0
S005549,2026-01-18,Oakland Park,P0293,1,17.47,0.0
S001353,2025-08-25,Oakland Park,P0300,3,15.39,0.0
S005836,2/1/2026,Oakland Park,P0130,1,19.21,0.0
S003540,2025-11-20,dania beach,P0161,1,43.05,0.0
S009808,2026-06-29,Dania Beach,P0196,1,23.33,0.0
S006839,2026-03-20,Dania Beach,P0148,1,17.71,0.0
S004288,12/13/2025,Dania Beach,P0028,3,22.61,0.0
S004112,2025-12-08,Dania Beach,P0069,1,21.4,0.0
S004110,2025-12-08,Oakland Park,P0158,1,15.94,0.0
S008577,2026-05-12,Oakland Park,P0286,1,17.06,0.0
S002378,2025-10-04,Dania Beach,P0104,1,23.8,0.0
S003804,2025-12-01,Dania Beach,P0286,1,17.06,0.0
S003939,2025-12-04,Oakland Park,P0037,2,16.2,2.0
S001006,2025-08-11,DANIA BEACH,P0125,1,30.0,0.0
S006962,2026-03-26,Lake Worth,P0202,1,27.95,2.0
S000998,2025-08-10,Dania Beach,P0147,1,40.67,0.0
S003217,2025-11-06,Dania Beach,P0233,1,22.74,0.0
S005484,2026-01-14,dania beach,P0035,1,$25.13,0.0
S007737,2026-04-16,Oakland Park,P0258,1,20.03,2.0
S006834,3/20/2026,Oakland Park,P0262,1,32.15,2.0
S005870,2026-02-03,Oakland Park,P0258,1,20.03,0.0
S000345,2025-07-14,Lake Worth,P0125,1,30.0,0.0
S000402,2025-07-17,Oakland Park,P0237,2,18.61,0.0
S008720,2026-05-17,Dania Beach,P0269,1,19.37,0.0
S009678,2026-06-24,Dania Beach,P0250,1,26.07,
S001714,2025-09-07,Oakland Park,P0178,1,35.29,0.0
S004819,2025-12-24,Dania Beach,P0123,1,32.28,0.0
S002750,10/19/2025,Oakland Park,P0244,1,7.54,0.0
S002295,2025-10-01,Dania Beach,P0283,1,$41.77,5.0
S001949,2025-09-18,Dania Beach,P0225,1,30.83,0.0
S005380,2026-01-09,Lake Worth,P0187,2,8.33,0.0
S000388,2025-07-16,Lake Worth,P0068,1,18.85,0.0
S004195,2025-12-10,Oakland Park,P0229,1,15.22,0.0
S002146,2025-09-26,Oakland Park,P0060,3,16.29,2.0
S004406,2025-12-15,Dania Beach,P0252,1,18.54,0.0
S005713,2026-01-26,Oakland Park,P0229,1,15.22,0.0
S002763,2025-10-19,Dania Beach,P0028,1,22.61,0.0
S001921,2025-09-17,LAKE WORTH,P0114,1,22.91,0.0
S007762,2026-04-17,Lake Worth,P0299,1,6.83,0.0
S000232,2025-07-09,Lake Worth,P0122,1,15.39,0.0
S002526,2025-10-11,Oakland Park,P0028,1,22.61,2.0
S003528,2025-11-20,Dania Beach,P0161,1,43.05,0.0
S002275,2025-10-01,Oakland Park,P0255,1,34.26,0.0
S009357,2026-06-12,Lake Worth,P0081,1,12.2,0.0
S001849,2025-09-14,Lake Worth,P0237,1,18.61,0.0
S001207,2025-08-19,Oakland Park,P0266,1,28.75,0.0
S006980,3/26/2026,Oakland Park,P0080,1,3.25,2.0
S004130,2025-12-09,Oakland Park,P0250,1,26.07,0.0
S002075,2025-09-23,Dania Beach,P0079,1,38.19,0.0
S004669,2025-12-21,Lake Worth,P0123,1,32.28,2.0
S006519,2026-03-07,oakland park,P0298,1,10.79,0.0
S001909,2025-09-16,Lake Worth,P0165,3,17.48,2.0
S001398,2025-08-27,Dania Beach,P0244,1,7.54,0.0
S002503,2025-10-09,Oakland Park,P0113,1,15.71,0.0
S009269,2026-06-07,OAKLAND PARK,P0122,3,15.39,0.0
S007975,2026-04-22,Dania Beach,P0279,1,5.18,0.0
S003348,2025-11-12,Oakland Park,P0095,2,15.25,0.0
S006558,2026-03-08,Oakland Park,P0042,1,16.07,0.0
S008890,5/24/2026,Dania Beach,P0116,1,38.74,0.0
S003919,2025-12-04,Dania Beach,P0298,1,10.79,0.0
S001205,2025-08-19,Lake Worth,P0247,1,11.6,2.0
S007941,2026-04-21,Dania Beach,P0012,1,14.93,0.0
S002793,2025-10-21,Oakland Park,P0035,1,25.13,0.0
S002520,2025-10-10,Oakland Park,P0045,1,31.47,0.0
S007124,4/1/2026,Lake Worth,P0253,2,12.31,0.0
S008920,2026-05-25,Oakland Park,P0229,1,15.22,0.0
S006497,2026-03-06,Lake Worth,P0225,1,30.83,0.0
S008575,2026-05-12,Dania Beach,P0284,1,19.93,5.0
S000448,2025-07-19,Oakland Park,P0250,1,26.07,0.0
S000418,2025-07-17,Oakland Park,P0095,1,$15.25,0.0
S008356,5/3/2026,Oakland Park,P0031,1,23.06,0.0
S007952,2026-04-22,Oakland Park,P0256,2,20.62,5.0
S009024,2026-05-30,Dania Beach,P0291,2,10.13,0.0
S002000,2025-09-20,Oakland Park,P0259,2,34.69,0.0
S000923,2025-08-08,Dania Beach,P0257,1,21.09,0.0
S007585,2026-04-12,Oakland Park,P0181,1,38.54,0.0
S006797,2026-03-19,Dania Beach,P0215,1,5.21,0.0
S001631,2025-09-05,Dania Beach,P0134,1,13.77,0.0
S002591,10/13/2025,Oakland Park,P0253,1,12.31,0.0
S008582,2026-05-12,Oakland Park,P0229,1,15.22,2.0
S003346,2025-11-12,LAKE WORTH,P0150,1,8.12,0.0
S003331,11/11/2025,Lake Worth,P0225,1,30.83,0.0
S003336,2025-11-11,Dania Beach,P0205,1,34.1,
S009712,2026-06-26,Lake Worth,P0193,1,15.19,0.0
S008847,2026-05-22,Oakland Park,P0099,1,32.17,0.0
S008537,2026-05-10,Oakland Park,P0270,2,13.93,0.0
S004842,2025-12-24,oakland park,P0101,1,40.29,0.0
S006299,2026-02-26,Oakland Park,P0175,1,10.78,0.0
S005214,2025-12-31,oakland park,P0250,1,26.07,0.0
S001339,8/25/2025,Dania Beach,P0068,1,18.85,0.0
S008688,2026-05-16,Dania Beach,P0008,2,23.36,0.0
S008931,2026-05-25,Oakland Park,P0071,1,$14.0,0.0
S001234,2025-08-20,Lake Worth,P0061,1,13.54,
S005219,2026-01-01,Lake Worth,P0120,1,23.21,0.0
S000940,2025-08-08,oakland park,P0196,1,23.33,2.0
S004935,2025-12-26,Dania Beach,P0200,1,20.12,0.0
S003472,2025-11-17,Oakland Park,P0028,1,22.61,0.0
S005876,2026-02-03,Dania Beach,P0060,1,$16.29,0.0
S004490,2025-12-17,Dania Beach,P0284,3,19.93,0.0
S001259,2025-08-22,Lake Worth,P0095,1,15.25,
S001367,2025-08-26,Dania Beach,P0112,1,9.26,0.0
S007200,2026-04-03,Dania Beach,P0045,1,31.47,0.0
S005167,2025-12-30,oakland park,P0010,1,26.25,0.0
S004682,2025-12-21,Oakland Park,P0258,1,$20.03,0.0
S003891,2025-12-03,Oakland Park,P0010,1,26.25,0.0
S008703,2026-05-17,Dania Beach,P0272,1,18.29,0.0
S002167,2025-09-27,Dania Beach,P0175,1,10.78,5.0
S000945,2025-08-09,Dania Beach,P0003,1,11.11,2.0
S007436,2026-04-09,Lake Worth,P0204,1,30.89,0.0
S005210,2025-12-31,Oakland Park,P0119,1,10.1,0.0
S004599,12/19/2025,Lake Worth,P0153,1,24.73,0.0
S006603,2026-03-10,Oakland Park,P0185,1,20.14,0.0
S000421,2025-07-18,Oakland Park,P0025,2,37.2,0.0
S008126,4/26/2026,Oakland Park,P0258,1,20.03,5.0
S009204,6/6/2026,Dania Beach,P0249,2,24.88,0.0
S003586,2025-11-22,Dania Beach,P0232,2,35.97,0.0
S008635,2026-05-14,Oakland Park,P0293,1,17.47,0.0
S001685,2025-09-07,Dania Beach,P0007,1,18.87,0.0
S002332,2025-10-03,Dania Beach,P0239,2,7.76,0.0
S003265,2025-11-08,Dania Beach,P0279,1,5.18,2.0
S008362,5/4/2026,Dania Beach,P0125,1,30.0,0.0
S003951,12/5/2025,Oakland Park,P0022,1,7.3,0.0
S004424,2025-12-15,Dania Beach,P0225,1,30.83,0.0
S005745,2026-01-28,Dania Beach,P0172,2,16.93,0.0
S001730,2025-09-08,Dania Beach,P0024,1,12.01,5.0
S003834,2025-12-02,Dania Beach,P0265,1,19.55,0.0
S004293,2025-12-13,Dania Beach,P0279,1,5.18,0.0
S001110,2025-08-15,Oakland Park,P0250,1,26.07,0.0
S008168,2026-04-27,OAKLAND PARK,P0138,1,$18.5,0.0
S002723,2025-10-18,Oakland Park,P0008,1,23.36,0.0
S008731,2026-05-18,Dania Beach,P0037,1,16.2,0.0
S005587,2026-01-19,Oakland Park,P0050,1,16.14,0.0
S001517,2025-08-31,Lake Worth,P0133,1,31.55,5.0
S004857,2025-12-25,Dania Beach,P0258,2,20.03,0.0
S009301,2026-06-09,Lake Worth,P0050,1,$16.14,0.0
S004997,2025-12-27,Dania Beach,P0102,1,16.27,5.0
S005915,2026-02-05,Oakland Park,P0079,1,38.19,
S004260,2025-12-12,Oakland Park,P0275,3,12.12,0.0
S000814,2025-08-03,dania beach,P0258,1,20.03,0.0
S007765,2026-04-17,Dania Beach,P0138,1,18.5,5.0
S002745,10/19/2025,Oakland Park,P0099,1,32.17,0.0
S006400,2026-03-02,Dania Beach,P0041,1,11.22,0.0
S000458,2025-07-19,Oakland Park,P0188,3,14.19,
S009659,2026-06-23,Lake Worth,P0002,1,33.09,0.0
S005890,2026-02-04,Oakland Park,P0285,1,24.04,0.0
S007730,4/16/2026,Dania Beach,P0125,1,30.0,0.0
S002049,2025-09-22,Lake Worth,P0228,1,12.36,0.0
S006251,2026-02-23,Lake Worth,P0291,1,10.13,0.0
S004685,2025-12-21,Dania Beach,P0227,1,22.7,0.0
S002854,2025-10-24,Oakland Park,P0004,1,33.33,5.0
S005854,2026-02-02,Dania Beach,P0028,3,22.61,0.0
S000654,2025-07-27,Dania Beach,P0269,1,19.37,0.0
S009048,5/30/2026,Dania Beach,P0006,3,18.74,0.0
S005297,2026-01-04,oakland park,P0225,1,30.83,0.0
S008836,2026-05-22,Oakland Park,P0041,1,11.22,
S002617,2025-10-14,Dania Beach,P0026,1,24.77,0.0
S003345,2025-11-12,Oakland Park,P0229,2,15.22,0.0
S008843,5/22/2026,Lake Worth,P0075,1,16.43,0.0
S002268,2025-09-30,Oakland Park,P0028,1,22.61,0.0
S006199,2/20/2026,Oakland Park,P0178,1,35.29,0.0
S005557,2026-01-18,Oakland Park,P0115,1,35.88,0.0
S009022,2026-05-30,Dania Beach,P0042,2,16.07,0.0
S005448,1/12/2026,Dania Beach,P0266,1,28.75,0.0
S001242,2025-08-21,Oakland Park,P0045,1,31.47,0.0
S000407,2025-07-17,Dania Beach,P0274,1,22.73,0.0
S000541,2025-07-23,Dania Beach,P0007,1,18.87,0.0
S003220,2025-11-07,Dania Beach,P0138,1,18.5,0.0
S002965,2025-10-28,Dania Beach,P0250,1,26.07,0.0
S005319,2026-01-06,Lake Worth,P0184,1,16.92,0.0
S004225,2025-12-11,Oakland Park,P0113,1,15.71,0.0
S004281,2025-12-12,Oakland Park,P0132,1,38.62,0.0
S002065,2025-09-23,Dania Beach,P0086,1,19.54,0.0
S008113,2026-04-26,Oakland Park,P0231,1,16.4,0.0
S002246,2025-09-29,lake worth,P0181,1,38.54,0.0
S001287,2025-08-23,DANIA BEACH,P0205,1,34.1,0.0
S003162,11/4/2025,Dania Beach,P0098,1,12.85,0.0
S002026,2025-09-21,Dania Beach,P0082,2,11.34,0.0
S009665,2026-06-23,Oakland Park,P0272,1,18.29,
S008777,5/20/2026,Dania Beach,P0232,1,35.97,5.0
S007802,2026-04-18,Dania Beach,P0181,1,38.54,0.0
S008131,2026-04-26,Oakland Park,P0149,1,20.51,0.0
S008879,2026-05-23,Dania Beach,P0168,1,9.03,0.0
S008982,2026-05-28,Lake Worth,P0062,1,34.29,
S009247,2026-06-07,Dania Beach,P0258,3,20.03,0.0
S001515,2025-08-31,Dania Beach,P0100,2,34.67,0.0
S005181,2025-12-31,oakland park,P0248,1,14.4,0.0
S004623,2025-12-20,Lake Worth,P0008,2,$23.36,0.0
S007990,2026-04-23,Dania Beach,P0071,1,14.0,0.0
S007982,2026-04-23,Dania Beach,P0299,1,$6.83,
S001218,2025-08-20,Oakland Park,P0229,1,15.22,0.0
S005767,2026-01-30,Dania Beach,P0123,1,32.28,0.0
S001146,2025-08-17,Lake Worth,P0123,1,32.28,0.0
S009456,2026-06-15,Dania Beach,P0028,1,22.61,0.0
S004304,2025-12-13,Lake Worth,P0039,1,18.68,0.0
S001880,2025-09-14,Oakland Park,P0047,1,11.39,0.0
S009354,2026-06-12,Dania Beach,P0278,1,27.49,0.0
S008701,2026-05-17,Oakland Park,P0057,3,31.85,0.0
S004863,2025-12-25,Lake Worth,P0146,1,36.76,5.0
S008294,5/1/2026,Dania Beach,P0250,1,26.07,0.0
S001482,2025-08-30,Oakland Park,P0005,1,12.32,0.0
S000339,2025-07-13,Oakland Park,P0247,1,11.6,0.0
S002748,2025-10-19,Dania Beach,P0081,1,12.2,0.0
S004482,2025-12-16,Dania Beach,P0245,1,30.57,0.0
S009755,6/27/2026,Oakland Park,P0058,1,6.59,0.0
S006696,2026-03-15,dania beach,P0258,3,20.03,0.0
S006408,2026-03-02,Oakland Park,P0257,1,21.09,0.0
S000528,2025-07-22,Oakland Park,P0229,1,15.22,5.0
S007693,2026-04-15,Dania Beach,P0258,1,20.03,0.0
S009676,6/24/2026,Oakland Park,P0209,1,38.73,0.0
S002692,10/17/2025,LAKE WORTH,P0068,1,18.85,0.0
S003746,2025-11-29,Dania Beach,P0211,1,28.43,0.0
S007984,2026-04-23,Lake Worth,P0133,1,31.55,0.0
S005204,2025-12-31,Dania Beach,P0003,1,11.11,0.0
S003932,2025-12-04,Lake Worth,P0232,2,35.97,2.0
S008616,2026-05-13,Oakland Park,P0250,1,26.07,0.0
S008730,2026-05-18,Dania Beach,P0298,1,10.79,0.0
S007889,2026-04-20,Lake Worth,P0188,1,14.19,0.0
S009253,2026-06-07,Oakland Park,P0228,1,12.36,0.0
S008682,5/16/2026,Oakland Park,P0020,3,24.25,0.0
S006302,2026-02-26,Lake Worth,P0251,1,16.69,0.0
S003921,2025-12-04,Dania Beach,P0258,1,20.03,0.0
S007620,2026-04-13,Oakland Park,P0294,1,30.88,0.0
S003862,2025-12-02,Lake Worth,P0229,1,15.22,0.0
S005903,2026-02-04,Dania Beach,P0141,1,18.03,5.0
S008017,4/23/2026,Oakland Park,P0228,1,12.36,0.0
S001038,2025-08-12,Lake Worth,P0118,1,26.15,0.0
S000452,7/19/2025,Oakland Park,P0148,1,17.71,5.0
S006874,2026-03-21,Lake Worth,P0140,2,17.16,2.0
S008629,2026-05-14,lake worth,P0159,1,5.86,0.0
S006305,2026-02-26,Oakland Park,P0225,1,30.83,0.0
S009258,2026-06-07,Dania Beach,P0094,1,$15.94,0.0
S004394,2025-12-14,Dania Beach,P0229,1,15.22,0.0
S004400,2025-12-14,Dania Beach,P0250,1,26.07,0.0
S007274,2026-04-05,lake worth,P0165,1,17.48,0.0
S004674,2025-12-21,Dania Beach,P0042,1,16.07,0.0
S008558,2026-05-11,Dania Beach,P0115,2,35.88,5.0
S007706,2026-04-15,Dania Beach,P0215,1,5.21,0.0
S001010,8/11/2025,Oakland Park,P0120,1,23.21,0.0
S001727,9/8/2025,Lake Worth,P0015,1,10.97,2.0
S008789,2026-05-20,Oakland Park,P0008,1,23.36,0.0
S005692,1/25/2026,Oakland Park,P0227,3,22.7,2.0
S002739,10/19/2025,Oakland Park,P0168,1,9.03,0.0
S004996,2025-12-27,Dania Beach,P0077,1,38.06,0.0
S002875,2025-10-25,Dania Beach,P0028,1,22.61,0.0
S003974,2025-12-05,Dania Beach,P0008,1,23.36,
S003547,2025-11-21,DANIA BEACH,P0113,1,15.71,0.0
S006856,2026-03-21,Lake Worth,P0213,1,4.58,0.0
S002172,2025-09-27,Dania Beach,P0173,2,28.8,2.0
S009430,2026-06-14,Dania Beach,P0069,1,21.4,0.0
S001817,2025-09-12,Dania Beach,P0237,1,18.61,0.0
S000914,2025-08-07,Dania Beach,P0160,1,15.14,0.0
S006002,2026-02-09,Oakland Park,P0229,1,15.22,0.0
S008468,2026-05-08,Oakland Park,P0300,1,15.39,0.0
S000486,2025-07-20,Dania Beach,P0124,1,14.5,2.0
S001565,2025-09-02,Dania Beach,P0113,1,15.71,0.0
S006727,2026-03-16,Oakland Park,P0051,1,31.0,0.0
S006820,3/20/2026,Dania Beach,P0258,1,20.03,0.0
S001811,9/12/2025,Dania Beach,P0253,1,12.31,0.0
S006859,3/21/2026,Dania Beach,P0250,2,$26.07,0.0
S004273,2025-12-12,LAKE WORTH,P0083,1,9.28,0.0
S004227,2025-12-11,Oakland Park,P0042,1,16.07,0.0
S002310,2025-10-02,dania beach,P0028,1,22.61,
S007175,2026-04-03,Dania Beach,P0149,1,20.51,0.0
S008352,2026-05-03,Lake Worth,P0227,1,22.7,0.0
S007403,2026-04-08,Oakland Park,P0155,1,33.74,0.0
S007334,2026-04-06,Dania Beach,P0233,1,22.74,0.0
S002346,2025-10-03,Dania Beach,P0035,1,25.13,2.0
S003029,2025-10-30,Lake Worth,P0158,1,$15.94,0.0
S003240,2025-11-08,Oakland Park,P0234,1,39.24,0.0
S005979,2026-02-08,Lake Worth,P0058,1,6.59,2.0
S002822,2025-10-22,Dania Beach,P0258,2,20.03,0.0
S007604,2026-04-12,Dania Beach,P0066,1,15.19,0.0
S008787,2026-05-20,Oakland Park,P0193,2,15.19,5.0
S002613,2025-10-14,Lake Worth,P0057,1,31.85,0.0
S008364,2026-05-04,Lake Worth,P0116,1,38.74,0.0
S006453,3/4/2026,Oakland Park,P0250,1,26.07,0.0
S005475,2026-01-14,Lake Worth,P0294,2,30.88,0.0
S006744,2026-03-16,Oakland Park,P0258,1,$20.03,0.0
S008155,2026-04-26,Oakland Park,P0226,1,19.09,5.0
S008321,2026-05-02,Dania Beach,P0058,1,$6.59,0.0
S002964,2025-10-28,Lake Worth,P0114,3,22.91,0.0
S001036,2025-08-12,Oakland Park,P0268,1,28.7,0.0
S006015,2026-02-10,Oakland Park,P0258,1,20.03,0.0
S003281,2025-11-09,Dania Beach,P0133,2,31.55,0.0
S009485,2026-06-17,Oakland Park,P0120,1,23.21,0.0
S007477,4/10/2026,Oakland Park,P0026,1,24.77,0.0
S005269,1/3/2026,dania beach,P0048,1,43.54,0.0
S008120,2026-04-26,oakland park,P0244,1,7.54,0.0
S006337,2026-02-27,Dania Beach,P0173,1,28.8,0.0
S008275,2026-04-30,Oakland Park,P0229,1,15.22,0.0
S008475,2026-05-08,Lake Worth,P0178,1,35.29,0.0
S008272,2026-04-30,dania beach,P0028,1,22.61,0.0
S007568,2026-04-12,Oakland Park,P0229,1,15.22,0.0
S004564,2025-12-18,Oakland Park,P0270,1,$13.93,0.0
S008776,2026-05-20,Dania Beach,P0123,3,32.28,2.0
S008231,2026-04-28,Oakland Park,P0099,1,32.17,0.0
S006313,2/27/2026,Lake Worth,P0015,1,10.97,0.0
S006977,2026-03-26,dania beach,P0081,1,12.2,0.0
S000332,7/13/2025,Dania Beach,P0279,1,5.18,0.0
S004428,2025-12-15,Lake Worth,P0196,1,23.33,0.0
S009541,2026-06-19,Dania Beach,P0028,1,$22.61,0.0
S006444,2026-03-04,Dania Beach,P0253,1,12.31,0.0
S001669,2025-09-06,Dania Beach,P0045,1,31.47,0.0
S005199,2025-12-31,Dania Beach,P0279,1,5.18,
S000218,2025-07-08,OAKLAND PARK,P0034,1,17.39,0.0
S001938,2025-09-17,Oakland Park,P0298,1,10.79,0.0
S009621,6/22/2026,Lake Worth,P0202,1,27.95,0.0
S001910,2025-09-16,Oakland Park,P0090,1,39.67,
S003789,2025-12-01,Dania Beach,P0258,2,20.03,0.0
S008715,5/17/2026,Dania Beach,P0258,1,20.03,0.0
S007713,2026-04-15,Lake Worth,P0253,1,12.31,2.0
S009540,2026-06-19,Oakland Park,P0060,1,16.29,0.0
S004121,2025-12-09,Lake Worth,P0158,1,15.94,2.0
S004034,2025-12-07,Lake Worth,P0050,1,$16.14,0.0
S007677,2026-04-14,Oakland Park,P0028,1,22.61,0.0
S005230,2026-01-01,Oakland Park,P0203,1,28.04,0.0
S003813,12/1/2025,Dania Beach,P0091,1,10.86,2.0
S003436,2025-11-16,Dania Beach,P0027,2,16.28,0.0
S003707,2025-11-27,Dania Beach,P0258,2,20.03,0.0
S009241,2026-06-07,Oakland Park,P0196,1,23.33,0.0
S003560,2025-11-21,Dania Beach,P0185,2,20.14,0.0
S005830,2026-02-01,Dania Beach,P0157,1,8.43,5.0
S001736,2025-09-09,Dania Beach,P0181,1,38.54,0.0
S000624,2025-07-26,Lake Worth,P0138,1,18.5,0.0
S007738,2026-04-16,Dania Beach,P0190,1,31.63,0.0
S005375,2026-01-09,Dania Beach,P0253,1,12.31,0.0
S008144,2026-04-26,Dania Beach,P0094,1,15.94,5.0
S004581,2025-12-19,Oakland Park,P0147,1,40.67,2.0
S002418,2025-10-05,Oakland Park,P0173,1,28.8,2.0
S005905,2026-02-05,Oakland Park,P0250,1,26.07,0.0
S006385,2026-03-01,Lake Worth,P0027,1,16.28,0.0
S000086,7/4/2025,Dania Beach,P0056,1,36.04,0.0
S003611,2025-11-23,Lake Worth,P0231,2,16.4,0.0
S000668,2025-07-28,Dania Beach,P0265,1,19.55,0.0
S000211,2025-07-08,Dania Beach,P0150,1,8.12,0.0
S004301,2025-12-13,Dania Beach,P0239,1,7.76,0.0
S005036,2025-12-28,DANIA BEACH,P0281,1,17.35,0.0
S007913,2026-04-21,Dania Beach,P0027,1,16.28,0.0
S009830,2026-06-30,Lake Worth,P0052,1,20.69,0.0
S005243,2026-01-02,Dania Beach,P0296,1,10.05,2.0
S009571,2026-06-20,Dania Beach,P0259,1,34.69,5.0
S007608,4/13/2026,Lake Worth,P0014,3,41.58,0.0
S002457,2025-10-07,Dania Beach,P0028,1,22.61,5.0
S001882,2025-09-15,dania beach,P0045,2,31.47,0.0
S009656,2026-06-23,Dania Beach,P0287,1,38.39,5.0
S001479,2025-08-30,Lake Worth,P0221,1,26.83,0.0
S003509,2025-11-19,Oakland Park,P0273,1,11.49,0.0
S001791,2025-09-11,Lake Worth,P0171,1,15.79,2.0
S008218,2026-04-28,Oakland Park,P0050,1,16.14,0.0
S004952,2025-12-27,Dania Beach,P0173,1,28.8,0.0
S001225,2025-08-20,Dania Beach,P0173,1,28.8,0.0
S009754,2026-06-27,OAKLAND PARK,P0080,1,3.25,0.0
S003713,2025-11-28,DANIA BEACH,P0154,1,15.49,2.0
S004472,12/16/2025,Dania Beach,P0257,1,21.09,0.0
S005364,2026-01-08,DANIA BEACH,P0250,1,26.07,2.0
S003562,2025-11-21,Lake Worth,P0073,1,20.85,0.0
S003799,2025-12-01,Oakland Park,P0036,1,4.54,0.0
S003955,2025-12-05,Oakland Park,P0157,1,8.43,0.0
S002502,2025-10-09,Dania Beach,P0258,1,20.03,0.0
S002003,2025-09-20,Oakland Park,P0068,1,18.85,0.0
S004074,2025-12-07,Oakland Park,P0066,1,15.19,0.0
S003096,2025-11-02,Dania Beach,P0238,1,9.91,0.0
S007679,2026-04-14,Lake Worth,P0120,1,23.21,0.0
S000063,2025-07-03,Lake Worth,P0112,3,9.26,
S007463,2026-04-10,Dania Beach,P0153,1,24.73,2.0
S004506,12/17/2025,Oakland Park,P0250,1,26.07,2.0
S006738,2026-03-16,Dania Beach,P0258,1,20.03,0.0
S007112,2026-04-01,Oakland Park,P0270,2,13.93,0.0
S002925,2025-10-26,Dania Beach,P0099,1,32.17,
S002412,2025-10-05,Dania Beach,P0123,1,32.28,0.0
S002198,2025-09-28,Dania Beach,P0258,1,20.03,0.0
S009348,2026-06-12,Dania Beach,P0174,1,17.55,
S003100,2025-11-02,Lake Worth,P0086,1,19.54,0.0
S000272,7/11/2025,Dania Beach,P0050,1,16.14,2.0
S009267,2026-06-07,Oakland Park,P0069,1,21.4,0.0
S006070,2026-02-14,Dania Beach,P0182,1,25.07,0.0
S004248,2025-12-12,Oakland Park,P0187,1,8.33,0.0
S008304,2026-05-02,Dania Beach,P0229,1,15.22,0.0
S005294,2026-01-04,Lake Worth,P0050,1,16.14,2.0
S007022,2026-03-28,Oakland Park,P0077,1,38.06,0.0
S000796,8/2/2025,Dania Beach,P0115,1,35.88,0.0
S001138,2025-08-16,Oakland Park,P0137,1,34.89,0.0
S008678,2026-05-16,Dania Beach,P0258,1,20.03,0.0
S007968,2026-04-22,Oakland Park,P0163,1,12.13,0.0
S008640,5/14/2026,Lake Worth,P0171,1,15.79,0.0
S003433,2025-11-15,Oakland Park,P0069,1,21.4,0.0
S004317,2025-12-13,OAKLAND PARK,P0233,1,22.74,0.0
S004282,2025-12-12,Dania Beach,P0250,1,26.07,2.0
S001608,9/4/2025,Dania Beach,P0266,1,28.75,0.0
S009772,2026-06-28,Dania Beach,P0282,1,14.8,0.0
S001037,2025-08-12,Oakland Park,P0141,1,18.03,0.0
S001220,2025-08-20,Dania Beach,P0028,1,22.61,0.0
S004879,2025-12-25,OAKLAND PARK,P0197,2,24.23,0.0
S007514,2026-04-11,Oakland Park,P0093,1,10.98,0.0
S006870,2026-03-21,Dania Beach,P0227,1,22.7,0.0
S003152,2025-11-03,Lake Worth,P0258,3,20.03,0.0
S009721,2026-06-26,Oakland Park,P0286,1,17.06,0.0
S002347,2025-10-03,Oakland Park,P0229,1,15.22,0.0
S003838,2025-12-02,Dania Beach,P0229,2,15.22,0.0
S007012,2026-03-28,Oakland Park,P0145,2,18.52,0.0
S002180,2025-09-27,Dania Beach,P0090,1,39.67,0.0
S005862,2026-02-02,Dania Beach,P0091,1,10.86,2.0
S000935,8/8/2025,Lake Worth,P0038,1,16.31,0.0
S003146,2025-11-03,Lake Worth,P0215,1,5.21,0.0
S006393,2026-03-02,Oakland Park,P0152,1,$10.83,0.0
S001830,2025-09-13,Lake Worth,P0139,1,25.22,
S001737,2025-09-09,Oakland Park,P0267,2,35.08,0.0
S006996,2026-03-27,Oakland Park,P0229,1,15.22,
S004735,2025-12-22,Oakland Park,P0134,1,13.77,
S005203,2025-12-31,Dania Beach,P0233,1,22.74,0.0
S004151,2025-12-09,Dania Beach,P0090,1,39.67,0.0
S008905,2026-05-24,Lake Worth,P0180,1,14.34,0.0
S001972,2025-09-19,Dania Beach,P0175,1,10.78,0.0
S007577,2026-04-12,Oakland Park,P0069,1,21.4,
S000469,2025-07-19,Dania Beach,P0298,1,10.79,0.0
S003010,2025-10-29,Dania Beach,P0295,1,27.7,0.0
S003384,2025-11-13,Dania Beach,P0155,1,33.74,0.0
S000384,2025-07-15,Dania Beach,P0229,1,15.22,2.0
S002987,2025-10-28,Lake Worth,P0229,1,15.22,0.0
S005934,2026-02-06,Dania Beach,P0013,1,19.04,0.0
S008974,2026-05-28,Oakland Park,P0181,1,38.54,0.0
S002599,2025-10-13,Oakland Park,P0205,3,34.1,0.0
S001675,2025-09-06,Dania Beach,P0258,1,20.03,2.0
S003402,2025-11-14,Dania Beach,P0170,1,12.29,0.0
S008306,2026-05-02,Lake Worth,P0108,2,11.87,0.0
S005045,2025-12-28,Lake Worth,P0123,1,32.28,0.0
S003591,2025-11-22,Dania Beach,P0271,1,13.23,0.0
S003391,2025-11-14,OAKLAND PARK,P0258,1,20.03,2.0
S004491,2025-12-17,Oakland Park,P0135,1,18.06,0.0
S004977,2025-12-27,DANIA BEACH,P0189,1,8.68,0.0
S008617,5/13/2026,Dania Beach,P0077,1,38.06,0.0
S001922,2025-09-17,Oakland Park,P0068,1,18.85,
S005195,2025-12-31,Oakland Park,P0181,1,$38.54,2.0
S002582,2025-10-12,DANIA BEACH,P0028,1,22.61,0.0
S003816,2025-12-01,Dania Beach,P0141,1,18.03,0.0
S006821,2026-03-20,Dania Beach,P0258,2,20.03,0.0
S006367,2026-02-28,Oakland Park,P0123,1,32.28,0.0
S005155,2025-12-30,Oakland Park,P0027,1,16.28,0.0
S007536,2026-04-11,Dania Beach,P0258,1,20.03,0.0
S000443,2025-07-19,Dania Beach,P0141,1,18.03,2.0
S004515,2025-12-17,Dania Beach,P0004,1,33.33,0.0
S009740,2026-06-27,Dania Beach,P0100,3,$34.67,2.0
S009342,2026-06-12,Dania Beach,P0124,1,14.5,0.0
S004929,2025-12-26,DANIA BEACH,P0028,2,22.61,2.0
S008600,2026-05-13,Lake Worth,P0138,1,18.5,0.0
S002515,2025-10-10,Lake Worth,P0112,1,9.26,0.0
S001160,2025-08-17,Dania Beach,P0068,1,18.85,0.0
S006609,3/10/2026,Oakland Park,P0250,1,26.07,0.0
S003952,2025-12-05,Dania Beach,P0042,1,16.07,0.0
S000419,2025-07-17,Lake Worth,P0215,1,5.21,0.0
S008330,2026-05-02,Oakland Park,P0233,1,22.74,0.0
S006332,2026-02-27,Oakland Park,P0063,1,32.31,0.0
S000322,2025-07-13,Dania Beach,P0123,1,32.28,0.0
S006922,2026-03-24,Dania Beach,P0100,1,34.67,
S002071,2025-09-23,Lake Worth,P0258,1,20.03,0.0
S003518,2025-11-19,Dania Beach,P0082,1,11.34,0.0
S006416,2026-03-03,Dania Beach,P0228,2,12.36,0.0
S001474,2025-08-30,Dania Beach,P0042,1,16.07,0.0
S003512,2025-11-19,Lake Worth,P0138,1,18.5,0.0
S003427,2025-11-15,Dania Beach,P0296,2,10.05,0.0
S009683,2026-06-24,Dania Beach,P0016,1,9.61,0.0
S000835,2025-08-03,Dania Beach,P0180,1,14.34,0.0
S009569,2026-06-20,Lake Worth,P0058,1,6.59,0.0
S003044,2025-10-31,Lake Worth,P0181,2,38.54,0.0
S001963,2025-09-19,Dania Beach,P0107,1,35.69,0.0
S000167,2025-07-06,Lake Worth,P0088,1,14.79,
S002316,2025-10-02,Lake Worth,P0229,1,15.22,
S009483,2026-06-16,Lake Worth,P0196,2,23.33,5.0
S006475,2026-03-05,Lake Worth,P0225,1,30.83,0.0
S003555,2025-11-21,Oakland Park,P0223,1,16.45,0.0
S009498,2026-06-17,Dania Beach,P0258,1,20.03,0.0
S009204,6/6/2026,Dania Beach,P0249,2,24.88,0.0
S006966,2026-03-26,Oakland Park,P0006,1,18.74,0.0
S008340,2026-05-03,Lake Worth,P0157,1,8.43,0.0
S000219,2025-07-08,Dania Beach,P0205,1,$34.1,0.0
S002330,2025-10-03,LAKE WORTH,P0028,1,22.61,5.0
S000667,2025-07-28,DANIA BEACH,P0014,1,41.58,2.0
S001230,2025-08-20,Oakland Park,P0073,1,20.85,0.0
S005213,2025-12-31,Dania Beach,P0047,1,11.39,0.0
S007600,2026-04-12,Oakland Park,P0042,1,16.07,0.0
S002428,2025-10-06,Oakland Park,P0166,1,26.78,0.0
S006550,2026-03-08,Oakland Park,P0169,1,28.05,0.0
S001907,2025-09-16,Dania Beach,P0258,1,20.03,0.0
S008954,2026-05-26,Dania Beach,P0131,1,10.61,0.0
S003809,2025-12-01,Dania Beach,P0293,1,17.47,0.0
S000182,2025-07-07,Oakland Park,P0091,1,10.86,0.0
S001933,2025-09-17,Dania Beach,P0041,1,11.22,0.0
S009054,2026-05-31,Oakland Park,P0041,1,11.22,0.0
S006250,2026-02-23,Oakland Park,P0025,1,37.2,0.0
S001429,2025-08-28,Dania Beach,P0120,1,23.21,0.0
S003456,2025-11-16,Lake Worth,P0258,1,20.03,0.0
S009346,2026-06-12,Lake Worth,P0107,1,35.69,0.0
S001536,2025-09-01,Lake Worth,P0006,2,18.74,0.0
S003737,11/29/2025,Dania Beach,P0005,1,12.32,0.0
S002446,2025-10-06,Oakland Park,P0018,1,11.18,2.0
S008149,2026-04-26,Dania Beach,P0123,1,32.28,0.0
S006632,2026-03-11,Oakland Park,P0239,2,7.76,2.0
S000126,2025-07-05,Oakland Park,P0066,1,15.19,0.0
S004240,2025-12-11,Dania Beach,P0207,1,8.62,5.0
S000950,2025-08-09,Lake Worth,P0123,1,32.28,0.0
S008529,2026-05-10,Lake Worth,P0250,1,26.07,0.0
S002162,2025-09-27,Dania Beach,P0258,1,20.03,2.0
S005076,2025-12-29,Dania Beach,P0071,1,14.0,0.0
S002950,2025-10-27,Dania Beach,P0072,1,23.85,0.0
S000234,7/9/2025,Lake Worth,P0121,2,26.48,0.0
S005447,2026-01-12,Oakland Park,P0186,1,$8.27,0.0
S003416,2025-11-15,Oakland Park,P0116,1,38.74,0.0
S002903,2025-10-25,Dania Beach,P0099,2,32.17,0.0
S006140,2026-02-17,LAKE WORTH,P0099,1,32.17,0.0
S006386,2026-03-01,Dania Beach,P0258,1,20.03,0.0
S005095,2025-12-29,Dania Beach,P0277,1,12.14,0.0
S000481,2025-07-20,Dania Beach,P0258,1,20.03,0.0
S004765,2025-12-23,Dania Beach,P0138,1,18.5,0.0
S005594,2026-01-20,Oakland Park,P0060,1,16.29,0.0
S007691,2026-04-15,Oakland Park,P0138,1,18.5,0.0
S005114,2025-12-29,Oakland Park,P0120,1,23.21,0.0
S000162,2025-07-06,Oakland Park,P0181,2,$38.54,
S007199,2026-04-03,Dania Beach,P0045,1,31.47,0.0
S007223,2026-04-04,Dania Beach,P0233,1,22.74,0.0
S003655,11/25/2025,Lake Worth,P0229,1,15.22,0.0
S008983,2026-05-28,lake worth,P0033,1,13.41,0.0
S000641,2025-07-27,Oakland Park,P0004,1,33.33,0.0
S008899,2026-05-24,Lake Worth,P0028,1,22.61,0.0
S004237,2025-12-11,oakland park,P0171,1,15.79,0.0
S002307,2025-10-02,Oakland Park,P0241,1,10.09,2.0
S006693,2026-03-15,dania beach,P0264,1,39.66,0.0
S006995,3/27/2026,Dania Beach,P0228,1,12.36,2.0
S001487,2025-08-30,LAKE WORTH,P0030,1,9.83,0.0
S000504,2025-07-20,Dania Beach,P0020,1,24.25,2.0
S001510,2025-08-31,Oakland Park,P0209,1,38.73,5.0
S008818,2026-05-21,Dania Beach,P0120,2,23.21,0.0
S006836,3/20/2026,Oakland Park,P0091,1,10.86,0.0
S005075,2025-12-29,Oakland Park,P0234,1,39.24,0.0
S008697,2026-05-16,Oakland Park,P0284,1,19.93,0.0
S003269,2025-11-09,lake worth,P0091,1,10.86,0.0
S008075,2026-04-25,Dania Beach,P0281,2,17.35,0.0
S007817,2026-04-18,Dania Beach,P0227,1,22.7,0.0
S008407,2026-05-06,Oakland Park,P0258,1,20.03,0.0
S003453,2025-11-16,Dania Beach,P0134,1,13.77,2.0
S003258,2025-11-08,Lake Worth,P0229,3,15.22,
S004513,2025-12-17,Dania Beach,P0093,1,$10.98,0.0
S000306,2025-07-12,Oakland Park,P0205,1,34.1,0.0
S000236,2025-07-09,Lake Worth,P0079,2,38.19,0.0
S001831,2025-09-13,dania beach,P0047,1,11.39,
S002475,2025-10-08,Oakland Park,P0028,1,22.61,5.0
S009765,2026-06-27,Oakland Park,P0024,1,12.01,0.0
S004543,2025-12-18,Dania Beach,P0251,1,16.69,0.0
S001414,2025-08-27,Dania Beach,P0229,1,15.22,0.0
S002131,2025-09-25,dania beach,P0223,1,16.45,0.0
S006730,2026-03-16,Oakland Park,P0188,1,14.19,0.0
S006943,3/25/2026,Lake Worth,P0139,1,25.22,2.0
S009280,2026-06-08,Oakland Park,P0228,1,12.36,0.0
S005347,1/7/2026,Dania Beach,P0224,1,28.47,
S001383,2025-08-26,Dania Beach,P0102,1,16.27,0.0
S003513,2025-11-19,Dania Beach,P0181,1,38.54,0.0
S002358,2025-10-04,Oakland Park,P0037,1,16.2,0.0
S000033,2025-07-02,Dania Beach,P0264,1,39.66,0.0
S005532,2026-01-17,Oakland Park,P0258,1,20.03,0.0
S007110,2026-04-01,Lake Worth,P0071,1,$14.0,0.0
S002921,2025-10-26,Oakland Park,P0186,1,8.27,0.0
S006863,2026-03-21,Lake Worth,P0122,1,15.39,0.0
S002159,2025-09-27,Oakland Park,P0105,1,41.09,0.0
S002286,10/1/2025,Oakland Park,P0107,1,35.69,0.0
S005146,2025-12-30,Oakland Park,P0026,1,24.77,0.0
S009817,2026-06-29,Dania Beach,P0250,1,26.07,0.0
S001958,9/18/2025,Dania Beach,P0128,1,25.5,0.0
S009521,2026-06-18,Dania Beach,P0127,1,26.3,0.0
S003782,2025-11-30,Oakland Park,P0290,1,44.36,
S000861,2025-08-05,Oakland Park,P0193,1,15.19,0.0
S003936,2025-12-04,Oakland Park,P0252,1,18.54,0.0
S005029,12/28/2025,Oakland Park,P0148,1,17.71,0.0
S001710,2025-09-07,Oakland Park,P0229,1,15.22,0.0
S003926,2025-12-04,oakland park,P0017,1,13.63,0.0
S002795,2025-10-21,Dania Beach,P0095,1,15.25,0.0
S000223,2025-07-08,Oakland Park,P0059,1,27.7,5.0
S003490,2025-11-18,Dania Beach,P0008,1,23.36,0.0
S000115,2025-07-05,Dania Beach,P0229,1,15.22,5.0
S009815,2026-06-29,dania beach,P0232,1,35.97,
S008293,2026-05-01,Dania Beach,P0003,1,11.11,0.0
S007565,2026-04-12,Oakland Park,P0019,1,19.0,0.0
S006327,2026-02-27,Dania Beach,P0207,1,8.62,0.0
S001904,2025-09-16,Dania Beach,P0099,1,32.17,0.0
S007658,2026-04-14,Lake Worth,P0254,1,15.72,
S004702,2025-12-21,Lake Worth,P0071,3,14.0,0.0
S000592,7/26/2025,DANIA BEACH,P0277,1,12.14,0.0
S005812,2026-01-31,Dania Beach,P0056,2,36.04,0.0
S002137,2025-09-26,Oakland Park,P0258,1,20.03,0.0
S005018,2025-12-28,Oakland Park,P0258,1,20.03,2.0
S004495,2025-12-17,Lake Worth,P0196,1,23.33,0.0
S005879,2026-02-03,Oakland Park,P0184,1,16.92,0.0
S001482,2025-08-30,Oakland Park,P0005,1,12.32,0.0
S003819,12/1/2025,Oakland Park,P0028,1,$22.61,0.0
S007398,2026-04-08,Dania Beach,P0205,1,34.1,0.0
S002802,10/21/2025,Oakland Park,P0276,1,10.98,0.0
S000294,2025-07-12,Dania Beach,P0041,1,11.22,0.0
S005143,2025-12-30,Dania Beach,P0140,1,17.16,0.0
S002350,10/3/2025,Oakland Park,P0125,1,30.0,0.0
S009494,2026-06-17,Dania Beach,P0080,1,3.25,2.0
S000600,2025-07-26,Oakland Park,P0156,1,33.24,0.0
S002695,2025-10-18,Oakland Park,P0222,1,25.03,0.0
S008848,2026-05-22,Lake Worth,P0084,1,8.22,0.0
S005286,2026-01-04,Dania Beach,P0099,1,32.17,0.0
S001980,9/20/2025,Lake Worth,P0258,1,20.03,0.0
S008584,5/12/2026,Dania Beach,P0297,1,17.64,
S003717,2025-11-28,Dania Beach,P0257,1,21.09,0.0
S008955,2026-05-26,Dania Beach,P0231,1,16.4,0.0
S001170,2025-08-17,Oakland Park,P0255,1,34.26,0.0
S000834,2025-08-03,Oakland Park,P0110,1,$16.9,0.0
S000762,2025-08-01,OAKLAND PARK,P0283,1,41.77,0.0
S000156,2025-07-06,Dania Beach,P0175,1,10.78,0.0
S008781,2026-05-20,Dania Beach,P0250,1,26.07,0.0
S007495,2026-04-10,Dania Beach,P0047,1,11.39,0.0
S005415,2026-01-11,Dania Beach,P0098,1,12.85,0.0
S005703,1/25/2026,Dania Beach,P0028,1,22.61,0.0
S007065,2026-03-30,lake worth,P0201,1,37.27,0.0
S008266,2026-04-30,Oakland Park,P0058,1,6.59,0.0
S003687,2025-11-26,Dania Beach,P0091,1,10.86,0.0
S001065,2025-08-13,Oakland Park,P0258,1,20.03,0.0
S006412,2026-03-03,Oakland Park,P0248,1,14.4,0.0
S002021,9/21/2025,Dania Beach,P0232,1,35.97,0.0
S003607,2025-11-23,Oakland Park,P0251,1,16.69,0.0
S009118,2026-06-02,Lake Worth,P0293,1,17.47,
S009185,2026-06-05,Dania Beach,P0005,1,12.32,0.0
S002314,2025-10-02,dania beach,P0258,1,20.03,0.0
S005292,1/4/2026,Lake Worth,P0183,1,39.68,0.0
S003192,2025-11-05,oakland park,P0034,1,17.39,0.0
S002353,2025-10-04,Oakland Park,P0169,1,28.05,0.0
S000677,7/28/2025,Dania Beach,P0247,1,11.6,5.0
S004092,12/8/2025,Oakland Park,P0068,1,18.85,0.0
S007569,2026-04-12,Dania Beach,P0136,1,34.18,0.0
S009525,2026-06-18,Oakland Park,P0162,1,9.66,0.0
S008874,2026-05-23,Dania Beach,P0112,1,$9.26,0.0
S002020,2025-09-21,Lake Worth,P0181,1,38.54,
S007874,2026-04-19,Oakland Park,P0209,1,38.73,0.0
S000843,2025-08-04,Dania Beach,P0250,1,26.07,0.0
S005007,2025-12-28,Dania Beach,P0232,1,35.97,0.0
S006125,2026-02-16,Dania Beach,P0220,1,18.24,0.0
S004888,2025-12-25,Oakland Park,P0265,1,19.55,0.0
S002828,2025-10-22,Oakland Park,P0134,1,13.77,0.0
S006933,2026-03-24,Oakland Park,P0033,1,13.41,0.0
S004493,2025-12-17,Lake Worth,P0258,1,$20.03,2.0
S007185,2026-04-03,Lake Worth,P0225,1,30.83,0.0
S007991,2026-04-23,Oakland Park,P0196,1,23.33,2.0
S000392,2025-07-16,Oakland Park,P0095,1,15.25,0.0
S006986,2026-03-27,Dania Beach,P0258,1,20.03,
S003028,2025-10-30,Lake Worth,P0236,1,32.91,0.0
S004083,2025-12-07,Lake Worth,P0008,1,23.36,0.0
S002035,2025-09-21,Dania Beach,P0028,1,22.61,0.0
S004949,2025-12-27,Dania Beach,P0180,2,14.34,0.0
S006053,2026-02-13,Dania Beach,P0060,1,16.29,0.0
S007273,2026-04-05,Dania Beach,P0034,1,17.39,0.0
S008884,2026-05-23,Lake Worth,P0106,1,14.38,0.0
S002102,2025-09-24,Dania Beach,P0209,1,38.73,0.0
S008439,2026-05-07,Lake Worth,P0175,2,10.78,0.0
S000961,2025-08-09,Oakland Park,P0248,1,14.4,0.0
S005757,2026-01-29,Dania Beach,P0045,1,31.47,0.0
S006481,2026-03-05,Dania Beach,P0251,1,16.69,0.0
S004261,2025-12-12,Lake Worth,P0017,1,13.63,0.0
S000125,2025-07-05,Oakland Park,P0236,1,32.91,0.0
S001854,2025-09-14,Oakland Park,P0050,1,16.14,2.0
S008110,2026-04-26,Lake Worth,P0231,2,16.4,
S009322,2026-06-11,Dania Beach,P0138,2,18.5,0.0
S001351,2025-08-25,dania beach,P0102,1,16.27,0.0
S004932,2025-12-26,dania beach,P0258,2,20.03,0.0
S009278,2026-06-08,Dania Beach,P0245,1,30.57,0.0
S008516,5/9/2026,Dania Beach,P0120,1,23.21,0.0
S005011,12/28/2025,Oakland Park,P0235,1,$21.78,0.0
S009208,2026-06-06,OAKLAND PARK,P0028,1,$22.61,0.0
S005249,2026-01-03,Dania Beach,P0258,1,20.03,0.0
S006698,2026-03-15,Oakland Park,P0175,1,10.78,0.0
S002279,2025-10-01,Dania Beach,P0006,1,18.74,
S008133,2026-04-26,Lake Worth,P0288,1,39.45,5.0
S006143,2026-02-17,Lake Worth,P0009,1,10.82,0.0
S008530,5/10/2026,Oakland Park,P0094,1,15.94,0.0
S003874,2025-12-03,Dania Beach,P0113,2,15.71,
S001158,2025-08-17,Lake Worth,P0099,1,32.17,0.0
S008295,2026-05-01,Oakland Park,P0298,1,10.79,0.0
S008379,2026-05-04,Dania Beach,P0138,1,18.5,0.0
S003197,2025-11-05,Dania Beach,P0209,2,38.73,0.0
S006577,3/9/2026,Dania Beach,P0123,1,32.28,0.0
S003405,2025-11-14,Dania Beach,P0104,1,23.8,0.0
S006099,2026-02-15,Dania Beach,P0147,1,$40.67,0.0
S005853,2026-02-02,Dania Beach,P0272,1,18.29,0.0
S007662,2026-04-14,Oakland Park,P0039,1,18.68,0.0
S000043,2025-07-02,Dania Beach,P0189,1,8.68,0.0
S005607,2026-01-21,Dania Beach,P0054,1,38.06,0.0
S009292,2026-06-08,Oakland Park,P0263,1,24.16,2.0
S000216,2025-07-08,Dania Beach,P0232,1,35.97,0.0
S000280,2025-07-11,Lake Worth,P0120,1,23.21,0.0
S005325,1/6/2026,Oakland Park,P0229,1,15.22,0.0
S006252,2026-02-23,DANIA BEACH,P0181,2,38.54,0.0
S003761,2025-11-30,Dania Beach,P0120,1,23.21,
S002194,2025-09-28,Dania Beach,P0277,3,12.14,
S008150,4/26/2026,Dania Beach,P0229,1,15.22,0.0
S002004,2025-09-20,Dania Beach,P0155,1,33.74,0.0
S007263,4/5/2026,lake worth,P0225,1,30.83,0.0
S000937,8/8/2025,Lake Worth,P0095,1,15.25,5.0
S001806,2025-09-12,Dania Beach,P0123,1,32.28,0.0
S007378,2026-04-07,Dania Beach,P0031,1,23.06,0.0
S005038,12/28/2025,Lake Worth,P0133,1,31.55,0.0
S001365,2025-08-26,DANIA BEACH,P0209,2,38.73,0.0
S004787,12/23/2025,Dania Beach,P0045,1,31.47,0.0
S002472,2025-10-08,Oakland Park,P0143,1,33.65,0.0
S003495,11/18/2025,Oakland Park,P0209,1,38.73,0.0
S002547,2025-10-11,Dania Beach,P0086,1,19.54,0.0
S003906,2025-12-04,Oakland Park,P0250,1,26.07,0.0
S002165,9/27/2025,Lake Worth,P0228,1,12.36,0.0
S004665,2025-12-20,Oakland Park,P0158,3,15.94,0.0
S003400,2025-11-14,Dania Beach,P0103,1,23.52,0.0
S005943,2026-02-07,Oakland Park,P0116,1,38.74,2.0
S008733,2026-05-18,Lake Worth,P0193,1,15.19,0.0
S002926,2025-10-26,Dania Beach,P0258,1,20.03,0.0
S000212,2025-07-08,Dania Beach,P0258,1,20.03,0.0
S009151,2026-06-04,Dania Beach,P0250,1,26.07,0.0
S007705,2026-04-15,Oakland Park,P0220,1,18.24,0.0
S009427,2026-06-14,Dania Beach,P0238,1,9.91,2.0
S009766,2026-06-28,Oakland Park,P0181,1,38.54,0.0
S004589,2025-12-19,Dania Beach,P0286,1,17.06,5.0
S004770,2025-12-23,Dania Beach,P0042,1,16.07,
S008794,2026-05-20,Oakland Park,P0008,3,23.36,0.0
S000691,2025-07-29,Dania Beach,P0105,1,41.09,0.0
S002386,10/5/2025,Oakland Park,P0091,1,10.86,
S000109,2025-07-05,Dania Beach,P0252,1,18.54,0.0
S002909,10/26/2025,Oakland Park,P0241,1,10.09,0.0
S003924,2025-12-04,Lake Worth,P0157,1,8.43,0.0
S004257,12/12/2025,Lake Worth,P0290,1,44.36,0.0
S002573,2025-10-12,dania beach,P0145,1,18.52,0.0
S009121,2026-06-02,Oakland Park,P0229,1,15.22,0.0
S005322,2026-01-06,Oakland Park,P0006,1,18.74,0.0
S005329,2026-01-06,Dania Beach,P0104,1,23.8,0.0
S006237,2026-02-22,Dania Beach,P0293,1,17.47,0.0
S004481,2025-12-16,Dania Beach,P0286,1,17.06,0.0
S006013,2026-02-10,Oakland Park,P0117,1,13.24,0.0
S007017,2026-03-28,Oakland Park,P0042,1,16.07,0.0
S000441,2025-07-18,Dania Beach,P0264,1,39.66,0.0
S005048,2025-12-28,Oakland Park,P0233,1,22.74,2.0
S007215,2026-04-04,Dania Beach,P0003,1,11.11,0.0
S006276,2026-02-25,Lake Worth,P0245,2,30.57,0.0
S001962,2025-09-19,Oakland Park,P0100,1,34.67,0.0
S004382,2025-12-14,dania beach,P0079,1,38.19,2.0
S002721,2025-10-18,Oakland Park,P0258,1,20.03,0.0
S002141,2025-09-26,Oakland Park,P0125,1,$30.0,0.0
S000680,2025-07-28,Lake Worth,P0195,2,23.58,2.0
S001460,2025-08-29,Lake Worth,P0133,1,31.55,0.0
S006333,2026-02-27,Oakland Park,P0134,1,13.77,0.0
S000302,2025-07-12,Dania Beach,P0174,1,17.55,0.0
S003041,2025-10-31,Oakland Park,P0149,1,20.51,0.0
S001094,2025-08-15,Oakland Park,P0250,1,26.07,0.0
S004502,2025-12-17,Oakland Park,P0258,1,20.03,0.0
S003425,2025-11-15,Dania Beach,P0129,1,7.89,0.0
S003775,2025-11-30,Dania Beach,P0074,2,23.62,0.0
S005027,2025-12-28,Dania Beach,P0137,1,34.89,0.0
S005570,2026-01-19,Dania Beach,P0258,1,20.03,0.0
S001491,2025-08-30,Oakland Park,P0258,1,20.03,2.0
S008215,2026-04-28,Lake Worth,P0245,1,30.57,0.0
S001022,8/12/2025,Oakland Park,P0097,1,11.18,0.0
S003480,2025-11-17,Dania Beach,P0014,1,$41.58,0.0
S009009,2026-05-29,Dania Beach,P0193,1,15.19,0.0
S000805,2025-08-02,Dania Beach,P0253,1,12.31,0.0
S003777,2025-11-30,Dania Beach,P0250,1,26.07,0.0
S003723,2025-11-28,Dania Beach,P0258,1,20.03,2.0
S003468,2025-11-17,Dania Beach,P0056,1,36.04,0.0
S007588,2026-04-12,Dania Beach,P0258,1,20.03,0.0
S007800,2026-04-18,Oakland Park,P0258,1,20.03,0.0
S002136,2025-09-26,Dania Beach,P0028,1,22.61,2.0
S000858,2025-08-04,Oakland Park,P0036,1,4.54,0.0
S004439,2025-12-15,Dania Beach,P0258,1,20.03,0.0
S001352,2025-08-25,dania beach,P0077,1,38.06,0.0
S009230,2026-06-06,Dania Beach,P0258,1,20.03,0.0
S009786,2026-06-28,Lake Worth,P0258,1,20.03,0.0
S006994,2026-03-27,Lake Worth,P0180,1,14.34,0.0
S006703,2026-03-15,Dania Beach,P0068,1,18.85,0.0
S001162,2025-08-17,Dania Beach,P0232,1,35.97,0.0
S005013,2025-12-28,Lake Worth,P0091,1,10.86,0.0
S000445,2025-07-19,Lake Worth,P0123,1,32.28,0.0
S000533,2025-07-22,Dania Beach,P0250,2,26.07,2.0
S009553,2026-06-20,Dania Beach,P0028,1,22.61,0.0
S008279,2026-04-30,Dania Beach,P0028,1,22.61,0.0
S000643,2025-07-27,Oakland Park,P0075,1,16.43,0.0
S006537,2026-03-08,Oakland Park,P0018,1,11.18,5.0
S005429,2026-01-11,Dania Beach,P0009,1,10.82,0.0
S003008,2025-10-29,Oakland Park,P0153,1,24.73,0.0
S000231,2025-07-09,Dania Beach,P0284,1,19.93,0.0
S001188,2025-08-18,Dania Beach,P0077,1,38.06,0.0
S007961,2026-04-22,Dania Beach,P0141,1,18.03,0.0
S003392,2025-11-14,Dania Beach,P0116,1,38.74,0.0
S001655,2025-09-06,Lake Worth,P0116,2,38.74,0.0
S001778,9/11/2025,Oakland Park,P0028,1,22.61,
S007094,2026-03-31,Dania Beach,P0233,1,22.74,2.0
S009539,2026-06-19,Oakland Park,P0293,1,17.47,0.0
S000951,2025-08-09,DANIA BEACH,P0269,1,19.37,0.0
S007581,2026-04-12,Dania Beach,P0058,3,6.59,0.0
S006023,2026-02-10,Oakland Park,P0296,1,10.05,0.0
S005485,2026-01-14,Dania Beach,P0147,1,40.67,0.0
S001694,2025-09-07,Oakland Park,P0102,1,16.27,0.0
S004484,2025-12-16,Lake Worth,P0264,1,39.66,0.0
S007861,2026-04-19,Dania Beach,P0045,1,31.47,0.0
S006331,2/27/2026,Dania Beach,P0229,1,15.22,0.0
S004133,2025-12-09,Oakland Park,P0071,1,14.0,0.0
S005308,2026-01-05,Dania Beach,P0158,2,15.94,0.0
S001502,2025-08-31,Dania Beach,P0084,1,8.22,0.0
S004020,2025-12-06,Oakland Park,P0057,1,31.85,0.0
S002354,2025-10-04,Oakland Park,P0091,1,10.86,0.0
S001020,8/12/2025,Lake Worth,P0056,1,$36.04,0.0
S003762,2025-11-30,Dania Beach,P0277,1,$12.14,0.0
S008152,2026-04-26,Dania Beach,P0123,3,32.28,0.0
S008795,2026-05-20,Dania Beach,P0229,1,15.22,0.0
S009434,6/15/2026,Oakland Park,P0176,1,38.34,0.0
S006804,2026-03-19,Dania Beach,P0031,1,23.06,0.0
S000465,7/19/2025,Dania Beach,P0209,1,38.73,0.0
S003552,2025-11-21,Dania Beach,P0233,1,22.74,0.0
S005053,12/28/2025,Lake Worth,P0120,1,23.21,0.0
S007791,2026-04-18,Dania Beach,P0279,1,5.18,5.0
S000520,2025-07-21,DANIA BEACH,P0069,1,21.4,
S008228,2026-04-28,Lake Worth,P0275,1,12.12,0.0
S004691,2025-12-21,Oakland Park,P0124,2,$14.5,0.0
S002731,2025-10-18,dania beach,P0259,1,34.69,0.0
S000701,2025-07-30,Oakland Park,P0069,1,21.4,0.0
S001756,2025-09-09,Oakland Park,P0296,1,10.05,0.0
S001879,2025-09-14,Dania Beach,P0005,1,$12.32,2.0
S005010,2025-12-28,Oakland Park,P0153,1,24.73,5.0
S001101,2025-08-15,Lake Worth,P0042,1,16.07,0.0
S004734,2025-12-22,Dania Beach,P0288,1,39.45,2.0
S002220,2025-09-28,Dania Beach,P0227,1,22.7,2.0
S005015,12/28/2025,Dania Beach,P0100,1,34.67,0.0
S008472,5/8/2026,Lake Worth,P0271,1,13.23,0.0
S009731,2026-06-26,Lake Worth,P0120,3,23.21,0.0
S008662,2026-05-15,Oakland Park,P0010,1,26.25,0.0
S002649,10/15/2025,Dania Beach,P0128,1,25.5,5.0
S004329,12/13/2025,Lake Worth,P0229,1,15.22,2.0
S003176,11/4/2025,Lake Worth,P0028,2,22.61,0.0
S002742,10/19/2025,Dania Beach,P0147,1,40.67,0.0
S006846,2026-03-21,Oakland Park,P0229,1,15.22,0.0
S007998,2026-04-23,Oakland Park,P0237,1,18.61,0.0
S007188,2026-04-03,Dania Beach,P0008,1,23.36,0.0
S001647,2025-09-06,Lake Worth,P0123,1,32.28,0.0
S002318,10/2/2025,Lake Worth,P0042,1,16.07,0.0
S005273,2026-01-04,Dania Beach,P0258,1,20.03,0.0
S006257,2026-02-23,OAKLAND PARK,P0122,1,15.39,0.0
S002170,2025-09-27,Dania Beach,P0177,2,14.51,0.0
S006590,2026-03-10,Oakland Park,P0022,1,7.3,0.0
S004594,2025-12-19,Dania Beach,P0056,1,$36.04,0.0
S003680,11/26/2025,Dania Beach,P0196,1,23.33,0.0
S008902,2026-05-24,Dania Beach,P0227,1,22.7,2.0
S007894,2026-04-20,Oakland Park,P0075,1,16.43,
S000431,2025-07-18,Oakland Park,P0118,1,26.15,0.0
S006010,2026-02-10,Dania Beach,P0258,1,20.03,0.0
S004339,2025-12-13,Dania Beach,P0129,1,7.89,2.0
S008452,2026-05-07,LAKE WORTH,P0028,1,22.61,0.0
S008311,5/2/2026,Lake Worth,P0128,1,25.5,0.0
S003175,2025-11-04,Lake Worth,P0004,1,33.33,0.0
S001644,2025-09-06,Oakland Park,P0258,1,20.03,0.0
S000754,2025-07-31,Oakland Park,P0184,1,16.92,0.0
S009812,2026-06-29,Lake Worth,P0177,1,14.51,0.0
S009310,2026-06-10,Dania Beach,P0047,1,11.39,2.0
S009626,2026-06-22,Oakland Park,P0294,1,30.88,0.0
S003935,2025-12-04,LAKE WORTH,P0042,1,16.07,0.0
S002743,2025-10-19,Dania Beach,P0223,1,16.45,0.0
S003948,2025-12-05,Dania Beach,P0258,1,20.03,0.0
S008377,2026-05-04,Lake Worth,P0028,1,22.61,0.0
S003616,2025-11-23,LAKE WORTH,P0112,1,9.26,0.0
S002204,2025-09-28,Dania Beach,P0138,1,18.5,5.0
S005092,2025-12-29,Dania Beach,P0258,1,20.03,0.0
S004621,2025-12-20,Dania Beach,P0024,2,12.01,0.0
S000888,2025-08-06,Oakland Park,P0250,1,26.07,0.0
S007333,2026-04-06,Dania Beach,P0044,1,16.95,0.0
S004172,2025-12-10,Dania Beach,P0153,1,24.73,0.0
S003292,2025-11-09,OAKLAND PARK,P0215,1,5.21,0.0
S004250,2025-12-12,Lake Worth,P0229,1,15.22,0.0
S002602,2025-10-13,Oakland Park,P0248,1,14.4,0.0
S007872,2026-04-19,Oakland Park,P0058,1,6.59,0.0
S001071,2025-08-14,lake worth,P0258,1,20.03,0.0
S000959,2025-08-09,Lake Worth,P0261,1,13.52,0.0
S006625,2026-03-11,Dania Beach,P0058,1,6.59,0.0
S004667,2025-12-21,Lake Worth,P0087,1,10.56,0.0
S001825,2025-09-12,Oakland Park,P0023,1,36.9,0.0
S007357,2026-04-07,oakland park,P0174,1,17.55,0.0
S006601,2026-03-10,Dania Beach,P0085,1,28.45,0.0
S003522,2025-11-20,Oakland Park,P0258,1,20.03,0.0
S007566,2026-04-12,Lake Worth,P0087,1,10.56,0.0
S002460,2025-10-07,Dania Beach,P0027,1,16.28,0.0
S004468,2025-12-16,Lake Worth,P0263,2,24.16,0.0
S007132,2026-04-01,Lake Worth,P0123,1,32.28,0.0
S004738,2025-12-22,Dania Beach,P0036,1,4.54,2.0
S009040,5/30/2026,Oakland Park,P0021,2,20.19,0.0
S003507,11/19/2025,LAKE WORTH,P0145,1,18.52,0.0
S003232,2025-11-07,Oakland Park,P0267,1,35.08,5.0
S004320,2025-12-13,Dania Beach,P0258,1,$20.03,5.0
S007879,2026-04-19,Lake Worth,P0251,1,16.69,0.0
S000140,2025-07-06,Oakland Park,P0244,3,7.54,0.0
S000147,2025-07-06,Oakland Park,P0181,1,38.54,0.0
S000801,2025-08-02,Lake Worth,P0014,1,41.58,0.0
S009747,2026-06-27,Dania Beach,P0075,1,16.43,0.0
S000020,2025-07-02,Dania Beach,P0002,1,33.09,0.0
S004869,2025-12-25,Dania Beach,P0258,2,20.03,0.0
S007498,4/10/2026,Dania Beach,P0028,1,22.61,0.0
S003604,2025-11-23,Lake Worth,P0116,1,38.74,0.0
S004416,2025-12-15,Dania Beach,P0253,1,$12.31,0.0
S008625,2026-05-14,Oakland Park,P0209,1,38.73,0.0
S001226,2025-08-20,Lake Worth,P0242,1,16.38,0.0
S009719,6/26/2026,DANIA BEACH,P0190,1,31.63,0.0
S000631,2025-07-26,Dania Beach,P0185,1,20.14,
S007246,2026-04-04,Dania Beach,P0054,1,38.06,0.0
S001612,2025-09-04,Lake Worth,P0134,1,13.77,
S004849,2025-12-24,OAKLAND PARK,P0209,1,38.73,2.0
S005605,2026-01-21,Dania Beach,P0127,1,26.3,0.0
S007641,2026-04-14,Oakland Park,P0087,1,10.56,0.0
S003537,2025-11-20,dania beach,P0188,1,14.19,2.0
S002804,2025-10-21,Dania Beach,P0138,1,18.5,0.0
S008151,4/26/2026,Dania Beach,P0112,1,9.26,0.0
S007287,2026-04-05,Oakland Park,P0137,1,34.89,0.0
S004776,12/23/2025,Oakland Park,P0264,2,39.66,0.0
S000129,2025-07-05,Dania Beach,P0258,1,20.03,0.0
S004296,2025-12-13,Dania Beach,P0028,1,22.61,0.0
S004995,2025-12-27,Oakland Park,P0250,1,26.07,0.0
S008477,2026-05-08,Dania Beach,P0298,1,10.79,0.0
S000496,2025-07-20,Dania Beach,P0258,1,20.03,5.0
S002959,2025-10-27,Dania Beach,P0020,1,24.25,0.0
S006061,2026-02-13,Oakland Park,P0229,2,15.22,0.0
S002995,2025-10-29,Lake Worth,P0250,1,$26.07,0.0
S000808,2025-08-02,Dania Beach,P0122,1,15.39,0.0
S003125,2025-11-02,Lake Worth,P0229,1,15.22,0.0
S003121,2025-11-02,DANIA BEACH,P0264,1,39.66,
S002990,2025-10-29,Oakland Park,P0294,2,30.88,0.0
S007250,2026-04-04,Lake Worth,P0123,1,32.28,0.0
S008142,2026-04-26,Lake Worth,P0178,1,35.29,0.0
S001392,2025-08-27,Oakland Park,P0069,1,21.4,0.0
S004963,2025-12-27,Oakland Park,P0225,2,30.83,0.0
S006657,2026-03-13,Oakland Park,P0226,2,19.09,0.0
S003877,2025-12-03,dania beach,P0250,1,$26.07,0.0
S003033,2025-10-31,Dania Beach,P0229,1,$15.22,0.0
S001420,2025-08-28,Oakland Park,P0298,1,10.79,2.0
S002792,2025-10-20,Oakland Park,P0248,1,$14.4,0.0
S000812,8/3/2025,Oakland Park,P0181,1,38.54,
S009423,2026-06-14,Dania Beach,P0113,1,15.71,0.0
S009700,2026-06-25,Dania Beach,P0233,1,22.74,5.0
S009001,2026-05-29,Lake Worth,P0104,1,23.8,0.0
S001368,2025-08-26,Dania Beach,P0028,1,22.61,
S008007,4/23/2026,Lake Worth,P0090,1,39.67,0.0
S006440,2026-03-04,Oakland Park,P0281,1,17.35,0.0
S008022,2026-04-24,Oakland Park,P0242,2,16.38,2.0
S004681,2025-12-21,Dania Beach,P0258,2,20.03,0.0
S006261,2026-02-23,Oakland Park,P0225,2,30.83,
S009703,2026-06-25,Dania Beach,P0125,1,30.0,0.0
S006085,2026-02-14,Dania Beach,P0138,1,18.5,0.0
S002993,2025-10-29,Dania Beach,P0099,2,32.17,0.0
S006546,2026-03-08,Lake Worth,P0100,1,34.67,0.0
S007759,2026-04-17,dania beach,P0025,1,37.2,0.0
S004867,2025-12-25,Dania Beach,P0109,1,19.26,0.0
S009014,2026-05-29,Dania Beach,P0004,1,33.33,0.0
S005252,2026-01-03,Dania Beach,P0246,1,14.88,0.0
S007610,4/13/2026,Dania Beach,P0250,1,26.07,
S009211,2026-06-06,Dania Beach,P0141,1,18.03,
S003521,2025-11-19,Oakland Park,P0050,1,16.14,0.0
S008943,5/26/2026,Dania Beach,P0069,1,21.4,0.0
S001584,2025-09-03,Dania Beach,P0046,1,16.17,0.0
S004934,2025-12-26,Dania Beach,P0024,1,12.01,0.0
S003553,2025-11-21,Dania Beach,P0141,1,18.03,0.0
S007584,2026-04-12,Dania Beach,P0127,1,26.3,2.0
S004496,2025-12-17,Lake Worth,P0233,1,22.74,0.0
S008181,2026-04-27,Lake Worth,P0162,1,9.66,0.0
S009130,6/2/2026,DANIA BEACH,P0040,1,30.27,0.0
S008606,2026-05-13,Oakland Park,P0143,1,33.65,5.0
S006429,2026-03-03,Lake Worth,P0138,1,18.5,0.0
S004576,2025-12-19,Dania Beach,P0174,1,$17.55,0.0
S002727,2025-10-18,Oakland Park,P0234,1,39.24,2.0
S007079,2026-03-30,Dania Beach,P0122,1,15.39,0.0
S005067,2025-12-28,dania beach,P0233,1,22.74,0.0
S003851,2025-12-02,Oakland Park,P0100,1,34.67,0.0
S001643,2025-09-06,Lake Worth,P0112,1,9.26,0.0
S008501,5/9/2026,Oakland Park,P0170,1,12.29,0.0
S000477,2025-07-20,Dania Beach,P0141,1,$18.03,0.0
S003609,2025-11-23,Lake Worth,P0091,1,10.86,0.0
S000969,8/10/2025,OAKLAND PARK,P0123,1,32.28,0.0
S001298,2025-08-23,Dania Beach,P0258,3,20.03,
S003309,2025-11-10,Dania Beach,P0236,1,32.91,2.0
S005770,1/30/2026,oakland park,P0260,1,16.34,0.0
S007761,2026-04-17,Dania Beach,P0264,1,39.66,0.0
S008201,2026-04-28,Lake Worth,P0229,1,15.22,0.0
S008282,4/30/2026,Dania Beach,P0010,1,26.25,0.0
S005222,2026-01-01,Oakland Park,P0141,1,18.03,0.0
S002889,2025-10-25,dania beach,P0183,2,39.68,0.0
S006911,2026-03-23,Lake Worth,P0090,1,39.67,2.0
S002999,2025-10-29,Oakland Park,P0050,1,16.14,0.0
S006785,2026-03-18,Oakland Park,P0133,1,$31.55,0.0
S006792,3/19/2026,Oakland Park,P0028,1,22.61,0.0
S003042,2025-10-31,Oakland Park,P0279,1,5.18,2.0
S006345,2026-02-28,Lake Worth,P0262,1,$32.15,0.0
S005317,2026-01-05,Dania Beach,P0286,1,17.06,0.0
S005307,2026-01-05,Dania Beach,P0298,1,10.79,2.0
S005226,2026-01-01,Dania Beach,P0141,1,18.03,0.0
S003455,2025-11-16,Lake Worth,P0229,1,15.22,0.0
S009646,2026-06-23,Oakland Park,P0123,1,32.28,0.0
S009047,2026-05-30,Dania Beach,P0173,1,28.8,0.0
S006819,2026-03-20,Dania Beach,P0153,1,24.73,0.0
S006193,2026-02-20,Dania Beach,P0071,1,14.0,0.0
S007580,2026-04-12,Lake Worth,P0147,1,40.67,0.0
S007976,2026-04-22,Dania Beach,P0240,1,29.77,0.0
S005673,2026-01-24,Dania Beach,P0022,1,7.3,0.0
S007193,2026-04-03,Oakland Park,P0207,1,8.62,0.0
S008531,2026-05-10,Dania Beach,P0141,1,18.03,0.0
S005941,2026-02-07,Dania Beach,P0112,1,9.26,2.0
S001087,2025-08-14,Lake Worth,P0022,1,$7.3,0.0
S001052,2025-08-13,Oakland Park,P0120,1,23.21,2.0
S007740,2026-04-16,Dania Beach,P0112,1,9.26,0.0
S000899,2025-08-06,Dania Beach,P0258,1,$20.03,0.0
S001292,2025-08-23,DANIA BEACH,P0182,1,25.07,0.0
S008343,2026-05-03,Oakland Park,P0123,1,32.28,5.0
S007554,2026-04-12,dania beach,P0121,1,26.48,0.0
S002654,2025-10-16,Dania Beach,P0037,1,16.2,0.0
S006894,2026-03-22,Dania Beach,P0258,1,20.03,0.0
S006421,3/3/2026,Oakland Park,P0131,1,$10.61,5.0
S005737,2026-01-27,OAKLAND PARK,P0063,1,32.31,
S009304,6/9/2026,Dania Beach,P0162,1,9.66,0.0
S002387,2025-10-05,Dania Beach,P0258,1,$20.03,0.0
S000894,2025-08-06,Dania Beach,P0231,1,16.4,0.0
S007647,2026-04-14,Dania Beach,P0102,1,$16.27,0.0
S001870,2025-09-14,Oakland Park,P0268,1,28.7,0.0
S001595,2025-09-03,Dania Beach,P0229,1,15.22,
S007178,2026-04-03,Dania Beach,P0238,1,9.91,0.0
S004559,2025-12-18,Oakland Park,P0023,3,36.9,0.0
S004988,2025-12-27,Oakland Park,P0209,1,38.73,0.0
S003332,2025-11-11,Oakland Park,P0099,1,32.17,0.0
S006760,2026-03-17,Oakland Park,P0250,1,26.07,
S007021,2026-03-28,OAKLAND PARK,P0099,1,$32.17,0.0
S004584,2025-12-19,Oakland Park,P0225,1,30.83,0.0
S009206,2026-06-06,Dania Beach,P0225,1,30.83,0.0
S007140,2026-04-01,Dania Beach,P0099,1,32.17,0.0
S001050,2025-08-13,Lake Worth,P0123,2,32.28,0.0
S000288,2025-07-12,Lake Worth,P0035,1,25.13,
S005894,2026-02-04,Oakland Park,P0041,1,11.22,0.0
S001102,2025-08-15,Oakland Park,P0145,2,18.52,0.0
S006220,2026-02-21,Dania Beach,P0152,1,10.83,0.0
S004644,2025-12-20,Dania Beach,P0024,2,12.01,0.0
S005511,2026-01-16,Lake Worth,P0253,2,12.31,
S002829,2025-10-22,OAKLAND PARK,P0221,1,26.83,0.0
S003439,2025-11-16,Dania Beach,P0060,1,16.29,
S002798,10/21/2025,Lake Worth,P0189,1,8.68,0.0
S009612,2026-06-21,Oakland Park,P0165,1,17.48,0.0
S003526,2025-11-20,Dania Beach,P0281,1,17.35,0.0
S002149,2025-09-26,Dania Beach,P0216,1,14.8,0.0
S002113,2025-09-25,Dania Beach,P0045,1,31.47,0.0
S007865,2026-04-19,Dania Beach,P0258,1,20.03,0.0
S008520,2026-05-10,Oakland Park,P0120,1,23.21,0.0
S008143,2026-04-26,Lake Worth,P0181,1,38.54,0.0
S007241,2026-04-04,Lake Worth,P0196,1,23.33,
S001066,2025-08-13,Dania Beach,P0258,1,20.03,0.0
S005788,2026-01-31,Lake Worth,P0124,1,14.5,0.0
S002711,2025-10-18,Lake Worth,P0141,1,18.03,0.0
S004902,2025-12-26,Dania Beach,P0042,2,16.07,0.0
S008804,5/21/2026,Oakland Park,P0281,1,17.35,0.0
S004555,2025-12-18,Dania Beach,P0250,2,26.07,0.0
S007752,2026-04-17,oakland park,P0250,1,26.07,2.0
S004604,2025-12-19,Dania Beach,P0205,1,34.1,0.0
S006669,2026-03-14,Dania Beach,P0001,1,37.04,0.0
S003913,12/4/2025,LAKE WORTH,P0028,1,22.61,0.0
S007880,2026-04-20,Dania Beach,P0023,1,36.9,0.0
S001212,2025-08-20,Lake Worth,P0181,1,38.54,0.0
S004587,2025-12-19,lake worth,P0239,2,7.76,0.0
S007532,2026-04-11,Lake Worth,P0225,1,30.83,0.0
S009291,2026-06-08,Oakland Park,P0231,1,16.4,0.0
S002063,2025-09-22,Oakland Park,P0273,1,11.49,0.0
S005776,2026-01-30,Lake Worth,P0108,1,11.87,0.0
S001342,2025-08-25,Dania Beach,P0092,1,34.43,0.0
S000094,2025-07-04,Dania Beach,P0258,1,20.03,2.0
S003085,2025-11-01,Dania Beach,P0173,3,$28.8,0.0
S005805,2026-01-31,Lake Worth,P0281,1,17.35,0.0
S008522,5/10/2026,Dania Beach,P0232,1,35.97,0.0
S005736,2026-01-27,Dania Beach,P0145,1,18.52,0.0
S009577,2026-06-20,Oakland Park,P0246,1,14.88,2.0
S000735,2025-07-31,Dania Beach,P0168,1,9.03,0.0
S006106,2026-02-15,Dania Beach,P0258,1,20.03,0.0
S006458,2026-03-04,Oakland Park,P0028,1,22.61,0.0
S003663,11/25/2025,Lake Worth,P0194,1,31.47,2.0
S009338,2026-06-11,Oakland Park,P0117,1,13.24,0.0
S002661,2025-10-16,Oakland Park,P0028,1,22.61,0.0
S002681,2025-10-17,Dania Beach,P0258,1,20.03,0.0
S005772,2026-01-30,Lake Worth,P0250,1,26.07,0.0
S006718,3/15/2026,Dania Beach,P0145,1,18.52,0.0
S005490,2026-01-15,Oakland Park,P0120,1,23.21,0.0
S000134,2025-07-06,Oakland Park,P0240,1,29.77,0.0
S002115,2025-09-25,Dania Beach,P0150,3,8.12,0.0
S008784,2026-05-20,Oakland Park,P0219,1,19.95,0.0
S009147,2026-06-03,Oakland Park,P0219,1,19.95,0.0
S004451,12/15/2025,Dania Beach,P0069,1,21.4,0.0
S005153,2025-12-30,Lake Worth,P0236,1,32.91,0.0
S004846,2025-12-24,Oakland Park,P0099,1,32.17,0.0
S007515,2026-04-11,Dania Beach,P0054,1,38.06,0.0
S007469,2026-04-10,Oakland Park,P0095,1,15.25,0.0
S008603,2026-05-13,DANIA BEACH,P0205,1,34.1,0.0
S004844,2025-12-24,Lake Worth,P0220,1,18.24,0.0
S002823,2025-10-22,Dania Beach,P0141,1,18.03,0.0
S002532,2025-10-11,Oakland Park,P0222,1,25.03,0.0
S002559,2025-10-12,Oakland Park,P0258,1,20.03,0.0
S000807,2025-08-02,Dania Beach,P0098,1,12.85,0.0
S000029,2025-07-02,Dania Beach,P0123,1,32.28,0.0
S009432,2026-06-15,Dania Beach,P0042,1,16.07,0.0
S003792,2025-12-01,DANIA BEACH,P0288,1,39.45,0.0
S003387,2025-11-14,Oakland Park,P0258,1,20.03,0.0
S008646,5/15/2026,Dania Beach,P0101,1,40.29,0.0
S000251,2025-07-10,Oakland Park,P0123,1,$32.28,0.0
S006022,2026-02-10,Oakland Park,P0250,1,26.07,0.0
S006567,2026-03-08,Oakland Park,P0147,3,$40.67,
S003012,2025-10-29,Lake Worth,P0153,1,24.73,0.0
S002928,2025-10-26,Dania Beach,P0045,1,31.47,0.0
S002179,2025-09-27,Lake Worth,P0254,1,15.72,2.0
S002844,2025-10-23,OAKLAND PARK,P0205,1,34.1,0.0
S007042,2026-03-29,Dania Beach,P0028,1,22.61,2.0
S004538,12/18/2025,Lake Worth,P0253,2,12.31,0.0
S006542,2026-03-08,Dania Beach,P0179,1,10.96,0.0
S009416,6/14/2026,Dania Beach,P0270,2,13.93,0.0
S003979,2025-12-05,Oakland Park,P0096,1,17.3,0.0
S003565,2025-11-21,Oakland Park,P0003,1,11.11,0.0
S001856,2025-09-14,dania beach,P0085,1,28.45,0.0
S000201,2025-07-07,Lake Worth,P0182,1,25.07,0.0
S006509,2026-03-07,Dania Beach,P0075,1,16.43,0.0
S005871,2026-02-03,Oakland Park,P0042,1,16.07,0.0
S004814,2025-12-24,Oakland Park,P0258,1,20.03,0.0
S005952,2026-02-07,Oakland Park,P0058,1,6.59,
S007715,2026-04-15,Oakland Park,P0176,1,38.34,2.0
S002632,2025-10-14,Oakland Park,P0233,2,22.74,0.0
S000687,2025-07-29,Oakland Park,P0138,1,18.5,0.0
S001855,2025-09-14,Oakland Park,P0148,1,17.71,0.0
S008195,4/27/2026,Dania Beach,P0100,1,34.67,0.0
S002419,2025-10-05,Oakland Park,P0209,2,38.73,5.0
S007870,4/19/2026,Dania Beach,P0122,1,15.39,0.0
S004299,2025-12-13,Dania Beach,P0129,1,7.89,5.0
S000318,2025-07-13,Dania Beach,P0028,1,22.61,2.0
S002977,2025-10-28,Lake Worth,P0157,2,8.43,0.0
S006339,2026-02-27,Dania Beach,P0141,3,18.03,0.0
S003243,2025-11-08,Oakland Park,P0058,1,6.59,0.0
S009378,2026-06-13,Oakland Park,P0250,1,26.07,2.0
S004786,2025-12-23,Lake Worth,P0031,1,23.06,0.0
S008363,2026-05-04,Lake Worth,P0186,1,8.27,0.0
S009716,2026-06-26,Dania Beach,P0269,1,19.37,2.0
S007390,2026-04-08,Oakland Park,P0080,1,3.25,0.0
S005379,1/9/2026,Oakland Park,P0225,1,30.83,0.0
S008740,2026-05-18,Lake Worth,P0068,1,18.85,0.0
S000058,2025-07-03,Dania Beach,P0258,2,20.03,5.0
S006124,2026-02-16,Dania Beach,P0267,1,35.08,0.0
S003143,2025-11-03,Oakland Park,P0077,2,38.06,0.0
S005392,1/9/2026,Oakland Park,P0122,2,15.39,5.0
S001434,2025-08-28,Lake Worth,P0011,1,31.32,0.0
S002312,10/2/2025,Oakland Park,P0258,1,20.03,0.0
S004129,2025-12-09,oakland park,P0097,1,11.18,0.0
S004256,12/12/2025,Oakland Park,P0197,1,24.23,0.0
S007300,2026-04-05,Dania Beach,P0102,1,16.27,0.0
S007411,2026-04-08,Oakland Park,P0156,1,33.24,5.0
S000295,2025-07-12,Oakland Park,P0149,1,20.51,0.0
S008432,2026-05-07,Dania Beach,P0145,1,18.52,0.0
S008098,2026-04-25,Oakland Park,P0281,1,17.35,0.0
S006906,2026-03-23,Oakland Park,P0095,1,15.25,0.0
S007000,2026-03-28,Lake Worth,P0229,1,15.22,2.0
S003765,2025-11-30,Oakland Park,P0082,1,11.34,0.0
S006811,2026-03-19,Oakland Park,P0181,1,38.54,0.0
S005407,2026-01-10,Dania Beach,P0141,1,18.03,0.0
S000647,2025-07-27,Oakland Park,P0013,1,19.04,0.0
S003753,2025-11-29,Lake Worth,P0286,1,17.06,
S009693,2026-06-25,oakland park,P0120,1,23.21,0.0
S006787,2026-03-18,Dania Beach,P0278,1,27.49,0.0
S009387,2026-06-13,Dania Beach,P0258,1,20.03,0.0
S006104,2026-02-15,Oakland Park,P0099,1,32.17,0.0
S002161,2025-09-27,Dania Beach,P0120,1,23.21,0.0
S001784,2025-09-11,Oakland Park,P0124,1,14.5,2.0
S006952,2026-03-25,Dania Beach,P0123,1,32.28,0.0
S003340,2025-11-12,Dania Beach,P0145,1,18.52,0.0
S006835,2026-03-20,Oakland Park,P0286,1,17.06,2.0
S005463,1/13/2026,Oakland Park,P0199,1,11.97,0.0
S003625,2025-11-24,Lake Worth,P0001,1,37.04,
S006380,2026-03-01,Lake Worth,P0050,1,16.14,0.0
S001669,2025-09-06,Dania Beach,P0045,1,31.47,0.0
S003210,11/6/2025,Dania Beach,P0258,1,20.03,2.0
S000911,2025-08-07,Dania Beach,P0207,1,8.62,0.0
S003087,2025-11-01,Oakland Park,P0258,1,20.03,0.0
S006904,2026-03-23,Oakland Park,P0126,1,18.39,5.0
S009469,2026-06-16,Oakland Park,P0296,1,10.05,0.0
S009370,6/13/2026,Lake Worth,P0276,1,$10.98,0.0
S006752,2026-03-17,Dania Beach,P0233,1,22.74,0.0
S005560,2026-01-18,Dania Beach,P0141,1,18.03,2.0
S007249,2026-04-04,Lake Worth,P0218,1,12.89,0.0
S002849,2025-10-23,Lake Worth,P0167,2,11.11,0.0
S006163,2026-02-19,Lake Worth,P0058,1,6.59,0.0
S005743,2026-01-28,Dania Beach,P0258,1,20.03,2.0
S003544,2025-11-21,Dania Beach,P0258,1,20.03,0.0
S000604,2025-07-26,Oakland Park,P0115,1,35.88,0.0
S001929,2025-09-17,Dania Beach,P0100,3,34.67,0.0
S007626,2026-04-13,Lake Worth,P0298,1,10.79,0.0
S009826,2026-06-30,Lake Worth,P0258,1,20.03,0.0
S003791,2025-12-01,Dania Beach,P0113,1,15.71,0.0
S005881,2026-02-03,Dania Beach,P0125,2,30.0,0.0
S008169,2026-04-27,Lake Worth,P0277,1,$12.14,0.0
S007745,2026-04-16,Dania Beach,P0294,3,30.88,0.0
S004197,2025-12-10,OAKLAND PARK,P0239,1,7.76,0.0
S001883,2025-09-15,Dania Beach,P0099,1,$32.17,2.0
S004236,2025-12-11,Dania Beach,P0120,1,23.21,0.0
S008073,2026-04-25,Oakland Park,P0136,1,34.18,0.0
S002192,2025-09-28,Lake Worth,P0293,1,17.47,0.0
S007517,4/11/2026,Dania Beach,P0258,1,20.03,0.0
S003933,2025-12-04,Lake Worth,P0126,2,18.39,0.0
S005270,2026-01-03,Oakland Park,P0004,1,33.33,0.0
S009199,2026-06-06,Dania Beach,P0258,1,20.03,0.0
S003991,2025-12-06,Dania Beach,P0258,1,20.03,0.0
S006292,2026-02-26,Lake Worth,P0215,1,5.21,0.0
S006728,2026-03-16,Oakland Park,P0145,1,18.52,2.0
S008115,2026-04-26,Lake Worth,P0137,1,34.89,0.0
S008058,2026-04-25,Oakland Park,P0250,1,26.07,0.0
S001955,2025-09-18,Dania Beach,P0006,1,18.74,0.0
S002281,10/1/2025,Dania Beach,P0028,1,22.61,2.0
S008313,2026-05-02,Dania Beach,P0059,1,27.7,0.0
S002887,2025-10-25,Oakland Park,P0199,1,11.97,0.0
S005755,2026-01-29,Lake Worth,P0275,1,12.12,0.0
S007493,2026-04-10,Dania Beach,P0028,1,22.61,0.0
S001771,2025-09-10,Lake Worth,P0068,1,$18.85,2.0
S006569,2026-03-09,Dania Beach,P0008,1,23.36,2.0
S005472,2026-01-14,Dania Beach,P0253,1,12.31,5.0
S004393,2025-12-14,Dania Beach,P0229,1,15.22,0.0
S003927,2025-12-04,Oakland Park,P0224,1,$28.47,2.0
S001708,2025-09-07,Lake Worth,P0026,1,24.77,0.0
S003841,12/2/2025,Lake Worth,P0181,1,38.54,2.0
S006287,2026-02-25,Dania Beach,P0258,1,20.03,0.0
S006470,2026-03-05,Dania Beach,P0134,1,13.77,0.0
S005212,2025-12-31,Oakland Park,P0009,1,10.82,0.0
S008401,2026-05-05,Dania Beach,P0113,2,15.71,0.0
S003375,2025-11-13,Dania Beach,P0092,2,34.43,0.0
S009575,2026-06-20,Oakland Park,P0155,1,33.74,0.0
S001964,2025-09-19,Oakland Park,P0285,1,24.04,0.0
S002218,2025-09-28,Dania Beach,P0197,1,24.23,0.0
S000509,2025-07-21,Dania Beach,P0173,1,28.8,0.0
S003662,11/25/2025,Dania Beach,P0211,1,28.43,5.0
S002899,2025-10-25,LAKE WORTH,P0050,1,$16.14,
S001223,2025-08-20,Oakland Park,P0255,1,34.26,0.0
S002261,2025-09-30,Dania Beach,P0016,1,9.61,0.0
S007631,2026-04-13,Dania Beach,P0263,1,24.16,0.0
S005651,2026-01-23,Oakland Park,P0138,1,18.5,0.0
S003186,11/5/2025,Oakland Park,P0180,1,14.34,
S005951,2026-02-07,Dania Beach,P0258,3,20.03,0.0
S005418,2026-01-11,DANIA BEACH,P0182,1,25.07,0.0
S006467,2026-03-05,Dania Beach,P0102,1,16.27,0.0
S000208,2025-07-08,Lake Worth,P0271,1,13.23,0.0
S004774,12/23/2025,Oakland Park,P0265,1,19.55,0.0
S006949,2026-03-25,Dania Beach,P0057,1,31.85,0.0
S001017,2025-08-11,OAKLAND PARK,P0227,1,22.7,0.0
S007364,2026-04-07,Lake Worth,P0103,1,23.52,0.0
S007815,2026-04-18,Lake Worth,P0279,1,5.18,0.0
S000175,2025-07-06,Oakland Park,P0138,1,18.5,2.0
S003165,2025-11-04,Dania Beach,P0146,1,36.76,2.0
S009479,2026-06-16,Lake Worth,P0251,1,16.69,0.0
S005140,2025-12-30,Dania Beach,P0004,1,33.33,0.0
S001769,2025-09-10,Dania Beach,P0176,1,38.34,0.0
S006114,2026-02-15,Dania Beach,P0063,1,32.31,0.0
S006799,2026-03-19,Dania Beach,P0258,1,20.03,0.0
S007373,2026-04-07,Dania Beach,P0091,1,10.86,0.0
S007915,4/21/2026,Dania Beach,P0079,1,38.19,0.0
S006875,2026-03-22,Dania Beach,P0123,2,32.28,0.0
S005390,1/9/2026,Dania Beach,P0181,2,38.54,0.0
S003535,2025-11-20,Dania Beach,P0225,1,$30.83,
S000552,2025-07-24,Dania Beach,P0016,1,9.61,0.0
S001331,2025-08-24,Oakland Park,P0272,1,18.29,0.0
S009642,2026-06-22,Dania Beach,P0253,1,$12.31,0.0
S007293,2026-04-05,Oakland Park,P0250,1,26.07,
S006833,2026-03-20,Dania Beach,P0258,1,20.03,2.0
S007739,2026-04-16,Dania Beach,P0107,3,35.69,2.0
S000038,2025-07-02,Dania Beach,P0068,1,18.85,0.0
S000767,2025-08-01,Dania Beach,P0104,1,23.8,0.0
S004119,2025-12-09,Dania Beach,P0077,1,38.06,0.0
S007158,2026-04-02,Oakland Park,P0063,1,32.31,
S001360,2025-08-26,DANIA BEACH,P0229,1,15.22,0.0
S007697,4/15/2026,Dania Beach,P0099,1,32.17,0.0
S009072,2026-05-31,Lake Worth,P0296,1,10.05,
S001790,2025-09-11,Lake Worth,P0156,1,33.24,
S008198,2026-04-27,Lake Worth,P0112,1,9.26,0.0
S004781,2025-12-23,Oakland Park,P0251,1,16.69,0.0
S003815,2025-12-01,Dania Beach,P0058,1,6.59,0.0
S007153,2026-04-02,Oakland Park,P0177,1,14.51,0.0
S004792,2025-12-23,Oakland Park,P0258,1,20.03,0.0
S006087,2026-02-14,Lake Worth,P0156,1,33.24,2.0
S000934,2025-08-08,Dania Beach,P0122,1,15.39,0.0
S009827,2026-06-30,Dania Beach,P0259,1,34.69,0.0
S004785,2025-12-23,Dania Beach,P0084,1,8.22,0.0
S000627,7/26/2025,Oakland Park,P0060,1,16.29,0.0
S006394,2026-03-02,Dania Beach,P0244,1,7.54,2.0
S009697,2026-06-25,Lake Worth,P0258,1,$20.03,5.0
S007720,2026-04-15,Lake Worth,P0260,1,$16.34,0.0
S005619,2026-01-21,Lake Worth,P0137,1,34.89,0.0
S003447,2025-11-16,Oakland Park,P0268,2,28.7,0.0
S005731,2026-01-27,Dania Beach,P0107,1,35.69,0.0
S001892,9/15/2025,Oakland Park,P0144,1,39.21,2.0
S002442,2025-10-06,Dania Beach,P0258,1,$20.03,0.0
S002836,2025-10-22,DANIA BEACH,P0298,1,10.79,0.0
S005194,2025-12-31,Oakland Park,P0024,1,12.01,0.0
S002462,2025-10-07,dania beach,P0105,1,41.09,0.0
S006418,2026-03-03,Lake Worth,P0001,2,37.04,0.0
S001656,9/6/2025,Oakland Park,P0081,1,12.2,0.0
S004607,2025-12-20,Lake Worth,P0170,1,12.29,
S001953,2025-09-18,Dania Beach,P0014,1,41.58,0.0
S007095,2026-03-31,Oakland Park,P0281,1,17.35,0.0
S001120,2025-08-16,dania beach,P0258,1,20.03,0.0
S000965,2025-08-10,Lake Worth,P0107,1,35.69,0.0
S007289,4/5/2026,Dania Beach,P0132,1,38.62,0.0
S006858,2026-03-21,lake worth,P0229,1,15.22,2.0
S002740,2025-10-19,Dania Beach,P0258,1,20.03,0.0
S009508,2026-06-18,Oakland Park,P0229,1,15.22,0.0
S001835,2025-09-13,Lake Worth,P0025,1,37.2,0.0
S003511,2025-11-19,OAKLAND PARK,P0023,3,36.9,0.0
S000092,2025-07-04,Dania Beach,P0190,1,31.63,0.0
S007005,2026-03-28,Dania Beach,P0134,1,13.77,0.0
S002583,2025-10-13,Dania Beach,P0107,2,35.69,0.0
S005530,2026-01-17,Dania Beach,P0120,1,23.21,0.0
S008465,2026-05-08,Oakland Park,P0257,1,21.09,0.0
S007893,2026-04-20,Dania Beach,P0284,1,$19.93,0.0
S004859,2025-12-25,DANIA BEACH,P0141,1,18.03,0.0
S000416,2025-07-17,Dania Beach,P0072,1,23.85,0.0
S006955,2026-03-25,Dania Beach,P0124,1,14.5,0.0
S004837,2025-12-24,Lake Worth,P0245,1,30.57,0.0
S001497,2025-08-30,Dania Beach,P0193,1,15.19,0.0
S007869,2026-04-19,Oakland Park,P0199,1,11.97,0.0
S004283,2025-12-12,Oakland Park,P0141,1,18.03,0.0
S006254,2026-02-23,Oakland Park,P0198,1,5.19,0.0
S009289,2026-06-08,DANIA BEACH,P0229,1,15.22,0.0
S005063,2025-12-28,DANIA BEACH,P0258,1,20.03,0.0
S004271,2025-12-12,Oakland Park,P0123,1,32.28,5.0
S004038,2025-12-07,Dania Beach,P0028,1,22.61,0.0
S007138,2026-04-01,Dania Beach,P0123,1,32.28,0.0
S002767,2025-10-19,Oakland Park,P0010,1,26.25,0.0
S006584,2026-03-09,LAKE WORTH,P0294,1,30.88,0.0
S007206,2026-04-04,Dania Beach,P0229,1,15.22,0.0
S003382,2025-11-13,Oakland Park,P0107,2,35.69,0.0
S000210,2025-07-08,Dania Beach,P0023,1,$36.9,5.0
S003257,2025-11-08,DANIA BEACH,P0265,1,$19.55,2.0
S006338,2026-02-27,Oakland Park,P0202,1,27.95,0.0
S007920,2026-04-21,Oakland Park,P0196,1,23.33,0.0
S005016,2025-12-28,OAKLAND PARK,P0183,1,39.68,0.0
S007058,3/30/2026,Oakland Park,P0153,1,24.73,2.0
S001908,2025-09-16,Dania Beach,P0258,3,20.03,0.0
S004431,2025-12-15,Dania Beach,P0083,1,9.28,0.0
S005869,2026-02-03,OAKLAND PARK,P0169,1,28.05,0.0
S001754,2025-09-09,Dania Beach,P0258,1,20.03,0.0
S006310,2026-02-26,Dania Beach,P0112,1,9.26,0.0
S002297,2025-10-02,Lake Worth,P0249,2,24.88,0.0
S001290,2025-08-23,Lake Worth,P0249,1,24.88,0.0
S007416,2026-04-08,Lake Worth,P0138,1,18.5,5.0
S005837,2026-02-01,Oakland Park,P0250,1,26.07,0.0
S007750,2026-04-16,Oakland Park,P0231,1,16.4,0.0
S005918,2/5/2026,Dania Beach,P0032,1,10.89,
S002699,2025-10-18,Oakland Park,P0232,1,35.97,
S007456,2026-04-09,Dania Beach,P0196,1,23.33,0.0
S008539,2026-05-10,Oakland Park,P0040,1,30.27,0.0
S002555,2025-10-11,Dania Beach,P0298,1,10.79,2.0
S002952,2025-10-27,Dania Beach,P0293,1,17.47,2.0
S005425,2026-01-11,Dania Beach,P0258,1,20.03,0.0
S003054,2025-10-31,Lake Worth,P0229,1,15.22,0.0
S006328,2026-02-27,Dania Beach,P0250,1,26.07,0.0
S004598,2025-12-19,Oakland Park,P0244,1,7.54,0.0
S009268,2026-06-07,Dania Beach,P0228,1,12.36,0.0
S009501,2026-06-17,Lake Worth,P0169,1,28.05,0.0
S007120,4/1/2026,Oakland Park,P0045,1,31.47,0.0
S008823,2026-05-21,Dania Beach,P0138,1,18.5,0.0
S009020,2026-05-30,Lake Worth,P0229,1,15.22,0.0
S006101,2026-02-15,Oakland Park,P0147,1,40.67,5.0
S002666,2025-10-16,Dania Beach,P0054,1,38.06,5.0
S007957,2026-04-22,Oakland Park,P0253,1,12.31,0.0
S002796,2025-10-21,OAKLAND PARK,P0258,1,20.03,2.0
S004714,2025-12-21,Dania Beach,P0008,1,23.36,0.0
S006939,2026-03-24,Oakland Park,P0178,1,35.29,0.0
S009522,2026-06-18,Dania Beach,P0250,2,26.07,0.0
S002938,2025-10-26,Oakland Park,P0166,1,26.78,5.0
S000118,2025-07-05,lake worth,P0153,1,24.73,0.0
S008979,2026-05-28,Dania Beach,P0054,1,38.06,0.0
S002499,2025-10-09,Dania Beach,P0112,2,9.26,0.0
S004525,2025-12-17,Dania Beach,P0233,1,22.74,0.0
S005486,2026-01-15,Dania Beach,P0100,1,34.67,0.0
S004008,2025-12-06,OAKLAND PARK,P0157,1,8.43,0.0
S008338,2026-05-03,DANIA BEACH,P0141,1,18.03,0.0
S002002,2025-09-20,Dania Beach,P0132,1,38.62,0.0
S005278,2026-01-04,Oakland Park,P0022,2,7.3,0.0
S002434,2025-10-06,Dania Beach,P0279,1,5.18,0.0
S008932,2026-05-25,Dania Beach,P0008,1,23.36,2.0
S005551,2026-01-18,Oakland Park,P0107,1,35.69,0.0
S005049,2025-12-28,Dania Beach,P0102,1,16.27,0.0
S005024,2025-12-28,Dania Beach,P0173,1,28.8,0.0
S004027,2025-12-06,Lake Worth,P0141,1,18.03,0.0
S000753,2025-07-31,Dania Beach,P0108,1,11.87,5.0
S005606,2026-01-21,Lake Worth,P0022,3,7.3,0.0
S005182,2025-12-31,Oakland Park,P0189,1,8.68,0.0
S004375,2025-12-14,Oakland Park,P0229,1,15.22,0.0
S004720,2025-12-22,Dania Beach,P0253,1,12.31,0.0
S004002,2025-12-06,Dania Beach,P0141,1,18.03,2.0
S000727,2025-07-30,Oakland Park,P0132,1,38.62,0.0
S007093,3/31/2026,Lake Worth,P0103,1,23.52,0.0
S007239,2026-04-04,Oakland Park,P0271,2,13.23,0.0
S006740,2026-03-16,Oakland Park,P0123,1,32.28,0.0
S004272,12/12/2025,Oakland Park,P0258,2,20.03,0.0
S005157,12/30/2025,Lake Worth,P0250,1,26.07,0.0
S007410,2026-04-08,Oakland Park,P0209,2,38.73,0.0
S005868,2026-02-03,Oakland Park,P0258,1,20.03,0.0
S008332,2026-05-03,Dania Beach,P0225,1,30.83,0.0
S001153,8/17/2025,Oakland Park,P0157,1,8.43,0.0
S005989,2026-02-08,Oakland Park,P0230,1,15.88,0.0
S009757,2026-06-27,Dania Beach,P0192,1,9.96,0.0
S003550,2025-11-21,Oakland Park,P0221,1,26.83,0.0
S009585,2026-06-21,Dania Beach,P0138,1,18.5,0.0
S009465,2026-06-16,Dania Beach,P0114,2,22.91,0.0
S002309,2025-10-02,Oakland Park,P0214,1,40.55,0.0
S004082,2025-12-07,Oakland Park,P0172,1,16.93,0.0
S001468,8/30/2025,Lake Worth,P0069,1,$21.4,0.0
S001782,2025-09-11,Oakland Park,P0147,1,40.67,
S008129,2026-04-26,Dania Beach,P0006,1,18.74,0.0
S008287,2026-05-01,Lake Worth,P0140,1,17.16,2.0
S009605,2026-06-21,Oakland Park,P0272,1,18.29,0.0
S000264,2025-07-11,Oakland Park,P0010,2,26.25,0.0
S009195,2026-06-06,Oakland Park,P0123,1,$32.28,0.0
S000713,2025-07-30,Lake Worth,P0196,1,23.33,0.0
S005350,2026-01-08,Dania Beach,P0106,1,14.38,0.0
S005518,2026-01-16,Oakland Park,P0258,3,20.03,0.0
S004078,12/7/2025,Lake Worth,P0250,1,26.07,2.0
S008323,2026-05-02,Dania Beach,P0250,1,26.07,2.0
S002811,2025-10-21,Dania Beach,P0141,1,18.03,0.0
S001570,2025-09-02,lake worth,P0247,1,11.6,5.0
S007451,2026-04-09,Dania Beach,P0021,1,20.19,
S005548,2026-01-18,OAKLAND PARK,P0123,1,32.28,
S007814,2026-04-18,LAKE WORTH,P0028,1,22.61,0.0
S005888,2026-02-04,Oakland Park,P0137,1,34.89,
S006096,2026-02-15,Dania Beach,P0170,2,$12.29,0.0
S004077,2025-12-07,Oakland Park,P0239,1,7.76,0.0
S007330,2026-04-06,Dania Beach,P0069,1,21.4,0.0
S007950,2026-04-22,oakland park,P0072,1,23.85,0.0
S001609,9/4/2025,Lake Worth,P0122,1,15.39,0.0
S005345,1/7/2026,Lake Worth,P0198,1,5.19,0.0
S007898,2026-04-20,OAKLAND PARK,P0060,1,16.29,5.0
S006786,2026-03-18,Dania Beach,P0077,1,38.06,0.0
S006264,2/23/2026,Dania Beach,P0098,1,12.85,0.0
S005354,2026-01-08,Dania Beach,P0055,1,18.49,0.0
S004321,2025-12-13,dania beach,P0229,1,15.22,0.0
S006882,2026-03-22,Dania Beach,P0157,1,8.43,0.0
S002163,2025-09-27,Dania Beach,P0229,1,15.22,0.0
S006062,2026-02-13,Lake Worth,P0225,1,30.83,0.0
S007035,2026-03-29,Lake Worth,P0042,1,16.07,0.0
S004498,2025-12-17,Dania Beach,P0157,1,8.43,0.0
S003675,2025-11-26,Dania Beach,P0176,1,38.34,0.0
S002891,10/25/2025,Dania Beach,P0249,1,24.88,0.0
S007535,2026-04-11,Lake Worth,P0058,1,6.59,0.0
S001718,2025-09-08,Oakland Park,P0178,2,35.29,0.0
S004031,2025-12-07,Dania Beach,P0258,1,20.03,0.0
S002684,2025-10-17,Oakland Park,P0258,1,20.03,5.0
S009743,2026-06-27,Lake Worth,P0122,1,15.39,5.0
S005900,2026-02-04,Dania Beach,P0028,1,22.61,0.0
S002689,2025-10-17,Oakland Park,P0229,1,15.22,0.0
S003350,2025-11-12,Lake Worth,P0099,1,$32.17,0.0
S000369,2025-07-15,Dania Beach,P0153,1,24.73,0.0
S004660,2025-12-20,Oakland Park,P0272,1,18.29,
S004973,12/27/2025,Dania Beach,P0028,1,22.61,5.0
S006000,2026-02-09,Dania Beach,P0273,1,11.49,0.0
S008057,4/25/2026,Lake Worth,P0250,1,26.07,5.0
S000898,2025-08-06,Dania Beach,P0090,1,39.67,0.0
S006368,2026-03-01,Oakland Park,P0258,2,$20.03,0.0
S004383,2025-12-14,Dania Beach,P0283,1,41.77,0.0
S007327,2026-04-06,Dania Beach,P0153,1,24.73,0.0
S008960,2026-05-27,Dania Beach,P0123,1,32.28,0.0
S005774,2026-01-30,Oakland Park,P0158,3,15.94,5.0
S008664,2026-05-15,Lake Worth,P0077,2,38.06,0.0
S008598,2026-05-13,Dania Beach,P0206,1,25.28,0.0
S004976,2025-12-27,Dania Beach,P0258,1,20.03,0.0
S008673,2026-05-16,Dania Beach,P0149,1,20.51,0.0
S006957,3/25/2026,Oakland Park,P0028,1,$22.61,0.0
S003853,2025-12-02,Dania Beach,P0233,1,$22.74,5.0
S006355,2/28/2026,Dania Beach,P0028,1,22.61,0.0
S007014,2026-03-28,Oakland Park,P0266,1,28.75,0.0
S007031,2026-03-29,Oakland Park,P0175,1,10.78,0.0
S002985,2025-10-28,Lake Worth,P0091,1,10.86,0.0
S000603,7/26/2025,Lake Worth,P0298,1,10.79,0.0
S009042,5/30/2026,Oakland Park,P0013,1,19.04,0.0
S008822,2026-05-21,Oakland Park,P0229,1,15.22,0.0
S009148,2026-06-03,Lake Worth,P0159,1,5.86,0.0
S004142,2025-12-09,Oakland Park,P0286,1,17.06,0.0
S003895,2025-12-03,dania beach,P0248,1,14.4,0.0
S007292,2026-04-05,Oakland Park,P0085,1,28.45,0.0
S005891,2026-02-04,Oakland Park,P0157,1,8.43,0.0
S007695,2026-04-15,Dania Beach,P0258,1,$20.03,0.0
S007439,2026-04-09,Dania Beach,P0229,1,15.22,0.0
S004966,2025-12-27,Dania Beach,P0288,1,39.45,0.0
S003745,2025-11-29,Oakland Park,P0028,1,22.61,0.0
S005020,2025-12-28,Oakland Park,P0051,1,31.0,0.0
S003229,2025-11-07,Dania Beach,P0171,1,15.79,0.0
S006082,2026-02-14,Oakland Park,P0087,1,10.56,0.0
S005984,2/8/2026,Lake Worth,P0120,1,23.21,0.0
S003858,2025-12-02,Oakland Park,P0052,1,20.69,0.0
S005566,2026-01-19,Lake Worth,P0102,1,16.27,0.0
S002544,2025-10-11,oakland park,P0119,2,10.1,0.0
S006348,2/28/2026,Dania Beach,P0008,1,23.36,0.0
S002504,10/9/2025,Lake Worth,P0123,1,32.28,0.0
S009330,2026-06-11,Oakland Park,P0172,1,16.93,5.0
S007472,2026-04-10,Dania Beach,P0231,2,16.4,5.0
S007321,4/6/2026,Dania Beach,P0288,1,39.45,0.0
S008749,2026-05-18,Oakland Park,P0258,2,20.03,2.0
S009165,2026-06-04,Lake Worth,P0176,1,38.34,0.0
S002517,2025-10-10,Oakland Park,P0116,1,38.74,0.0
S006055,2026-02-13,Dania Beach,P0227,1,22.7,5.0
S001946,2025-09-18,Dania Beach,P0229,1,15.22,0.0
S006203,2026-02-21,Dania Beach,P0258,1,20.03,0.0
S008873,2026-05-23,DANIA BEACH,P0258,2,20.03,2.0
S005331,2026-01-06,Dania Beach,P0028,2,22.61,0.0
S001998,2025-09-20,Dania Beach,P0284,1,19.93,2.0
S006042,2026-02-12,Dania Beach,P0028,1,22.61,0.0
S002609,2025-10-14,Dania Beach,P0170,1,12.29,0.0
S000429,2025-07-18,Oakland Park,P0281,1,17.35,0.0
S009825,2026-06-30,Dania Beach,P0281,1,$17.35,0.0
S000938,2025-08-08,Dania Beach,P0181,1,38.54,0.0
S000320,2025-07-13,Oakland Park,P0187,1,8.33,0.0
S006039,2026-02-12,Oakland Park,P0181,1,38.54,0.0
S008209,2026-04-28,Oakland Park,P0196,1,23.33,0.0
S000623,2025-07-26,Dania Beach,P0233,2,22.74,0.0
S009080,2026-06-01,Dania Beach,P0016,1,9.61,0.0
S009478,2026-06-16,lake worth,P0211,1,28.43,5.0
S000955,2025-08-09,Dania Beach,P0138,1,18.5,
S007360,2026-04-07,Lake Worth,P0138,1,18.5,0.0
S008869,5/23/2026,oakland park,P0028,1,22.61,0.0
S006988,2026-03-27,Oakland Park,P0028,2,22.61,0.0
S004440,2025-12-15,Lake Worth,P0222,1,25.03,5.0
S006967,3/26/2026,Dania Beach,P0227,1,22.7,0.0
S006136,2026-02-17,Oakland Park,P0278,1,27.49,0.0
S008729,2026-05-18,Lake Worth,P0258,1,20.03,5.0
S003573,2025-11-22,Oakland Park,P0033,3,13.41,0.0
S005393,2026-01-10,OAKLAND PARK,P0109,1,19.26,0.0
S003871,12/3/2025,Dania Beach,P0077,1,38.06,0.0
S005726,2026-01-27,Oakland Park,P0232,1,35.97,
S004255,12/12/2025,LAKE WORTH,P0113,1,15.71,0.0
S007230,2026-04-04,Dania Beach,P0028,1,22.61,0.0
S001891,2025-09-15,oakland park,P0268,1,28.7,0.0
S006931,2026-03-24,Dania Beach,P0185,1,20.14,0.0
S008214,2026-04-28,Oakland Park,P0033,1,13.41,0.0
S009783,2026-06-28,Oakland Park,P0153,1,24.73,0.0
S004527,2025-12-17,Oakland Park,P0233,1,22.74,0.0
S008365,5/4/2026,Dania Beach,P0196,1,23.33,0.0
S001881,2025-09-15,Dania Beach,P0253,1,12.31,5.0
S004081,2025-12-07,Dania Beach,P0141,1,18.03,0.0
S006524,2026-03-07,Dania Beach,P0145,1,18.52,0.0
S006974,2026-03-26,Dania Beach,P0015,1,10.97,0.0
S007995,2026-04-23,Dania Beach,P0089,1,38.61,0.0
S007032,3/29/2026,Lake Worth,P0068,1,18.85,2.0
S003124,2025-11-02,Dania Beach,P0152,1,10.83,0.0
S000569,2025-07-24,Dania Beach,P0005,1,12.32,0.0
S001520,2025-08-31,Oakland Park,P0165,1,17.48,0.0
S008841,2026-05-22,Lake Worth,P0229,1,15.22,0.0
S003647,2025-11-25,Oakland Park,P0074,1,23.62,0.0
S003326,2025-11-11,Oakland Park,P0201,1,37.27,0.0
S008601,5/13/2026,dania beach,P0258,1,20.03,2.0
S004378,2025-12-14,Oakland Park,P0236,1,32.91,0.0
S001114,2025-08-16,Oakland Park,P0181,1,38.54,0.0
S004122,2025-12-09,Lake Worth,P0052,1,20.69,0.0
S003564,2025-11-21,Oakland Park,P0197,1,24.23,0.0
S003978,12/5/2025,Oakland Park,P0069,1,21.4,0.0
S001715,2025-09-07,Dania Beach,P0226,1,19.09,0.0
S008992,2026-05-28,Dania Beach,P0054,1,38.06,0.0
S004105,2025-12-08,Oakland Park,P0122,1,$15.39,0.0
S008709,2026-05-17,Dania Beach,P0258,2,20.03,0.0
S000451,2025-07-19,Oakland Park,P0251,2,16.69,0.0
S004812,2025-12-24,Lake Worth,P0234,1,39.24,0.0
S008308,2026-05-02,DANIA BEACH,P0145,1,18.52,0.0
S008127,2026-04-26,Oakland Park,P0234,1,$39.24,0.0
S003020,2025-10-30,Oakland Park,P0053,1,11.0,0.0
S008700,2026-05-17,Oakland Park,P0053,2,11.0,0.0
S006992,2026-03-27,Dania Beach,P0258,1,20.03,2.0
S008316,2026-05-02,Oakland Park,P0122,1,15.39,0.0
S004327,2025-12-13,Oakland Park,P0258,1,20.03,0.0
S007136,4/1/2026,Dania Beach,P0097,1,11.18,0.0
S005765,2026-01-30,Dania Beach,P0045,1,31.47,0.0
S007007,2026-03-28,Oakland Park,P0264,1,39.66,0.0
S003685,11/26/2025,Oakland Park,P0294,1,30.88,
S009298,2026-06-09,Oakland Park,P0120,1,23.21,0.0
S004420,2025-12-15,Dania Beach,P0272,1,18.29,0.0
S005875,2026-02-03,Lake Worth,P0099,1,32.17,0.0
S005698,2026-01-25,lake worth,P0141,1,18.03,0.0
S001853,2025-09-14,Oakland Park,P0124,1,14.5,0.0
S008413,2026-05-06,Oakland Park,P0120,1,23.21,5.0
S008813,5/21/2026,Lake Worth,P0180,1,14.34,0.0
S005440,2026-01-12,Oakland Park,P0229,1,15.22,0.0
S003622,2025-11-23,Dania Beach,P0209,1,38.73,0.0
S003158,2025-11-04,Dania Beach,P0009,1,10.82,0.0
S003073,2025-11-01,Lake Worth,P0199,1,$11.97,0.0
S002416,2025-10-05,Dania Beach,P0151,1,22.36,0.0
S008736,2026-05-18,Lake Worth,P0120,1,23.21,0.0
S001885,2025-09-15,Dania Beach,P0258,1,20.03,0.0
S009615,2026-06-21,oakland park,P0120,1,23.21,0.0
S009704,2026-06-25,Dania Beach,P0152,1,10.83,0.0
S006652,2026-03-13,oakland park,P0209,1,38.73,
S002761,2025-10-19,Dania Beach,P0100,1,34.67,0.0
S007562,2026-04-12,Oakland Park,P0141,1,18.03,0.0
S003763,2025-11-30,Dania Beach,P0258,1,20.03,0.0
S008469,2026-05-08,Oakland Park,P0238,1,9.91,0.0
S007981,2026-04-23,Dania Beach,P0161,2,$43.05,0.0
S008009,4/23/2026,Oakland Park,P0234,1,39.24,0.0
S001178,2025-08-18,Oakland Park,P0042,1,16.07,0.0
S008944,2026-05-26,Oakland Park,P0215,1,5.21,0.0
S004678,2025-12-21,Oakland Park,P0028,1,22.61,0.0
S009794,2026-06-29,Lake Worth,P0121,1,26.48,5.0
S002953,2025-10-27,Dania Beach,P0058,1,6.59,0.0
S007646,4/14/2026,Oakland Park,P0264,1,39.66,0.0
S009018,2026-05-30,Oakland Park,P0083,1,9.28,5.0
S008124,2026-04-26,Oakland Park,P0117,2,13.24,0.0
S000968,2025-08-10,Lake Worth,P0042,1,16.07,0.0
S006188,2026-02-20,Dania Beach,P0258,1,20.03,0.0
S000308,2025-07-12,Dania Beach,P0296,1,10.05,0.0
S008254,2026-04-30,Dania Beach,P0112,1,9.26,2.0
S004723,2025-12-22,Lake Worth,P0121,1,26.48,0.0
S009379,6/13/2026,Oakland Park,P0099,1,32.17,2.0
S008587,2026-05-12,Oakland Park,P0222,1,25.03,0.0
S009446,6/15/2026,Lake Worth,P0007,1,18.87,0.0
S005542,2026-01-18,Dania Beach,P0134,1,13.77,0.0
S009652,2026-06-23,Oakland Park,P0100,1,34.67,0.0
S004132,2025-12-09,Oakland Park,P0054,1,38.06,0.0
S007702,2026-04-15,Dania Beach,P0120,1,23.21,5.0
S000430,2025-07-18,LAKE WORTH,P0047,2,11.39,0.0
S002894,2025-10-25,Dania Beach,P0242,3,16.38,0.0
S001934,2025-09-17,oakland park,P0181,2,38.54,5.0
S002303,2025-10-02,Dania Beach,P0009,1,10.82,0.0
S003653,2025-11-25,Oakland Park,P0155,1,33.74,0.0
S006091,2026-02-14,Lake Worth,P0193,1,15.19,0.0
S005442,2026-01-12,Oakland Park,P0004,1,33.33,0.0
S009136,6/3/2026,Dania Beach,P0258,1,20.03,0.0
S004619,2025-12-20,Dania Beach,P0155,1,33.74,0.0
S007749,2026-04-16,Dania Beach,P0287,1,38.39,0.0
S001490,2025-08-30,Lake Worth,P0258,1,20.03,0.0
S002122,2025-09-25,Lake Worth,P0099,1,32.17,0.0
S007294,2026-04-05,Dania Beach,P0054,1,38.06,0.0
S003643,2025-11-25,Dania Beach,P0151,2,22.36,0.0
S004531,2025-12-17,Dania Beach,P0147,1,40.67,0.0
S005066,12/28/2025,DANIA BEACH,P0283,1,41.77,0.0
S002290,10/1/2025,Dania Beach,P0225,1,30.83,0.0
S006315,2026-02-27,Oakland Park,P0223,1,16.45,0.0
S003118,2025-11-02,Dania Beach,P0076,1,28.11,
S002248,2025-09-29,Dania Beach,P0037,1,16.2,0.0
S002799,2025-10-21,Oakland Park,P0250,1,26.07,0.0
S004284,2025-12-12,Dania Beach,P0207,1,8.62,0.0
S005974,2026-02-08,Dania Beach,P0279,1,5.18,0.0
S009019,5/30/2026,Lake Worth,P0106,1,14.38,0.0
S002176,2025-09-27,Dania Beach,P0160,1,15.14,0.0
S001573,2025-09-02,Dania Beach,P0190,1,31.63,0.0
S007008,2026-03-28,Lake Worth,P0261,1,13.52,0.0
S007341,2026-04-06,Oakland Park,P0099,1,32.17,0.0
S007302,2026-04-05,Dania Beach,P0136,1,34.18,0.0
S008721,2026-05-17,Dania Beach,P0123,2,32.28,0.0
S002696,2025-10-18,Lake Worth,P0258,2,20.03,0.0
S003089,2025-11-02,Oakland Park,P0096,1,17.3,0.0
S002960,2025-10-28,Dania Beach,P0258,1,20.03,0.0
S007423,2026-04-08,DANIA BEACH,P0258,1,20.03,0.0
S006406,2026-03-02,Lake Worth,P0235,1,21.78,0.0
S002331,10/3/2025,Oakland Park,P0084,1,8.22,0.0
S002691,2025-10-17,Dania Beach,P0258,1,20.03,0.0
S001271,2025-08-22,Dania Beach,P0143,2,33.65,0.0
S004791,2025-12-23,Oakland Park,P0096,1,17.3,0.0
S003142,11/3/2025,Lake Worth,P0181,1,38.54,0.0
S003442,2025-11-16,Lake Worth,P0277,1,12.14,0.0
S006177,2026-02-19,Dania Beach,P0022,2,7.3,0.0
S005257,2026-01-03,Dania Beach,P0282,1,14.8,0.0
S006225,2/21/2026,Dania Beach,P0059,1,27.7,2.0
S001341,2025-08-25,Lake Worth,P0258,1,20.03,
S001583,2025-09-03,Oakland Park,P0177,1,14.51,0.0
S000005,2025-07-01,Lake Worth,P0004,3,33.33,0.0
S004711,2025-12-21,Oakland Park,P0028,1,22.61,0.0
S004104,2025-12-08,Oakland Park,P0258,1,20.03,0.0
S004033,2025-12-07,Lake Worth,P0211,2,28.43,2.0
S004572,2025-12-19,Dania Beach,P0256,1,20.62,0.0
S007036,2026-03-29,Dania Beach,P0232,1,35.97,0.0
S004912,2025-12-26,Dania Beach,P0258,1,$20.03,0.0
S006544,2026-03-08,Lake Worth,P0091,1,10.86,0.0
S008205,2026-04-28,Dania Beach,P0089,1,38.61,0.0
S005524,2026-01-17,Lake Worth,P0063,3,32.31,0.0
S008816,2026-05-21,Dania Beach,P0125,1,30.0,0.0
S007303,2026-04-05,Oakland Park,P0054,1,38.06,0.0
S007040,2026-03-29,Oakland Park,P0145,3,18.52,0.0
S007054,2026-03-30,Dania Beach,P0099,2,32.17,0.0
S001248,2025-08-21,Lake Worth,P0258,1,20.03,2.0
S005980,2026-02-08,OAKLAND PARK,P0069,1,21.4,0.0
S006437,2026-03-04,Oakland Park,P0258,1,20.03,0.0
S003080,11/1/2025,Oakland Park,P0063,1,32.31,0.0
S003922,2025-12-04,Dania Beach,P0175,1,10.78,0.0
S003358,2025-11-12,Lake Worth,P0239,1,7.76,0.0
S000557,2025-07-24,Dania Beach,P0116,1,38.74,0.0
S003984,2025-12-05,Dania Beach,P0232,1,35.97,2.0
S008112,4/26/2026,Lake Worth,P0033,1,13.41,0.0
S004897,2025-12-26,Oakland Park,P0237,2,18.61,2.0
S006409,2026-03-02,Lake Worth,P0220,1,$18.24,0.0
S007483,2026-04-10,Dania Beach,P0090,1,39.67,0.0
S004763,2025-12-23,Oakland Park,P0091,1,10.86,0.0
S003725,2025-11-28,Dania Beach,P0277,1,12.14,0.0
S006626,2026-03-11,Oakland Park,P0051,1,$31.0,0.0
S004035,12/7/2025,Oakland Park,P0229,1,15.22,2.0
S003721,11/28/2025,Oakland Park,P0236,1,32.91,
S005628,2026-01-22,Dania Beach,P0060,1,16.29,0.0
S001574,2025-09-02,Dania Beach,P0157,1,8.43,0.0
S001679,2025-09-06,Lake Worth,P0276,1,10.98,0.0
S005216,2025-12-31,Dania Beach,P0028,1,22.61,0.0
S000049,2025-07-03,Oakland Park,P0258,1,20.03,0.0
S007592,2026-04-12,Oakland Park,P0111,1,9.29,0.0
S004860,2025-12-25,Dania Beach,P0129,1,7.89,2.0
S008618,2026-05-13,Oakland Park,P0116,1,$38.74,0.0
S001199,2025-08-19,Oakland Park,P0094,1,15.94,0.0
S007773,2026-04-17,Dania Beach,P0283,1,41.77,0.0
S004135,2025-12-09,Lake Worth,P0060,2,16.29,0.0
S006925,2026-03-24,Oakland Park,P0026,1,24.77,0.0
S005083,2025-12-29,Lake Worth,P0101,1,40.29,0.0
S001527,8/31/2025,DANIA BEACH,P0182,1,25.07,5.0
S001701,9/7/2025,Oakland Park,P0164,1,14.99,0.0
S000524,2025-07-22,Lake Worth,P0290,1,44.36,0.0
S009163,2026-06-04,Dania Beach,P0099,1,32.17,0.0
S003449,2025-11-16,Lake Worth,P0253,1,$12.31,0.0
S005968,2026-02-08,Oakland Park,P0130,1,$19.21,0.0
S009221,2026-06-06,Lake Worth,P0229,1,15.22,0.0
S004613,2025-12-20,Dania Beach,P0097,1,11.18,
S003728,2025-11-28,Oakland Park,P0140,1,17.16,0.0
S002979,2025-10-28,Dania Beach,P0258,2,20.03,0.0
S003036,2025-10-31,Lake Worth,P0209,1,38.73,0.0
S004804,2025-12-23,Oakland Park,P0229,1,15.22,0.0
S007823,2026-04-18,Oakland Park,P0116,1,38.74,0.0
S009596,2026-06-21,Dania Beach,P0057,1,31.85,0.0
S002550,2025-10-11,Oakland Park,P0221,1,26.83,0.0
S005695,2026-01-25,Dania Beach,P0153,1,24.73,0.0
S003270,2025-11-09,Dania Beach,P0109,2,19.26,0.0
S006910,2026-03-23,Lake Worth,P0107,1,35.69,0.0
S004975,2025-12-27,Dania Beach,P0112,1,$9.26,0.0
S002852,2025-10-24,Oakland Park,P0220,1,18.24,0.0
S003995,12/6/2025,Oakland Park,P0252,1,18.54,0.0
S009264,2026-06-07,Dania Beach,P0201,1,37.27,0.0
S007027,3/29/2026,Dania Beach,P0190,1,31.63,0.0
S007538,2026-04-11,Oakland Park,P0183,1,39.68,2.0
S003538,2025-11-20,Oakland Park,P0028,1,22.61,0.0
S005728,2026-01-27,Oakland Park,P0017,1,13.63,0.0
S005280,2026-01-04,Dania Beach,P0258,1,20.03,0.0
S004096,2025-12-08,Lake Worth,P0028,2,22.61,5.0
S007442,2026-04-09,DANIA BEACH,P0138,1,18.5,0.0
S005397,2026-01-10,Dania Beach,P0064,1,22.4,0.0
S008517,2026-05-09,OAKLAND PARK,P0139,1,25.22,0.0
S007503,4/11/2026,Oakland Park,P0092,1,$34.43,0.0
S005250,2026-01-03,Oakland Park,P0050,1,16.14,
S006500,2026-03-06,Oakland Park,P0058,1,6.59,0.0
S000456,2025-07-19,Oakland Park,P0291,1,10.13,0.0
S001663,2025-09-06,Oakland Park,P0250,1,26.07,0.0
S005400,2026-01-10,Lake Worth,P0246,1,14.88,0.0
S000331,2025-07-13,Lake Worth,P0148,1,17.71,0.0
S009332,2026-06-11,Oakland Park,P0268,1,28.7,0.0
S002109,2025-09-24,Lake Worth,P0173,2,28.8,5.0
S007311,2026-04-05,Dania Beach,P0141,1,18.03,0.0
S008137,2026-04-26,Dania Beach,P0064,1,22.4,0.0
S000270,7/11/2025,Oakland Park,P0142,1,14.84,0.0
S004958,2025-12-27,Lake Worth,P0282,1,14.8,0.0
S009271,2026-06-07,Dania Beach,P0140,1,17.16,2.0
S002040,2025-09-22,LAKE WORTH,P0137,1,34.89,0.0
S004931,2025-12-26,Dania Beach,P0185,1,20.14,0.0
S001484,2025-08-30,Dania Beach,P0009,1,10.82,2.0
S007366,4/7/2026,Dania Beach,P0229,1,15.22,0.0
S003389,2025-11-14,Dania Beach,P0045,1,31.47,0.0
S007168,2026-04-02,Dania Beach,P0258,1,20.03,0.0
S002017,2025-09-21,dania beach,P0229,1,15.22,0.0
S003831,12/2/2025,Dania Beach,P0153,3,$24.73,0.0
S003632,2025-11-24,Oakland Park,P0271,1,13.23,0.0
S007986,2026-04-23,Oakland Park,P0118,1,26.15,0.0
S000862,8/5/2025,Dania Beach,P0123,1,32.28,0.0
S005119,2025-12-29,Lake Worth,P0069,1,21.4,0.0
S006402,3/2/2026,Dania Beach,P0009,1,10.82,0.0
S002570,2025-10-12,Oakland Park,P0268,1,$28.7,0.0
S006378,2026-03-01,Lake Worth,P0181,1,38.54,0.0
S005603,2026-01-21,Lake Worth,P0133,1,31.55,0.0
S008345,2026-05-03,Dania Beach,P0297,1,17.64,0.0
S005344,1/7/2026,Oakland Park,P0071,1,14.0,0.0
S005187,2025-12-31,Dania Beach,P0275,1,12.12,0.0
S002426,2025-10-06,Dania Beach,P0248,1,14.4,0.0
S005822,2026-02-01,Dania Beach,P0229,1,15.22,2.0
S005482,2026-01-14,Oakland Park,P0020,1,$24.25,0.0
S003004,2025-10-29,Lake Worth,P0022,1,7.3,0.0
S004234,2025-12-11,Dania Beach,P0068,1,18.85,0.0
S001193,2025-08-19,Oakland Park,P0283,1,$41.77,0.0
S002687,2025-10-17,Oakland Park,P0258,1,20.03,0.0
S000293,7/12/2025,Dania Beach,P0099,1,32.17,5.0
S002516,2025-10-10,Oakland Park,P0141,1,18.03,0.0
S008093,4/25/2026,Dania Beach,P0086,1,19.54,0.0
S003734,2025-11-29,Oakland Park,P0010,1,26.25,0.0
S000792,2025-08-02,Dania Beach,P0060,1,16.29,0.0
S006319,2026-02-27,Dania Beach,P0233,1,22.74,0.0
S008886,2026-05-23,Dania Beach,P0076,1,28.11,0.0
S002706,2025-10-18,Dania Beach,P0016,2,9.61,0.0
S005156,2025-12-30,Dania Beach,P0081,1,12.2,0.0
S006771,2026-03-18,Dania Beach,P0175,1,10.78,0.0
S004364,2025-12-14,Dania Beach,P0057,1,31.85,0.0
S005094,2025-12-29,Oakland Park,P0263,1,24.16,5.0
S005491,2026-01-15,Dania Beach,P0120,1,23.21,0.0
S007533,2026-04-11,Lake Worth,P0122,2,15.39,0.0
S008146,2026-04-26,Lake Worth,P0028,1,22.61,0.0
S002001,2025-09-20,Oakland Park,P0120,1,23.21,0.0
S006566,2026-03-08,Dania Beach,P0152,1,10.83,0.0
S000483,2025-07-20,Oakland Park,P0122,1,15.39,0.0
S000545,7/23/2025,Oakland Park,P0227,1,22.7,0.0
S004760,2025-12-23,Dania Beach,P0078,1,34.08,
S008628,2026-05-14,DANIA BEACH,P0120,1,23.21,0.0
S004026,2025-12-06,Oakland Park,P0209,1,38.73,0.0
S006942,2026-03-25,Dania Beach,P0148,1,17.71,0.0
S002343,2025-10-03,Oakland Park,P0157,1,8.43,
S000183,2025-07-07,Lake Worth,P0109,2,19.26,2.0
S001382,2025-08-26,Dania Beach,P0071,1,14.0,0.0
S006840,2026-03-20,Dania Beach,P0028,1,22.61,0.0
S000303,2025-07-12,Oakland Park,P0104,1,23.8,0.0
S009256,2026-06-07,Oakland Park,P0300,1,15.39,0.0
S008396,2026-05-05,Oakland Park,P0069,2,21.4,0.0
S004137,2025-12-09,Lake Worth,P0069,1,21.4,0.0
S003137,2025-11-03,Oakland Park,P0231,1,16.4,0.0
S008737,2026-05-18,Dania Beach,P0098,1,12.85,5.0
S004415,2025-12-15,Lake Worth,P0068,1,18.85,0.0
S001125,2025-08-16,Lake Worth,P0258,2,20.03,0.0
S000573,2025-07-25,Dania Beach,P0143,1,33.65,0.0
S003496,2025-11-18,Lake Worth,P0258,2,20.03,
S001600,9/3/2025,Dania Beach,P0232,1,35.97,0.0
S008179,2026-04-27,Dania Beach,P0061,1,13.54,0.0
S006912,2026-03-23,Dania Beach,P0224,1,28.47,0.0
S000809,2025-08-02,Dania Beach,P0258,2,20.03,0.0
S002927,2025-10-26,Oakland Park,P0288,1,39.45,2.0
S005197,2025-12-31,Dania Beach,P0132,1,38.62,0.0
S001560,2025-09-02,Oakland Park,P0091,1,10.86,0.0
S007747,2026-04-16,Dania Beach,P0258,1,20.03,0.0
S000769,2025-08-01,Dania Beach,P0232,1,35.97,2.0
S008976,2026-05-28,Oakland Park,P0121,1,26.48,0.0
S002626,2025-10-14,Dania Beach,P0258,1,20.03,0.0
S001323,2025-08-24,Lake Worth,P0258,1,20.03,0.0
S000926,2025-08-08,Oakland Park,P0234,3,39.24,0.0
S002746,2025-10-19,Dania Beach,P0108,1,$11.87,0.0
S003768,2025-11-30,oakland park,P0074,1,23.62,0.0
S001943,2025-09-18,Oakland Park,P0240,1,29.77,0.0
S006046,2026-02-12,Lake Worth,P0229,1,15.22,0.0
S000982,2025-08-10,Dania Beach,P0028,1,22.61,0.0
S006585,2026-03-09,Dania Beach,P0206,1,25.28,2.0
S007324,4/6/2026,Oakland Park,P0122,1,$15.39,
S003182,2025-11-05,OAKLAND PARK,P0145,2,$18.52,0.0
S005298,2026-01-04,Lake Worth,P0023,1,36.9,0.0
S001053,2025-08-13,Lake Worth,P0298,1,10.79,5.0
S003845,2025-12-02,Dania Beach,P0069,2,21.4,0.0
S007347,2026-04-06,Dania Beach,P0138,1,18.5,0.0
S003003,10/29/2025,Lake Worth,P0079,1,38.19,0.0
S009371,2026-06-13,Dania Beach,P0276,1,10.98,0.0
S001410,2025-08-27,Oakland Park,P0042,1,16.07,0.0
S002764,2025-10-19,Dania Beach,P0259,2,34.69,0.0
S000364,2025-07-15,Dania Beach,P0047,1,11.39,5.0
S000422,7/18/2025,Lake Worth,P0251,1,16.69,0.0
S005908,2026-02-05,Dania Beach,P0104,1,23.8,0.0
S002009,2025-09-21,Lake Worth,P0104,1,23.8,0.0
S005099,2025-12-29,Dania Beach,P0258,1,20.03,2.0
S008620,2026-05-13,Oakland Park,P0141,1,18.03,0.0
S002552,2025-10-11,Oakland Park,P0033,1,13.41,0.0
S007461,2026-04-10,Dania Beach,P0099,1,32.17,2.0
S000154,2025-07-06,Oakland Park,P0121,1,26.48,0.0
S002856,2025-10-24,Dania Beach,P0258,1,20.03,0.0
S008913,2026-05-24,dania beach,P0028,1,22.61,0.0
S008056,2026-04-25,Dania Beach,P0253,1,$12.31,0.0
S006717,2026-03-15,Oakland Park,P0095,2,$15.25,0.0
S000845,2025-08-04,Oakland Park,P0229,1,15.22,0.0
S007914,2026-04-21,Oakland Park,P0222,1,25.03,0.0
S001509,2025-08-31,Dania Beach,P0286,1,17.06,0.0
S002138,2025-09-26,Lake Worth,P0023,1,36.9,2.0
S009598,2026-06-21,OAKLAND PARK,P0120,1,23.21,0.0
S009231,2026-06-06,Dania Beach,P0240,1,29.77,0.0
S007418,2026-04-08,Oakland Park,P0178,1,35.29,0.0
S002062,2025-09-22,Lake Worth,P0140,1,17.16,0.0
S006783,2026-03-18,Oakland Park,P0249,1,24.88,
S003380,11/13/2025,Oakland Park,P0091,2,10.86,0.0
S000618,2025-07-26,Oakland Park,P0127,1,26.3,0.0
S004591,12/19/2025,Dania Beach,P0247,1,11.6,5.0
S007413,2026-04-08,Oakland Park,P0250,2,26.07,0.0
S005610,2026-01-21,Oakland Park,P0177,3,14.51,5.0
S003672,2025-11-26,Dania Beach,P0065,1,22.31,0.0
S003470,2025-11-17,Lake Worth,P0169,1,$28.05,0.0
S004572,2025-12-19,Dania Beach,P0256,1,20.62,0.0
S003446,2025-11-16,Lake Worth,P0120,1,23.21,
S009167,2026-06-04,Dania Beach,P0205,1,34.1,0.0
S005552,1/18/2026,Dania Beach,P0258,1,20.03,0.0
S009458,6/15/2026,Oakland Park,P0166,1,26.78,0.0
S005108,2025-12-29,Lake Worth,P0250,1,26.07,0.0
S001056,2025-08-13,Oakland Park,P0279,1,5.18,0.0
S001346,2025-08-25,Oakland Park,P0258,1,20.03,0.0
S000678,7/28/2025,Lake Worth,P0258,1,20.03,0.0
S001316,2025-08-24,Dania Beach,P0157,1,8.43,0.0
S007714,2026-04-15,Oakland Park,P0047,1,11.39,0.0
S009057,2026-05-31,Lake Worth,P0258,1,$20.03,0.0
S005326,1/6/2026,Oakland Park,P0279,1,5.18,0.0
S002819,2025-10-22,Oakland Park,P0094,1,15.94,0.0
S002937,2025-10-26,Oakland Park,P0258,1,20.03,5.0
S003481,2025-11-17,Lake Worth,P0138,1,18.5,0.0
S003285,2025-11-09,Dania Beach,P0055,1,18.49,0.0
S005248,2026-01-03,Oakland Park,P0189,1,8.68,0.0
S008695,5/16/2026,Oakland Park,P0022,1,7.3,0.0
S007111,2026-04-01,Dania Beach,P0145,1,18.52,0.0
S006230,2026-02-22,Lake Worth,P0258,1,20.03,0.0
S002166,2025-09-27,Dania Beach,P0120,1,23.21,0.0
S003911,2025-12-04,Oakland Park,P0232,1,35.97,0.0
S003056,10/31/2025,Dania Beach,P0095,1,$15.25,0.0
S003650,2025-11-25,Dania Beach,P0022,1,7.3,0.0
S003671,2025-11-26,Dania Beach,P0066,1,15.19,
S002415,2025-10-05,Dania Beach,P0205,1,34.1,0.0
S000003,2025-07-01,Dania Beach,P0034,1,17.39,0.0
S003262,2025-11-08,Oakland Park,P0072,1,23.85,0.0
S007454,2026-04-09,Dania Beach,P0117,1,13.24,0.0
S009816,2026-06-29,Oakland Park,P0172,1,16.93,0.0
S003420,2025-11-15,Oakland Park,P0207,1,8.62,0.0
S001286,8/23/2025,Oakland Park,P0181,1,38.54,0.0
S005948,2026-02-07,Oakland Park,P0103,1,23.52,0.0
S009788,2026-06-28,Lake Worth,P0138,2,18.5,0.0
S004169,12/10/2025,Oakland Park,P0171,1,15.79,0.0
S005868,2026-02-03,Oakland Park,P0258,1,20.03,0.0
S007417,2026-04-08,Oakland Park,P0250,1,26.07,0.0
S004452,2025-12-16,Oakland Park,P0250,1,26.07,0.0
S008499,5/9/2026,Oakland Park,P0006,1,18.74,2.0
S004333,2025-12-13,Oakland Park,P0270,1,13.93,0.0
S004917,2025-12-26,Dania Beach,P0236,1,32.91,0.0
S005468,2026-01-14,Dania Beach,P0100,1,34.67,0.0
S008325,2026-05-02,Oakland Park,P0122,1,15.39,0.0
S005817,2026-01-31,Lake Worth,P0141,1,18.03,0.0
S005961,2026-02-08,Oakland Park,P0229,1,15.22,0.0
S002529,10/11/2025,Dania Beach,P0102,1,16.27,0.0
S004903,12/26/2025,Dania Beach,P0258,1,20.03,0.0
S003277,2025-11-09,Oakland Park,P0258,1,20.03,0.0
S008288,2026-05-01,Dania Beach,P0141,1,18.03,0.0
S000289,2025-07-12,Lake Worth,P0257,1,21.09,0.0
S002287,2025-10-01,Dania Beach,P0045,2,31.47,0.0
S006484,2026-03-05,dania beach,P0225,1,30.83,0.0
S000527,2025-07-22,Lake Worth,P0229,1,15.22,0.0
S006317,2026-02-27,Dania Beach,P0175,1,10.78,0.0
S007243,2026-04-04,Dania Beach,P0045,1,31.47,0.0
S000721,2025-07-30,Oakland Park,P0120,2,23.21,0.0
S006415,2026-03-03,Dania Beach,P0240,1,29.77,2.0
S003812,2025-12-01,Oakland Park,P0127,1,26.3,0.0
S002097,2025-09-24,Oakland Park,P0258,1,20.03,0.0
S007076,2026-03-30,Oakland Park,P0259,1,34.69,0.0
S008184,4/27/2026,Oakland Park,P0190,1,31.63,
S001629,2025-09-05,Dania Beach,P0028,1,22.61,0.0
S005867,2026-02-03,Dania Beach,P0298,1,10.79,0.0
S008967,2026-05-27,Lake Worth,P0122,1,15.39,0.0
S007768,2026-04-17,lake worth,P0250,1,26.07,0.0
S006455,2026-03-04,Oakland Park,P0125,1,30.0,
S000420,2025-07-17,Dania Beach,P0095,1,15.25,0.0
S005064,12/28/2025,Lake Worth,P0295,1,27.7,0.0
S001959,2025-09-18,Dania Beach,P0099,1,32.17,0.0
S004448,2025-12-15,Oakland Park,P0215,1,5.21,0.0
S004403,12/14/2025,Dania Beach,P0258,2,20.03,5.0
S008393,2026-05-05,Oakland Park,P0063,1,32.31,0.0
S009784,2026-06-28,Dania Beach,P0266,1,$28.75,0.0
S007335,4/6/2026,Lake Worth,P0164,1,$14.99,0.0
S008083,2026-04-25,Lake Worth,P0239,1,7.76,0.0
S000493,2025-07-20,Oakland Park,P0216,1,14.8,0.0
S000610,2025-07-26,Oakland Park,P0120,1,23.21,2.0
S008917,2026-05-24,Oakland Park,P0141,1,18.03,0.0
S007137,4/1/2026,Oakland Park,P0258,1,20.03,0.0
S005904,2/5/2026,Lake Worth,P0252,1,18.54,0.0
S004322,2025-12-13,Oakland Park,P0195,1,23.58,0.0
S009223,6/6/2026,Oakland Park,P0188,3,14.19,0.0
S006937,2026-03-24,Oakland Park,P0100,1,34.67,0.0
S009086,2026-06-01,Oakland Park,P0265,1,19.55,2.0
S003005,2025-10-29,Dania Beach,P0223,1,16.45,0.0
S004022,2025-12-06,Dania Beach,P0100,1,34.67,0.0
S007119,4/1/2026,Dania Beach,P0205,1,34.1,0.0
S007521,2026-04-11,Dania Beach,P0250,1,26.07,0.0
S005629,2026-01-22,Oakland Park,P0105,1,41.09,0.0
S004811,2025-12-24,Dania Beach,P0209,2,38.73,0.0
S002056,2025-09-22,Dania Beach,P0004,1,33.33,0.0
S001723,2025-09-08,Dania Beach,P0231,1,16.4,0.0
S005656,2026-01-23,Dania Beach,P0181,1,$38.54,0.0
S006056,2026-02-13,Dania Beach,P0205,1,34.1,0.0
S003600,2025-11-23,Dania Beach,P0226,1,$19.09,0.0
S005044,2025-12-28,Dania Beach,P0006,1,18.74,0.0
S006756,2026-03-17,LAKE WORTH,P0157,1,8.43,0.0
S004466,2025-12-16,Oakland Park,P0158,1,15.94,0.0
S008307,2026-05-02,Lake Worth,P0022,1,7.3,0.0
S006779,3/18/2026,Dania Beach,P0237,1,18.61,0.0
S004046,2025-12-07,Lake Worth,P0265,1,19.55,0.0
S009599,2026-06-21,Dania Beach,P0081,2,12.2,
S001797,2025-09-11,Lake Worth,P0181,1,38.54,0.0
S008099,2026-04-25,Dania Beach,P0191,1,35.79,0.0
S005369,1/9/2026,Oakland Park,P0071,1,14.0,0.0
S007575,2026-04-12,Oakland Park,P0022,1,7.3,0.0
S000285,7/12/2025,Dania Beach,P0015,2,10.97,0.0
S005336,2026-01-07,Oakland Park,P0067,1,22.05,0.0
S007484,4/10/2026,Oakland Park,P0160,1,15.14,0.0
S005911,2026-02-05,Lake Worth,P0209,2,38.73,0.0
S003961,2025-12-05,Oakland Park,P0159,2,5.86,0.0
S001750,2025-09-09,Dania Beach,P0006,1,18.74,0.0
S007784,2026-04-18,Lake Worth,P0173,1,28.8,0.0
S007048,2026-03-29,Oakland Park,P0089,1,38.61,0.0
S007070,2026-03-30,Dania Beach,P0100,3,34.67,0.0
S001683,2025-09-07,Dania Beach,P0076,1,28.11,0.0
S008965,2026-05-27,Dania Beach,P0229,1,15.22,0.0
S001355,2025-08-25,Lake Worth,P0118,2,26.15,2.0
S002770,2025-10-19,Oakland Park,P0018,1,11.18,0.0
S006491,3/6/2026,Dania Beach,P0221,1,26.83,0.0
S005626,2026-01-22,Dania Beach,P0223,1,16.45,5.0
S008011,2026-04-23,Dania Beach,P0255,1,34.26,5.0
S008725,2026-05-18,Oakland Park,P0236,1,32.91,
S006474,2026-03-05,Oakland Park,P0214,1,40.55,0.0
S000650,2025-07-27,Dania Beach,P0125,1,30.0,0.0
S005801,1/31/2026,Oakland Park,P0067,1,22.05,0.0
S008564,2026-05-11,Dania Beach,P0022,1,7.3,0.0
S001657,2025-09-06,Oakland Park,P0129,1,7.89,0.0
S006725,2026-03-16,Dania Beach,P0284,1,19.93,0.0
S008689,2026-05-16,Lake Worth,P0076,1,28.11,0.0
S003787,2025-11-30,Oakland Park,P0018,1,11.18,0.0
S009570,2026-06-20,Oakland Park,P0204,1,30.89,0.0
S007385,2026-04-08,DANIA BEACH,P0028,1,22.61,0.0
S000759,8/1/2025,Oakland Park,P0030,1,$9.83,2.0
S004309,2025-12-13,Dania Beach,P0159,1,5.86,0.0
S009623,6/22/2026,Dania Beach,P0092,1,34.43,0.0
S001042,2025-08-13,Oakland Park,P0116,1,38.74,0.0
S003805,2025-12-01,Lake Worth,P0283,1,41.77,0.0
S009777,2026-06-28,Dania Beach,P0028,1,22.61,0.0
S009101,2026-06-02,Lake Worth,P0180,1,14.34,0.0
S003361,2025-11-13,Dania Beach,P0129,1,7.89,0.0
S006028,2026-02-11,Oakland Park,P0042,1,16.07,0.0
S007614,2026-04-13,Dania Beach,P0240,2,29.77,0.0
S001449,2025-08-29,Oakland Park,P0210,1,17.31,0.0
S002511,2025-10-10,Dania Beach,P0090,1,39.67,0.0
S006695,2026-03-15,Dania Beach,P0008,1,$23.36,0.0
S000986,2025-08-10,Oakland Park,P0229,1,15.22,0.0
S007190,2026-04-03,OAKLAND PARK,P0180,1,14.34,0.0
S008641,2026-05-14,Lake Worth,P0122,1,15.39,0.0
S007297,2026-04-05,Oakland Park,P0058,1,6.59,5.0
S006172,2026-02-19,oakland park,P0006,1,$18.74,0.0
S002411,2025-10-05,Oakland Park,P0181,1,38.54,0.0
S004487,2025-12-16,Oakland Park,P0122,1,15.39,0.0
S000553,2025-07-24,Dania Beach,P0253,1,12.31,0.0
S007938,2026-04-21,Oakland Park,P0032,1,10.89,5.0
S005826,2026-02-01,LAKE WORTH,P0258,1,20.03,0.0
S005625,1/22/2026,Dania Beach,P0258,2,20.03,0.0
S006165,2/19/2026,Lake Worth,P0222,1,25.03,0.0
S004030,2025-12-07,Oakland Park,P0060,1,16.29,0.0
S005735,2026-01-27,oakland park,P0099,1,32.17,
S007107,2026-03-31,Oakland Park,P0034,1,17.39,0.0
S001073,2025-08-14,Dania Beach,P0028,2,22.61,0.0
S000439,2025-07-18,Oakland Park,P0071,3,14.0,0.0
S008320,2026-05-02,Oakland Park,P0042,1,16.07,0.0
S008572,2026-05-11,Oakland Park,P0181,1,38.54,5.0
S009573,2026-06-20,Dania Beach,P0264,1,39.66,5.0
S008978,2026-05-28,Oakland Park,P0112,1,9.26,0.0
S006754,2026-03-17,OAKLAND PARK,P0079,1,$38.19,0.0
S006852,3/21/2026,Oakland Park,P0201,1,37.27,0.0
S007260,2026-04-05,Oakland Park,P0028,1,22.61,0.0
S006892,2026-03-22,Dania Beach,P0006,2,18.74,0.0
S002607,2025-10-14,Lake Worth,P0271,1,13.23,0.0
S001792,2025-09-11,Dania Beach,P0216,1,14.8,0.0
S000720,2025-07-30,Dania Beach,P0258,1,20.03,0.0
S009321,2026-06-10,Lake Worth,P0100,1,34.67,0.0
S008838,2026-05-22,Dania Beach,P0055,1,18.49,5.0
S006658,2026-03-13,oakland park,P0153,1,24.73,5.0
S001373,2025-08-26,Lake Worth,P0123,1,32.28,0.0
S000342,2025-07-14,Oakland Park,P0250,1,26.07,0.0
S001213,8/20/2025,Lake Worth,P0131,1,10.61,0.0
S008252,2026-04-29,Lake Worth,P0258,1,20.03,0.0
S000351,2025-07-14,Dania Beach,P0228,2,12.36,0.0
S008102,2026-04-25,Oakland Park,P0258,1,$20.03,0.0
S004622,12/20/2025,LAKE WORTH,P0028,1,22.61,0.0
S003579,2025-11-22,Dania Beach,P0098,1,12.85,0.0
S009661,2026-06-23,Oakland Park,P0245,1,30.57,0.0
S003235,2025-11-07,Dania Beach,P0088,1,14.79,0.0
S003931,2025-12-04,Oakland Park,P0244,1,7.54,2.0
S008542,2026-05-10,Lake Worth,P0229,1,15.22,
S001028,2025-08-12,Dania Beach,P0169,1,28.05,0.0
S003649,2025-11-25,Lake Worth,P0248,1,14.4,2.0
S009707,2026-06-25,Oakland Park,P0271,1,13.23,0.0
S005041,2025-12-28,Dania Beach,P0140,1,17.16,0.0
S007548,4/12/2026,Dania Beach,P0188,3,14.19,5.0
S000709,2025-07-30,Oakland Park,P0069,1,21.4,0.0
S002338,2025-10-03,Oakland Park,P0154,1,15.49,0.0
S002053,2025-09-22,LAKE WORTH,P0014,1,41.58,0.0
S006773,2026-03-18,Dania Beach,P0247,1,11.6,0.0
S001926,2025-09-17,Lake Worth,P0147,1,40.67,0.0
S002327,2025-10-02,Oakland Park,P0170,1,12.29,0.0
S002342,2025-10-03,Oakland Park,P0099,1,32.17,0.0
S007006,3/28/2026,OAKLAND PARK,P0275,1,12.12,2.0
S007282,4/5/2026,Dania Beach,P0258,1,20.03,0.0
S006249,2026-02-23,oakland park,P0229,1,$15.22,0.0
S001999,2025-09-20,Lake Worth,P0079,1,38.19,0.0
S004208,2025-12-11,Oakland Park,P0193,1,15.19,0.0
S006889,2026-03-22,Oakland Park,P0192,1,$9.96,0.0
S007179,2026-04-03,Oakland Park,P0239,1,7.76,0.0
S008241,4/29/2026,Oakland Park,P0258,1,20.03,0.0
S005255,2026-01-03,Dania Beach,P0041,1,11.22,0.0
S008087,2026-04-25,Oakland Park,P0157,1,$8.43,0.0
S006605,2026-03-10,Dania Beach,P0120,1,23.21,0.0
S007944,2026-04-22,Dania Beach,P0045,2,31.47,0.0
S005264,2026-01-03,Oakland Park,P0116,1,38.74,0.0
S003583,2025-11-22,Dania Beach,P0157,1,8.43,0.0
S008846,2026-05-22,Oakland Park,P0029,1,44.82,0.0
S003423,2025-11-15,Dania Beach,P0268,1,28.7,0.0
S002908,2025-10-26,Dania Beach,P0003,1,$11.11,0.0
S004999,2025-12-27,Oakland Park,P0098,1,12.85,0.0
S009414,2026-06-14,Oakland Park,P0039,1,18.68,0.0
S002382,2025-10-04,Oakland Park,P0237,1,18.61,0.0
S004215,2025-12-11,Lake Worth,P0112,2,9.26,2.0
S007290,2026-04-05,Oakland Park,P0177,1,14.51,0.0
S005928,2026-02-06,Dania Beach,P0229,1,15.22,0.0
S003414,2025-11-15,Dania Beach,P0175,1,10.78,0.0
S009331,2026-06-11,Lake Worth,P0120,1,23.21,0.0
S005851,2026-02-02,Lake Worth,P0153,1,24.73,0.0
S006680,2026-03-14,dania beach,P0190,1,31.63,0.0
S009752,2026-06-27,Dania Beach,P0057,1,31.85,0.0
S001063,2025-08-13,Oakland Park,P0109,1,19.26,0.0
S002556,2025-10-11,Dania Beach,P0035,1,25.13,0.0
S003634,2025-11-24,Dania Beach,P0229,1,15.22,0.0
S006268,2026-02-24,Oakland Park,P0298,1,10.79,0.0
S003724,2025-11-28,Lake Worth,P0258,1,20.03,0.0
S000817,2025-08-03,Dania Beach,P0229,1,$15.22,0.0
S009388,2026-06-13,Lake Worth,P0214,1,40.55,2.0
S008176,2026-04-27,Dania Beach,P0069,1,21.4,0.0
S009313,2026-06-10,Oakland Park,P0186,1,$8.27,2.0
S007266,2026-04-05,Oakland Park,P0088,1,14.79,0.0
S003696,2025-11-27,Oakland Park,P0077,1,38.06,2.0
S008028,2026-04-24,Oakland Park,P0079,3,38.19,0.0
S009315,2026-06-10,Oakland Park,P0181,1,38.54,2.0
S003016,2025-10-30,Oakland Park,P0258,2,20.03,0.0
S005227,2026-01-01,Dania Beach,P0045,1,31.47,5.0
S006704,2026-03-15,Oakland Park,P0120,1,23.21,0.0
S004057,2025-12-07,Dania Beach,P0155,1,33.74,0.0
S005313,1/5/2026,Dania Beach,P0216,1,14.8,0.0
S000971,2025-08-10,Lake Worth,P0246,1,14.88,0.0
S006004,2026-02-09,Lake Worth,P0229,2,15.22,0.0
S005498,1/15/2026,lake worth,P0250,1,26.07,0.0
S008229,4/28/2026,Dania Beach,P0058,1,6.59,0.0
S001136,2025-08-16,LAKE WORTH,P0193,1,15.19,2.0
S006917,3/23/2026,Dania Beach,P0229,1,15.22,0.0
S007570,2026-04-12,Dania Beach,P0082,1,11.34,0.0
S006074,2026-02-14,Oakland Park,P0116,1,38.74,0.0
S001956,2025-09-18,Dania Beach,P0231,1,16.4,2.0
S008253,2026-04-30,Oakland Park,P0004,1,33.33,0.0
S007371,2026-04-07,Lake Worth,P0234,3,39.24,0.0
S009013,2026-05-29,Dania Beach,P0258,1,20.03,0.0
S007011,2026-03-28,Lake Worth,P0042,1,16.07,0.0
S008373,2026-05-04,Lake Worth,P0300,1,15.39,0.0
S000964,2025-08-10,Oakland Park,P0099,1,32.17,
S001106,2025-08-15,Oakland Park,P0122,1,15.39,0.0
S001822,2025-09-12,Dania Beach,P0232,1,35.97,0.0
S009066,2026-05-31,Dania Beach,P0069,1,21.4,0.0
S002943,10/27/2025,Lake Worth,P0045,1,31.47,
S001084,2025-08-14,Oakland Park,P0206,1,25.28,5.0
S007818,2026-04-18,Oakland Park,P0243,1,14.68,0.0
S001591,2025-09-03,Oakland Park,P0272,1,18.29,5.0
S001589,2025-09-03,Lake Worth,P0225,1,30.83,0.0
S008309,2026-05-02,Dania Beach,P0113,1,15.71,0.0
S005408,2026-01-10,Oakland Park,P0071,1,14.0,0.0
S003759,2025-11-30,Dania Beach,P0045,1,31.47,0.0
S004230,2025-12-11,Lake Worth,P0091,1,10.86,0.0
S002460,2025-10-07,Dania Beach,P0027,1,16.28,0.0
S000315,2025-07-13,DANIA BEACH,P0181,2,38.54,0.0
S003551,2025-11-21,oakland park,P0028,1,22.61,0.0
S003184,2025-11-05,Lake Worth,P0171,1,15.79,0.0
S003304,2025-11-10,Oakland Park,P0250,3,26.07,2.0
S003664,2025-11-25,Dania Beach,P0045,1,31.47,0.0
S001027,2025-08-12,Dania Beach,P0180,1,14.34,5.0
S009250,2026-06-07,Lake Worth,P0141,1,18.03,0.0
S007189,2026-04-03,Oakland Park,P0061,1,13.54,0.0
S006739,3/16/2026,Oakland Park,P0229,1,15.22,0.0
S003595,2025-11-23,Oakland Park,P0077,1,$38.06,0.0
S005404,2026-01-10,Oakland Park,P0154,1,15.49,0.0
S006998,2026-03-27,Lake Worth,P0110,2,16.9,0.0
S001070,2025-08-14,Lake Worth,P0229,1,15.22,0.0
S001000,2025-08-11,Dania Beach,P0020,1,24.25,0.0
S006155,2/18/2026,Oakland Park,P0058,2,6.59,0.0
S005696,2026-01-25,Dania Beach,P0258,1,20.03,0.0
S004666,2025-12-20,Lake Worth,P0244,1,7.54,0.0
S006555,2026-03-08,Dania Beach,P0108,1,11.87,0.0
S007547,2026-04-12,Oakland Park,P0103,1,23.52,0.0
S005105,12/29/2025,Dania Beach,P0298,1,10.79,0.0
S002660,2025-10-16,Oakland Park,P0097,1,11.18,0.0
S005139,2025-12-30,Oakland Park,P0294,1,30.88,0.0
S001277,2025-08-23,Dania Beach,P0253,1,12.31,0.0
S001470,2025-08-30,Lake Worth,P0188,1,14.19,2.0
S008271,4/30/2026,Oakland Park,P0022,1,7.3,0.0
S000138,2025-07-06,Dania Beach,P0087,1,10.56,0.0
S006435,3/3/2026,Oakland Park,P0007,1,18.87,0.0
S000408,2025-07-17,Oakland Park,P0040,1,30.27,0.0
S005841,2/1/2026,Dania Beach,P0187,2,8.33,0.0
S000856,2025-08-04,Dania Beach,P0055,1,18.49,
S006700,3/15/2026,Dania Beach,P0279,1,5.18,0.0
S001833,2025-09-13,Lake Worth,P0192,1,9.96,0.0
S008891,2026-05-24,Oakland Park,P0229,1,15.22,5.0
S003215,2025-11-06,Lake Worth,P0112,1,9.26,0.0
S001299,2025-08-23,Dania Beach,P0141,2,18.03,0.0
S006242,2026-02-22,Oakland Park,P0077,1,38.06,0.0
S004005,2025-12-06,Oakland Park,P0074,2,23.62,0.0
S008434,5/7/2026,Dania Beach,P0126,1,18.39,0.0
S003962,2025-12-05,Dania Beach,P0229,1,15.22,0.0
S008474,2026-05-08,Lake Worth,P0070,2,22.38,0.0
S006860,2026-03-21,Dania Beach,P0141,2,18.03,0.0
S005753,1/29/2026,DANIA BEACH,P0229,1,15.22,0.0
S001157,2025-08-17,Dania Beach,P0013,1,19.04,5.0
S009300,6/9/2026,Oakland Park,P0071,1,14.0,0.0
S009222,2026-06-06,Lake Worth,P0028,1,22.61,0.0
S008919,2026-05-25,Oakland Park,P0158,1,15.94,2.0
S004651,2025-12-20,Lake Worth,P0229,2,15.22,0.0
S001925,2025-09-17,Oakland Park,P0258,2,20.03,0.0
S002011,2025-09-21,Oakland Park,P0286,1,17.06,0.0
S001477,2025-08-30,Dania Beach,P0100,1,34.67,0.0
S005209,2025-12-31,Oakland Park,P0120,1,23.21,0.0
S003437,2025-11-16,Oakland Park,P0145,1,18.52,0.0
S002395,2025-10-05,Dania Beach,P0137,1,34.89,0.0
S003720,2025-11-28,Dania Beach,P0116,1,38.74,0.0
S003075,2025-11-01,Lake Worth,P0259,1,34.69,0.0
S006146,2026-02-17,LAKE WORTH,P0077,1,$38.06,0.0
S000534,2025-07-22,Oakland Park,P0069,1,$21.4,2.0
S007724,2026-04-16,Oakland Park,P0258,1,20.03,5.0
S004395,2025-12-14,Dania Beach,P0180,2,14.34,0.0
S003993,12/6/2025,Dania Beach,P0258,1,$20.03,0.0
S006659,2026-03-13,Oakland Park,P0138,1,18.5,0.0
S002208,2025-09-28,Dania Beach,P0298,1,10.79,2.0
S006391,2026-03-01,Oakland Park,P0122,1,15.39,
S009814,2026-06-29,Dania Beach,P0137,1,34.89,
S004068,2025-12-07,Oakland Park,P0029,1,44.82,0.0
S009584,2026-06-21,Oakland Park,P0067,2,22.05,0.0
S000235,2025-07-09,Dania Beach,P0190,1,31.63,0.0
S000798,2025-08-02,Dania Beach,P0021,1,$20.19,0.0
S002867,2025-10-24,Dania Beach,P0110,1,16.9,0.0
S000472,2025-07-19,Oakland Park,P0041,1,11.22,0.0
S001742,2025-09-09,Dania Beach,P0258,1,20.03,0.0
S002718,2025-10-18,Lake Worth,P0235,1,21.78,
S006553,2026-03-08,Oakland Park,P0242,1,$16.38,0.0
S004986,2025-12-27,Dania Beach,P0081,1,12.2,0.0
S000880,2025-08-05,Dania Beach,P0232,3,35.97,5.0
S009083,2026-06-01,Lake Worth,P0266,3,28.75,
S004730,2025-12-22,Dania Beach,P0181,1,38.54,0.0
S009308,2026-06-10,LAKE WORTH,P0099,1,32.17,0.0
S005303,2026-01-05,Dania Beach,P0264,1,39.66,0.0
S009290,6/8/2026,Lake Worth,P0216,1,14.8,0.0
S007728,2026-04-16,Oakland Park,P0069,1,21.4,0.0
S003674,11/26/2025,Lake Worth,P0173,2,28.8,2.0
S000279,2025-07-11,Oakland Park,P0107,1,35.69,0.0
S005515,2026-01-16,Dania Beach,P0227,1,22.7,0.0
S000052,2025-07-03,Dania Beach,P0201,1,37.27,0.0
S001840,2025-09-13,Lake Worth,P0075,1,16.43,0.0
S002510,2025-10-09,Oakland Park,P0074,1,23.62,0.0
S000217,7/8/2025,dania beach,P0258,1,$20.03,0.0
S000980,2025-08-10,Dania Beach,P0127,1,26.3,0.0
S008957,2026-05-27,Dania Beach,P0124,1,14.5,
S002183,9/27/2025,Oakland Park,P0258,1,20.03,0.0
S009658,2026-06-23,Oakland Park,P0065,1,22.31,0.0
S008863,2026-05-23,Dania Beach,P0071,1,14.0,0.0
S002779,2025-10-20,Oakland Park,P0022,1,7.3,2.0
S001008,2025-08-11,Dania Beach,P0154,1,15.49,0.0
S000508,2025-07-21,Dania Beach,P0077,1,38.06,0.0
S008868,2026-05-23,Lake Worth,P0120,1,23.21,0.0
S001413,2025-08-27,Dania Beach,P0258,2,20.03,0.0
S007059,2026-03-30,Oakland Park,P0079,2,38.19,0.0
S005381,2026-01-09,LAKE WORTH,P0099,1,32.17,0.0
S005779,1/30/2026,Lake Worth,P0028,1,22.61,0.0
S008594,2026-05-12,Dania Beach,P0289,1,47.01,2.0
S006312,2026-02-27,Lake Worth,P0150,1,8.12,5.0
S001169,2025-08-17,Lake Worth,P0245,1,30.57,0.0
S003335,2025-11-11,Dania Beach,P0291,1,10.13,0.0
S004505,12/17/2025,Oakland Park,P0003,1,11.11,0.0
S009115,6/2/2026,Dania Beach,P0022,1,7.3,0.0
S003132,2025-11-03,Dania Beach,P0041,2,11.22,0.0
S006818,2026-03-20,Oakland Park,P0037,1,16.2,0.0
S006064,2/13/2026,DANIA BEACH,P0150,1,8.12,0.0
S008747,5/18/2026,Dania Beach,P0181,1,38.54,0.0
S006218,2026-02-21,Dania Beach,P0234,1,39.24,0.0
S003386,2025-11-14,Dania Beach,P0141,1,18.03,0.0
S009049,2026-05-30,Dania Beach,P0045,1,31.47,0.0
S001615,2025-09-04,Dania Beach,P0028,1,22.61,0.0
S004724,2025-12-22,Dania Beach,P0283,1,41.77,0.0
S000050,7/3/2025,Dania Beach,P0003,1,11.11,0.0
S008449,2026-05-07,dania beach,P0138,1,18.5,0.0
S006895,2026-03-22,Lake Worth,P0271,1,13.23,0.0
S009603,2026-06-21,Dania Beach,P0263,1,24.16,5.0
S000909,2025-08-07,oakland park,P0045,1,31.47,0.0
S006682,2026-03-14,Dania Beach,P0188,3,14.19,2.0
S008753,2026-05-18,Dania Beach,P0234,1,39.24,0.0
S004408,2025-12-15,Oakland Park,P0095,1,15.25,0.0
S009088,2026-06-01,Lake Worth,P0148,2,17.71,0.0
S003712,2025-11-28,Dania Beach,P0162,1,9.66,0.0
S003683,2025-11-26,Dania Beach,P0268,1,28.7,0.0
S003301,2025-11-09,Oakland Park,P0253,1,12.31,5.0
S007657,2026-04-14,Lake Worth,P0138,1,18.5,0.0
S008875,2026-05-23,Oakland Park,P0106,1,14.38,0.0
S008196,2026-04-27,Oakland Park,P0231,1,16.4,
S004524,12/17/2025,Lake Worth,P0076,2,28.11,0.0
S004789,2025-12-23,Dania Beach,P0130,1,19.21,0.0
S006414,2026-03-03,Dania Beach,P0161,1,43.05,0.0
S004210,2025-12-11,Oakland Park,P0080,1,3.25,0.0
S002784,2025-10-20,Dania Beach,P0283,1,41.77,0.0
S001113,8/16/2025,Dania Beach,P0229,1,15.22,0.0
S001645,2025-09-06,Oakland Park,P0056,1,36.04,0.0
S002039,9/22/2025,Dania Beach,P0233,1,22.74,5.0
S007833,2026-04-18,Lake Worth,P0123,1,32.28,0.0
S002667,2025-10-16,Dania Beach,P0137,1,34.89,0.0
S005781,2026-01-30,Lake Worth,P0122,1,15.39,0.0
S001394,2025-08-27,Lake Worth,P0028,1,22.61,
S006517,2026-03-07,Oakland Park,P0116,1,38.74,0.0
S007408,2026-04-08,Dania Beach,P0281,1,17.35,0.0
S008063,2026-04-25,Oakland Park,P0264,1,39.66,0.0
S007173,2026-04-03,Oakland Park,P0100,1,34.67,2.0
S001564,2025-09-02,Oakland Park,P0062,1,34.29,0.0
S003980,2025-12-05,Dania Beach,P0198,3,5.19,0.0
S006520,2026-03-07,Dania Beach,P0071,1,14.0,0.0
S005170,2025-12-31,Oakland Park,P0248,1,14.4,0.0
S001219,2025-08-20,Lake Worth,P0225,1,30.83,0.0
S003756,2025-11-29,Oakland Park,P0016,1,9.61,0.0
S004391,2025-12-14,Dania Beach,P0193,1,15.19,
S001753,2025-09-09,Dania Beach,P0258,1,$20.03,0.0
S007043,2026-03-29,Dania Beach,P0132,1,38.62,0.0
S000669,2025-07-28,Lake Worth,P0229,1,15.22,0.0
S002782,2025-10-20,Oakland Park,P0145,1,18.52,0.0
S009336,2026-06-11,Dania Beach,P0120,1,23.21,0.0
S004675,2025-12-21,Oakland Park,P0242,1,$16.38,0.0
S001834,2025-09-13,Dania Beach,P0077,1,38.06,0.0
S007546,2026-04-12,Oakland Park,P0141,1,18.03,0.0
S000349,7/14/2025,Lake Worth,P0042,1,16.07,0.0
S003630,2025-11-24,Dania Beach,P0016,2,9.61,0.0
S001705,2025-09-07,Lake Worth,P0228,1,12.36,0.0
S008830,2026-05-22,Lake Worth,P0150,1,8.12,
S006017,2026-02-10,Oakland Park,P0152,2,10.83,5.0
S003985,2025-12-06,Lake Worth,P0172,1,16.93,0.0
S003202,2025-11-06,OAKLAND PARK,P0147,1,40.67,0.0
S001975,2025-09-19,Oakland Park,P0045,1,$31.47,0.0
S002430,2025-10-06,Dania Beach,P0079,1,38.19,0.0
S003944,2025-12-05,Oakland Park,P0171,1,15.79,0.0
S004967,2025-12-27,Lake Worth,P0053,1,11.0,2.0
S003353,2025-11-12,Dania Beach,P0120,1,23.21,0.0
S009041,2026-05-30,Oakland Park,P0239,1,7.76,2.0
S004323,2025-12-13,Dania Beach,P0094,1,15.94,0.0
S000466,2025-07-19,Oakland Park,P0133,1,31.55,0.0
S008045,2026-04-24,Oakland Park,P0029,2,44.82,
S000324,2025-07-13,Dania Beach,P0268,1,28.7,0.0
S007084,2026-03-31,Oakland Park,P0171,1,15.79,0.0
S003628,2025-11-24,Dania Beach,P0258,1,20.03,0.0
S002726,2025-10-18,Oakland Park,P0187,1,8.33,
S000943,2025-08-09,Oakland Park,P0101,1,40.29,2.0
S008751,2026-05-18,Lake Worth,P0058,1,6.59,0.0
S000617,2025-07-26,Lake Worth,P0250,1,26.07,0.0
S002076,2025-09-23,Oakland Park,P0141,1,18.03,0.0
S008619,2026-05-13,Dania Beach,P0028,1,22.61,0.0
S004500,2025-12-17,Dania Beach,P0203,1,28.04,0.0
S000658,2025-07-27,OAKLAND PARK,P0258,1,20.03,0.0
S009372,6/13/2026,Dania Beach,P0065,1,22.31,0.0
S000011,2025-07-01,Dania Beach,P0297,3,17.64,0.0
S009630,2026-06-22,Dania Beach,P0227,1,22.7,0.0
S005489,2026-01-15,Oakland Park,P0022,1,7.3,0.0
S004125,2025-12-09,Oakland Park,P0102,1,16.27,0.0
S005883,2026-02-03,Dania Beach,P0150,1,8.12,0.0
S007726,2026-04-16,Oakland Park,P0280,1,15.83,0.0
S004109,2025-12-08,oakland park,P0224,1,28.47,0.0
S007917,2026-04-21,Dania Beach,P0258,1,20.03,5.0
S005582,2026-01-19,Dania Beach,P0258,1,20.03,0.0
S007994,2026-04-23,Dania Beach,P0028,1,22.61,0.0
S000495,7/20/2025,Dania Beach,P0258,1,20.03,0.0
S003779,2025-11-30,Dania Beach,P0041,1,11.22,0.0
S008175,2026-04-27,Oakland Park,P0162,1,9.66,0.0
S003709,2025-11-27,Dania Beach,P0234,1,39.24,2.0
S008428,2026-05-06,Dania Beach,P0253,1,12.31,0.0
S003638,2025-11-24,Dania Beach,P0126,1,18.39,0.0
S005054,2025-12-28,Dania Beach,P0104,1,23.8,0.0
S005716,2026-01-26,Dania Beach,P0141,1,18.03,2.0
S003714,2025-11-28,Oakland Park,P0019,1,19.0,2.0
S002080,2025-09-23,Dania Beach,P0071,1,14.0,0.0
S004658,2025-12-20,OAKLAND PARK,P0037,2,16.2,0.0
S001371,2025-08-26,Oakland Park,P0068,3,18.85,0.0
S004836,2025-12-24,Oakland Park,P0034,1,17.39,2.0
S005797,2026-01-31,Dania Beach,P0053,1,11.0,0.0
S008473,2026-05-08,Dania Beach,P0300,1,15.39,0.0
S003769,2025-11-30,Lake Worth,P0160,1,15.14,0.0
S005008,2025-12-28,Dania Beach,P0082,1,11.34,2.0
S009637,2026-06-22,OAKLAND PARK,P0033,1,13.41,0.0
S002744,2025-10-19,Dania Beach,P0028,1,22.61,0.0
S001007,2025-08-11,Oakland Park,P0229,1,15.22,
S003712,2025-11-28,Dania Beach,P0162,1,9.66,0.0
S007488,2026-04-10,Dania Beach,P0043,1,11.96,0.0
S008855,2026-05-23,Dania Beach,P0241,1,10.09,0.0
S009217,2026-06-06,Lake Worth,P0113,1,15.71,
S003314,2025-11-10,Lake Worth,P0120,1,23.21,0.0
S001457,2025-08-29,Oakland Park,P0108,1,11.87,0.0
S001540,2025-09-01,Dania Beach,P0265,1,19.55,0.0
S006706,2026-03-15,Oakland Park,P0258,1,20.03,5.0
S001026,8/12/2025,Dania Beach,P0278,2,27.49,0.0
S002592,2025-10-13,Dania Beach,P0233,1,22.74,0.0
S005938,2026-02-06,Lake Worth,P0004,1,33.33,0.0
S002514,2025-10-10,Lake Worth,P0091,1,$10.86,0.0
S007781,2026-04-18,Oakland Park,P0138,1,18.5,2.0
S007265,2026-04-05,Lake Worth,P0234,1,39.24,0.0
S001760,2025-09-10,Dania Beach,P0069,1,21.4,0.0
S006034,2026-02-11,Lake Worth,P0148,1,$17.71,0.0
S003807,2025-12-01,Lake Worth,P0182,1,25.07,0.0
S007506,2026-04-11,Lake Worth,P0258,1,20.03,0.0
S008040,2026-04-24,Dania Beach,P0102,1,16.27,0.0
S004262,2025-12-12,Dania Beach,P0098,1,12.85,0.0
S008719,2026-05-17,Dania Beach,P0138,1,18.5,5.0
S001693,2025-09-07,Oakland Park,P0181,1,38.54,5.0
S005784,2026-01-30,Dania Beach,P0045,1,31.47,0.0
S009457,2026-06-15,Dania Beach,P0222,1,25.03,0.0
S008408,2026-05-06,Lake Worth,P0242,2,16.38,0.0
S006189,2026-02-20,Lake Worth,P0110,2,16.9,0.0
S009190,2026-06-05,Lake Worth,P0266,1,28.75,0.0
S004550,2025-12-18,dania beach,P0258,1,20.03,0.0
S009840,2026-06-30,Dania Beach,P0123,1,32.28,0.0
S005680,2026-01-24,DANIA BEACH,P0071,2,14.0,0.0
S008872,5/23/2026,Oakland Park,P0004,1,33.33,0.0
S001059,2025-08-13,Oakland Park,P0109,1,19.26,0.0
S008277,2026-04-30,Dania Beach,P0258,1,20.03,0.0
S001107,2025-08-15,Lake Worth,P0071,1,14.0,5.0
S001688,2025-09-07,OAKLAND PARK,P0232,3,35.97,
S007552,2026-04-12,Lake Worth,P0234,3,39.24,0.0
S002648,2025-10-15,Oakland Park,P0120,1,23.21,
S001361,2025-08-26,Oakland Park,P0291,1,10.13,0.0
S008514,2026-05-09,Lake Worth,P0069,1,21.4,0.0
S000602,7/26/2025,Dania Beach,P0071,2,14.0,0.0
S004049,2025-12-07,Oakland Park,P0258,1,20.03,0.0
S007275,2026-04-05,Oakland Park,P0250,1,26.07,0.0
S008410,2026-05-06,Dania Beach,P0298,1,10.79,0.0
S006857,2026-03-21,Dania Beach,P0232,3,35.97,2.0
S005275,2026-01-04,Dania Beach,P0253,2,12.31,0.0
S006346,2026-02-28,Dania Beach,P0028,1,22.61,0.0
S009386,2026-06-13,Dania Beach,P0168,1,9.03,
S003079,2025-11-01,Dania Beach,P0274,1,22.73,0.0
S001430,8/28/2025,Lake Worth,P0226,1,19.09,0.0
S008463,5/8/2026,DANIA BEACH,P0100,1,34.67,0.0
S000695,2025-07-29,Lake Worth,P0183,1,39.68,
S004228,2025-12-11,Dania Beach,P0258,1,20.03,0.0
S001877,2025-09-14,Lake Worth,P0120,1,23.21,0.0
S001231,2025-08-20,Dania Beach,P0007,1,18.87,5.0
S008096,2026-04-25,Dania Beach,P0112,1,9.26,0.0
S007450,2026-04-09,Dania Beach,P0028,1,22.61,0.0
S004263,2025-12-12,Oakland Park,P0231,1,16.4,0.0
S001338,2025-08-25,Oakland Park,P0097,1,11.18,0.0
S001082,2025-08-14,Oakland Park,P0250,1,26.07,0.0
S008742,2026-05-18,OAKLAND PARK,P0112,1,9.26,0.0
S009597,2026-06-21,Dania Beach,P0057,1,31.85,5.0
S006711,2026-03-15,Lake Worth,P0028,1,$22.61,0.0
S000409,2025-07-17,Dania Beach,P0181,1,38.54,0.0
S007375,2026-04-07,Oakland Park,P0028,2,22.61,0.0
S002012,2025-09-21,dania beach,P0181,1,38.54,
S006827,2026-03-20,Oakland Park,P0207,1,8.62,0.0
S008613,2026-05-13,Oakland Park,P0002,1,33.09,0.0
S008358,5/3/2026,Oakland Park,P0243,1,14.68,0.0
S007934,2026-04-21,Dania Beach,P0229,1,15.22,0.0
S003057,2025-10-31,DANIA BEACH,P0251,1,16.69,0.0
S006014,2026-02-10,Lake Worth,P0196,1,23.33,0.0
S002975,2025-10-28,Oakland Park,P0098,2,12.85,0.0
S007525,2026-04-11,Dania Beach,P0138,1,18.5,0.0
S007537,2026-04-11,Lake Worth,P0286,1,17.06,0.0
S009293,2026-06-08,Lake Worth,P0102,1,16.27,0.0
S006486,3/6/2026,Oakland Park,P0034,1,$17.39,0.0
S002072,2025-09-23,Dania Beach,P0147,2,40.67,0.0
S007576,4/12/2026,Dania Beach,P0232,1,35.97,2.0
S004894,2025-12-26,Dania Beach,P0248,1,14.4,0.0
S002838,2025-10-23,Dania Beach,P0028,1,22.61,0.0
S001411,2025-08-27,Oakland Park,P0144,1,$39.21,0.0
S005376,2026-01-09,Dania Beach,P0264,1,39.66,0.0
S002787,2025-10-20,Dania Beach,P0261,1,13.52,2.0
S008857,2026-05-23,Oakland Park,P0070,1,22.38,0.0
S000440,2025-07-18,Dania Beach,P0108,1,11.87,0.0
S003738,2025-11-29,dania beach,P0188,1,14.19,0.0
S003206,2025-11-06,Oakland Park,P0063,1,32.31,0.0
S007050,2026-03-29,Oakland Park,P0035,1,25.13,0.0
S004668,2025-12-21,Dania Beach,P0138,1,18.5,0.0
S006775,2026-03-18,Dania Beach,P0219,1,19.95,0.0
S001888,2025-09-15,Lake Worth,P0260,1,16.34,0.0
S009377,2026-06-13,Oakland Park,P0105,1,41.09,0.0
S000776,2025-08-02,Dania Beach,P0192,2,9.96,0.0
S003969,2025-12-05,Oakland Park,P0138,1,18.5,
S001977,2025-09-20,Oakland Park,P0035,1,25.13,0.0
S003800,2025-12-01,Oakland Park,P0233,1,22.74,0.0
S005827,2026-02-01,Dania Beach,P0258,1,20.03,0.0
S006733,2026-03-16,Dania Beach,P0022,1,7.3,0.0
S007971,2026-04-22,dania beach,P0258,1,20.03,0.0
S004052,2025-12-07,Dania Beach,P0229,2,15.22,0.0
S004767,12/23/2025,Dania Beach,P0123,1,32.28,0.0
S004353,2025-12-14,Oakland Park,P0152,1,10.83,0.0
S003071,11/1/2025,Lake Worth,P0229,1,15.22,0.0
S005591,2026-01-20,Dania Beach,P0041,1,11.22,0.0
S002470,2025-10-08,Lake Worth,P0075,2,16.43,0.0
S009146,2026-06-03,Dania Beach,P0055,1,18.49,2.0
S008374,2026-05-04,Oakland Park,P0258,1,$20.03,2.0
S001201,2025-08-19,Lake Worth,P0253,1,12.31,0.0
S008548,2026-05-10,Dania Beach,P0028,1,22.61,0.0
S001767,2025-09-10,Oakland Park,P0069,1,21.4,0.0
S009095,2026-06-01,Oakland Park,P0178,1,35.29,
S007617,2026-04-13,Oakland Park,P0112,3,9.26,0.0
S005310,2026-01-05,Dania Beach,P0055,1,18.49,2.0
S000922,2025-08-07,Oakland Park,P0267,1,35.08,0.0
S004232,2025-12-11,Dania Beach,P0246,1,14.88,0.0
S004205,2025-12-11,Lake Worth,P0107,1,35.69,
S008602,2026-05-13,Oakland Park,P0285,3,24.04,0.0
S004847,2025-12-24,Lake Worth,P0250,1,26.07,0.0
S009415,2026-06-14,Lake Worth,P0123,1,32.28,0.0
S008021,2026-04-24,oakland park,P0156,1,33.24,0.0
S003296,2025-11-09,Dania Beach,P0028,1,22.61,0.0
S004221,2025-12-11,Lake Worth,P0153,1,24.73,0.0
S000319,2025-07-13,DANIA BEACH,P0129,2,7.89,0.0
S000872,2025-08-05,Oakland Park,P0269,1,19.37,0.0
S004425,2025-12-15,Dania Beach,P0258,1,$20.03,0.0
S008026,2026-04-24,DANIA BEACH,P0152,1,10.83,0.0
S008510,2026-05-09,oakland park,P0008,1,23.36,0.0
S004908,2025-12-26,Dania Beach,P0028,1,22.61,0.0
S008655,2026-05-15,Oakland Park,P0221,1,26.83,0.0
S008858,2026-05-23,Oakland Park,P0035,3,25.13,0.0
S002855,2025-10-24,Oakland Park,P0298,1,10.79,0.0
S002016,2025-09-21,Lake Worth,P0187,1,8.33,0.0
S001029,2025-08-12,Dania Beach,P0141,1,18.03,0.0
S007372,4/7/2026,Dania Beach,P0265,2,19.55,5.0
S005055,2025-12-28,Dania Beach,P0141,1,18.03,0.0
S006426,2026-03-03,Dania Beach,P0029,1,44.82,0.0
S002888,2025-10-25,Oakland Park,P0022,2,7.3,0.0
S004661,2025-12-20,Dania Beach,P0258,1,20.03,0.0
S003910,2025-12-04,Oakland Park,P0094,1,15.94,0.0
S009421,2026-06-14,Dania Beach,P0258,1,20.03,2.0
S000238,7/9/2025,Dania Beach,P0258,1,20.03,0.0
S004326,12/13/2025,Dania Beach,P0232,1,35.97,0.0
S007841,2026-04-19,Dania Beach,P0007,1,18.87,0.0
S007224,4/4/2026,OAKLAND PARK,P0041,2,11.22,
S003887,2025-12-03,Lake Worth,P0180,1,14.34,0.0
S002848,2025-10-23,Oakland Park,P0014,1,41.58,0.0
S004523,2025-12-17,Oakland Park,P0079,3,38.19,0.0
S002683,2025-10-17,Dania Beach,P0219,1,19.95,0.0
S005134,2025-12-30,Oakland Park,P0102,1,16.27,2.0
S002325,2025-10-02,Dania Beach,P0141,1,18.03,0.0
S004794,2025-12-23,Oakland Park,P0120,1,23.21,0.0
S007508,2026-04-11,DANIA BEACH,P0129,1,7.89,0.0
S002121,2025-09-25,Dania Beach,P0229,1,15.22,0.0
S000730,2025-07-31,Dania Beach,P0281,1,17.35,2.0
S007572,2026-04-12,Oakland Park,P0258,2,20.03,0.0
S008202,2026-04-28,OAKLAND PARK,P0080,1,3.25,2.0
S008383,2026-05-04,Oakland Park,P0278,1,27.49,0.0
S007541,2026-04-11,Oakland Park,P0203,1,28.04,0.0
S007355,2026-04-07,Oakland Park,P0071,1,14.0,0.0
S007526,2026-04-11,Oakland Park,P0116,1,38.74,0.0
S005028,2025-12-28,Lake Worth,P0207,1,8.62,0.0
S005232,2026-01-02,Dania Beach,P0074,1,23.62,0.0
S002568,2025-10-12,Oakland Park,P0186,1,8.27,0.0
S002911,2025-10-26,Oakland Park,P0209,1,38.73,0.0
S007531,2026-04-11,Oakland Park,P0298,1,10.79,0.0
S009325,2026-06-11,Oakland Park,P0123,1,32.28,0.0
S000482,2025-07-20,Lake Worth,P0112,1,9.26,0.0
S007589,2026-04-12,Dania Beach,P0033,1,13.41,0.0
S005701,2026-01-25,Dania Beach,P0141,1,18.03,0.0
S005342,2026-01-07,Oakland Park,P0283,1,41.77,2.0
S002226,2025-09-29,Dania Beach,P0220,1,18.24,0.0
S005682,2026-01-24,Oakland Park,P0028,1,22.61,
S008067,2026-04-25,Dania Beach,P0109,1,19.26,0.0
S007681,2026-04-14,Oakland Park,P0181,1,38.54,0.0
S007860,2026-04-19,Oakland Park,P0157,1,8.43,0.0
S004645,2025-12-20,Dania Beach,P0082,2,11.34,0.0
S005931,2026-02-06,Dania Beach,P0091,1,10.86,0.0
S007051,2026-03-29,Lake Worth,P0272,1,18.29,0.0
S006734,2026-03-16,Oakland Park,P0229,1,15.22,0.0
S005042,2025-12-28,Oakland Park,P0022,1,7.3,0.0
S006032,2026-02-11,Dania Beach,P0181,1,38.54,2.0
S004880,2025-12-25,Oakland Park,P0229,2,15.22,0.0
S003900,2025-12-04,Dania Beach,P0006,1,18.74,0.0
S007060,2026-03-30,Oakland Park,P0137,1,34.89,0.0
S005277,2026-01-04,Lake Worth,P0239,1,7.76,0.0
S004984,2025-12-27,Oakland Park,P0196,1,23.33,2.0
S007116,2026-04-01,Oakland Park,P0066,1,15.19,0.0
S004438,2025-12-15,Dania Beach,P0169,1,28.05,0.0
S006097,2026-02-15,dania beach,P0116,1,38.74,0.0
S000025,2025-07-02,Lake Worth,P0250,1,26.07,0.0
S008162,2026-04-27,Dania Beach,P0025,1,37.2,0.0
S004948,2025-12-27,Dania Beach,P0138,1,18.5,0.0
S009823,2026-06-30,Oakland Park,P0158,1,15.94,0.0
S003014,10/30/2025,Lake Worth,P0037,1,16.2,
S005525,2026-01-17,Oakland Park,P0258,1,20.03,2.0
S008612,2026-05-13,Lake Worth,P0264,1,39.66,5.0
S006122,2026-02-16,Oakland Park,P0196,1,23.33,0.0
S001873,2025-09-14,Dania Beach,P0165,1,17.48,
S001787,2025-09-11,Lake Worth,P0237,3,18.61,0.0
S005265,2026-01-03,Oakland Park,P0185,1,20.14,
S008502,2026-05-09,Dania Beach,P0120,1,23.21,0.0
S006278,2026-02-25,Dania Beach,P0106,1,14.38,0.0
S001764,2025-09-10,OAKLAND PARK,P0099,1,32.17,0.0
S007122,2026-04-01,Lake Worth,P0156,1,33.24,0.0
S006272,2026-02-24,Oakland Park,P0119,1,10.1,2.0
S007612,2026-04-13,Lake Worth,P0122,1,15.39,5.0
S009132,2026-06-02,Lake Worth,P0099,1,32.17,0.0
S005842,2026-02-01,Dania Beach,P0152,1,10.83,0.0
S002400,2025-10-05,Oakland Park,P0258,1,20.03,0.0
S007680,2026-04-14,Dania Beach,P0197,1,24.23,0.0
S004351,2025-12-14,Dania Beach,P0282,1,14.8,0.0
S004088,2025-12-07,Lake Worth,P0117,1,13.24,0.0
S000742,2025-07-31,Dania Beach,P0229,1,15.22,0.0
S006968,2026-03-26,Dania Beach,P0013,1,19.04,0.0
S004315,2025-12-13,dania beach,P0245,1,30.57,0.0
S009616,2026-06-21,Dania Beach,P0229,1,15.22,0.0
S004108,2025-12-08,Dania Beach,P0258,1,20.03,0.0
S003727,2025-11-28,Oakland Park,P0135,2,18.06,0.0
S006929,2026-03-24,DANIA BEACH,P0209,2,38.73,0.0
S007847,2026-04-19,Dania Beach,P0138,1,18.5,0.0
S004862,2025-12-25,Dania Beach,P0050,1,16.14,2.0
S000454,2025-07-19,Oakland Park,P0001,1,37.04,0.0
S004059,2025-12-07,Oakland Park,P0047,1,11.39,0.0
S007244,2026-04-04,Dania Beach,P0116,1,$38.74,0.0
S006599,2026-03-10,Oakland Park,P0037,1,16.2,5.0
S006871,2026-03-21,Lake Worth,P0150,1,8.12,0.0
S000912,2025-08-07,Lake Worth,P0045,1,31.47,0.0
S004101,2025-12-08,Dania Beach,P0132,1,38.62,0.0
S006195,2026-02-20,Oakland Park,P0037,1,16.2,0.0
S005253,2026-01-03,Oakland Park,P0159,1,5.86,0.0
S000241,7/9/2025,Dania Beach,P0226,1,19.09,5.0
S002393,2025-10-05,Dania Beach,P0163,2,12.13,0.0
S008604,2026-05-13,DANIA BEACH,P0028,1,22.61,0.0
S001530,2025-09-01,Dania Beach,P0138,1,18.5,0.0
S003366,2025-11-13,Oakland Park,P0284,1,19.93,0.0
S009156,2026-06-04,Dania Beach,P0181,1,38.54,0.0
S001378,2025-08-26,Lake Worth,P0121,1,26.48,0.0
S007842,2026-04-19,Oakland Park,P0229,1,15.22,0.0
S001176,2025-08-18,Oakland Park,P0258,1,20.03,
S008310,2026-05-02,Oakland Park,P0046,1,16.17,0.0
S003253,11/8/2025,Oakland Park,P0028,1,22.61,0.0
S009436,2026-06-15,Dania Beach,P0229,1,15.22,
S004453,2025-12-16,Dania Beach,P0185,1,20.14,0.0
S006853,3/21/2026,Lake Worth,P0258,1,20.03,0.0
S005019,2025-12-28,Oakland Park,P0263,1,24.16,0.0
S000851,2025-08-04,Lake Worth,P0148,1,17.71,0.0
S009552,6/20/2026,Dania Beach,P0120,1,23.21,0.0
S003990,2025-12-06,Dania Beach,P0258,1,20.03,0.0
S003657,2025-11-25,Oakland Park,P0112,1,9.26,2.0
S001372,2025-08-26,Dania Beach,P0003,1,11.11,0.0
S005068,2025-12-28,Oakland Park,P0278,1,27.49,0.0
S000259,2025-07-10,Dania Beach,P0028,1,22.61,0.0
S001678,2025-09-06,Dania Beach,P0042,2,16.07,0.0
S001798,9/11/2025,Lake Worth,P0216,1,14.8,0.0
S000768,2025-08-01,Oakland Park,P0010,2,26.25,0.0
S004941,2025-12-27,Oakland Park,P0231,1,16.4,0.0
S007127,2026-04-01,Oakland Park,P0282,1,14.8,0.0
S008244,2026-04-29,Dania Beach,P0250,1,26.07,0.0
S006796,2026-03-19,Oakland Park,P0229,1,15.22,0.0
S002728,2025-10-18,Dania Beach,P0175,1,10.78,0.0
S006330,2/27/2026,lake worth,P0181,1,38.54,0.0
S007142,2026-04-01,Dania Beach,P0258,1,20.03,0.0
S005840,2026-02-01,Lake Worth,P0120,1,23.21,0.0
S007764,2026-04-17,Oakland Park,P0138,1,18.5,
S009722,2026-06-26,Oakland Park,P0250,1,26.07,2.0
S002949,2025-10-27,Dania Beach,P0123,1,32.28,0.0
S006154,2026-02-18,Dania Beach,P0175,1,10.78,0.0
S000749,7/31/2025,Lake Worth,P0232,1,35.97,0.0
S000560,2025-07-24,Oakland Park,P0031,1,23.06,0.0
S001391,2025-08-27,Oakland Park,P0176,1,38.34,0.0
S000291,2025-07-12,Oakland Park,P0229,1,15.22,0.0
S002751,2025-10-19,Oakland Park,P0286,1,17.06,0.0
S004994,2025-12-27,Dania Beach,P0098,1,12.85,0.0
S008466,5/8/2026,Dania Beach,P0232,1,35.97,0.0
S006243,2026-02-22,Oakland Park,P0026,1,$24.77,0.0
S005645,2026-01-23,Dania Beach,P0024,1,12.01,0.0
S000568,2025-07-24,Dania Beach,P0258,2,20.03,2.0
S006919,2026-03-23,Dania Beach,P0250,1,26.07,0.0
S005166,12/30/2025,Oakland Park,P0170,1,12.29,0.0
S003987,2025-12-06,OAKLAND PARK,P0036,1,4.54,2.0
S007599,2026-04-12,Lake Worth,P0022,1,$7.3,0.0
S004656,2025-12-20,Dania Beach,P0138,1,18.5,0.0
S002086,2025-09-23,Oakland Park,P0045,2,31.47,0.0
S004063,2025-12-07,Dania Beach,P0148,1,17.71,0.0
S003246,2025-11-08,Dania Beach,P0283,1,41.77,0.0
S008399,2026-05-05,Dania Beach,P0181,1,38.54,0.0
S007549,2026-04-12,Oakland Park,P0078,1,34.08,0.0
S003532,2025-11-20,Dania Beach,P0234,3,39.24,0.0
S001719,2025-09-08,Dania Beach,P0258,1,20.03,0.0
S001585,2025-09-03,Oakland Park,P0026,1,$24.77,0.0
S001827,2025-09-12,Dania Beach,P0123,2,32.28,0.0
S003646,2025-11-25,Oakland Park,P0127,1,26.3,
S007457,2026-04-09,Dania Beach,P0260,1,16.34,0.0
S008089,2026-04-25,Dania Beach,P0207,1,8.62,0.0
S008658,2026-05-15,Lake Worth,P0062,1,34.29,0.0
S007945,2026-04-22,Dania Beach,P0105,1,41.09,0.0
S001075,2025-08-14,Dania Beach,P0101,1,40.29,0.0
S004602,2025-12-19,Lake Worth,P0112,1,9.26,0.0
S001732,2025-09-08,dania beach,P0016,2,9.61,0.0
S000591,7/26/2025,Oakland Park,P0120,2,23.21,0.0
S004470,2025-12-16,Dania Beach,P0209,1,38.73,2.0
S001104,2025-08-15,Dania Beach,P0181,2,38.54,0.0
S003111,2025-11-02,Dania Beach,P0100,1,34.67,0.0
S007462,2026-04-10,Lake Worth,P0278,1,27.49,0.0
S008050,2026-04-24,Oakland Park,P0256,1,20.62,0.0
S002155,2025-09-26,Dania Beach,P0069,1,21.4,0.0
S007859,2026-04-19,Dania Beach,P0058,1,6.59,5.0
S000046,2025-07-02,Dania Beach,P0128,1,25.5,0.0
S000016,2025-07-01,Oakland Park,P0099,1,32.17,0.0
S007722,2026-04-16,Oakland Park,P0052,3,20.69,0.0
S008945,2026-05-26,Oakland Park,P0005,1,12.32,0.0
S001984,2025-09-20,Oakland Park,P0150,1,8.12,
S006777,2026-03-18,Dania Beach,P0042,1,16.07,0.0
S007812,2026-04-18,Oakland Park,P0214,2,40.55,0.0
S008285,5/1/2026,Lake Worth,P0123,1,32.28,0.0
S003702,2025-11-27,Dania Beach,P0045,1,31.47,0.0
S000828,2025-08-03,Oakland Park,P0181,1,38.54,0.0
S000074,2025-07-03,Oakland Park,P0052,1,$20.69,0.0
S007277,2026-04-05,Lake Worth,P0088,1,14.79,2.0
S005333,2026-01-07,Dania Beach,P0123,1,32.28,0.0
S003198,11/5/2025,Oakland Park,P0265,1,19.55,0.0
S004100,2025-12-08,Oakland Park,P0281,1,17.35,0.0
S006417,2026-03-03,Lake Worth,P0091,1,$10.86,0.0
S005763,2026-01-29,Oakland Park,P0069,1,$21.4,0.0
S002252,2025-09-30,Oakland Park,P0248,1,14.4,0.0
S006420,2026-03-03,OAKLAND PARK,P0220,1,18.24,0.0
S007026,2026-03-29,Dania Beach,P0282,1,14.8,2.0
S007336,2026-04-06,Dania Beach,P0205,2,34.1,0.0
S000841,2025-08-04,Dania Beach,P0041,2,11.22,5.0
S000977,2025-08-10,Dania Beach,P0056,1,36.04,0.0
S007231,4/4/2026,Dania Beach,P0232,2,35.97,0.0
S001681,9/6/2025,Dania Beach,P0112,1,9.26,0.0
S001267,2025-08-22,Oakland Park,P0113,1,15.71,0.0
S002846,2025-10-23,OAKLAND PARK,P0298,1,10.79,0.0
S003614,2025-11-23,Dania Beach,P0203,1,28.04,0.0
S008831,2026-05-22,Oakland Park,P0116,1,38.74,0.0
S002588,2025-10-13,Dania Beach,P0051,1,31.0,0.0
S000802,2025-08-02,Dania Beach,P0213,1,$4.58,2.0
S001698,9/7/2025,Dania Beach,P0258,1,20.03,0.0
S003401,2025-11-14,Dania Beach,P0123,2,32.28,0.0
S008158,2026-04-27,Dania Beach,P0008,1,23.36,0.0
S005355,2026-01-08,Dania Beach,P0147,1,$40.67,0.0
S001965,2025-09-19,Dania Beach,P0038,1,16.31,0.0
S008140,2026-04-26,Oakland Park,P0028,1,22.61,0.0
S006404,2026-03-02,Dania Beach,P0039,1,18.68,0.0
S009464,2026-06-16,Dania Beach,P0033,1,13.41,0.0
S002493,2025-10-08,Dania Beach,P0028,1,22.61,0.0
S000230,7/9/2025,Oakland Park,P0234,1,39.24,5.0
S000614,7/26/2025,Oakland Park,P0082,1,11.34,0.0
S005898,2026-02-04,Oakland Park,P0082,1,11.34,0.0
S008191,2026-04-27,Oakland Park,P0012,1,14.93,5.0
S003539,2025-11-20,Dania Beach,P0101,2,40.29,0.0
S004890,2025-12-25,Dania Beach,P0028,1,22.61,0.0
S004892,2025-12-26,Oakland Park,P0061,1,13.54,5.0
S007304,2026-04-05,Dania Beach,P0028,2,22.61,0.0
S000358,2025-07-15,Dania Beach,P0250,1,26.07,0.0
S009108,2026-06-02,Dania Beach,P0201,1,37.27,0.0
S004007,2025-12-06,Dania Beach,P0138,1,18.5,0.0
S002817,2025-10-22,Oakland Park,P0209,1,38.73,0.0
S005169,2025-12-30,dania beach,P0264,1,39.66,0.0
S001156,2025-08-17,OAKLAND PARK,P0223,1,16.45,0.0
S005413,2026-01-11,Dania Beach,P0102,1,16.27,0.0
S005129,2025-12-30,Dania Beach,P0171,1,15.79,0.0
S001163,2025-08-17,Oakland Park,P0262,1,32.15,0.0
S006273,2026-02-24,Lake Worth,P0025,1,37.2,0.0
S005690,2026-01-24,Dania Beach,P0099,1,32.17,0.0
S003219,2025-11-07,Oakland Park,P0081,1,12.2,0.0
S004834,2025-12-24,Dania Beach,P0022,2,7.3,0.0
S000942,2025-08-09,Dania Beach,P0229,1,15.22,0.0
S005481,2026-01-14,Dania Beach,P0262,1,32.15,0.0
S002498,2025-10-09,Dania Beach,P0108,3,11.87,2.0
S007863,2026-04-19,Dania Beach,P0123,2,32.28,0.0
S006116,2/15/2026,Dania Beach,P0072,2,23.85,0.0
S004233,2025-12-11,Dania Beach,P0099,1,32.17,0.0
S005643,1/23/2026,DANIA BEACH,P0125,1,30.0,0.0
S009045,2026-05-30,Lake Worth,P0209,2,38.73,0.0
S004827,2025-12-24,Oakland Park,P0020,1,24.25,2.0
S005806,2026-01-31,Oakland Park,P0181,2,38.54,0.0
S000728,2025-07-30,Oakland Park,P0205,3,34.1,0.0
S001751,2025-09-09,Dania Beach,P0045,1,31.47,0.0
S009140,2026-06-03,Oakland Park,P0229,1,15.22,0.0
S008347,2026-05-03,lake worth,P0179,1,$10.96,0.0
S008479,2026-05-08,Oakland Park,P0054,1,38.06,0.0
S004021,2025-12-06,Lake Worth,P0058,1,$6.59,0.0
S001610,2025-09-04,Dania Beach,P0258,1,20.03,0.0
S009203,2026-06-06,Oakland Park,P0145,1,18.52,5.0
S009100,2026-06-02,Dania Beach,P0111,1,9.29,0.0
S006145,2/17/2026,Dania Beach,P0171,1,15.79,0.0
S002188,2025-09-28,Oakland Park,P0218,1,12.89,0.0
S008166,2026-04-27,Oakland Park,P0028,1,22.61,0.0
S002627,2025-10-14,Lake Worth,P0258,1,20.03,0.0
S006168,2026-02-19,Dania Beach,P0188,1,14.19,0.0
S004887,2025-12-25,Oakland Park,P0229,2,15.22,2.0
S003497,2025-11-18,Oakland Park,P0051,2,31.0,0.0
S009609,2026-06-21,Oakland Park,P0026,1,24.77,0.0
S003501,2025-11-18,Dania Beach,P0258,1,20.03,0.0
S003534,2025-11-20,Dania Beach,P0042,1,16.07,2.0
S004280,2025-12-12,Dania Beach,P0156,1,33.24,2.0
S000975,2025-08-10,Dania Beach,P0258,1,$20.03,0.0
S006235,2026-02-22,Oakland Park,P0090,1,39.67,0.0
S008386,2026-05-05,Dania Beach,P0077,1,38.06,0.0
S007123,2026-04-01,Oakland Park,P0138,1,$18.5,0.0
S000113,2025-07-05,Oakland Park,P0126,1,$18.39,0.0
S004429,2025-12-15,Oakland Park,P0071,1,14.0,0.0
S009776,6/28/2026,Dania Beach,P0152,2,10.83,0.0
S008008,2026-04-23,Dania Beach,P0258,1,20.03,0.0
S008734,2026-05-18,Lake Worth,P0100,1,34.67,0.0
S002258,2025-09-30,Oakland Park,P0264,1,$39.66,2.0
S006707,2026-03-15,Oakland Park,P0099,1,32.17,0.0
S009340,2026-06-11,Oakland Park,P0042,1,16.07,0.0
S007895,2026-04-20,Dania Beach,P0207,1,8.62,0.0
S006526,2026-03-07,Dania Beach,P0120,1,23.21,0.0
S004756,2025-12-22,Dania Beach,P0045,1,31.47,0.0
S004343,2025-12-14,Oakland Park,P0069,1,21.4,0.0
S002171,2025-09-27,Oakland Park,P0133,1,31.55,0.0
S007269,2026-04-05,Oakland Park,P0050,2,16.14,0.0
S008799,5/21/2026,Oakland Park,P0258,2,20.03,0.0
S003975,12/5/2025,lake worth,P0198,1,5.19,0.0
S006006,2026-02-10,OAKLAND PARK,P0181,1,$38.54,0.0
S003907,2025-12-04,Oakland Park,P0067,1,22.05,0.0
S009475,2026-06-16,Oakland Park,P0137,1,$34.89,0.0
S009695,2026-06-25,Dania Beach,P0297,1,17.64,0.0
S006588,2026-03-10,Dania Beach,P0168,1,9.03,0.0
S005433,2026-01-11,Oakland Park,P0285,1,24.04,0.0
S006211,2026-02-21,Dania Beach,P0028,1,22.61,0.0
S002781,10/20/2025,Dania Beach,P0123,1,32.28,0.0
S004782,2025-12-23,Lake Worth,P0258,1,20.03,
S006634,2026-03-11,Dania Beach,P0121,1,26.48,0.0
S003830,2025-12-02,Oakland Park,P0123,1,32.28,0.0
S003598,2025-11-23,Dania Beach,P0238,1,9.91,0.0
S006107,2026-02-15,Dania Beach,P0289,1,47.01,0.0
S003259,2025-11-08,Oakland Park,P0027,1,16.28,0.0
S008038,2026-04-24,dania beach,P0091,1,10.86,0.0
S008882,2026-05-23,Oakland Park,P0250,1,26.07,0.0
S006088,2/14/2026,Lake Worth,P0294,1,30.88,2.0
S000860,2025-08-05,Lake Worth,P0118,1,$26.15,0.0
S005775,2026-01-30,Oakland Park,P0141,1,18.03,5.0
S006092,2026-02-14,Lake Worth,P0051,1,31.0,0.0
S009538,2026-06-19,Oakland Park,P0164,3,14.99,0.0
S003695,11/27/2025,Dania Beach,P0258,1,20.03,0.0
S001151,2025-08-17,Oakland Park,P0271,1,13.23,0.0
S008354,2026-05-03,Dania Beach,P0250,1,26.07,0.0
S005079,12/29/2025,Dania Beach,P0205,1,34.1,0.0
S009670,2026-06-23,Dania Beach,P0291,2,10.13,0.0
S002044,9/22/2025,Oakland Park,P0134,1,13.77,0.0
S004011,2025-12-06,Dania Beach,P0008,1,23.36,5.0
S006511,2026-03-07,Oakland Park,P0096,1,17.3,0.0
S009705,2026-06-25,Dania Beach,P0258,1,20.03,0.0
S007851,2026-04-19,Dania Beach,P0054,1,38.06,2.0
S005955,2026-02-07,Dania Beach,P0045,1,$31.47,0.0
S005981,2026-02-08,Dania Beach,P0258,2,20.03,0.0
S009449,6/15/2026,Lake Worth,P0121,1,26.48,0.0
S007890,2026-04-20,Dania Beach,P0069,2,21.4,0.0
S002225,2025-09-29,Lake Worth,P0114,1,22.91,0.0
S000936,2025-08-08,Oakland Park,P0188,1,14.19,0.0
S000981,2025-08-10,Lake Worth,P0293,1,17.47,0.0
S004618,2025-12-20,Dania Beach,P0090,1,39.67,0.0
S001222,2025-08-20,Oakland Park,P0020,1,24.25,0.0
S004573,2025-12-19,Oakland Park,P0245,1,30.57,0.0
S000893,2025-08-06,Oakland Park,P0239,1,7.76,0.0
S000972,2025-08-10,Lake Worth,P0071,1,14.0,0.0
S002858,2025-10-24,Lake Worth,P0258,1,20.03,0.0
S006456,3/4/2026,Lake Worth,P0109,1,19.26,0.0
S009114,2026-06-02,Lake Worth,P0042,1,16.07,0.0
S004181,2025-12-10,Lake Worth,P0132,1,38.62,2.0
S001575,2025-09-02,Dania Beach,P0212,1,31.11,2.0
S006445,2026-03-04,Oakland Park,P0085,1,28.45,0.0
S001826,2025-09-12,Dania Beach,P0258,1,$20.03,2.0
S008570,2026-05-11,Lake Worth,P0193,2,15.19,0.0
S004689,2025-12-21,Dania Beach,P0229,1,15.22,0.0
S003833,2025-12-02,Oakland Park,P0243,1,14.68,0.0
S006872,2026-03-21,Dania Beach,P0021,1,20.19,2.0
S001123,2025-08-16,Oakland Park,P0209,2,38.73,0.0
S009578,2026-06-20,Dania Beach,P0122,1,15.39,0.0
S005874,2026-02-03,Dania Beach,P0258,1,20.03,0.0
S005769,1/30/2026,Oakland Park,P0022,1,7.3,0.0
S001090,2025-08-14,Oakland Park,P0250,1,26.07,0.0
S002288,2025-10-01,Dania Beach,P0041,1,11.22,0.0
S005228,2026-01-01,Dania Beach,P0052,1,20.69,
S002147,2025-09-26,Lake Worth,P0190,1,31.63,0.0
S009236,6/7/2026,Oakland Park,P0142,1,$14.84,0.0
S008623,2026-05-13,Dania Beach,P0229,1,15.22,0.0
S009110,2026-06-02,Dania Beach,P0091,1,10.86,2.0
S001983,2025-09-20,Oakland Park,P0258,1,20.03,0.0
S003109,2025-11-02,Oakland Park,P0231,1,16.4,0.0
S006304,2026-02-26,Oakland Park,P0258,1,20.03,0.0
S007391,2026-04-08,Oakland Park,P0078,1,34.08,0.0
S002410,10/5/2025,Dania Beach,P0028,1,22.61,2.0
S005321,2026-01-06,Dania Beach,P0102,1,16.27,2.0
S006573,2026-03-09,Lake Worth,P0235,1,21.78,0.0
S005039,2025-12-28,Oakland Park,P0004,1,33.33,0.0
S006510,2026-03-07,Lake Worth,P0137,1,34.89,
S007985,2026-04-23,Dania Beach,P0135,1,18.06,5.0
S007519,2026-04-11,Oakland Park,P0181,1,38.54,0.0
S001950,2025-09-18,Dania Beach,P0050,1,16.14,0.0
S000470,2025-07-19,dania beach,P0138,1,18.5,0.0
S007819,2026-04-18,Oakland Park,P0225,1,30.83,0.0
S005388,2026-01-09,oakland park,P0090,1,39.67,0.0
S006068,2026-02-13,Dania Beach,P0300,1,15.39,0.0
S004114,2025-12-08,Dania Beach,P0229,1,15.22,0.0
S001709,2025-09-07,Lake Worth,P0091,1,10.86,0.0
S005991,2026-02-09,Dania Beach,P0258,3,20.03,0.0
S008867,2026-05-23,Oakland Park,P0259,3,34.69,0.0
S007192,4/3/2026,Dania Beach,P0251,1,16.69,0.0
S002401,2025-10-05,oakland park,P0195,1,23.58,0.0
S005600,2026-01-20,Dania Beach,P0188,1,14.19,2.0
S007522,2026-04-11,Lake Worth,P0156,1,33.24,0.0
S003873,2025-12-03,Dania Beach,P0233,1,22.74,0.0
S005623,2026-01-22,Oakland Park,P0247,1,11.6,0.0
S006066,2026-02-13,Oakland Park,P0229,1,15.22,0.0
S003872,2025-12-03,Oakland Park,P0062,1,34.29,2.0
S009096,2026-06-01,Dania Beach,P0297,1,17.64,0.0
S009763,2026-06-27,Lake Worth,P0028,2,22.61,0.0
S001441,2025-08-28,Oakland Park,P0061,1,13.54,2.0
S004895,2025-12-26,Oakland Park,P0229,1,15.22,0.0
S003251,2025-11-08,Oakland Park,P0050,1,16.14,5.0
S007409,2026-04-08,Oakland Park,P0028,1,22.61,2.0
S008070,4/25/2026,Oakland Park,P0174,1,17.55,0.0
S008268,2026-04-30,Lake Worth,P0281,1,17.35,0.0
S004664,2025-12-20,Dania Beach,P0028,1,22.61,0.0
S008079,4/25/2026,Lake Worth,P0196,1,23.33,0.0
S008344,2026-05-03,Oakland Park,P0153,1,24.73,0.0
S008476,2026-05-08,Dania Beach,P0205,1,34.1,0.0
S005791,2026-01-31,Oakland Park,P0157,1,8.43,0.0
S005576,2026-01-19,Oakland Park,P0211,1,$28.43,
S000497,2025-07-20,Dania Beach,P0211,1,28.43,
S006432,2026-03-03,Dania Beach,P0028,1,22.61,2.0
S009735,2026-06-27,Dania Beach,P0108,3,11.87,0.0
S009350,2026-06-12,Oakland Park,P0112,1,9.26,0.0
S003339,2025-11-12,Dania Beach,P0288,1,39.45,0.0
S005595,2026-01-20,Dania Beach,P0205,1,34.1,0.0
S003572,2025-11-22,Oakland Park,P0126,1,18.39,0.0
S009202,2026-06-06,Dania Beach,P0139,3,25.22,0.0
S004180,2025-12-10,Oakland Park,P0233,1,22.74,2.0
S004148,2025-12-09,Lake Worth,P0016,1,9.61,0.0
S004796,2025-12-23,Dania Beach,P0145,1,18.52,5.0
S005358,2026-01-08,Lake Worth,P0138,1,18.5,0.0
S001594,2025-09-03,Lake Worth,P0185,1,$20.14,0.0
S007170,4/2/2026,Dania Beach,P0120,1,23.21,0.0
S006030,2026-02-11,Lake Worth,P0242,1,16.38,0.0
S000758,2025-08-01,Oakland Park,P0148,1,17.71,0.0
S000949,2025-08-09,Dania Beach,P0258,1,20.03,0.0
S000847,2025-08-04,Oakland Park,P0060,1,16.29,0.0
S002958,2025-10-27,Dania Beach,P0098,1,12.85,0.0
S002716,10/18/2025,Dania Beach,P0141,1,18.03,0.0
S009530,2026-06-19,Dania Beach,P0270,1,13.93,0.0
S003918,2025-12-04,Oakland Park,P0169,1,28.05,0.0
S004507,2025-12-17,Lake Worth,P0018,1,11.18,0.0
S004141,2025-12-09,Oakland Park,P0258,1,$20.03,0.0
S005374,2026-01-09,Oakland Park,P0055,1,18.49,0.0
S003052,2025-10-31,oakland park,P0141,1,18.03,5.0
S006259,2026-02-23,Dania Beach,P0116,1,38.74,0.0
S009426,2026-06-14,Dania Beach,P0045,1,$31.47,
S002351,2025-10-04,Oakland Park,P0028,1,22.61,0.0
S002897,2025-10-25,Dania Beach,P0161,1,43.05,0.0
S002263,2025-09-30,Dania Beach,P0205,1,34.1,
S008378,2026-05-04,Dania Beach,P0022,1,7.3,0.0
S000810,2025-08-02,Oakland Park,P0250,1,26.07,0.0
S006641,2026-03-12,Dania Beach,P0150,1,8.12,0.0
S005441,2026-01-12,Dania Beach,P0258,1,20.03,0.0
S005200,2025-12-31,Oakland Park,P0229,1,15.22,0.0
S005218,2026-01-01,Lake Worth,P0277,1,12.14,2.0
S006485,2026-03-05,Dania Beach,P0138,2,18.5,0.0
S001464,2025-08-29,Oakland Park,P0123,1,32.28,0.0
S007052,2026-03-29,Lake Worth,P0299,1,6.83,0.0
S006223,2026-02-21,OAKLAND PARK,P0125,1,30.0,
S009051,5/31/2026,Lake Worth,P0150,1,8.12,0.0
S004380,2025-12-14,Dania Beach,P0264,1,39.66,5.0
S004970,2025-12-27,Oakland Park,P0111,1,9.29,2.0
S001580,2025-09-03,Lake Worth,P0258,1,20.03,0.0
S003123,2025-11-02,Dania Beach,P0157,1,8.43,0.0
S001932,2025-09-17,Dania Beach,P0233,1,22.74,0.0
S008249,2026-04-29,Lake Worth,P0235,1,21.78,0.0
S004455,2025-12-16,Oakland Park,P0063,1,32.31,0.0
S006617,2026-03-11,Dania Beach,P0008,1,23.36,0.0
S000206,2025-07-08,Oakland Park,P0229,1,15.22,0.0
S003637,2025-11-24,Dania Beach,P0256,1,20.62,2.0
S005666,1/24/2026,Lake Worth,P0299,2,$6.83,0.0
S001637,2025-09-06,Lake Worth,P0069,1,21.4,0.0
S008100,2026-04-25,Dania Beach,P0121,1,26.48,0.0
S004962,2025-12-27,Oakland Park,P0061,1,13.54,0.0
S009838,2026-06-30,Lake Worth,P0035,1,25.13,0.0
S005747,1/28/2026,LAKE WORTH,P0126,1,18.39,0.0
S002326,2025-10-02,Dania Beach,P0207,1,8.62,0.0
S008994,2026-05-28,Dania Beach,P0258,1,20.03,0.0
S007558,2026-04-12,Dania Beach,P0004,3,33.33,0.0
S008683,2026-05-16,Dania Beach,P0143,1,33.65,0.0
S006226,2026-02-21,Oakland Park,P0209,1,38.73,0.0
S009834,2026-06-30,Dania Beach,P0258,1,$20.03,0.0
S004018,2025-12-06,Dania Beach,P0192,1,9.96,5.0
S005783,2026-01-30,Dania Beach,P0114,1,22.91,0.0
S003645,2025-11-25,Oakland Park,P0095,1,15.25,0.0
S008203,4/28/2026,Oakland Park,P0264,1,$39.66,0.0
S009295,6/9/2026,Lake Worth,P0282,1,14.8,0.0
S000575,2025-07-25,Lake Worth,P0136,1,34.18,0.0
S003060,2025-10-31,Oakland Park,P0225,1,30.83,5.0
S009443,2026-06-15,Oakland Park,P0258,1,20.03,0.0
S007377,2026-04-07,Lake Worth,P0211,2,28.43,0.0
S009528,2026-06-18,Dania Beach,P0188,2,14.19,
S002697,2025-10-18,Lake Worth,P0022,1,7.3,0.0
S008930,2026-05-25,Dania Beach,P0258,2,20.03,0.0
S003755,2025-11-29,Oakland Park,P0237,1,18.61,5.0
S009326,2026-06-11,Oakland Park,P0242,1,16.38,0.0
S000924,2025-08-08,Dania Beach,P0247,1,11.6,0.0
S008135,2026-04-26,Oakland Park,P0176,1,38.34,0.0
S004544,2025-12-18,Dania Beach,P0028,1,22.61,0.0
S008409,2026-05-06,Dania Beach,P0253,1,12.31,0.0
S004519,2025-12-17,Oakland Park,P0225,1,30.83,0.0
S004147,2025-12-09,Dania Beach,P0028,1,22.61,0.0
S003491,2025-11-18,Oakland Park,P0041,1,11.22,0.0
S005334,2026-01-07,Dania Beach,P0233,1,22.74,0.0
S008769,2026-05-19,Dania Beach,P0056,1,36.04,
S006314,2026-02-27,Dania Beach,P0259,1,34.69,0.0
S001051,2025-08-13,lake worth,P0056,1,36.04,0.0
S001762,2025-09-10,Oakland Park,P0137,1,34.89,0.0
S009021,2026-05-30,Oakland Park,P0034,2,17.39,0.0
S005357,2026-01-08,Oakland Park,P0049,1,17.75,2.0
S000655,2025-07-27,Lake Worth,P0032,1,10.89,0.0
S008758,2026-05-19,Lake Worth,P0181,1,38.54,5.0
S006479,2026-03-05,Dania Beach,P0129,1,7.89,0.0
S005367,2026-01-08,Oakland Park,P0195,1,23.58,
S004325,2025-12-13,Oakland Park,P0232,1,35.97,2.0
S006808,2026-03-19,Dania Beach,P0250,1,26.07,0.0
S008699,2026-05-16,Oakland Park,P0247,1,11.6,0.0
S005091,2025-12-29,lake worth,P0050,1,16.14,0.0
S006093,2026-02-14,Lake Worth,P0028,1,22.61,0.0
S000132,2025-07-05,Lake Worth,P0250,2,26.07,2.0
S004035,12/7/2025,Oakland Park,P0229,1,15.22,2.0
S005454,2026-01-13,Lake Worth,P0141,1,18.03,0.0
S001436,2025-08-28,Dania Beach,P0222,1,25.03,2.0
S005021,2025-12-28,Dania Beach,P0024,1,12.01,0.0
S006349,2/28/2026,Oakland Park,P0076,3,28.11,5.0
S006575,2026-03-09,Dania Beach,P0160,3,15.14,0.0
S005244,2026-01-02,Oakland Park,P0227,1,22.7,0.0
S000839,2025-08-04,Lake Worth,P0034,1,17.39,0.0
S009746,2026-06-27,Dania Beach,P0282,1,14.8,0.0
S004196,2025-12-10,Oakland Park,P0285,1,$24.04,0.0
S003886,2025-12-03,Lake Worth,P0229,1,15.22,0.0
S008462,2026-05-08,Lake Worth,P0069,1,21.4,0.0
S004211,2025-12-11,Lake Worth,P0119,1,10.1,0.0
S003097,2025-11-02,dania beach,P0028,1,22.61,0.0
S003051,2025-10-31,Lake Worth,P0050,1,16.14,2.0
S008403,2026-05-05,Oakland Park,P0280,1,15.83,0.0
S001221,2025-08-20,Lake Worth,P0260,1,16.34,0.0
S005831,2026-02-01,Dania Beach,P0225,1,30.83,
S004818,2025-12-24,Dania Beach,P0101,1,40.29,0.0
S003938,2025-12-04,Dania Beach,P0259,1,34.69,0.0
S005604,2026-01-21,Lake Worth,P0043,1,11.96,0.0
S007248,2026-04-04,Lake Worth,P0029,1,44.82,0.0
S000748,2025-07-31,Dania Beach,P0258,1,20.03,0.0
S006372,2026-03-01,Oakland Park,P0250,1,26.07,0.0
S001808,2025-09-12,Oakland Park,P0222,1,25.03,0.0
S003038,2025-10-31,Dania Beach,P0253,1,12.31,0.0
S007135,2026-04-01,Oakland Park,P0199,1,11.97,0.0
S008062,2026-04-25,Dania Beach,P0088,1,14.79,0.0
S005071,2025-12-28,Dania Beach,P0213,1,4.58,0.0
S005006,2025-12-27,Oakland Park,P0175,1,10.78,0.0
S002158,2025-09-27,Dania Beach,P0133,1,31.55,0.0
S004000,2025-12-06,Lake Worth,P0263,1,24.16,0.0
S006079,2026-02-14,Dania Beach,P0109,1,19.26,0.0
S001667,2025-09-06,DANIA BEACH,P0141,1,18.03,0.0
S009624,2026-06-22,Oakland Park,P0230,1,15.88,0.0
S009499,2026-06-17,Dania Beach,P0214,1,40.55,0.0
S000187,2025-07-07,Dania Beach,P0099,1,32.17,0.0
S009333,2026-06-11,Lake Worth,P0153,1,24.73,0.0
S005973,2026-02-08,Oakland Park,P0134,1,13.77,0.0
S007015,2026-03-28,Dania Beach,P0283,1,41.77,0.0
S007318,4/5/2026,Oakland Park,P0028,1,22.61,2.0
S000561,2025-07-24,Oakland Park,P0036,1,4.54,0.0
S006985,2026-03-27,Dania Beach,P0271,1,13.23,5.0
S000244,2025-07-09,Oakland Park,P0116,1,38.74,0.0
S007876,2026-04-19,Oakland Park,P0093,1,10.98,0.0
S007117,2026-04-01,Dania Beach,P0028,1,22.61,2.0
S004310,12/13/2025,Dania Beach,P0059,1,27.7,2.0
S000734,2025-07-31,Dania Beach,P0258,2,20.03,5.0
S006971,2026-03-26,Dania Beach,P0258,2,20.03,0.0
S000433,2025-07-18,Oakland Park,P0042,1,16.07,0.0
S008430,2026-05-06,Dania Beach,P0137,1,34.89,0.0
S000904,2025-08-06,Lake Worth,P0004,1,33.33,0.0
S001588,9/3/2025,Oakland Park,P0099,1,32.17,0.0
S007358,4/7/2026,Dania Beach,P0134,1,13.77,0.0
S004662,2025-12-20,Oakland Park,P0068,1,18.85,0.0
S004757,2025-12-22,Oakland Park,P0258,1,20.03,2.0
S006048,2026-02-12,Dania Beach,P0258,1,20.03,2.0
S006822,2026-03-20,Dania Beach,P0229,1,15.22,0.0
S003810,2025-12-01,Oakland Park,P0051,1,31.0,5.0
S003308,2025-11-10,Lake Worth,P0064,1,22.4,0.0
S001726,2025-09-08,Dania Beach,P0082,1,11.34,0.0
S002970,2025-10-28,Lake Worth,P0065,1,22.31,0.0
S003469,2025-11-17,Lake Worth,P0209,1,38.73,0.0
S000662,2025-07-28,Dania Beach,P0258,1,20.03,0.0
S003711,2025-11-28,Oakland Park,P0205,1,34.1,0.0
S005352,2026-01-08,Dania Beach,P0258,1,$20.03,0.0
S006389,2026-03-01,Oakland Park,P0035,1,25.13,0.0
S008707,2026-05-17,dania beach,P0135,1,18.06,0.0
S006774,2026-03-18,Dania Beach,P0181,1,38.54,0.0
S008791,5/20/2026,Lake Worth,P0093,1,10.98,0.0
S002344,2025-10-03,Oakland Park,P0253,2,12.31,0.0
S008533,5/10/2026,Oakland Park,P0138,1,18.5,0.0
S001135,2025-08-16,Lake Worth,P0268,1,28.7,0.0
S002168,2025-09-27,Dania Beach,P0020,1,24.25,0.0
S008722,2026-05-17,Lake Worth,P0068,1,$18.85,0.0
S002018,2025-09-21,Lake Worth,P0181,1,$38.54,0.0
S002766,2025-10-19,lake worth,P0113,1,15.71,0.0
S007047,3/29/2026,Dania Beach,P0112,1,9.26,0.0
S001389,2025-08-27,Oakland Park,P0039,1,18.68,0.0
S008101,2026-04-25,Dania Beach,P0042,1,16.07,0.0
S008248,2026-04-29,Oakland Park,P0168,1,9.03,0.0
S008778,2026-05-20,dania beach,P0141,1,18.03,2.0
S005385,2026-01-09,Lake Worth,P0104,3,23.8,0.0
S000135,2025-07-06,Oakland Park,P0048,1,43.54,0.0
S006256,2026-02-23,dania beach,P0258,1,20.03,0.0
S001137,2025-08-16,Dania Beach,P0101,1,40.29,0.0
S001254,2025-08-22,Dania Beach,P0071,1,14.0,0.0
S006373,2026-03-01,Lake Worth,P0042,1,16.07,0.0
S008259,2026-04-30,DANIA BEACH,P0223,1,16.45,0.0
S004084,2025-12-07,Dania Beach,P0069,1,21.4,0.0
S004206,2025-12-11,oakland park,P0258,1,20.03,0.0
S007744,4/16/2026,Dania Beach,P0134,1,13.77,0.0
S009261,2026-06-07,Dania Beach,P0028,1,22.61,0.0
S000772,2025-08-02,LAKE WORTH,P0258,2,20.03,0.0
S002013,9/21/2025,Dania Beach,P0149,1,20.51,0.0
S000053,2025-07-03,Lake Worth,P0181,1,38.54,0.0
S005685,1/24/2026,Oakland Park,P0178,1,35.29,0.0
S002221,2025-09-28,Lake Worth,P0112,1,9.26,2.0
S008046,2026-04-24,Dania Beach,P0288,2,39.45,0.0
S002624,2025-10-14,Dania Beach,P0096,1,17.3,0.0
S004335,12/13/2025,Lake Worth,P0181,1,38.54,2.0
S001793,2025-09-11,Oakland Park,P0070,1,22.38,5.0
S007766,2026-04-17,Oakland Park,P0177,1,14.51,5.0
S003644,2025-11-25,Dania Beach,P0258,1,20.03,0.0
S001824,2025-09-12,Oakland Park,P0189,1,8.68,2.0
S008952,2026-05-26,Oakland Park,P0181,1,38.54,0.0
S009727,2026-06-26,dania beach,P0186,1,8.27,0.0
S007511,2026-04-11,Lake Worth,P0212,1,31.11,5.0
S001492,2025-08-30,Lake Worth,P0055,1,18.49,5.0
S007887,2026-04-20,Dania Beach,P0028,1,22.61,
S000372,2025-07-15,Lake Worth,P0098,1,12.85,0.0
S008284,2026-05-01,Dania Beach,P0229,1,15.22,0.0
S004386,2025-12-14,Dania Beach,P0028,1,22.61,0.0
S005488,2026-01-15,Oakland Park,P0251,1,16.69,0.0
S001350,2025-08-25,Lake Worth,P0121,1,26.48,0.0
S004650,2025-12-20,Dania Beach,P0282,1,14.8,0.0
S009149,2026-06-03,Lake Worth,P0209,1,$38.73,0.0
S003946,2025-12-05,oakland park,P0138,2,18.5,0.0
S003970,2025-12-05,Dania Beach,P0281,1,17.35,0.0
S000007,2025-07-01,Dania Beach,P0140,2,17.16,0.0
S007114,2026-04-01,Oakland Park,P0130,1,19.21,0.0
S005744,1/28/2026,Oakland Park,P0145,1,18.52,0.0
S000087,2025-07-04,Dania Beach,P0050,1,16.14,0.0
S005533,2026-01-17,oakland park,P0258,1,20.03,0.0
S001306,2025-08-24,Lake Worth,P0297,1,17.64,0.0
S000492,2025-07-20,Oakland Park,P0013,1,19.04,0.0
S009737,2026-06-27,Dania Beach,P0039,1,18.68,0.0
S002055,2025-09-22,Lake Worth,P0034,1,17.39,0.0
S001578,2025-09-02,Oakland Park,P0192,1,9.96,0.0
S007774,2026-04-17,Dania Beach,P0043,3,11.96,0.0
S001380,8/26/2025,Lake Worth,P0042,1,16.07,5.0
S001039,8/12/2025,Dania Beach,P0102,1,16.27,0.0
S004788,2025-12-23,Oakland Park,P0123,3,32.28,0.0
S002578,2025-10-12,Lake Worth,P0250,1,26.07,0.0
S007209,2026-04-04,Oakland Park,P0251,1,16.69,0.0
S000659,2025-07-28,Dania Beach,P0089,1,38.61,0.0
S001308,2025-08-24,dania beach,P0100,1,34.67,0.0
S006335,2026-02-27,Lake Worth,P0050,1,16.14,2.0
S002271,2025-09-30,LAKE WORTH,P0259,1,34.69,0.0
S002042,9/22/2025,Dania Beach,P0050,1,16.14,0.0
S009503,2026-06-17,Dania Beach,P0196,3,23.33,0.0
S000069,2025-07-03,Oakland Park,P0181,1,38.54,
S005051,2025-12-28,Dania Beach,P0091,1,10.86,0.0
S005766,2026-01-30,Dania Beach,P0033,2,13.41,0.0
S002145,2025-09-26,Oakland Park,P0196,1,23.33,
S001858,2025-09-14,Oakland Park,P0060,1,16.29,0.0
S003608,2025-11-23,Oakland Park,P0176,1,38.34,5.0
S009153,2026-06-04,Dania Beach,P0037,1,16.2,0.0
S007801,2026-04-18,Oakland Park,P0224,1,28.47,0.0
S002896,2025-10-25,Lake Worth,P0296,2,10.05,0.0
S002645,2025-10-15,Dania Beach,P0170,1,12.29,0.0
S005457,2026-01-13,Oakland Park,P0091,1,10.86,0.0
S003669,2025-11-26,Lake Worth,P0204,2,30.89,0.0
S002110,9/24/2025,Oakland Park,P0120,1,23.21,0.0
S009352,2026-06-12,Lake Worth,P0099,1,32.17,5.0
S007474,2026-04-10,dania beach,P0196,1,23.33,0.0
S007080,3/31/2026,Oakland Park,P0258,1,20.03,0.0
S008223,2026-04-28,Dania Beach,P0268,2,28.7,0.0
S004463,2025-12-16,Dania Beach,P0087,1,10.56,0.0
S000031,2025-07-02,Oakland Park,P0258,1,20.03,0.0
S000536,2025-07-22,Oakland Park,P0141,1,18.03,0.0
S006480,2026-03-05,Oakland Park,P0283,1,41.77,0.0
S006375,3/1/2026,Dania Beach,P0231,1,$16.4,0.0
S001288,2025-08-23,Dania Beach,P0229,1,15.22,0.0
S002991,2025-10-29,Dania Beach,P0165,1,17.48,5.0
S007242,4/4/2026,Dania Beach,P0024,1,12.01,0.0
S007254,2026-04-04,Oakland Park,P0196,2,23.33,0.0
S001478,2025-08-30,Dania Beach,P0258,1,20.03,0.0
S008670,2026-05-16,Oakland Park,P0123,1,$32.28,0.0
S007279,2026-04-05,Dania Beach,P0290,1,44.36,0.0
S005620,2026-01-21,Lake Worth,P0141,1,18.03,2.0
S002249,2025-09-29,Dania Beach,P0258,3,20.03,2.0
S005700,2026-01-25,Oakland Park,P0192,1,9.96,0.0
S001996,2025-09-20,Oakland Park,P0028,1,22.61,0.0
S004539,2025-12-18,Lake Worth,P0091,1,$10.86,0.0
S005517,2026-01-16,Oakland Park,P0181,1,38.54,0.0
S004655,2025-12-20,Dania Beach,P0037,1,16.2,0.0
S002015,2025-09-21,Dania Beach,P0263,1,24.16,0.0
S002278,2025-10-01,Dania Beach,P0028,1,22.61,0.0
S008563,2026-05-11,Dania Beach,P0258,1,20.03,0.0
S007395,4/8/2026,Oakland Park,P0250,1,26.07,0.0
S001845,2025-09-13,Lake Worth,P0107,1,35.69,0.0
S003388,2025-11-14,Oakland Park,P0071,1,14.0,0.0
S001265,2025-08-22,Dania Beach,P0253,3,12.31,0.0
S004222,2025-12-11,Oakland Park,P0238,1,9.91,0.0
S004358,2025-12-14,Dania Beach,P0138,1,18.5,0.0
S006531,2026-03-07,Lake Worth,P0033,1,13.41,0.0
S004371,2025-12-14,Oakland Park,P0183,1,39.68,0.0
S003735,11/29/2025,Lake Worth,P0205,1,34.1,0.0
S003127,2025-11-02,Dania Beach,P0045,1,31.47,5.0
S009454,2026-06-15,Oakland Park,P0171,1,15.79,0.0
S005478,2026-01-14,Dania Beach,P0077,1,38.06,2.0
S007092,2026-03-31,Dania Beach,P0147,1,40.67,0.0
S008754,2026-05-18,Dania Beach,P0036,1,$4.54,0.0
S005462,1/13/2026,Lake Worth,P0263,2,24.16,0.0
S001539,2025-09-01,Oakland Park,P0258,1,20.03,0.0
S005399,2026-01-10,Oakland Park,P0068,2,18.85,0.0
S006468,2026-03-05,Dania Beach,P0270,1,13.93,0.0
S003002,2025-10-29,Dania Beach,P0113,1,15.71,0.0
S006322,2/27/2026,Dania Beach,P0246,1,14.88,0.0
S004300,2025-12-13,LAKE WORTH,P0233,1,22.74,0.0
S009439,2026-06-15,Dania Beach,P0069,1,$21.4,0.0
S000628,2025-07-26,Dania Beach,P0099,1,32.17,2.0
S007988,2026-04-23,Dania Beach,P0298,1,10.79,0.0
S009574,2026-06-20,Oakland Park,P0294,1,30.88,2.0
S003205,2025-11-06,Dania Beach,P0076,1,$28.11,0.0
S002191,2025-09-28,Dania Beach,P0019,1,19.0,0.0
S006697,2026-03-15,Dania Beach,P0123,1,32.28,0.0
S003642,2025-11-25,Oakland Park,P0258,1,20.03,0.0
S007144,2026-04-02,Dania Beach,P0048,1,43.54,2.0
S007886,2026-04-20,Dania Beach,P0033,1,13.41,2.0
S003699,2025-11-27,Oakland Park,P0108,1,11.87,0.0
S001421,2025-08-28,Oakland Park,P0087,1,10.56,0.0
S005644,2026-01-23,DANIA BEACH,P0188,1,14.19,0.0
S006928,2026-03-24,Dania Beach,P0250,1,26.07,0.0
S001273,8/22/2025,Lake Worth,P0152,1,10.83,0.0
S009281,2026-06-08,Dania Beach,P0250,1,26.07,0.0
S001928,2025-09-17,Dania Beach,P0196,2,23.33,0.0
S009233,6/6/2026,Dania Beach,P0258,1,20.03,0.0
S003343,11/12/2025,Dania Beach,P0132,1,38.62,2.0
S008300,2026-05-01,Dania Beach,P0258,1,20.03,0.0
S008445,2026-05-07,Dania Beach,P0020,1,24.25,0.0
S008074,2026-04-25,Dania Beach,P0133,1,31.55,0.0
S002596,2025-10-13,Dania Beach,P0168,1,9.03,0.0
S000719,2025-07-30,Lake Worth,P0235,1,21.78,0.0
S005843,2026-02-01,Lake Worth,P0058,1,6.59,0.0
S001623,2025-09-05,Oakland Park,P0267,1,$35.08,0.0
S007820,2026-04-18,Dania Beach,P0294,3,30.88,0.0
S008893,2026-05-24,Dania Beach,P0227,1,22.7,0.0
S002362,2025-10-04,Dania Beach,P0068,1,18.85,0.0
S004530,2025-12-17,Dania Beach,P0161,1,43.05,0.0
S006050,2026-02-12,Dania Beach,P0050,1,16.14,0.0
S005111,2025-12-29,Lake Worth,P0012,1,14.93,0.0
S001788,2025-09-11,LAKE WORTH,P0289,2,47.01,
S003525,2025-11-20,Dania Beach,P0009,1,10.82,5.0
S008425,2026-05-06,Lake Worth,P0196,1,23.33,0.0
S007453,2026-04-09,Dania Beach,P0192,1,$9.96,0.0
S002753,2025-10-19,Dania Beach,P0138,2,18.5,0.0
S000784,8/2/2025,Dania Beach,P0188,1,14.19,0.0
S002608,2025-10-14,Lake Worth,P0227,1,22.7,
S007426,4/9/2026,Dania Beach,P0069,1,21.4,0.0
S002694,2025-10-17,Dania Beach,P0294,1,30.88,0.0
S009602,2026-06-21,Dania Beach,P0191,1,35.79,0.0
S006648,2026-03-12,Lake Worth,P0133,3,31.55,0.0
S006522,2026-03-07,Oakland Park,P0268,1,28.7,0.0
S002955,2025-10-27,Dania Beach,P0046,3,16.17,0.0
S000789,2025-08-02,Dania Beach,P0119,3,10.1,0.0
S006572,2026-03-09,Dania Beach,P0258,1,20.03,0.0
S009594,2026-06-21,Oakland Park,P0198,1,5.19,
S000151,2025-07-06,Oakland Park,P0264,1,39.66,2.0
S008001,2026-04-23,Oakland Park,P0034,3,17.39,0.0
S006903,2026-03-23,Dania Beach,P0258,1,20.03,0.0
S007618,2026-04-13,Dania Beach,P0202,1,27.95,0.0
S003689,2025-11-26,Dania Beach,P0170,1,12.29,0.0
S004338,2025-12-13,Oakland Park,P0109,1,$19.26,0.0
S007237,2026-04-04,Oakland Park,P0250,1,26.07,0.0
S007611,4/13/2026,Dania Beach,P0027,1,16.28,0.0
S006183,2026-02-20,Dania Beach,P0222,1,25.03,0.0
S000473,7/19/2025,oakland park,P0008,1,23.36,0.0
S004823,2025-12-24,Dania Beach,P0045,1,31.47,0.0
S007499,2026-04-10,Dania Beach,P0264,1,39.66,0.0
S009145,6/3/2026,Oakland Park,P0222,1,25.03,0.0
S009779,2026-06-28,OAKLAND PARK,P0058,1,6.59,0.0
S006883,2026-03-22,Dania Beach,P0068,1,18.85,0.0
S006095,2026-02-14,Oakland Park,P0028,1,22.61,0.0
S007055,2026-03-30,Dania Beach,P0104,1,23.8,0.0
S002564,2025-10-12,Dania Beach,P0186,1,8.27,2.0
S002863,2025-10-24,Dania Beach,P0054,1,38.06,0.0
S006233,2026-02-22,Dania Beach,P0286,1,17.06,0.0
S004189,2025-12-10,Oakland Park,P0137,2,34.89,0.0
S003450,2025-11-16,Oakland Park,P0043,1,11.96,0.0
S003218,2025-11-06,Dania Beach,P0204,1,30.89,0.0
S000870,2025-08-05,oakland park,P0258,1,20.03,0.0
S006035,2/11/2026,Dania Beach,P0045,1,31.47,
S004924,2025-12-26,Oakland Park,P0258,1,20.03,0.0
S005150,2025-12-30,DANIA BEACH,P0123,1,32.28,0.0
S000056,2025-07-03,Oakland Park,P0069,1,21.4,0.0
S006401,2026-03-02,Oakland Park,P0120,1,23.21,0.0
S004886,2025-12-25,Oakland Park,P0037,2,16.2,0.0
S001321,2025-08-24,OAKLAND PARK,P0225,1,30.83,0.0
S004204,2025-12-11,Dania Beach,P0203,2,28.04,0.0
S004943,12/27/2025,DANIA BEACH,P0283,1,41.77,0.0
S008845,2026-05-22,Lake Worth,P0060,1,16.29,0.0
S007725,2026-04-16,oakland park,P0175,1,10.78,2.0
S003694,2025-11-27,Lake Worth,P0134,1,13.77,5.0
S003070,2025-11-01,Oakland Park,P0091,1,10.86,0.0
S002543,2025-10-11,Lake Worth,P0258,1,20.03,0.0
S003141,2025-11-03,Dania Beach,P0175,1,10.78,0.0
S004331,2025-12-13,Dania Beach,P0253,3,12.31,0.0
S000260,2025-07-10,Dania Beach,P0090,1,39.67,0.0
S000171,2025-07-06,Lake Worth,P0112,1,$9.26,0.0
S001281,8/23/2025,Dania Beach,P0234,1,39.24,0.0
S006991,2026-03-27,Dania Beach,P0068,1,18.85,0.0
S004512,2025-12-17,Dania Beach,P0171,1,15.79,0.0
S000793,2025-08-02,Lake Worth,P0078,1,34.08,2.0
S009717,2026-06-26,Oakland Park,P0250,1,26.07,0.0
S005891,2026-02-04,Oakland Park,P0157,1,8.43,0.0
S001749,9/9/2025,Oakland Park,P0069,1,21.4,0.0
S006851,2026-03-21,Lake Worth,P0250,1,26.07,2.0
S003617,2025-11-23,Oakland Park,P0229,1,15.22,0.0
S002917,10/26/2025,Dania Beach,P0122,1,$15.39,0.0
S007340,4/6/2026,Dania Beach,P0229,2,15.22,2.0
S001191,2025-08-18,Dania Beach,P0207,1,8.62,0.0
S000391,2025-07-16,Oakland Park,P0240,2,29.77,0.0
S000915,2025-08-07,Dania Beach,P0282,1,14.8,0.0
S003203,2025-11-06,Oakland Park,P0225,1,30.83,0.0
S001018,2025-08-11,Oakland Park,P0112,1,9.26,0.0
S007066,2026-03-30,Lake Worth,P0060,1,16.29,0.0
S007220,2026-04-04,Dania Beach,P0298,3,10.79,0.0
S005480,2026-01-14,Lake Worth,P0196,1,23.33,0.0
S006105,2026-02-15,Oakland Park,P0093,3,10.98,0.0
S004224,2025-12-11,Dania Beach,P0229,1,15.22,5.0
S008964,2026-05-27,Dania Beach,P0021,1,20.19,0.0
S001336,2025-08-24,Dania Beach,P0033,1,$13.41,0.0
S001706,2025-09-07,Oakland Park,P0069,1,21.4,0.0
S001766,2025-09-10,Lake Worth,P0283,1,41.77,0.0
S005254,1/3/2026,Dania Beach,P0181,1,38.54,0.0
S008183,2026-04-27,Oakland Park,P0292,1,10.79,2.0
S004868,2025-12-25,Oakland Park,P0197,1,24.23,0.0
S009392,2026-06-13,DANIA BEACH,P0154,1,15.49,0.0
S005428,1/11/2026,Dania Beach,P0001,1,$37.04,0.0
S009358,2026-06-12,lake worth,P0195,1,23.58,0.0
S009633,2026-06-22,Oakland Park,P0229,1,15.22,0.0
S005090,2025-12-29,Dania Beach,P0105,1,41.09,2.0
S000245,2025-07-09,Lake Worth,P0258,1,20.03,0.0
S007037,2026-03-29,Dania Beach,P0240,1,29.77,0.0
S004247,2025-12-12,Dania Beach,P0161,1,43.05,
S002910,10/26/2025,Oakland Park,P0032,1,10.89,0.0
S002242,2025-09-29,Dania Beach,P0258,1,20.03,0.0
S004950,2025-12-27,Oakland Park,P0258,1,20.03,0.0
S001397,2025-08-27,Dania Beach,P0141,1,18.03,0.0
S003026,2025-10-30,Oakland Park,P0087,1,$10.56,0.0
S009213,2026-06-06,Lake Worth,P0004,1,33.33,0.0
S009355,2026-06-12,Lake Worth,P0258,1,20.03,0.0
S004772,2025-12-23,Oakland Park,P0028,1,22.61,0.0
S003508,11/19/2025,Dania Beach,P0024,1,12.01,0.0
S003636,2025-11-24,Oakland Park,P0298,1,10.79,0.0
S005073,2025-12-29,Oakland Park,P0123,1,32.28,2.0
S005000,2025-12-27,Oakland Park,P0095,1,15.25,0.0
S004959,2025-12-27,Dania Beach,P0284,1,19.93,0.0
S003241,2025-11-08,Oakland Park,P0121,1,26.48,0.0
S009016,2026-05-29,Oakland Park,P0276,1,10.98,0.0
S001498,2025-08-30,Oakland Park,P0201,1,37.27,0.0
S008194,2026-04-27,Dania Beach,P0181,1,38.54,0.0
S002886,2025-10-25,Lake Worth,P0100,1,34.67,2.0
S008865,5/23/2026,Dania Beach,P0207,1,8.62,0.0
S004454,2025-12-16,Oakland Park,P0068,1,18.85,0.0
S005446,2026-01-12,Lake Worth,P0019,2,19.0,0.0
S007951,2026-04-22,Oakland Park,P0258,2,20.03,0.0
S003247,2025-11-08,Oakland Park,P0069,1,21.4,0.0
S001012,2025-08-11,Lake Worth,P0033,1,13.41,2.0
S004401,2025-12-14,Dania Beach,P0046,1,16.17,0.0
S000189,2025-07-07,Dania Beach,P0267,1,35.08,0.0
S006007,2026-02-10,Dania Beach,P0044,1,16.95,0.0
S000837,2025-08-04,Oakland Park,P0202,1,27.95,2.0
S007597,4/12/2026,Lake Worth,P0061,1,13.54,0.0
S004480,2025-12-16,Oakland Park,P0196,1,23.33,2.0
S005356,2026-01-08,OAKLAND PARK,P0060,1,16.29,2.0
S009399,2026-06-13,Lake Worth,P0118,1,26.15,0.0
S005346,2026-01-07,Lake Worth,P0085,1,$28.45,0.0
S000120,2025-07-05,dania beach,P0257,2,21.09,0.0
S003112,2025-11-02,Dania Beach,P0298,1,10.79,0.0
S009299,2026-06-09,Dania Beach,P0286,1,17.06,5.0
S001064,2025-08-13,Dania Beach,P0054,1,38.06,0.0
S006084,2026-02-14,OAKLAND PARK,P0138,1,18.5,0.0
S005919,2026-02-05,Dania Beach,P0104,1,23.8,
S004018,2025-12-06,Dania Beach,P0192,1,9.96,5.0
S003977,2025-12-05,Oakland Park,P0079,1,38.19,0.0
S003625,2025-11-24,Lake Worth,P0001,1,37.04,
S000215,2025-07-08,Dania Beach,P0125,1,30.0,0.0
S008817,2026-05-21,Oakland Park,P0028,1,22.61,0.0
S006559,2026-03-08,Oakland Park,P0258,1,20.03,0.0
S006159,2026-02-18,Dania Beach,P0053,1,11.0,0.0
S001592,2025-09-03,Oakland Park,P0091,1,10.86,0.0
S001131,8/16/2025,Dania Beach,P0185,1,20.14,0.0
S006294,2026-02-26,Dania Beach,P0258,1,20.03,0.0
S008207,2026-04-28,lake worth,P0229,1,15.22,5.0
S002484,2025-10-08,Lake Worth,P0210,1,17.31,5.0
S009384,6/13/2026,Dania Beach,P0104,1,23.8,0.0
S007563,2026-04-12,Dania Beach,P0157,1,8.43,0.0
S005263,2026-01-03,Dania Beach,P0258,1,20.03,
S004076,2025-12-07,Dania Beach,P0212,1,31.11,0.0
S008854,2026-05-23,Dania Beach,P0113,1,15.71,0.0
S008464,2026-05-08,Oakland Park,P0258,3,20.03,2.0
S003519,2025-11-19,Oakland Park,P0028,1,22.61,0.0
S002640,2025-10-15,Dania Beach,P0077,1,38.06,0.0
S001291,8/23/2025,Dania Beach,P0279,1,5.18,
S000953,2025-08-09,DANIA BEACH,P0157,1,8.43,0.0
S001164,2025-08-17,oakland park,P0099,1,32.17,0.0
S001555,2025-09-01,Oakland Park,P0258,1,20.03,0.0
S009565,2026-06-20,Oakland Park,P0284,1,19.93,0.0
S005852,2026-02-02,Oakland Park,P0057,1,31.85,0.0
S006384,2026-03-01,Oakland Park,P0141,1,18.03,0.0
S008049,2026-04-24,Dania Beach,P0173,1,28.8,0.0
S001426,2025-08-28,Dania Beach,P0115,1,35.88,0.0
S000588,2025-07-25,LAKE WORTH,P0046,1,16.17,0.0
S001504,2025-08-31,DANIA BEACH,P0297,1,17.64,
S005642,2026-01-23,Oakland Park,P0258,1,20.03,0.0
S008461,2026-05-08,Lake Worth,P0091,1,10.86,0.0
S006624,2026-03-11,Lake Worth,P0028,1,22.61,0.0
S004093,2025-12-08,Oakland Park,P0122,1,15.39,
S000811,2025-08-03,Oakland Park,P0279,1,5.18,0.0
S006463,3/5/2026,Oakland Park,P0028,1,22.61,0.0
S000726,2025-07-30,Oakland Park,P0072,1,23.85,0.0
S008875,2026-05-23,Oakland Park,P0106,1,14.38,0.0
S004798,12/23/2025,Dania Beach,P0229,2,15.22,0.0
S004414,2025-12-15,Dania Beach,P0227,1,22.7,0.0
S004043,2025-12-07,Dania Beach,P0064,1,$22.4,0.0
S005072,2025-12-28,Lake Worth,P0120,1,23.21,0.0
S005391,2026-01-09,Dania Beach,P0258,1,20.03,0.0
S007438,2026-04-09,Oakland Park,P0123,1,32.28,0.0
S000521,2025-07-21,OAKLAND PARK,P0057,1,31.85,2.0
S003718,2025-11-28,Lake Worth,P0190,2,31.63,0.0
S008659,2026-05-15,LAKE WORTH,P0232,1,35.97,0.0
S001416,8/27/2025,LAKE WORTH,P0233,1,22.74,0.0
S000449,7/19/2025,Oakland Park,P0298,1,10.79,0.0
S004421,2025-12-15,Dania Beach,P0068,1,18.85,0.0
S006921,2026-03-24,Lake Worth,P0244,1,7.54,0.0
S007933,4/21/2026,Dania Beach,P0028,1,22.61,0.0
S006283,2026-02-25,Dania Beach,P0258,2,20.03,
S007899,2026-04-20,lake worth,P0261,1,13.52,0.0
S001815,9/12/2025,Oakland Park,P0107,1,35.69,0.0
S000088,7/4/2025,Dania Beach,P0138,1,18.5,0.0
S005720,2026-01-27,Oakland Park,P0289,1,47.01,0.0
S000298,2025-07-12,Lake Worth,P0072,1,23.85,0.0
S006026,2026-02-11,Dania Beach,P0138,2,18.5,0.0
S008105,2026-04-26,Oakland Park,P0095,1,15.25,0.0
S006142,2/17/2026,Dania Beach,P0279,1,5.18,0.0
S001800,2025-09-11,Dania Beach,P0035,1,25.13,0.0
S005887,2026-02-04,Oakland Park,P0250,1,26.07,0.0
S003320,2025-11-11,Dania Beach,P0228,1,12.36,0.0
S009220,2026-06-06,Dania Beach,P0159,1,5.86,0.0
S003116,2025-11-02,Oakland Park,P0099,2,32.17,0.0
S005032,2025-12-28,DANIA BEACH,P0175,2,10.78,0.0
S003399,11/14/2025,Oakland Park,P0037,3,16.2,0.0
S005635,2026-01-22,OAKLAND PARK,P0116,1,38.74,0.0
S000023,2025-07-02,Dania Beach,P0053,1,11.0,0.0
S001587,2025-09-03,Oakland Park,P0229,1,15.22,0.0
S006708,3/15/2026,Oakland Park,P0152,1,10.83,2.0
S007464,2026-04-10,Oakland Park,P0181,1,$38.54,2.0
S004120,12/9/2025,Dania Beach,P0239,1,7.76,0.0
S006043,2026-02-12,Lake Worth,P0145,1,18.52,
S006130,2026-02-16,Lake Worth,P0192,1,9.96,0.0
S003225,2025-11-07,Oakland Park,P0209,1,38.73,2.0
S008895,2026-05-24,Dania Beach,P0161,1,43.05,0.0
S007038,2026-03-29,Oakland Park,P0225,1,30.83,0.0
S004398,2025-12-14,Dania Beach,P0258,1,20.03,2.0
S005070,12/28/2025,Dania Beach,P0189,1,$8.68,0.0
S006561,2026-03-08,Dania Beach,P0258,1,20.03,5.0
S003272,2025-11-09,dania beach,P0269,1,19.37,0.0
S002597,2025-10-13,Dania Beach,P0091,1,10.86,0.0
S004919,2025-12-26,Dania Beach,P0028,2,22.61,2.0
S006751,2026-03-17,Dania Beach,P0258,1,20.03,0.0
S009536,2026-06-19,Lake Worth,P0258,1,20.03,
S006244,2026-02-22,DANIA BEACH,P0198,1,5.19,0.0
S004514,2025-12-17,dania beach,P0247,1,11.6,0.0
S003904,12/4/2025,Oakland Park,P0272,1,$18.29,0.0
S006673,2026-03-14,DANIA BEACH,P0229,1,15.22,0.0
S008888,5/23/2026,Oakland Park,P0091,1,$10.86,2.0
S002837,2025-10-22,Oakland Park,P0091,1,10.86,0.0
S004545,2025-12-18,Dania Beach,P0131,1,10.61,0.0
S001562,2025-09-02,Dania Beach,P0141,1,18.03,2.0
S004615,2025-12-20,Lake Worth,P0250,3,26.07,0.0
S000646,7/27/2025,Dania Beach,P0041,1,11.22,0.0
S000169,2025-07-06,Oakland Park,P0229,1,15.22,0.0
S008500,2026-05-09,Oakland Park,P0082,1,11.34,0.0
S002185,2025-09-28,Dania Beach,P0141,1,18.03,0.0
S001627,2025-09-05,Lake Worth,P0232,1,35.97,0.0
S007904,2026-04-20,LAKE WORTH,P0250,1,26.07,0.0
S008303,5/2/2026,Oakland Park,P0116,1,38.74,0.0
S008189,2026-04-27,Lake Worth,P0031,1,23.06,0.0
S004646,12/20/2025,Dania Beach,P0209,1,38.73,2.0
S009168,2026-06-04,Dania Beach,P0122,1,15.39,0.0
S009589,2026-06-21,Dania Beach,P0099,1,32.17,
S009200,2026-06-06,Lake Worth,P0042,1,$16.07,5.0
S001632,2025-09-05,Lake Worth,P0116,1,38.74,0.0
S006654,2026-03-13,Lake Worth,P0034,1,17.39,
S005238,2026-01-02,Oakland Park,P0138,1,18.5,0.0
S000692,2025-07-29,Dania Beach,P0069,1,21.4,0.0
S006293,2026-02-26,Oakland Park,P0278,1,27.49,0.0
S002231,2025-09-29,Dania Beach,P0016,1,$9.61,0.0
S003017,2025-10-30,Dania Beach,P0134,1,13.77,0.0
S008827,2026-05-22,Dania Beach,P0229,1,$15.22,2.0
S005994,2026-02-09,Oakland Park,P0231,2,16.4,0.0
S004778,2025-12-23,Lake Worth,P0178,1,35.29,0.0
S007836,2026-04-19,Dania Beach,P0055,1,18.49,0.0
S006793,2026-03-19,Dania Beach,P0045,1,31.47,0.0
S003772,2025-11-30,Dania Beach,P0028,1,22.61,0.0
S003726,2025-11-28,Dania Beach,P0264,1,39.66,0.0
S006379,2026-03-01,Oakland Park,P0147,1,40.67,0.0
S008826,2026-05-22,Oakland Park,P0129,1,7.89,2.0
S009583,2026-06-21,Lake Worth,P0057,1,31.85,0.0
S001422,8/28/2025,Dania Beach,P0041,1,11.22,0.0
S007877,2026-04-19,Lake Worth,P0008,1,23.36,0.0
S007822,2026-04-18,Lake Worth,P0258,1,20.03,0.0
S007687,4/15/2026,OAKLAND PARK,P0038,1,16.31,0.0
S001786,2025-09-11,Oakland Park,P0112,1,9.26,0.0
S005151,2025-12-30,Dania Beach,P0288,1,39.45,0.0
S003619,2025-11-23,Dania Beach,P0250,1,26.07,0.0
S005895,2026-02-04,Oakland Park,P0074,1,$23.62,0.0
S009687,2026-06-24,Dania Beach,P0266,2,28.75,0.0
S003373,2025-11-13,Oakland Park,P0134,1,13.77,0.0
S007267,4/5/2026,Oakland Park,P0123,1,32.28,0.0
S009811,2026-06-29,Dania Beach,P0022,2,7.3,0.0
S007582,2026-04-12,oakland park,P0069,1,21.4,0.0
S001871,2025-09-14,Lake Worth,P0288,1,39.45,2.0
S003530,2025-11-20,Oakland Park,P0150,1,8.12,0.0
S007298,2026-04-05,OAKLAND PARK,P0120,1,23.21,0.0
S002212,9/28/2025,Oakland Park,P0177,1,14.51,0.0
S008103,2026-04-26,Lake Worth,P0039,2,18.68,0.0
S007908,2026-04-20,Lake Worth,P0181,1,38.54,0.0
S006132,2026-02-16,Oakland Park,P0188,1,14.19,0.0
S000519,7/21/2025,Lake Worth,P0042,1,16.07,0.0
S001947,2025-09-18,Dania Beach,P0062,1,34.29,0.0
S005239,2026-01-02,Dania Beach,P0028,2,22.61,0.0
S007633,4/13/2026,Oakland Park,P0253,1,12.31,0.0
S005921,2026-02-06,Dania Beach,P0141,1,18.03,0.0
S000635,2025-07-26,Oakland Park,P0076,2,28.11,0.0
S004520,2025-12-17,Oakland Park,P0056,3,36.04,0.0
S002601,2025-10-13,Dania Beach,P0168,1,9.03,0.0
S004754,2025-12-22,Dania Beach,P0258,1,20.03,0.0
S001848,9/13/2025,Dania Beach,P0258,1,$20.03,0.0
S007782,2026-04-18,Oakland Park,P0041,1,11.22,0.0
S006139,2026-02-17,Oakland Park,P0224,1,28.47,0.0
S005043,2025-12-28,Dania Beach,P0299,1,6.83,0.0
S009762,2026-06-27,oakland park,P0141,1,18.03,
S004298,2025-12-13,Dania Beach,P0143,1,33.65,0.0
S007835,4/19/2026,Dania Beach,P0057,1,31.85,0.0
S002853,2025-10-24,Lake Worth,P0028,2,22.61,0.0
S005516,2026-01-16,Dania Beach,P0028,1,22.61,0.0
S003434,2025-11-15,Lake Worth,P0006,1,18.74,0.0
S002237,2025-09-29,Oakland Park,P0028,1,22.61,0.0
S002869,2025-10-24,Oakland Park,P0245,1,30.57,0.0
S006732,2026-03-16,Dania Beach,P0180,1,14.34,0.0
S001755,2025-09-09,Oakland Park,P0161,1,43.05,0.0
S006806,2026-03-19,Dania Beach,P0110,1,16.9,2.0
S002197,2025-09-28,Dania Beach,P0022,1,7.3,2.0
S000763,2025-08-01,DANIA BEACH,P0047,1,11.39,0.0
S008355,2026-05-03,Oakland Park,P0134,1,13.77,5.0
S007034,2026-03-29,Oakland Park,P0229,1,15.22,0.0
S005241,2026-01-02,Oakland Park,P0028,1,22.61,0.0
S007527,2026-04-11,Dania Beach,P0144,1,39.21,0.0
S003452,2025-11-16,lake worth,P0088,1,$14.79,0.0
S005816,2026-01-31,Dania Beach,P0258,1,20.03,0.0
S005414,2026-01-11,Oakland Park,P0125,1,30.0,0.0
S004016,2025-12-06,LAKE WORTH,P0249,1,24.88,0.0
S003751,2025-11-29,Dania Beach,P0209,1,38.73,0.0
S009302,2026-06-09,Dania Beach,P0009,1,10.82,0.0
S004518,2025-12-17,Dania Beach,P0229,1,15.22,0.0
S003835,2025-12-02,Lake Worth,P0258,1,20.03,
S004409,2025-12-15,OAKLAND PARK,P0142,1,14.84,5.0
S001966,2025-09-19,Dania Beach,P0011,1,31.32,0.0
S009515,2026-06-18,Dania Beach,P0283,1,41.77,0.0
S005451,2026-01-12,Dania Beach,P0141,1,18.03,0.0
S000693,2025-07-29,Dania Beach,P0081,1,12.2,5.0
S006112,2026-02-15,Dania Beach,P0138,1,18.5,0.0
S007723,2026-04-16,Lake Worth,P0058,1,6.59,0.0
S001567,9/2/2025,DANIA BEACH,P0258,1,20.03,0.0
S008993,2026-05-28,Lake Worth,P0129,1,7.89,0.0
S006239,2026-02-22,Dania Beach,P0148,1,17.71,5.0
S005104,2025-12-29,Dania Beach,P0104,1,23.8,0.0
S007370,4/7/2026,OAKLAND PARK,P0229,2,15.22,0.0
S007916,2026-04-21,Lake Worth,P0045,1,31.47,0.0
S001387,8/27/2025,Dania Beach,P0017,1,13.63,5.0
S006613,2026-03-10,Dania Beach,P0021,2,20.19,0.0
S004127,12/9/2025,OAKLAND PARK,P0031,1,23.06,0.0
S004041,2025-12-07,LAKE WORTH,P0209,1,38.73,0.0
S000036,2025-07-02,lake worth,P0258,1,20.03,5.0
S004517,2025-12-17,Oakland Park,P0120,1,23.21,0.0
S007099,2026-03-31,Dania Beach,P0266,1,28.75,0.0
S000484,2025-07-20,Lake Worth,P0117,1,13.24,0.0
S004303,2025-12-13,Dania Beach,P0039,1,18.68,0.0
S009064,2026-05-31,Dania Beach,P0196,1,23.33,0.0
S007362,2026-04-07,Dania Beach,P0107,1,35.69,0.0
S001255,2025-08-22,Dania Beach,P0258,1,$20.03,0.0
S004332,2025-12-13,Dania Beach,P0138,1,18.5,0.0
S006180,2026-02-20,Oakland Park,P0296,1,10.05,0.0
S002902,2025-10-25,Oakland Park,P0229,1,15.22,0.0
S009081,2026-06-01,Dania Beach,P0238,1,9.91,0.0
S003196,2025-11-05,Dania Beach,P0251,1,16.69,0.0
S006206,2/21/2026,Dania Beach,P0028,1,$22.61,0.0
S008208,2026-04-28,Lake Worth,P0258,2,20.03,5.0
S004158,2025-12-09,Oakland Park,P0191,1,35.79,0.0
S005062,2025-12-28,Lake Worth,P0157,3,8.43,0.0
S000386,2025-07-15,Oakland Park,P0167,1,11.11,0.0
S004461,12/16/2025,Oakland Park,P0148,1,17.71,0.0
S003743,2025-11-29,Dania Beach,P0138,1,18.5,2.0
S007858,2026-04-19,Dania Beach,P0120,1,23.21,5.0
S002768,2025-10-19,Dania Beach,P0141,1,18.03,0.0
S000868,8/5/2025,DANIA BEACH,P0028,1,22.61,5.0
S000047,2025-07-02,Oakland Park,P0042,1,16.07,5.0
S004579,2025-12-19,Dania Beach,P0067,2,22.05,5.0
S002864,2025-10-24,Oakland Park,P0099,1,32.17,0.0
S009538,2026-06-19,Oakland Park,P0164,3,14.99,0.0
S006664,2026-03-13,Lake Worth,P0253,1,12.31,0.0
S006222,2026-02-21,Oakland Park,P0123,1,32.28,0.0
S006027,2026-02-11,Dania Beach,P0066,1,15.19,0.0
S004687,2025-12-21,Dania Beach,P0258,1,20.03,0.0
S006639,2026-03-12,Dania Beach,P0089,1,38.61,2.0
S009369,2026-06-13,Lake Worth,P0298,2,10.79,0.0
S002283,2025-10-01,Dania Beach,P0013,1,19.04,0.0
S007636,2026-04-13,Dania Beach,P0119,1,10.1,0.0
S005959,2026-02-07,Lake Worth,P0123,1,32.28,0.0
S000284,2025-07-12,Dania Beach,P0042,1,16.07,0.0
S003153,2025-11-03,Oakland Park,P0229,1,15.22,0.0
S009718,2026-06-26,lake worth,P0099,1,32.17,0.0
S009767,2026-06-28,Lake Worth,P0049,1,17.75,0.0
S006745,2026-03-16,Dania Beach,P0090,1,39.67,0.0
S009713,2026-06-26,Dania Beach,P0100,1,34.67,0.0
S003794,2025-12-01,Dania Beach,P0029,1,44.82,0.0
S002236,2025-09-29,Dania Beach,P0069,1,21.4,0.0
S009225,2026-06-06,Dania Beach,P0076,1,28.11,
S008286,2026-05-01,Dania Beach,P0028,1,22.61,0.0
S006118,2026-02-15,Oakland Park,P0229,1,15.22,0.0
S007490,2026-04-10,Oakland Park,P0061,1,13.54,0.0
S005706,2026-01-26,Lake Worth,P0026,1,24.77,0.0
S004365,2025-12-14,Oakland Park,P0221,1,26.83,2.0
S000657,2025-07-27,Dania Beach,P0028,1,22.61,0.0
S003505,2025-11-19,Dania Beach,P0258,1,20.03,2.0
S008986,2026-05-28,Dania Beach,P0275,1,12.12,0.0
S008023,2026-04-24,Dania Beach,P0205,1,34.1,0.0
S004103,2025-12-08,Dania Beach,P0138,1,18.5,0.0
S005124,2025-12-29,Oakland Park,P0042,2,16.07,0.0
S000626,2025-07-26,Lake Worth,P0293,1,17.47,0.0
S004009,2025-12-06,Oakland Park,P0080,1,3.25,0.0
S003093,2025-11-02,Dania Beach,P0147,1,40.67,2.0
S001952,2025-09-18,Dania Beach,P0141,1,18.03,2.0
S001699,2025-09-07,Dania Beach,P0253,1,12.31,0.0
S004749,2025-12-22,Lake Worth,P0274,1,22.73,5.0
S007073,2026-03-30,Oakland Park,P0138,2,18.5,2.0
S001404,2025-08-27,Lake Worth,P0225,2,30.83,0.0
S007805,4/18/2026,Dania Beach,P0257,1,21.09,0.0
S004372,2025-12-14,dania beach,P0116,1,38.74,0.0
S007090,3/31/2026,Oakland Park,P0225,1,30.83,0.0
S009274,2026-06-08,Dania Beach,P0288,1,39.45,0.0
S007703,4/15/2026,Dania Beach,P0205,1,$34.1,0.0
S002500,2025-10-09,Dania Beach,P0143,1,33.65,0.0
S001432,2025-08-28,Oakland Park,P0202,1,27.95,0.0
S009409,6/14/2026,Dania Beach,P0224,1,28.47,0.0
S003362,11/13/2025,Dania Beach,P0269,1,19.37,0.0
S007942,2026-04-21,Dania Beach,P0127,1,26.3,0.0
S004639,12/20/2025,Oakland Park,P0066,1,15.19,0.0
S007853,2026-04-19,Oakland Park,P0120,1,23.21,0.0
S005431,2026-01-11,Oakland Park,P0060,2,16.29,0.0
S007878,4/19/2026,Oakland Park,P0257,1,21.09,0.0
S001030,8/12/2025,Lake Worth,P0250,1,26.07,0.0
S008677,2026-05-16,oakland park,P0196,1,23.33,0.0
S008995,2026-05-28,Oakland Park,P0069,1,21.4,0.0
S007106,2026-03-31,Dania Beach,P0258,1,20.03,0.0
S005208,2025-12-31,Oakland Park,P0258,1,20.03,0.0
S003027,2025-10-30,Oakland Park,P0126,1,18.39,0.0
S006153,2026-02-18,Oakland Park,P0028,1,22.61,2.0
S001473,2025-08-30,Oakland Park,P0250,2,26.07,0.0
S005799,2026-01-31,Oakland Park,P0150,1,8.12,0.0
S004992,2025-12-27,Oakland Park,P0240,1,29.77,0.0
S008524,2026-05-10,Oakland Park,P0158,1,15.94,5.0
S002688,10/17/2025,Dania Beach,P0062,1,34.29,0.0
S009545,2026-06-19,Dania Beach,P0028,1,22.61,0.0
S009543,2026-06-19,Dania Beach,P0270,1,13.93,0.0
S005080,2025-12-29,Dania Beach,P0242,1,16.38,0.0
S008182,2026-04-27,Dania Beach,P0121,1,26.48,0.0
S005161,2025-12-30,OAKLAND PARK,P0154,1,15.49,0.0
S007704,2026-04-15,Dania Beach,P0098,1,12.85,0.0
S007314,2026-04-05,Dania Beach,P0164,1,14.99,0.0
S007240,2026-04-04,Dania Beach,P0258,1,20.03,0.0
S001300,2025-08-23,Dania Beach,P0258,1,20.03,0.0
S005946,2026-02-07,Lake Worth,P0028,1,$22.61,0.0
S005825,2026-02-01,Lake Worth,P0293,1,17.47,0.0
S007088,2026-03-31,Oakland Park,P0128,1,25.5,0.0
S000778,2025-08-02,Dania Beach,P0239,1,7.76,0.0
S001045,2025-08-13,Oakland Park,P0127,1,26.3,0.0
S002882,2025-10-25,Dania Beach,P0196,1,23.33,0.0
S001636,2025-09-05,Dania Beach,P0118,2,26.15,0.0
S006983,2026-03-26,Oakland Park,P0186,1,8.27,0.0
S005281,2026-01-04,Oakland Park,P0293,1,17.47,0.0
S006439,2026-03-04,Dania Beach,P0025,1,37.2,0.0
S000542,2025-07-23,Dania Beach,P0258,1,20.03,0.0
S005914,2026-02-05,Lake Worth,P0105,1,41.09,0.0
S008840,2026-05-22,Oakland Park,P0145,1,18.52,2.0
S000377,2025-07-15,Oakland Park,P0137,1,34.89,0.0
S000009,2025-07-01,Dania Beach,P0111,1,9.29,0.0
S000181,7/6/2025,Oakland Park,P0229,1,15.22,0.0
S002363,2025-10-04,Oakland Park,P0250,1,26.07,2.0
S009503,2026-06-17,Dania Beach,P0196,3,23.33,0.0
S007162,2026-04-02,Dania Beach,P0258,1,20.03,0.0
S000732,2025-07-31,Oakland Park,P0093,1,10.98,0.0
S002247,9/29/2025,Lake Worth,P0240,1,29.77,2.0
S009590,6/21/2026,Lake Worth,P0245,1,30.57,0.0
S006052,2026-02-13,Oakland Park,P0123,1,32.28,0.0
S007218,2026-04-04,Dania Beach,P0014,2,41.58,
S007606,2026-04-13,Oakland Park,P0188,1,14.19,0.0
S008118,2026-04-26,Lake Worth,P0229,1,15.22,0.0
S004779,2025-12-23,Dania Beach,P0238,1,9.91,0.0
S001773,2025-09-10,Dania Beach,P0175,1,10.78,0.0
S003953,12/5/2025,Oakland Park,P0250,1,26.07,0.0
S002847,2025-10-23,Dania Beach,P0033,1,13.41,0.0
S005234,2026-01-02,Dania Beach,P0107,1,35.69,0.0
S001896,2025-09-15,Dania Beach,P0028,2,22.61,0.0
S009343,2026-06-12,Dania Beach,P0278,1,27.49,0.0
S002737,10/18/2025,Lake Worth,P0027,2,16.28,
S006423,2026-03-03,Oakland Park,P0131,1,10.61,0.0
S000907,2025-08-07,Dania Beach,P0161,1,43.05,0.0
S003368,2025-11-13,Dania Beach,P0247,1,11.6,0.0
S008801,2026-05-21,Dania Beach,P0123,1,32.28,0.0
S001569,2025-09-02,Dania Beach,P0067,1,22.05,0.0
S004183,2025-12-10,Oakland Park,P0209,1,38.73,0.0
S002685,2025-10-17,Oakland Park,P0030,1,9.83,0.0
S007960,2026-04-22,Dania Beach,P0099,1,32.17,0.0
S007721,2026-04-16,Dania Beach,P0123,1,32.28,0.0
S003283,2025-11-09,Dania Beach,P0258,1,20.03,0.0
S006800,2026-03-19,Dania Beach,P0250,1,$26.07,0.0
S003325,2025-11-11,Oakland Park,P0028,1,22.61,0.0
S000661,2025-07-28,Oakland Park,P0229,1,15.22,0.0
S005444,2026-01-12,Oakland Park,P0196,2,23.33,
S006342,2026-02-28,Dania Beach,P0108,1,11.87,0.0
S003321,2025-11-11,Oakland Park,P0028,1,22.61,0.0
S000467,2025-07-19,Dania Beach,P0219,1,$19.95,0.0
S009768,2026-06-28,Oakland Park,P0041,1,11.22,0.0
S008372,2026-05-04,Oakland Park,P0258,1,20.03,0.0
S009507,2026-06-18,Oakland Park,P0173,1,28.8,5.0
S005304,2026-01-05,Lake Worth,P0120,1,23.21,2.0
S000314,2025-07-12,Dania Beach,P0045,1,31.47,
S008710,5/17/2026,Oakland Park,P0126,1,18.39,5.0
S009363,2026-06-12,Lake Worth,P0229,1,15.22,0.0
S003903,2025-12-04,dania beach,P0108,3,11.87,0.0
S007225,2026-04-04,Oakland Park,P0148,1,17.71,0.0
S003928,2025-12-04,Dania Beach,P0139,1,25.22,0.0
S009003,2026-05-29,Dania Beach,P0098,1,12.85,0.0
S000112,7/5/2025,Dania Beach,P0258,1,20.03,0.0
S003912,2025-12-04,Oakland Park,P0157,1,8.43,0.0
S000887,2025-08-06,Lake Worth,P0175,2,10.78,0.0
S004611,2025-12-20,Oakland Park,P0202,1,27.95,5.0
S003574,2025-11-22,Oakland Park,P0042,1,16.07,0.0
S009201,2026-06-06,Dania Beach,P0258,1,20.03,0.0
S002934,2025-10-26,Dania Beach,P0098,1,12.85,0.0
S005634,2026-01-22,dania beach,P0284,1,19.93,0.0
S005906,2026-02-05,Oakland Park,P0107,2,35.69,0.0
S007235,4/4/2026,Oakland Park,P0225,1,30.83,2.0
S005897,2026-02-04,Oakland Park,P0250,1,26.07,0.0
S006719,3/15/2026,Lake Worth,P0027,1,16.28,5.0
S004858,2025-12-25,Dania Beach,P0159,2,5.86,0.0
S003040,2025-10-31,Lake Worth,P0028,1,22.61,0.0
S001481,2025-08-30,Dania Beach,P0055,2,18.49,5.0
S003094,2025-11-02,dania beach,P0258,1,20.03,
S007699,2026-04-15,Dania Beach,P0250,1,26.07,0.0
S005986,2026-02-08,Oakland Park,P0258,1,20.03,5.0
S008702,2026-05-17,Dania Beach,P0229,1,15.22,0.0
S005821,2026-01-31,Oakland Park,P0231,1,16.4,2.0
S007828,2026-04-18,Lake Worth,P0258,2,$20.03,2.0
S000918,2025-08-07,Oakland Park,P0229,1,15.22,0.0
S002391,2025-10-05,Oakland Park,P0129,1,$7.89,
S002025,2025-09-21,Dania Beach,P0157,1,8.43,0.0
S006956,2026-03-25,Dania Beach,P0100,1,34.67,0.0
S008339,2026-05-03,Oakland Park,P0294,1,30.88,0.0
S009360,2026-06-12,Dania Beach,P0071,1,14.0,0.0
S008971,5/27/2026,Oakland Park,P0150,1,8.12,0.0
S005456,2026-01-13,Oakland Park,P0149,1,20.51,2.0
S005850,2/2/2026,Dania Beach,P0229,1,15.22,0.0
S001622,2025-09-05,Dania Beach,P0045,1,31.47,0.0
S004571,2025-12-19,Dania Beach,P0090,3,39.67,2.0
S001233,2025-08-20,Lake Worth,P0283,1,41.77,0.0
S007756,2026-04-17,Dania Beach,P0090,1,39.67,
S009789,2026-06-28,Oakland Park,P0229,1,15.22,0.0
S004214,2025-12-11,Lake Worth,P0229,1,15.22,0.0
S000831,2025-08-03,Lake Worth,P0034,1,17.39,0.0
S003334,2025-11-11,Oakland Park,P0138,1,18.5,5.0
S001431,2025-08-28,Lake Worth,P0066,1,15.19,2.0
S005378,2026-01-09,Oakland Park,P0271,1,13.23,0.0
S001253,2025-08-21,Dania Beach,P0258,1,20.03,0.0
S008739,2026-05-18,Oakland Park,P0122,1,15.39,0.0
S002380,2025-10-04,oakland park,P0120,1,23.21,0.0
S005922,2/6/2026,Dania Beach,P0258,1,$20.03,
S005962,2026-02-08,Dania Beach,P0147,1,40.67,0.0
S008437,2026-05-07,Dania Beach,P0266,1,28.75,0.0
S006245,2026-02-22,dania beach,P0283,1,41.77,0.0
S003514,2025-11-19,Lake Worth,P0121,1,26.48,0.0
S006826,2026-03-20,Oakland Park,P0112,1,9.26,
S005133,2025-12-30,Oakland Park,P0229,1,15.22,0.0
S001370,2025-08-26,Lake Worth,P0171,1,15.79,0.0
S004900,2025-12-26,Dania Beach,P0258,1,20.03,0.0
S003236,2025-11-07,Lake Worth,P0236,1,32.91,0.0
S000782,2025-08-02,Dania Beach,P0123,1,32.28,0.0
S001513,2025-08-31,Oakland Park,P0241,1,10.09,0.0
S007867,4/19/2026,OAKLAND PARK,P0040,1,30.27,0.0
S008326,2026-05-02,Lake Worth,P0274,1,22.73,0.0
S000712,2025-07-30,Dania Beach,P0205,1,34.1,0.0
S002437,2025-10-06,Oakland Park,P0045,2,31.47,0.0
S008589,2026-05-12,Oakland Park,P0229,1,15.22,0.0
S001058,2025-08-13,Dania Beach,P0233,1,$22.74,0.0
S002216,2025-09-28,oakland park,P0229,1,$15.22,0.0
S009511,6/18/2026,Lake Worth,P0278,1,27.49,0.0
S001752,2025-09-09,Dania Beach,P0198,1,5.19,0.0
S003370,2025-11-13,Oakland Park,P0125,1,30.0,0.0
S001878,2025-09-14,Oakland Park,P0181,1,$38.54,0.0
S007813,2026-04-18,Oakland Park,P0031,1,23.06,0.0
S001433,2025-08-28,Oakland Park,P0121,1,26.48,0.0
S003992,2025-12-06,Oakland Park,P0022,1,$7.3,0.0
S003155,2025-11-03,Dania Beach,P0112,1,9.26,5.0
S002272,2025-09-30,Oakland Park,P0195,1,23.58,0.0
S004457,2025-12-16,Oakland Park,P0207,1,8.62,
S002805,2025-10-21,Dania Beach,P0185,1,20.14,0.0
S000913,2025-08-07,Dania Beach,P0061,1,13.54,5.0
S003937,12/4/2025,Dania Beach,P0031,1,23.06,0.0
S008901,2026-05-24,Dania Beach,P0025,1,37.2,0.0
S007255,2026-04-04,Oakland Park,P0137,1,34.89,0.0
S008515,2026-05-09,Oakland Park,P0174,1,17.55,
S001456,2025-08-29,Oakland Park,P0205,1,34.1,5.0
S008504,2026-05-09,Oakland Park,P0266,1,28.75,0.0
S005865,2026-02-03,Dania Beach,P0288,1,39.45,0.0
S007883,2026-04-20,Dania Beach,P0050,1,16.14,0.0
S004828,2025-12-24,Oakland Park,P0244,1,7.54,0.0
S001674,2025-09-06,Oakland Park,P0258,1,20.03,0.0
S006246,2/22/2026,Dania Beach,P0028,1,22.61,0.0
S006604,2026-03-10,Oakland Park,P0054,1,38.06,0.0
S009625,2026-06-22,Dania Beach,P0099,1,32.17,0.0
S007586,4/12/2026,Dania Beach,P0250,1,26.07,0.0
S000752,2025-07-31,Dania Beach,P0122,1,15.39,0.0
S000567,2025-07-24,Dania Beach,P0048,1,43.54,0.0
S000427,2025-07-18,Dania Beach,P0234,1,39.24,2.0
S007089,2026-03-31,Lake Worth,P0112,1,9.26,0.0
S004686,2025-12-21,Dania Beach,P0204,1,30.89,2.0
S001401,2025-08-27,Lake Worth,P0077,3,38.06,0.0
S001133,2025-08-16,Oakland Park,P0027,1,16.28,0.0
S003668,2025-11-25,Oakland Park,P0139,1,25.22,0.0
S002301,2025-10-02,Oakland Park,P0163,1,12.13,0.0
S003959,2025-12-05,Oakland Park,P0209,1,38.73,0.0
S008212,2026-04-28,Oakland Park,P0250,1,26.07,5.0
S001454,8/29/2025,Oakland Park,P0079,1,38.19,0.0
S004274,12/12/2025,Dania Beach,P0060,1,16.29,0.0
S005343,2026-01-07,Dania Beach,P0196,1,23.33,0.0
S009194,6/6/2026,Dania Beach,P0129,1,7.89,0.0
S009681,2026-06-24,Dania Beach,P0258,1,20.03,0.0
S001315,2025-08-24,Dania Beach,P0095,1,15.25,0.0
S005839,2026-02-01,Lake Worth,P0267,1,35.08,0.0
S000585,2025-07-25,OAKLAND PARK,P0060,1,16.29,0.0
S001821,9/12/2025,Lake Worth,P0196,1,$23.33,0.0
S006514,2026-03-07,Oakland Park,P0006,1,$18.74,0.0
S003566,2025-11-21,Dania Beach,P0020,1,24.25,0.0
S000993,2025-08-10,DANIA BEACH,P0069,1,21.4,2.0
S000854,2025-08-04,Oakland Park,P0201,1,37.27,0.0
S007281,4/5/2026,Oakland Park,P0264,1,39.66,0.0
S008278,2026-04-30,Oakland Park,P0099,1,32.17,0.0
S008351,2026-05-03,Oakland Park,P0300,1,15.39,0.0
S007441,2026-04-09,Lake Worth,P0145,1,18.52,0.0
S005452,2026-01-13,Dania Beach,P0093,1,10.98,0.0
S008261,2026-04-30,Oakland Park,P0079,1,38.19,0.0
S001128,8/16/2025,Lake Worth,P0113,1,15.71,0.0
S003260,2025-11-08,Lake Worth,P0185,1,20.14,0.0
S005461,2026-01-13,Dania Beach,P0099,1,32.17,0.0
S002077,2025-09-23,Dania Beach,P0090,1,$39.67,0.0
S001493,2025-08-30,Oakland Park,P0152,1,10.83,0.0
S002154,2025-09-26,Oakland Park,P0120,3,23.21,0.0
S002284,2025-10-01,Dania Beach,P0048,1,43.54,0.0
S006780,3/18/2026,Dania Beach,P0281,3,17.35,0.0
S000853,2025-08-04,Oakland Park,P0258,2,20.03,0.0
S000889,2025-08-06,Oakland Park,P0249,1,24.88,0.0
S000203,2025-07-07,Dania Beach,P0052,1,20.69,0.0
S006868,2026-03-21,Oakland Park,P0002,1,33.09,0.0
S003117,2025-11-02,lake worth,P0045,1,31.47,0.0
S000818,2025-08-03,DANIA BEACH,P0099,1,32.17,
S006953,2026-03-25,Dania Beach,P0069,1,21.4,0.0
S007401,2026-04-08,Dania Beach,P0033,1,13.41,0.0
S000770,2025-08-01,Oakland Park,P0251,1,16.69,0.0
S005115,2025-12-29,Oakland Park,P0163,1,12.13,0.0
S005113,2025-12-29,Dania Beach,P0098,2,$12.85,2.0
S004732,12/22/2025,Lake Worth,P0099,2,32.17,0.0
S003585,2025-11-22,Dania Beach,P0258,1,20.03,0.0
S001257,2025-08-22,Lake Worth,P0229,1,15.22,0.0
S004510,2025-12-17,Lake Worth,P0270,1,13.93,0.0
S004891,2025-12-25,Oakland Park,P0047,1,11.39,0.0
S004171,2025-12-10,Dania Beach,P0125,1,30.0,0.0
S001015,2025-08-11,Oakland Park,P0068,1,18.85,0.0
S000407,2025-07-17,Dania Beach,P0274,1,22.73,0.0
S005971,2026-02-08,Dania Beach,P0108,1,11.87,
S002600,2025-10-13,Dania Beach,P0192,1,9.96,0.0
S009411,2026-06-14,Oakland Park,P0259,1,34.69,0.0
S009246,2026-06-07,Dania Beach,P0227,1,22.7,0.0
S009275,2026-06-08,Oakland Park,P0250,1,26.07,0.0
S000099,2025-07-04,Dania Beach,P0258,1,20.03,5.0
S000613,2025-07-26,Oakland Park,P0152,1,10.83,0.0
S000744,2025-07-31,Dania Beach,P0277,1,12.14,5.0
S005309,2026-01-05,Dania Beach,P0258,1,20.03,0.0
S002831,2025-10-22,Dania Beach,P0258,2,20.03,0.0
S004731,2025-12-22,Lake Worth,P0196,1,23.33,5.0
S006610,2026-03-10,Oakland Park,P0229,1,15.22,0.0
S009804,2026-06-29,Dania Beach,P0069,1,21.4,2.0
S002120,2025-09-25,Oakland Park,P0181,1,38.54,0.0
S004549,2025-12-18,Dania Beach,P0028,1,$22.61,0.0
S008170,2026-04-27,Oakland Park,P0095,1,15.25,0.0
S005554,2026-01-18,Oakland Park,P0086,1,19.54,0.0
S008481,2026-05-08,Oakland Park,P0028,1,22.61,
S005544,2026-01-18,Oakland Park,P0258,1,20.03,0.0
S005174,2025-12-31,Dania Beach,P0258,1,20.03,0.0
S008568,2026-05-11,Dania Beach,P0028,1,22.61,0.0
S004529,2025-12-17,Oakland Park,P0045,1,31.47,0.0
S007760,2026-04-17,Oakland Park,P0068,1,18.85,
S002777,2025-10-20,Oakland Park,P0258,1,20.03,0.0
S005185,2025-12-31,Dania Beach,P0055,1,18.49,0.0
S004246,2025-12-12,Lake Worth,P0018,1,11.18,0.0
S001886,2025-09-15,Dania Beach,P0258,1,20.03,0.0
S001309,2025-08-24,Oakland Park,P0019,1,19.0,0.0
S003896,2025-12-03,Oakland Park,P0227,1,22.7,0.0
S000055,2025-07-03,Dania Beach,P0259,1,34.69,0.0
S001439,2025-08-28,Dania Beach,P0152,1,10.83,0.0
S003844,2025-12-02,lake worth,P0079,1,38.19,0.0
S000740,2025-07-31,Dania Beach,P0107,1,35.69,0.0
S008447,2026-05-07,Lake Worth,P0229,3,15.22,0.0
S000256,2025-07-10,Oakland Park,P0079,1,38.19,0.0
S005377,2026-01-09,Oakland Park,P0258,1,20.03,0.0
S000750,2025-07-31,Lake Worth,P0033,1,13.41,0.0
S004047,2025-12-07,Dania Beach,P0120,1,23.21,0.0
S003191,2025-11-05,Dania Beach,P0177,1,14.51,0.0
S001458,2025-08-29,Dania Beach,P0028,1,22.61,0.0
S004207,12/11/2025,Dania Beach,P0058,1,6.59,0.0
S008111,2026-04-26,DANIA BEACH,P0229,1,15.22,0.0
S002717,2025-10-18,Dania Beach,P0113,1,15.71,0.0
S005340,2026-01-07,oakland park,P0110,1,$16.9,0.0
S008759,2026-05-19,Oakland Park,P0168,1,9.03,0.0
S000598,2025-07-26,Dania Beach,P0258,1,20.03,0.0
S003148,2025-11-03,Dania Beach,P0050,1,16.14,0.0
S008870,2026-05-23,Lake Worth,P0112,1,9.26,
S004055,2025-12-07,Dania Beach,P0120,2,23.21,0.0
S007528,2026-04-11,Oakland Park,P0238,1,9.91,0.0
S008764,2026-05-19,Dania Beach,P0028,1,22.61,0.0
S003282,2025-11-09,Oakland Park,P0113,2,15.71,0.0
S001505,2025-08-31,Dania Beach,P0062,1,34.29,
S003999,2025-12-06,Lake Worth,P0285,1,24.04,0.0
S005223,1/1/2026,Dania Beach,P0100,1,34.67,0.0
S000370,2025-07-15,Dania Beach,P0099,1,32.17,0.0
S001744,2025-09-09,Lake Worth,P0029,1,44.82,0.0
S009558,2026-06-20,Oakland Park,P0225,1,30.83,0.0
S009644,2026-06-23,Dania Beach,P0193,1,15.19,0.0
S009038,2026-05-30,Dania Beach,P0010,1,26.25,0.0
S002345,2025-10-03,Lake Worth,P0211,1,28.43,
S006541,2026-03-08,Dania Beach,P0181,1,38.54,0.0
S004557,2025-12-18,Oakland Park,P0231,3,16.4,0.0
S005502,2026-01-15,Dania Beach,P0175,1,10.78,0.0
S008723,2026-05-17,dania beach,P0033,1,13.41,0.0
S003878,2025-12-03,Oakland Park,P0193,1,15.19,0.0
S008059,2026-04-25,Oakland Park,P0258,2,20.03,0.0
S001861,2025-09-14,DANIA BEACH,P0232,2,35.97,2.0
S007445,2026-04-09,Dania Beach,P0253,1,$12.31,0.0
S007143,2026-04-02,Dania Beach,P0217,1,17.82,0.0
S005271,2026-01-04,Oakland Park,P0107,1,35.69,5.0
S000124,2025-07-05,Dania Beach,P0258,1,20.03,0.0
S000204,2025-07-07,Dania Beach,P0126,1,18.39,0.0
S009492,2026-06-17,Dania Beach,P0229,1,15.22,0.0
S000460,7/19/2025,dania beach,P0161,1,43.05,0.0
S009600,2026-06-21,Oakland Park,P0111,1,9.29,0.0
S008080,2026-04-25,Oakland Park,P0258,1,20.03,0.0
S004070,2025-12-07,Oakland Park,P0261,1,13.52,0.0
S002586,2025-10-13,Oakland Park,P0039,1,18.68,0.0
S006721,2026-03-15,Oakland Park,P0190,1,31.63,0.0
S007629,4/13/2026,Dania Beach,P0049,2,17.75,0.0
S003233,2025-11-07,Oakland Park,P0068,1,18.85,0.0
S006477,2026-03-05,Lake Worth,P0120,1,23.21,0.0
S003916,2025-12-04,Dania Beach,P0149,1,20.51,0.0
S005599,2026-01-20,Lake Worth,P0234,1,39.24,0.0
S000849,2025-08-04,Dania Beach,P0071,1,14.0,0.0
S007386,2026-04-08,OAKLAND PARK,P0047,1,11.39,0.0
S002668,2025-10-16,Oakland Park,P0015,1,10.97,0.0
S007278,2026-04-05,Lake Worth,P0042,1,16.07,0.0
S009178,2026-06-05,Dania Beach,P0006,1,18.74,0.0
S007455,2026-04-09,DANIA BEACH,P0188,1,14.19,0.0
S003372,11/13/2025,Oakland Park,P0274,1,22.73,0.0
S002304,2025-10-02,Oakland Park,P0099,1,32.17,0.0
S006482,2026-03-05,Oakland Park,P0100,1,34.67,0.0
S004990,2025-12-27,Dania Beach,P0266,2,28.75,0.0
S001262,2025-08-22,Dania Beach,P0123,1,32.28,0.0
S000457,2025-07-19,oakland park,P0112,1,9.26,0.0
S003234,2025-11-07,Dania Beach,P0196,1,23.33,0.0
S000751,2025-07-31,Dania Beach,P0119,1,10.1,0.0
S000786,2025-08-02,Oakland Park,P0045,2,31.47,0.0
S001577,2025-09-02,Dania Beach,P0105,1,41.09,0.0
S009807,2026-06-29,LAKE WORTH,P0258,3,20.03,
S001499,2025-08-30,Dania Beach,P0229,1,15.22,0.0
S002620,2025-10-14,Oakland Park,P0283,1,41.77,0.0
S008940,5/26/2026,LAKE WORTH,P0129,1,7.89,0.0
S008460,2026-05-08,Lake Worth,P0181,3,38.54,0.0
S008642,2026-05-14,Lake Worth,P0112,2,9.26,0.0
S002912,10/26/2025,Lake Worth,P0031,1,23.06,0.0
S000350,2025-07-14,Dania Beach,P0288,1,$39.45,0.0
S007684,2026-04-14,Dania Beach,P0228,1,12.36,0.0
S005923,2026-02-06,oakland park,P0107,1,35.69,0.0
S003770,2025-11-30,Lake Worth,P0251,1,16.69,0.0
S003328,2025-11-11,oakland park,P0007,1,18.87,0.0
S005138,2025-12-30,Dania Beach,P0253,3,12.31,0.0
S003577,2025-11-22,dania beach,P0121,1,26.48,5.0
S007161,2026-04-02,Lake Worth,P0045,1,31.47,0.0
S006323,2026-02-27,DANIA BEACH,P0022,1,7.3,0.0
S002865,2025-10-24,Oakland Park,P0229,1,15.22,0.0
S002913,2025-10-26,Dania Beach,P0288,1,39.45,0.0
S005792,1/31/2026,Oakland Park,P0145,1,18.52,0.0
S001913,9/16/2025,Dania Beach,P0141,1,18.03,0.0
S008814,2026-05-21,Dania Beach,P0098,1,12.85,0.0
S009188,2026-06-05,Dania Beach,P0232,2,35.97,0.0
S004820,2025-12-24,Dania Beach,P0261,1,13.52,0.0
S008419,2026-05-06,Oakland Park,P0181,1,38.54,0.0
S009669,2026-06-23,Dania Beach,P0258,2,20.03,0.0
S007108,4/1/2026,Oakland Park,P0181,2,38.54,0.0
S005856,2026-02-02,Oakland Park,P0141,1,18.03,0.0
S007992,2026-04-23,Oakland Park,P0258,1,20.03,0.0
S001905,2025-09-16,Oakland Park,P0300,1,15.39,0.0
S000079,2025-07-04,Oakland Park,P0156,1,33.24,0.0
S004426,12/15/2025,Oakland Park,P0148,1,17.71,0.0
S005803,2026-01-31,Dania Beach,P0229,1,15.22,0.0
S008912,2026-05-24,Dania Beach,P0123,1,32.28,2.0
S004603,2025-12-19,Oakland Park,P0234,1,39.24,0.0
S007432,2026-04-09,Oakland Park,P0225,2,30.83,0.0
S008792,2026-05-20,Oakland Park,P0285,1,24.04,2.0
S000397,2025-07-16,Dania Beach,P0100,1,$34.67,0.0
S006202,2026-02-21,Dania Beach,P0042,1,16.07,0.0
S005555,2026-01-18,Oakland Park,P0065,1,22.31,0.0
S000130,2025-07-05,Oakland Park,P0195,2,23.58,0.0
S009638,6/22/2026,Dania Beach,P0025,1,37.2,0.0
S004368,2025-12-14,oakland park,P0294,1,30.88,0.0
S006343,2026-02-28,Lake Worth,P0173,2,28.8,2.0
S001605,2025-09-04,Dania Beach,P0055,1,18.49,0.0
S000538,2025-07-23,Oakland Park,P0124,1,14.5,2.0
S005135,2025-12-30,Oakland Park,P0229,1,15.22,0.0
S007967,2026-04-22,dania beach,P0269,1,19.37,5.0
S004062,2025-12-07,Dania Beach,P0061,1,13.54,2.0
S003297,2025-11-09,Dania Beach,P0113,1,15.71,0.0
S008718,5/17/2026,Dania Beach,P0258,1,20.03,0.0
S009032,2026-05-30,Oakland Park,P0099,2,32.17,0.0
S003025,2025-10-30,Dania Beach,P0127,1,26.3,0.0
S009440,6/15/2026,Oakland Park,P0123,1,32.28,2.0
S005434,2026-01-11,Dania Beach,P0112,1,9.26,0.0
S007824,2026-04-18,Oakland Park,P0071,1,$14.0,0.0
S008458,2026-05-07,Dania Beach,P0045,1,31.47,0.0
S008745,2026-05-18,dania beach,P0045,2,31.47,0.0
S005363,2026-01-08,Dania Beach,P0071,1,14.0,0.0
S001650,2025-09-06,Oakland Park,P0111,1,9.29,0.0
S001799,2025-09-11,Oakland Park,P0018,1,11.18,5.0
S009441,2026-06-15,Dania Beach,P0151,1,$22.36,0.0
S007624,2026-04-13,Oakland Park,P0077,1,38.06,0.0
S004910,2025-12-26,Dania Beach,P0138,1,18.5,0.0
S000597,2025-07-26,Dania Beach,P0099,2,32.17,0.0
S002876,2025-10-25,Lake Worth,P0240,1,29.77,0.0
S007849,4/19/2026,Dania Beach,P0042,1,16.07,2.0
S008631,2026-05-14,Lake Worth,P0031,1,23.06,0.0
S003065,11/1/2025,Oakland Park,P0187,1,8.33,0.0
S002305,2025-10-02,Oakland Park,P0254,1,15.72,0.0
S003059,10/31/2025,Dania Beach,P0229,1,$15.22,0.0
S000436,2025-07-18,Dania Beach,P0045,1,$31.47,
S000825,2025-08-03,Oakland Park,P0081,1,12.2,0.0
S000586,2025-07-25,OAKLAND PARK,P0042,1,16.07,0.0
S008333,2026-05-03,Lake Worth,P0229,1,15.22,5.0
S009266,2026-06-07,oakland park,P0250,1,26.07,0.0
S000253,2025-07-10,Oakland Park,P0189,1,8.68,0.0
S000974,8/10/2025,Lake Worth,P0110,1,16.9,0.0
S007661,2026-04-14,Dania Beach,P0028,1,22.61,5.0
S009734,6/27/2026,Lake Worth,P0041,1,11.22,5.0
S002722,10/18/2025,Dania Beach,P0006,2,18.74,0.0
S009829,2026-06-30,Dania Beach,P0253,1,$12.31,0.0
S001638,2025-09-06,Oakland Park,P0250,1,26.07,2.0
S003394,2025-11-14,Dania Beach,P0125,2,30.0,0.0
S004614,2025-12-20,Dania Beach,P0020,1,24.25,0.0
S003255,11/8/2025,Dania Beach,P0283,1,41.77,0.0
S002807,2025-10-21,Oakland Park,P0116,1,$38.74,0.0
S008027,2026-04-24,Dania Beach,P0028,1,22.61,0.0
S005777,2026-01-30,Oakland Park,P0087,1,$10.56,0.0
S002553,2025-10-11,Dania Beach,P0022,2,7.3,0.0
S007840,2026-04-19,Dania Beach,P0233,1,22.74,0.0
S002480,2025-10-08,Lake Worth,P0300,1,15.39,0.0
S006841,2026-03-20,Dania Beach,P0078,2,34.08,0.0
S009453,2026-06-15,Dania Beach,P0258,1,20.03,0.0
S009212,2026-06-06,oakland park,P0068,2,18.85,0.0
S000010,2025-07-01,Dania Beach,P0183,1,39.68,0.0
S003274,11/9/2025,Oakland Park,P0219,1,19.95,0.0
S001044,2025-08-13,Dania Beach,P0072,1,23.85,5.0
S000684,2025-07-29,Dania Beach,P0297,1,17.64,0.0
S004816,2025-12-24,lake worth,P0116,1,38.74,0.0
S005160,2025-12-30,Lake Worth,P0283,1,41.77,0.0
S006441,2026-03-04,Oakland Park,P0035,1,25.13,0.0
S006067,2026-02-13,Oakland Park,P0069,1,21.4,0.0
S009229,2026-06-06,Oakland Park,P0258,1,20.03,0.0
S006164,2026-02-19,Oakland Park,P0027,1,16.28,0.0
S001184,2025-08-18,Dania Beach,P0207,1,8.62,0.0
S003138,2025-11-03,Dania Beach,P0069,1,21.4,0.0
S002939,10/26/2025,Oakland Park,P0258,1,20.03,0.0
S001593,2025-09-03,Oakland Park,P0258,1,20.03,0.0
S005957,2026-02-07,Oakland Park,P0282,2,14.8,0.0
S008324,2026-05-02,Dania Beach,P0089,1,38.61,5.0
S006862,2026-03-21,Dania Beach,P0188,3,14.19,0.0
S008319,5/2/2026,Dania Beach,P0085,2,28.45,2.0
S008585,2026-05-12,Dania Beach,P0286,1,$17.06,0.0
S000714,7/30/2025,Oakland Park,P0229,3,15.22,0.0
S001062,2025-08-13,Lake Worth,P0095,3,15.25,0.0
S009050,2026-05-30,dania beach,P0138,1,18.5,0.0
S007717,2026-04-15,Oakland Park,P0238,1,9.91,0.0
S009668,2026-06-23,Dania Beach,P0294,1,30.88,0.0
S004361,2025-12-14,Dania Beach,P0277,1,12.14,0.0
S004516,2025-12-17,Oakland Park,P0041,2,11.22,0.0
S000051,2025-07-03,Dania Beach,P0178,1,35.29,0.0
S007063,2026-03-30,Dania Beach,P0144,1,$39.21,2.0
S009131,2026-06-02,Lake Worth,P0069,1,21.4,0.0
S002142,2025-09-26,Lake Worth,P0106,1,14.38,0.0
S003074,11/1/2025,dania beach,P0153,1,24.73,0.0
S000261,2025-07-10,Oakland Park,P0039,1,18.68,5.0
S003898,2025-12-03,Dania Beach,P0244,1,7.54,0.0
S002037,2025-09-21,Oakland Park,P0099,1,32.17,5.0
S004978,2025-12-27,Oakland Park,P0258,1,20.03,0.0
S003548,2025-11-21,LAKE WORTH,P0120,1,23.21,0.0
S000854,2025-08-04,Oakland Park,P0201,1,37.27,0.0
S006428,2026-03-03,DANIA BEACH,P0258,1,20.03,0.0
S006947,2026-03-25,Dania Beach,P0258,1,20.03,5.0
S006255,2/23/2026,Dania Beach,P0215,1,5.21,0.0
S007560,2026-04-12,Dania Beach,P0107,1,35.69,0.0
S001247,2025-08-21,Dania Beach,P0198,1,5.19,0.0
S003315,2025-11-10,Dania Beach,P0138,1,18.5,0.0
S009243,2026-06-07,Lake Worth,P0091,1,10.86,0.0
S005964,2026-02-08,Oakland Park,P0016,1,9.61,0.0
S002313,2025-10-02,Dania Beach,P0009,2,10.82,0.0
S001781,2025-09-11,Dania Beach,P0258,2,20.03,2.0
S006318,2026-02-27,Dania Beach,P0233,1,22.74,5.0
S002877,2025-10-25,Lake Worth,P0196,3,23.33,0.0
S000780,2025-08-02,Dania Beach,P0052,1,20.69,0.0
S009513,2026-06-18,Lake Worth,P0046,1,16.17,0.0
S008666,5/15/2026,Dania Beach,P0253,1,12.31,0.0
S003421,2025-11-15,Lake Worth,P0225,2,30.83,0.0
S000629,2025-07-26,Dania Beach,P0099,1,32.17,0.0
S007394,2026-04-08,Dania Beach,P0009,2,10.82,2.0
S008685,2026-05-16,Dania Beach,P0229,1,15.22,0.0
S007323,2026-04-06,Oakland Park,P0071,1,14.0,0.0
S003538,2025-11-20,Oakland Park,P0028,1,22.61,0.0
S009706,6/25/2026,Dania Beach,P0258,1,20.03,0.0
S003006,2025-10-29,Lake Worth,P0236,1,32.91,0.0
S007219,2026-04-04,Oakland Park,P0229,1,15.22,0.0
S008375,5/4/2026,Oakland Park,P0116,1,38.74,
S008903,2026-05-24,Oakland Park,P0211,1,28.43,2.0
S003679,2025-11-26,Dania Beach,P0109,1,19.26,0.0
S004188,12/10/2025,Dania Beach,P0196,1,23.33,0.0
S005421,2026-01-11,Oakland Park,P0102,1,16.27,0.0
S004878,2025-12-25,Oakland Park,P0196,1,23.33,0.0
S007888,4/20/2026,Dania Beach,P0229,1,15.22,2.0
S009526,2026-06-18,Dania Beach,P0154,1,15.49,0.0
S004865,2025-12-25,Dania Beach,P0285,1,24.04,0.0
S009408,2026-06-14,Dania Beach,P0077,1,38.06,0.0
S005631,2026-01-22,Dania Beach,P0250,1,26.07,0.0
S006149,2026-02-18,Oakland Park,P0249,1,24.88,5.0
S001119,2025-08-16,Oakland Park,P0286,1,17.06,0.0
S009092,2026-06-01,Lake Worth,P0258,2,20.03,0.0
S008780,2026-05-20,Oakland Park,P0138,1,18.5,0.0
S002924,2025-10-26,Lake Worth,P0045,1,31.47,0.0
S005756,2026-01-29,Oakland Park,P0225,1,30.83,0.0
S005859,2026-02-02,Dania Beach,P0290,1,$44.36,0.0
S009006,2026-05-29,Dania Beach,P0227,1,22.7,0.0
S006614,2026-03-10,Oakland Park,P0171,1,15.79,0.0
S004173,2025-12-10,Oakland Park,P0053,1,11.0,0.0
S007583,2026-04-12,Dania Beach,P0063,1,32.31,0.0
S005443,2026-01-12,Oakland Park,P0234,1,39.24,0.0
S009495,2026-06-17,Dania Beach,P0258,1,20.03,0.0
S001228,2025-08-20,Oakland Park,P0225,1,30.83,0.0
S008024,2026-04-24,Oakland Park,P0265,1,19.55,0.0
S002622,2025-10-14,Dania Beach,P0059,1,27.7,0.0
S001266,2025-08-22,Oakland Park,P0240,1,29.77,0.0
S002477,2025-10-08,Dania Beach,P0258,1,20.03,0.0
S007638,2026-04-13,Dania Beach,P0298,1,10.79,0.0
S006054,2/13/2026,Lake Worth,P0250,1,26.07,0.0
S000265,2025-07-11,Lake Worth,P0021,1,20.19,0.0
S007829,2026-04-18,Dania Beach,P0161,1,43.05,0.0
S009329,2026-06-11,Oakland Park,P0174,1,17.55,0.0
S008368,2026-05-04,Dania Beach,P0006,1,18.74,0.0
S008433,2026-05-07,dania beach,P0113,1,15.71,0.0
S007208,2026-04-04,Oakland Park,P0045,1,31.47,0.0
S003802,2025-12-01,Dania Beach,P0069,1,21.4,2.0
S006798,3/19/2026,Oakland Park,P0214,1,40.55,0.0
S000620,2025-07-26,OAKLAND PARK,P0210,1,17.31,0.0
S007852,2026-04-19,Dania Beach,P0050,1,16.14,0.0
S001733,2025-09-08,Oakland Park,P0283,2,41.77,0.0
S000995,8/10/2025,Lake Worth,P0121,2,26.48,2.0
S009279,6/8/2026,Oakland Park,P0091,2,10.86,0.0
S007247,2026-04-04,Lake Worth,P0038,1,16.31,
S006888,2026-03-22,Lake Worth,P0116,1,$38.74,0.0
S004465,2025-12-16,lake worth,P0099,1,32.17,0.0
S006637,2026-03-11,Dania Beach,P0137,1,34.89,0.0
S007602,2026-04-12,Dania Beach,P0232,2,35.97,0.0
S006488,2026-03-06,oakland park,P0214,1,40.55,5.0
S005547,2026-01-18,Dania Beach,P0004,1,33.33,0.0
S002088,2025-09-23,Dania Beach,P0125,1,30.0,0.0
S001419,2025-08-28,Dania Beach,P0071,1,14.0,0.0
S003223,2025-11-07,Oakland Park,P0245,1,30.57,0.0
S006722,2026-03-15,Lake Worth,P0118,1,26.15,2.0
S009159,2026-06-04,Dania Beach,P0116,1,38.74,0.0
S002719,2025-10-18,Lake Worth,P0065,1,22.31,0.0
S008497,2026-05-09,Lake Worth,P0006,1,18.74,0.0
S005233,2026-01-02,Oakland Park,P0110,1,16.9,0.0
S009572,2026-06-20,Dania Beach,P0028,1,$22.61,0.0
S008941,2026-05-26,Oakland Park,P0226,1,19.09,
S001968,2025-09-19,Lake Worth,P0068,1,18.85,0.0
S008106,2026-04-26,dania beach,P0060,1,16.29,0.0
S008926,2026-05-25,Oakland Park,P0069,1,21.4,0.0
S002398,2025-10-05,Dania Beach,P0258,1,$20.03,0.0
S006565,2026-03-08,Dania Beach,P0056,1,36.04,0.0
S005926,2/6/2026,Oakland Park,P0184,1,16.92,0.0
S004741,2025-12-22,Lake Worth,P0247,1,11.6,0.0
S005583,1/19/2026,Lake Worth,P0020,1,24.25,0.0
S002757,2025-10-19,Dania Beach,P0093,2,10.98,0.0
S007169,2026-04-02,Dania Beach,P0225,1,30.83,0.0
S008192,2026-04-27,Dania Beach,P0022,1,7.3,0.0
S003288,2025-11-09,Oakland Park,P0145,1,18.52,0.0
S002030,9/21/2025,Dania Beach,P0258,1,20.03,2.0
S005193,2025-12-31,Lake Worth,P0252,1,18.54,0.0
S009139,2026-06-03,Dania Beach,P0014,1,41.58,0.0
S006686,2026-03-14,Oakland Park,P0138,1,18.5,0.0
S006260,2026-02-23,Dania Beach,P0258,1,20.03,2.0
S006182,2026-02-20,Oakland Park,P0266,1,28.75,0.0
S000574,2025-07-25,Oakland Park,P0293,1,17.47,0.0
S001725,2025-09-08,Dania Beach,P0028,1,22.61,0.0
S005423,2026-01-11,Lake Worth,P0130,1,19.21,0.0
S005460,2026-01-13,Oakland Park,P0229,1,15.22,0.0
S009554,2026-06-20,Dania Beach,P0168,1,9.03,0.0
S008825,2026-05-21,Lake Worth,P0099,2,32.17,0.0
S004918,2025-12-26,Dania Beach,P0258,1,20.03,0.0
S003119,2025-11-02,lake worth,P0122,1,15.39,2.0
S002505,2025-10-09,Oakland Park,P0028,1,22.61,0.0
S004312,2025-12-13,Oakland Park,P0225,1,30.83,2.0
S002490,2025-10-08,oakland park,P0027,1,16.28,5.0
S005758,1/29/2026,Oakland Park,P0229,1,15.22,0.0
S002541,2025-10-11,Dania Beach,P0120,1,23.21,0.0
S002945,2025-10-27,Dania Beach,P0146,1,36.76,0.0
S004064,12/7/2025,Dania Beach,P0207,1,8.62,0.0
S006645,2026-03-12,Lake Worth,P0196,2,23.33,0.0
S009674,2026-06-24,Dania Beach,P0028,1,$22.61,0.0
S009527,2026-06-18,Dania Beach,P0128,1,25.5,0.0
S007352,2026-04-06,Dania Beach,P0258,1,20.03,0.0
S003533,2025-11-20,Dania Beach,P0141,1,18.03,0.0
S005950,2026-02-07,OAKLAND PARK,P0134,1,13.77,0.0
S001581,2025-09-03,Oakland Park,P0187,1,8.33,0.0
S000141,2025-07-06,Dania Beach,P0169,1,28.05,0.0
S000842,2025-08-04,Dania Beach,P0016,1,9.61,5.0
S007207,2026-04-04,Dania Beach,P0258,1,20.03,0.0
S004442,2025-12-15,oakland park,P0252,2,18.54,0.0
S009015,2026-05-29,Dania Beach,P0292,1,10.79,0.0
S008896,2026-05-24,Dania Beach,P0205,1,34.1,0.0
S004150,2025-12-09,Dania Beach,P0253,1,12.31,0.0
S005613,2026-01-21,Lake Worth,P0242,1,16.38,0.0
S005593,1/20/2026,Dania Beach,P0288,2,39.45,0.0
S000996,2025-08-10,Lake Worth,P0179,1,10.96,0.0
S002108,2025-09-24,Lake Worth,P0178,1,35.29,0.0
S007326,2026-04-06,OAKLAND PARK,P0120,1,23.21,0.0
S006280,2026-02-25,Lake Worth,P0100,1,34.67,0.0
S006311,2026-02-26,Dania Beach,P0123,1,32.28,0.0
S003690,2025-11-26,Oakland Park,P0258,1,20.03,0.0
S009400,2026-06-13,Dania Beach,P0225,1,$30.83,0.0
S004458,2025-12-16,Lake Worth,P0147,1,40.67,
S007741,2026-04-16,Lake Worth,P0060,1,16.29,0.0
S004636,12/20/2025,Dania Beach,P0258,1,20.03,0.0
S008534,5/10/2026,Dania Beach,P0062,2,34.29,0.0
S002729,2025-10-18,Lake Worth,P0095,1,15.25,0.0
S005669,2026-01-24,Oakland Park,P0037,1,16.2,0.0
S001049,2025-08-13,Dania Beach,P0266,2,28.75,0.0
S008958,2026-05-27,Lake Worth,P0244,2,7.54,0.0
S008586,2026-05-12,Dania Beach,P0271,1,13.23,0.0
S004737,2025-12-22,Dania Beach,P0225,1,30.83,0.0
S005712,2026-01-26,Oakland Park,P0224,2,28.47,0.0
S002157,2025-09-27,Oakland Park,P0177,1,14.51,0.0
S005439,1/12/2026,Dania Beach,P0284,1,19.93,0.0
S002269,2025-09-30,Lake Worth,P0004,1,33.33,0.0
S001717,2025-09-08,LAKE WORTH,P0120,1,23.21,2.0
S003684,11/26/2025,Lake Worth,P0174,1,17.55,0.0
S004217,2025-12-11,Oakland Park,P0156,1,33.24,0.0
S009074,2026-05-31,Lake Worth,P0037,1,16.2,0.0
S009196,2026-06-06,lake worth,P0045,2,31.47,0.0
S001182,2025-08-18,Dania Beach,P0274,1,22.73,5.0
S003567,2025-11-22,Oakland Park,P0120,3,23.21,0.0
S003153,2025-11-03,Oakland Park,P0229,1,15.22,0.0
S005366,2026-01-08,Dania Beach,P0225,1,30.83,0.0
S004699,2025-12-21,Lake Worth,P0050,1,16.14,0.0
S004156,2025-12-09,Dania Beach,P0088,2,14.79,
S009079,2026-06-01,Oakland Park,P0091,1,10.86,0.0
S006297,2026-02-26,Lake Worth,P0082,1,11.34,0.0
S002954,2025-10-27,Lake Worth,P0072,1,23.85,0.0
S001538,2025-09-01,Dania Beach,P0296,1,10.05,0.0
S003771,2025-11-30,Dania Beach,P0022,1,7.3,5.0
S004743,12/22/2025,Oakland Park,P0090,1,39.67,0.0
S004341,2025-12-13,Lake Worth,P0258,1,20.03,5.0
S002005,2025-09-20,Dania Beach,P0005,1,12.32,0.0
S007205,2026-04-04,Oakland Park,P0250,1,26.07,2.0
S003651,2025-11-25,Lake Worth,P0100,1,$34.67,0.0
S009699,2026-06-25,Dania Beach,P0258,1,20.03,0.0
S006308,2026-02-26,Lake Worth,P0258,1,20.03,5.0
S003906,2025-12-04,Oakland Park,P0250,1,26.07,0.0
S002612,2025-10-14,Oakland Park,P0099,1,32.17,0.0
S000857,2025-08-04,Oakland Park,P0066,1,15.19,
S009781,6/28/2026,Dania Beach,P0258,1,20.03,0.0
S001542,9/1/2025,Lake Worth,P0249,1,24.88,0.0
S005793,2026-01-31,Dania Beach,P0058,1,6.59,0.0
S000565,2025-07-24,dania beach,P0294,3,30.88,
S004075,2025-12-07,Oakland Park,P0229,1,15.22,0.0
S002440,2025-10-06,Oakland Park,P0025,1,37.2,0.0
S001399,2025-08-27,Lake Worth,P0222,1,25.03,
S000444,2025-07-19,Dania Beach,P0145,1,18.52,0.0
S007902,4/20/2026,Oakland Park,P0248,1,14.4,0.0
S000917,2025-08-07,Dania Beach,P0228,1,12.36,0.0
S006941,2026-03-24,Dania Beach,P0060,1,16.29,0.0
S001611,2025-09-04,Dania Beach,P0085,3,28.45,2.0
S000282,2025-07-11,lake worth,P0087,1,10.56,2.0
S008384,2026-05-05,Dania Beach,P0264,1,39.66,0.0
S003569,2025-11-22,lake worth,P0130,1,$19.21,0.0
S008652,2026-05-15,Dania Beach,P0054,1,38.06,0.0
S005412,2026-01-11,Dania Beach,P0028,1,22.61,0.0
S003045,2025-10-31,Dania Beach,P0004,1,33.33,0.0
S000248,2025-07-10,Oakland Park,P0045,1,31.47,2.0
S006879,2026-03-22,Oakland Park,P0152,1,10.83,0.0
S001181,2025-08-18,Dania Beach,P0138,1,18.5,5.0
S003019,2025-10-30,Lake Worth,P0231,1,16.4,0.0
S001025,2025-08-12,Oakland Park,P0225,3,30.83,2.0
S006579,2026-03-09,Oakland Park,P0300,1,15.39,0.0
S002182,2025-09-27,Oakland Park,P0040,1,30.27,0.0
S009344,2026-06-12,Dania Beach,P0041,1,11.22,0.0
S003329,2025-11-11,Oakland Park,P0083,1,9.28,0.0
S002196,2025-09-28,Dania Beach,P0213,1,4.58,0.0
S008550,2026-05-11,Dania Beach,P0245,1,30.57,0.0
S003498,2025-11-18,Dania Beach,P0125,1,30.0,0.0
S004264,2025-12-12,Dania Beach,P0258,1,20.03,0.0
S001483,2025-08-30,Lake Worth,P0248,1,14.4,0.0
S008471,2026-05-08,Oakland Park,P0258,1,20.03,5.0
S005617,1/21/2026,Dania Beach,P0138,1,18.5,2.0
S009319,2026-06-10,Dania Beach,P0233,1,22.74,0.0
S001485,8/30/2025,Dania Beach,P0028,1,22.61,0.0
S000743,2025-07-31,Oakland Park,P0255,1,34.26,0.0
S004036,2025-12-07,Dania Beach,P0138,1,18.5,0.0
S002164,2025-09-27,Oakland Park,P0134,1,13.77,0.0
S000414,2025-07-17,Lake Worth,P0178,2,35.29,0.0
S000389,2025-07-16,Dania Beach,P0138,1,18.5,0.0
S009591,2026-06-21,Oakland Park,P0168,2,9.03,0.0
S004239,2025-12-11,Oakland Park,P0132,1,38.62,0.0
S006907,2026-03-23,Dania Beach,P0122,1,15.39,0.0
S006433,2026-03-03,Lake Worth,P0247,1,11.6,0.0
S002199,2025-09-28,Dania Beach,P0269,1,19.37,0.0
S004759,12/23/2025,Lake Worth,P0286,1,17.06,
S002253,2025-09-30,Dania Beach,P0120,2,23.21,0.0
S000104,2025-07-05,Dania Beach,P0102,1,16.27,0.0
S000249,2025-07-10,Oakland Park,P0068,1,18.85,0.0
S000198,2025-07-07,Dania Beach,P0279,1,5.18,0.0
S006008,2026-02-10,Lake Worth,P0265,3,19.55,0.0
S007797,2026-04-18,Dania Beach,P0258,1,20.03,0.0
S003965,2025-12-05,Lake Worth,P0092,1,34.43,0.0
S002598,10/13/2025,Dania Beach,P0045,1,31.47,0.0
S003673,2025-11-26,Dania Beach,P0104,1,23.8,0.0
S002449,2025-10-07,Dania Beach,P0138,1,$18.5,0.0
S006633,2026-03-11,Dania Beach,P0149,1,20.51,0.0
S006354,2026-02-28,Dania Beach,P0258,1,20.03,0.0
S000645,2025-07-27,Oakland Park,P0112,1,9.26,0.0
S001326,2025-08-24,Oakland Park,P0259,1,34.69,0.0
S007970,2026-04-22,Oakland Park,P0141,1,18.03,5.0
S009177,2026-06-05,DANIA BEACH,P0258,1,20.03,5.0
S001129,2025-08-16,Dania Beach,P0188,1,14.19,0.0
S001911,9/16/2025,Dania Beach,P0003,2,11.11,0.0
S005637,2026-01-22,Oakland Park,P0202,1,$27.95,0.0
S003678,2025-11-26,Dania Beach,P0153,1,24.73,0.0
S007491,2026-04-10,Oakland Park,P0258,1,20.03,0.0
S009179,2026-06-05,Dania Beach,P0111,1,9.29,0.0
S001920,2025-09-16,Lake Worth,P0169,2,28.05,2.0
S004565,2025-12-18,Oakland Park,P0121,1,26.48,0.0
S009060,2026-05-31,Oakland Park,P0141,1,18.03,0.0
S006469,2026-03-05,Lake Worth,P0220,1,18.24,5.0
S000900,2025-08-06,Oakland Park,P0250,1,26.07,0.0
S001872,2025-09-14,Dania Beach,P0042,1,16.07,0.0
S001537,2025-09-01,Lake Worth,P0255,1,34.26,0.0
S000480,2025-07-20,Dania Beach,P0105,1,41.09,0.0
S008068,2026-04-25,Dania Beach,P0258,3,20.03,
S005536,2026-01-17,Lake Worth,P0012,3,14.93,0.0
S008238,4/29/2026,Oakland Park,P0222,1,$25.03,2.0
S002635,10/14/2025,dania beach,P0122,1,15.39,0.0
S005539,2026-01-17,Dania Beach,P0258,1,20.03,0.0
S008797,2026-05-20,Dania Beach,P0236,1,32.91,0.0
S006749,2026-03-17,Dania Beach,P0012,1,$14.93,0.0
S005693,2026-01-25,Oakland Park,P0123,2,32.28,2.0
S002978,2025-10-28,Dania Beach,P0098,1,12.85,5.0
S002379,2025-10-04,Lake Worth,P0098,1,12.85,2.0
S000781,2025-08-02,lake worth,P0156,1,33.24,0.0
S002364,2025-10-04,Dania Beach,P0258,1,20.03,0.0
S009337,2026-06-11,Lake Worth,P0074,1,23.62,0.0
S003983,2025-12-05,Lake Worth,P0225,2,30.83,2.0
S003429,2025-11-15,Dania Beach,P0022,1,7.3,0.0
S000699,7/30/2025,Dania Beach,P0233,1,22.74,0.0
S007433,2026-04-09,Lake Worth,P0099,1,32.17,0.0
S007896,2026-04-20,Oakland Park,P0069,1,21.4,0.0
S007786,2026-04-18,OAKLAND PARK,P0286,1,17.06,0.0
S000840,2025-08-04,Oakland Park,P0053,1,11.0,
S005349,2026-01-08,Dania Beach,P0028,1,22.61,0.0
S003542,2025-11-20,Oakland Park,P0286,1,17.06,5.0
S004957,2025-12-27,Dania Beach,P0114,1,22.91,0.0
S002494,2025-10-09,Oakland Park,P0035,1,25.13,0.0
S008289,5/1/2026,dania beach,P0188,1,14.19,0.0
S004755,2025-12-22,Lake Worth,P0190,2,$31.63,2.0
S005627,2026-01-22,LAKE WORTH,P0188,1,14.19,0.0
S004829,2025-12-24,Dania Beach,P0232,2,35.97,2.0
S008448,2026-05-07,Lake Worth,P0182,1,25.07,2.0
S003865,2025-12-02,Dania Beach,P0253,1,12.31,0.0
S004718,2025-12-22,Dania Beach,P0258,1,20.03,0.0
S000158,2025-07-06,Dania Beach,P0069,1,21.4,0.0
S008235,4/29/2026,Dania Beach,P0250,1,26.07,0.0
S005464,2026-01-13,DANIA BEACH,P0090,1,39.67,0.0
S009549,2026-06-20,oakland park,P0264,1,39.66,0.0
S006025,2026-02-11,oakland park,P0181,1,38.54,2.0
S002595,2025-10-13,Dania Beach,P0028,1,22.61,5.0
S008240,4/29/2026,Dania Beach,P0116,2,38.74,0.0
S000594,2025-07-26,Dania Beach,P0028,1,22.61,0.0
S002008,9/21/2025,Dania Beach,P0178,1,35.29,2.0
S004654,2025-12-20,Dania Beach,P0188,1,14.19,0.0
S003844,2025-12-02,lake worth,P0079,1,38.19,0.0
S004162,2025-12-10,Dania Beach,P0258,1,$20.03,0.0
S008881,2026-05-23,Dania Beach,P0123,1,32.28,0.0
S004045,2025-12-07,Oakland Park,P0258,1,20.03,0.0
S002133,2025-09-25,Oakland Park,P0156,1,33.24,0.0
S006011,2/10/2026,Oakland Park,P0250,1,26.07,0.0
S008643,2026-05-15,Dania Beach,P0129,1,7.89,0.0
S006357,2026-02-28,Oakland Park,P0135,3,18.06,0.0
S000683,2025-07-29,Oakland Park,P0099,1,32.17,0.0
S003950,2025-12-05,Dania Beach,P0215,1,5.21,0.0
S000903,2025-08-06,Dania Beach,P0091,1,10.86,
S006824,2026-03-20,Dania Beach,P0118,2,26.15,0.0
S008246,2026-04-29,Oakland Park,P0258,1,20.03,0.0
S001209,2025-08-19,Oakland Park,P0259,1,34.69,
S001652,2025-09-06,oakland park,P0181,1,38.54,2.0
S008036,2026-04-24,Dania Beach,P0167,3,11.11,0.0
S003593,2025-11-23,Lake Worth,P0084,1,8.22,0.0
S000866,2025-08-05,Lake Worth,P0100,1,34.67,0.0
S003487,2025-11-18,Oakland Park,P0120,1,23.21,0.0
S003422,11/15/2025,Dania Beach,P0243,1,14.68,0.0
S001653,2025-09-06,Dania Beach,P0233,2,22.74,0.0
S004766,12/23/2025,Dania Beach,P0113,2,15.71,0.0
S003039,2025-10-31,Dania Beach,P0181,1,38.54,0.0
S008985,2026-05-28,Dania Beach,P0219,3,19.95,0.0
S008274,2026-04-30,Dania Beach,P0041,1,11.22,0.0
S005762,2026-01-29,Lake Worth,P0116,1,38.74,0.0
S005432,2026-01-11,Lake Worth,P0143,1,33.65,2.0
S002572,2025-10-12,DANIA BEACH,P0212,1,31.11,0.0
S006591,2026-03-10,Oakland Park,P0028,2,22.61,0.0
S005142,2025-12-30,Lake Worth,P0069,2,21.4,
S005885,2026-02-03,DANIA BEACH,P0145,1,18.52,2.0
S001459,2025-08-29,Lake Worth,P0008,1,23.36,0.0
S005519,2026-01-17,Dania Beach,P0013,1,19.04,0.0
S004319,2025-12-13,Lake Worth,P0258,1,20.03,0.0
S009463,2026-06-16,Dania Beach,P0138,1,18.5,0.0
S008281,2026-04-30,Oakland Park,P0069,1,21.4,0.0
S003909,2025-12-04,Lake Worth,P0234,1,39.24,0.0
S001386,2025-08-26,Dania Beach,P0050,1,16.14,0.0
S003837,2025-12-02,Lake Worth,P0041,1,11.22,0.0
S000532,2025-07-22,OAKLAND PARK,P0258,1,20.03,0.0
S003814,2025-12-01,Dania Beach,P0024,1,12.01,0.0
S002670,2025-10-17,Oakland Park,P0229,1,15.22,0.0
S005764,2026-01-30,Dania Beach,P0054,1,38.06,0.0
S004641,12/20/2025,Oakland Park,P0225,2,30.83,0.0
S009462,2026-06-16,Oakland Park,P0181,1,38.54,0.0
S000300,2025-07-12,Dania Beach,P0145,1,18.52,0.0
S008889,2026-05-23,Dania Beach,P0016,2,9.61,0.0
S003412,11/15/2025,Oakland Park,P0025,1,37.2,0.0
S007659,4/14/2026,Dania Beach,P0112,1,9.26,0.0
S003624,2025-11-23,Lake Worth,P0281,1,17.35,2.0
S004432,2025-12-15,Dania Beach,P0251,2,16.69,5.0
S007416,2026-04-08,Lake Worth,P0138,1,18.5,5.0
S003729,2025-11-28,Dania Beach,P0079,1,38.19,5.0
S006194,2026-02-20,Lake Worth,P0231,1,16.4,0.0
S003856,12/2/2025,Dania Beach,P0264,1,39.66,0.0
S006277,2026-02-25,Lake Worth,P0128,1,25.5,0.0
S006422,2026-03-03,Dania Beach,P0258,1,20.03,0.0
S006795,3/19/2026,Oakland Park,P0075,1,16.43,
S007229,2026-04-04,Lake Worth,P0055,1,18.49,0.0
S003239,11/8/2025,Dania Beach,P0150,1,8.12,0.0
S007039,2026-03-29,Dania Beach,P0125,1,30.0,0.0
S000396,2025-07-16,Dania Beach,P0225,2,30.83,0.0
S007621,2026-04-13,Oakland Park,P0112,1,9.26,0.0
S003710,2025-11-27,Dania Beach,P0028,2,22.61,2.0
S007989,4/23/2026,Dania Beach,P0134,1,13.77,0.0
S006844,2026-03-20,Dania Beach,P0039,1,18.68,0.0
S000334,2025-07-13,Oakland Park,P0026,1,24.77,0.0
S006170,2026-02-19,oakland park,P0096,1,17.3,0.0
S007832,2026-04-18,Oakland Park,P0170,1,12.29,0.0
S008883,2026-05-23,Oakland Park,P0214,1,40.55,0.0
S003092,2025-11-02,Oakland Park,P0209,1,38.73,0.0
S008728,2026-05-18,Oakland Park,P0141,1,18.03,0.0
S006141,2026-02-17,Oakland Park,P0250,1,26.07,0.0
S000415,2025-07-17,Oakland Park,P0063,1,32.31,0.0
S006923,2026-03-24,Oakland Park,P0138,1,18.5,0.0
S004872,2025-12-25,Dania Beach,P0104,1,$23.8,0.0
S001275,2025-08-23,Lake Worth,P0250,1,26.07,0.0
S004279,2025-12-12,Dania Beach,P0113,1,15.71,0.0
S004626,2025-12-20,Dania Beach,P0258,1,20.03,0.0
S008493,2026-05-09,Dania Beach,P0050,1,16.14,0.0
S002956,2025-10-27,Oakland Park,P0258,3,20.03,5.0
S000757,2025-08-01,OAKLAND PARK,P0147,1,40.67,2.0
S004616,2025-12-20,Lake Worth,P0117,1,13.24,0.0
S001079,2025-08-14,Oakland Park,P0029,1,44.82,0.0
S009601,2026-06-21,Oakland Park,P0258,1,20.03,0.0
S005125,2025-12-30,Oakland Park,P0188,1,14.19,0.0
S001396,2025-08-27,Oakland Park,P0258,1,20.03,0.0
S008148,2026-04-26,Dania Beach,P0218,2,12.89,0.0
S005924,2026-02-06,Dania Beach,P0229,1,15.22,0.0
S003303,2025-11-10,Lake Worth,P0141,1,18.03,
S007412,2026-04-08,Lake Worth,P0283,1,41.77,0.0
S009097,6/1/2026,Lake Worth,P0028,1,22.61,
S001988,2025-09-20,Dania Beach,P0069,1,$21.4,0.0
S008636,2026-05-14,Dania Beach,P0258,1,20.03,0.0
S000098,2025-07-04,Oakland Park,P0125,1,30.0,0.0
S008222,2026-04-28,Lake Worth,P0006,1,18.74,2.0
S000048,2025-07-02,Oakland Park,P0085,1,28.45,0.0
S000411,2025-07-17,Dania Beach,P0050,1,16.14,2.0
S004345,2025-12-14,Dania Beach,P0050,1,16.14,2.0
S000463,2025-07-19,Dania Beach,P0151,1,22.36,0.0
S008492,2026-05-09,Dania Beach,P0209,1,38.73,0.0
S009431,2026-06-14,Dania Beach,P0284,2,19.93,0.0
S009679,2026-06-24,LAKE WORTH,P0112,1,9.26,5.0
S005395,2026-01-10,Dania Beach,P0255,1,34.26,0.0
S001743,2025-09-09,Oakland Park,P0092,3,$34.43,0.0
S000128,7/5/2025,Oakland Park,P0284,1,19.93,0.0
S007545,2026-04-12,Lake Worth,P0099,1,32.17,0.0
S009294,2026-06-09,Dania Beach,P0150,3,8.12,0.0
S001442,2025-08-28,Dania Beach,P0147,1,40.67,0.0
S000292,2025-07-12,Oakland Park,P0049,1,17.75,2.0
S002144,9/26/2025,Lake Worth,P0141,1,18.03,0.0
S006089,2/14/2026,Dania Beach,P0120,2,23.21,0.0
S002235,2025-09-29,Dania Beach,P0123,1,32.28,0.0
S000373,2025-07-15,Oakland Park,P0049,1,17.75,0.0
S000499,2025-07-20,DANIA BEACH,P0045,1,31.47,0.0
S005110,12/29/2025,Oakland Park,P0107,1,35.69,0.0
S005828,2026-02-01,DANIA BEACH,P0290,1,44.36,0.0
S006117,2/15/2026,Lake Worth,P0275,1,12.12,0.0
S005387,2026-01-09,Oakland Park,P0157,1,8.43,0.0
S004462,12/16/2025,Dania Beach,P0112,1,9.26,0.0
S002941,2025-10-26,Dania Beach,P0251,1,16.69,2.0
S002509,2025-10-09,Dania Beach,P0258,1,20.03,0.0
S000037,2025-07-02,Dania Beach,P0116,1,38.74,0.0
S004056,2025-12-07,Lake Worth,P0229,1,15.22,0.0
S001534,2025-09-01,Dania Beach,P0123,1,32.28,0.0
S000990,2025-08-10,Oakland Park,P0229,1,15.22,0.0
S001642,2025-09-06,Oakland Park,P0229,1,15.22,0.0
S008327,2026-05-02,Dania Beach,P0258,1,20.03,0.0
S007578,2026-04-12,Oakland Park,P0113,1,15.71,0.0
S008095,2026-04-25,Oakland Park,P0288,1,39.45,0.0
S002700,2025-10-18,Oakland Park,P0120,1,23.21,0.0
S001450,2025-08-29,Oakland Park,P0028,1,22.61,2.0
S002028,2025-09-21,Oakland Park,P0289,3,47.01,0.0
S001009,2025-08-11,Dania Beach,P0177,1,14.51,0.0
S008438,2026-05-07,Dania Beach,P0172,1,16.93,0.0
S002522,2025-10-10,Dania Beach,P0187,1,8.33,0.0
S004053,2025-12-07,Dania Beach,P0100,1,34.67,0.0
S000299,2025-07-12,Dania Beach,P0232,1,35.97,0.0
S001506,2025-08-31,Oakland Park,P0020,1,24.25,0.0
S003131,2025-11-03,Dania Beach,P0068,1,18.85,0.0
S007925,2026-04-21,Lake Worth,P0244,1,7.54,0.0
S007891,2026-04-20,Dania Beach,P0250,1,26.07,0.0
S002996,2025-10-29,lake worth,P0050,1,$16.14,2.0
S004379,2025-12-14,Lake Worth,P0059,1,$27.7,2.0
S003849,2025-12-02,Dania Beach,P0188,1,14.19,2.0
S008525,2026-05-10,Oakland Park,P0298,1,10.79,2.0
S002821,2025-10-22,Lake Worth,P0123,1,32.28,0.0
S009548,2026-06-19,Dania Beach,P0161,1,43.05,0.0
S006918,2026-03-23,LAKE WORTH,P0120,1,23.21,5.0
S003846,2025-12-02,Dania Beach,P0233,1,22.74,0.0
S000928,8/8/2025,Oakland Park,P0097,1,11.18,0.0
S003365,2025-11-13,Dania Beach,P0238,1,9.91,0.0
S001171,2025-08-18,Lake Worth,P0059,1,27.7,0.0
S007864,2026-04-19,Oakland Park,P0255,1,34.26,0.0
S009468,2026-06-16,Oakland Park,P0258,1,20.03,0.0
S007605,2026-04-13,Oakland Park,P0130,1,19.21,0.0
S002496,2025-10-09,Oakland Park,P0231,1,16.4,0.0
S000329,2025-07-13,Dania Beach,P0033,1,13.41,0.0
S001944,2025-09-18,Dania Beach,P0258,1,20.03,0.0
S003515,2025-11-19,dania beach,P0233,1,$22.74,
S009517,2026-06-18,Lake Worth,P0050,1,16.14,0.0
S006232,2026-02-22,Dania Beach,P0091,1,10.86,0.0
S005217,2026-01-01,Dania Beach,P0057,1,31.85,0.0
S008536,2026-05-10,OAKLAND PARK,P0152,1,$10.83,0.0
S009320,2026-06-10,Oakland Park,P0043,1,11.96,5.0
S006110,2026-02-15,Dania Beach,P0092,1,34.43,0.0
S009505,6/18/2026,Oakland Park,P0020,1,24.25,0.0
S007226,2026-04-04,Dania Beach,P0155,3,33.74,0.0
S005998,2026-02-09,Oakland Park,P0099,1,32.17,0.0
S001809,2025-09-12,Lake Worth,P0258,1,20.03,0.0
S003443,2025-11-16,Lake Worth,P0028,1,22.61,0.0
S003864,2025-12-02,Oakland Park,P0273,1,11.49,0.0
S007993,2026-04-23,Dania Beach,P0107,3,35.69,5.0
S005966,2026-02-08,oakland park,P0028,1,22.61,0.0
S002033,2025-09-21,Dania Beach,P0042,2,16.07,0.0
S008270,2026-04-30,Dania Beach,P0288,1,39.45,0.0
S000176,2025-07-06,Dania Beach,P0178,1,$35.29,0.0
S003988,2025-12-06,Dania Beach,P0258,1,20.03,0.0
S001035,2025-08-12,Oakland Park,P0278,1,27.49,0.0
S001812,2025-09-12,Lake Worth,P0236,1,32.91,
S002132,2025-09-25,Dania Beach,P0188,1,14.19,2.0
S005002,2025-12-27,Oakland Park,P0212,1,31.11,0.0
S003514,2025-11-19,Lake Worth,P0121,1,26.48,0.0
S007866,2026-04-19,Oakland Park,P0136,1,34.18,0.0
S007100,2026-03-31,Dania Beach,P0138,3,18.5,0.0
S000012,2025-07-01,Lake Worth,P0285,3,24.04,0.0
S008072,2026-04-25,Oakland Park,P0150,1,8.12,0.0
S000108,7/5/2025,Lake Worth,P0161,1,43.05,0.0
S001857,2025-09-14,Oakland Park,P0209,1,38.73,0.0
S005710,2026-01-26,DANIA BEACH,P0042,1,$16.07,0.0
S005229,2026-01-01,Dania Beach,P0232,1,35.97,0.0
S000488,2025-07-20,Dania Beach,P0042,1,16.07,0.0
S003318,2025-11-11,lake worth,P0228,1,12.36,2.0
S006781,2026-03-18,Dania Beach,P0023,1,36.9,0.0
S001166,2025-08-17,OAKLAND PARK,P0282,1,14.8,0.0
S005691,2026-01-24,Dania Beach,P0181,1,38.54,0.0
S008164,4/27/2026,Oakland Park,P0219,1,19.95,0.0
S004980,2025-12-27,Dania Beach,P0156,1,33.24,0.0
S008648,2026-05-15,Lake Worth,P0233,1,22.74,0.0
S004758,2025-12-22,Dania Beach,P0288,1,39.45,0.0
S005528,2026-01-17,Dania Beach,P0253,1,12.31,0.0
S001296,8/23/2025,Dania Beach,P0028,2,22.61,0.0
S008973,2026-05-27,Dania Beach,P0138,1,18.5,0.0
S003457,2025-11-16,Dania Beach,P0261,2,13.52,0.0
S000859,2025-08-04,Oakland Park,P0229,1,15.22,0.0
S000587,2025-07-25,Oakland Park,P0123,1,32.28,0.0
S006568,2026-03-09,Dania Beach,P0207,1,$8.62,0.0
S005672,1/24/2026,Dania Beach,P0258,1,20.03,0.0
S006077,2026-02-14,Oakland Park,P0229,1,15.22,0.0
S008296,2026-05-01,Dania Beach,P0092,1,34.43,0.0
S001499,2025-08-30,Dania Beach,P0229,1,15.22,0.0
S003448,2025-11-16,Oakland Park,P0120,1,23.21,2.0
S007884,2026-04-20,Dania Beach,P0281,1,17.35,0.0
S002052,2025-09-22,Dania Beach,P0250,2,26.07,0.0
S005299,2026-01-04,Oakland Park,P0228,1,12.36,0.0
S008388,2026-05-05,Oakland Park,P0258,1,20.03,0.0
S003967,2025-12-05,dania beach,P0029,1,44.82,0.0
S004930,2025-12-26,Lake Worth,P0258,1,20.03,0.0
S001256,8/22/2025,Oakland Park,P0066,1,15.19,0.0
S003183,2025-11-05,Dania Beach,P0229,1,15.22,0.0
S008771,2026-05-19,Dania Beach,P0055,1,18.49,0.0
S003836,2025-12-02,Lake Worth,P0258,1,20.03,0.0
S003261,2025-11-08,Lake Worth,P0188,1,14.19,0.0
S006224,2026-02-21,Oakland Park,P0022,1,7.3,0.0
S006362,2026-02-28,Dania Beach,P0058,1,6.59,2.0
S001196,2025-08-19,Lake Worth,P0067,2,22.05,2.0
S001897,2025-09-15,Oakland Park,P0189,2,8.68,0.0
S000590,2025-07-25,Oakland Park,P0208,1,8.68,
S004184,2025-12-10,Dania Beach,P0187,1,$8.33,0.0
S006120,2026-02-16,Oakland Park,P0279,1,5.18,0.0
S007929,2026-04-21,Oakland Park,P0111,1,9.29,0.0
S009510,2026-06-18,Dania Beach,P0029,2,44.82,0.0
S007133,2026-04-01,Oakland Park,P0290,1,44.36,0.0
S005037,2025-12-28,Dania Beach,P0279,1,5.18,0.0
S004159,2025-12-10,oakland park,P0277,1,12.14,0.0
S007921,2026-04-21,Dania Beach,P0100,1,34.67,0.0
S002561,2025-10-12,Lake Worth,P0088,1,14.79,0.0
S008000,2026-04-23,Oakland Park,P0236,1,32.91,0.0
S002293,2025-10-01,Oakland Park,P0004,1,33.33,0.0
S004128,2025-12-09,Dania Beach,P0098,1,12.85,0.0
S001524,2025-08-31,Dania Beach,P0020,2,24.25,0.0
S004574,2025-12-19,DANIA BEACH,P0047,1,11.39,5.0
S005315,1/5/2026,Dania Beach,P0258,1,20.03,0.0
S001029,2025-08-12,Dania Beach,P0141,1,18.03,0.0
S008003,2026-04-23,Dania Beach,P0258,1,$20.03,0.0
S002340,2025-10-03,Lake Worth,P0271,1,13.23,0.0
S008741,2026-05-18,Lake Worth,P0146,1,36.76,0.0
S006694,2026-03-15,Dania Beach,P0258,1,20.03,0.0
S001868,2025-09-14,Oakland Park,P0224,1,28.47,0.0
S002214,2025-09-28,Dania Beach,P0142,1,14.84,0.0
S008696,2026-05-16,Oakland Park,P0196,1,23.33,0.0
S007594,2026-04-12,Oakland Park,P0115,1,35.88,0.0
S000462,2025-07-19,Oakland Park,P0022,1,7.3,0.0
S006768,2026-03-18,Lake Worth,P0115,1,35.88,0.0
S008864,2026-05-23,Oakland Park,P0167,3,11.11,0.0
S003438,2025-11-16,Oakland Park,P0211,1,28.43,0.0
S001939,2025-09-17,Dania Beach,P0054,2,38.06,0.0
S008650,2026-05-15,Dania Beach,P0294,2,30.88,0.0
S004194,2025-12-10,Oakland Park,P0286,1,17.06,0.0
S002169,2025-09-27,Lake Worth,P0110,1,16.9,0.0
S004308,2025-12-13,Oakland Park,P0230,1,15.88,0.0
S002187,2025-09-28,Oakland Park,P0031,1,$23.06,5.0
S006029,2026-02-11,Lake Worth,P0031,1,23.06,2.0
S004073,2025-12-07,Dania Beach,P0087,1,10.56,0.0
S001976,2025-09-19,Oakland Park,P0029,1,44.82,5.0
S008713,2026-05-17,Lake Worth,P0229,1,15.22,5.0
S009684,2026-06-24,Lake Worth,P0293,1,17.47,0.0
S001598,2025-09-03,Oakland Park,P0067,1,22.05,0.0
S004392,2025-12-14,Dania Beach,P0028,1,22.61,0.0
S005789,2026-01-31,Lake Worth,P0137,1,34.89,0.0
S001016,2025-08-11,Oakland Park,P0022,1,7.3,0.0
S003352,2025-11-12,Dania Beach,P0227,1,22.7,0.0
S000983,2025-08-10,Oakland Park,P0258,1,20.03,0.0
S006865,2026-03-21,Oakland Park,P0160,1,15.14,0.0
S006462,2026-03-05,Dania Beach,P0045,1,31.47,0.0
S006890,3/22/2026,Dania Beach,P0258,2,20.03,0.0
S003357,2025-11-12,Lake Worth,P0151,1,22.36,0.0
S000896,2025-08-06,DANIA BEACH,P0127,1,26.3,0.0
S002629,2025-10-14,lake worth,P0109,1,19.26,0.0
S004229,2025-12-11,Oakland Park,P0094,1,15.94,2.0
S001837,2025-09-13,Oakland Park,P0138,1,18.5,0.0
S003055,2025-10-31,Oakland Park,P0044,1,16.95,0.0
S001686,2025-09-07,Dania Beach,P0149,1,20.51,0.0
S001690,2025-09-07,Dania Beach,P0138,1,18.5,0.0
S007654,2026-04-14,Dania Beach,P0102,1,16.27,0.0
S003021,2025-10-30,Oakland Park,P0045,1,31.47,0.0
S009193,2026-06-06,Lake Worth,P0188,1,14.19,0.0
S009488,2026-06-17,Oakland Park,P0069,2,21.4,0.0
S004727,2025-12-22,Dania Beach,P0084,1,8.22,0.0
S004266,2025-12-12,Dania Beach,P0028,1,22.61,
S008220,2026-04-28,Dania Beach,P0250,1,26.07,0.0
S004351,2025-12-14,Dania Beach,P0282,1,14.8,0.0
S003464,2025-11-16,Oakland Park,P0037,1,16.2,0.0
S000271,2025-07-11,Oakland Park,P0042,1,16.07,0.0
S002843,2025-10-23,Oakland Park,P0272,1,18.29,0.0
S002647,2025-10-15,Lake Worth,P0264,2,39.66,0.0
S002408,2025-10-05,Lake Worth,P0298,1,10.79,0.0
S007115,2026-04-01,Dania Beach,P0298,1,10.79,0.0
S005688,2026-01-24,OAKLAND PARK,P0229,1,15.22,0.0
S002704,2025-10-18,Oakland Park,P0280,1,15.83,0.0
S001528,2025-08-31,Lake Worth,P0193,1,15.19,0.0
S008597,5/13/2026,Dania Beach,P0058,1,6.59,0.0
S009334,2026-06-11,Dania Beach,P0124,1,14.5,
S007615,2026-04-13,Oakland Park,P0017,2,13.63,0.0
S006934,2026-03-24,Oakland Park,P0071,3,14.0,0.0
S003934,2025-12-04,Lake Worth,P0069,1,21.4,0.0
S008366,2026-05-04,Oakland Park,P0244,1,$7.54,0.0
S007690,2026-04-15,Dania Beach,P0100,1,34.67,0.0
S005636,2026-01-22,Oakland Park,P0258,1,20.03,0.0
S000660,2025-07-28,Dania Beach,P0257,1,21.09,0.0
S004679,2025-12-21,Dania Beach,P0060,1,16.29,0.0
S000309,2025-07-12,Lake Worth,P0068,1,18.85,0.0
S004397,12/14/2025,Dania Beach,P0258,1,20.03,0.0
S000764,2025-08-01,Lake Worth,P0096,1,17.3,0.0
S005590,2026-01-20,DANIA BEACH,P0214,1,40.55,0.0
S008532,2026-05-10,Dania Beach,P0099,1,32.17,
S000193,2025-07-07,Dania Beach,P0109,1,19.26,0.0
S000437,2025-07-18,Dania Beach,P0072,1,23.85,0.0
S000145,2025-07-06,Dania Beach,P0281,1,17.35,0.0
S008357,2026-05-03,Lake Worth,P0033,1,13.41,0.0
S000220,2025-07-08,Oakland Park,P0214,1,$40.55,2.0
S004861,12/25/2025,Lake Worth,P0234,1,39.24,0.0
S009395,2026-06-13,oakland park,P0008,2,23.36,0.0
S007772,2026-04-17,OAKLAND PARK,P0267,1,35.08,0.0
S008329,2026-05-02,Dania Beach,P0229,1,15.22,0.0
S004170,2025-12-10,Oakland Park,P0205,1,34.1,0.0
S001658,2025-09-06,Dania Beach,P0205,1,34.1,0.0
S009428,2026-06-14,Oakland Park,P0258,1,20.03,0.0
S004789,2025-12-23,Dania Beach,P0130,1,19.21,0.0
S008412,2026-05-06,Dania Beach,P0071,1,14.0,2.0
S009774,2026-06-28,Oakland Park,P0215,1,5.21,2.0
S000184,7/7/2025,Oakland Park,P0251,1,16.69,0.0
S003322,2025-11-11,Dania Beach,P0222,1,25.03,0.0
S003615,2025-11-23,DANIA BEACH,P0026,1,24.77,2.0
S008061,2026-04-25,Dania Beach,P0253,1,12.31,0.0
S009671,2026-06-24,Lake Worth,P0127,1,26.3,0.0
S000150,2025-07-06,Dania Beach,P0258,1,20.03,0.0
S008907,2026-05-24,Dania Beach,P0038,1,16.31,0.0
S007700,2026-04-15,Dania Beach,P0045,1,31.47,0.0
S000910,2025-08-07,Oakland Park,P0299,1,6.83,0.0
S003356,2025-11-12,OAKLAND PARK,P0030,1,9.83,2.0
S008579,2026-05-12,Lake Worth,P0079,1,38.19,
S008482,2026-05-08,Oakland Park,P0229,2,15.22,
S005373,2026-01-09,Oakland Park,P0231,1,16.4,0.0
S007444,2026-04-09,Oakland Park,P0060,1,16.29,0.0
S007214,2026-04-04,Dania Beach,P0095,1,15.25,0.0
S004851,2025-12-24,Oakland Park,P0298,1,$10.79,0.0
S006635,2026-03-11,Lake Worth,P0180,3,14.34,0.0
S007733,2026-04-16,Oakland Park,P0204,1,30.89,0.0
S005507,2026-01-16,Dania Beach,P0225,1,30.83,2.0
S006018,2026-02-10,Dania Beach,P0099,1,32.17,0.0
S004810,2025-12-24,Lake Worth,P0196,2,23.33,0.0
S008188,2026-04-27,Lake Worth,P0180,1,14.34,0.0
S007420,2026-04-08,Oakland Park,P0222,1,25.03,0.0
S003227,2025-11-07,Dania Beach,P0158,1,15.94,0.0
S008541,2026-05-10,Oakland Park,P0298,1,10.79,0.0
S001260,2025-08-22,Dania Beach,P0258,1,20.03,2.0
S004805,2025-12-23,Oakland Park,P0224,1,28.47,0.0
S009394,6/13/2026,Dania Beach,P0086,1,19.54,0.0
S004942,2025-12-27,Oakland Park,P0069,1,21.4,0.0
S008417,2026-05-06,Oakland Park,P0181,1,$38.54,
S000902,8/6/2025,Dania Beach,P0130,1,19.21,
S000577,2025-07-25,Dania Beach,P0073,1,20.85,0.0
S009581,2026-06-21,dania beach,P0022,3,7.3,0.0
S004566,2025-12-18,Dania Beach,P0258,1,20.03,0.0
S002134,2025-09-26,Lake Worth,P0151,1,22.36,0.0
S002175,2025-09-27,Lake Worth,P0221,1,26.83,0.0
S004352,2025-12-14,Dania Beach,P0135,1,18.06,2.0
S004489,2025-12-17,Dania Beach,P0062,3,34.29,0.0
S000957,2025-08-09,Oakland Park,P0196,1,23.33,0.0
S005574,2026-01-19,Oakland Park,P0210,1,17.31,2.0
S005504,2026-01-16,Lake Worth,P0162,1,$9.66,0.0
S002369,2025-10-04,Oakland Park,P0122,1,15.39,0.0
S001518,8/31/2025,Oakland Park,P0196,1,23.33,0.0
S005940,2026-02-06,Oakland Park,P0045,1,31.47,5.0
S008663,2026-05-15,Dania Beach,P0265,1,19.55,0.0
S004726,2025-12-22,Dania Beach,P0112,1,9.26,5.0
S009215,2026-06-06,Dania Beach,P0151,1,22.36,0.0
S007479,2026-04-10,Lake Worth,P0259,2,34.69,5.0
S006976,3/26/2026,Oakland Park,P0298,1,10.79,5.0
S007551,2026-04-12,Lake Worth,P0181,1,38.54,0.0
S007482,2026-04-10,Dania Beach,P0173,1,28.8,0.0
S004388,2025-12-14,Dania Beach,P0224,1,28.47,0.0
S005657,2026-01-23,Lake Worth,P0255,1,34.26,0.0
S001117,2025-08-16,Oakland Park,P0188,1,14.19,0.0
S002748,2025-10-19,Dania Beach,P0081,1,12.2,0.0
S007650,2026-04-14,Dania Beach,P0068,1,18.85,0.0
S004911,2025-12-26,Dania Beach,P0176,1,38.34,0.0
S004067,2025-12-07,Dania Beach,P0022,1,7.3,0.0
S002533,10/11/2025,dania beach,P0185,2,20.14,2.0
S004459,2025-12-16,Oakland Park,P0258,1,20.03,0.0
S001471,8/30/2025,Lake Worth,P0196,1,23.33,0.0
S003797,2025-12-01,Dania Beach,P0147,1,40.67,0.0
S004182,2025-12-10,Lake Worth,P0099,1,32.17,5.0
S004483,2025-12-16,Dania Beach,P0025,1,37.2,0.0
S004071,2025-12-07,Dania Beach,P0145,1,18.52,0.0
S001208,2025-08-19,Oakland Park,P0127,1,26.3,0.0
S008921,2026-05-25,Oakland Park,P0020,1,24.25,2.0
S007977,2026-04-22,Dania Beach,P0259,1,34.69,0.0
S006465,2026-03-05,Lake Worth,P0250,2,26.07,0.0
S004606,12/20/2025,Oakland Park,P0022,1,7.3,0.0
S001991,2025-09-20,Lake Worth,P0151,3,22.36,0.0
S005624,2026-01-22,Dania Beach,P0055,1,18.49,0.0
S002432,2025-10-06,Dania Beach,P0176,1,38.34,0.0
S004803,2025-12-23,Oakland Park,P0181,1,38.54,0.0
S007755,2026-04-17,Oakland Park,P0042,1,16.07,0.0
S002339,2025-10-03,Dania Beach,P0146,1,36.76,0.0
S000826,2025-08-03,Dania Beach,P0028,1,22.61,0.0
S000989,2025-08-10,Oakland Park,P0132,2,38.62,2.0
S002809,2025-10-21,Dania Beach,P0013,1,19.04,0.0
S006533,2026-03-07,Oakland Park,P0197,1,24.23,2.0
S003293,2025-11-09,oakland park,P0250,3,26.07,0.0
S000663,2025-07-28,Oakland Park,P0181,1,38.54,5.0
S008025,2026-04-24,Oakland Park,P0040,1,30.27,0.0
S007969,2026-04-22,DANIA BEACH,P0232,1,35.97,0.0
S005189,2025-12-31,Dania Beach,P0028,1,22.61,0.0
S001930,2025-09-17,Dania Beach,P0196,1,23.33,0.0
S008684,2026-05-16,Oakland Park,P0120,1,23.21,0.0
S009186,2026-06-05,Dania Beach,P0258,1,20.03,5.0
S000254,2025-07-10,Lake Worth,P0258,2,20.03,0.0
S008387,2026-05-05,OAKLAND PARK,P0258,1,20.03,0.0
S007428,2026-04-09,oakland park,P0081,2,12.2,0.0
S008768,2026-05-19,oakland park,P0066,1,15.19,0.0
S000017,2025-07-01,Oakland Park,P0166,1,26.78,0.0
S003015,2025-10-30,Lake Worth,P0269,1,19.37,0.0
S001603,2025-09-04,Dania Beach,P0107,1,35.69,0.0
S004671,2025-12-21,Oakland Park,P0198,3,5.19,0.0
S002023,2025-09-21,OAKLAND PARK,P0138,1,$18.5,2.0
S005742,2026-01-28,Lake Worth,P0015,1,10.97,2.0
S006395,2026-03-02,Oakland Park,P0212,1,31.11,0.0
S005858,2026-02-02,Dania Beach,P0141,1,18.03,0.0
S006490,2026-03-06,Lake Worth,P0245,1,30.57,0.0
S001671,2025-09-06,Dania Beach,P0092,1,34.43,0.0
S005159,2025-12-30,Lake Worth,P0120,1,23.21,0.0
S001724,2025-09-08,Dania Beach,P0250,1,26.07,0.0
S007675,2026-04-14,Dania Beach,P0141,1,18.03,0.0
S005236,2026-01-02,Oakland Park,P0081,1,12.2,0.0
S000478,2025-07-20,dania beach,P0107,1,35.69,
S001307,2025-08-24,Oakland Park,P0233,1,22.74,0.0
S001495,2025-08-30,Dania Beach,P0173,2,28.8,0.0
S005936,2026-02-06,Oakland Park,P0095,1,15.25,
S001376,2025-08-26,Oakland Park,P0262,1,32.15,0.0
S006854,3/21/2026,Dania Beach,P0279,1,5.18,0.0
S005034,2025-12-28,Dania Beach,P0229,1,15.22,0.0
S001704,2025-09-07,Dania Beach,P0249,1,24.88,0.0
S006961,2026-03-26,Oakland Park,P0120,1,23.21,0.0
S007447,2026-04-09,Lake Worth,P0112,1,9.26,0.0
S003354,2025-11-12,Oakland Park,P0012,2,14.93,0.0
S005410,2026-01-10,Oakland Park,P0160,1,15.14,2.0
S007559,2026-04-12,Lake Worth,P0145,1,18.52,0.0
S002845,2025-10-23,Dania Beach,P0170,1,12.29,0.0
S001142,2025-08-17,Dania Beach,P0093,1,10.98,0.0
S005662,2026-01-24,Lake Worth,P0068,1,18.85,0.0
S000301,2025-07-12,Lake Worth,P0244,1,7.54,0.0
S006731,2026-03-16,Lake Worth,P0249,1,24.88,0.0
S006376,2026-03-01,Dania Beach,P0132,2,38.62,2.0
S001887,2025-09-15,Dania Beach,P0240,1,29.77,0.0
S001103,2025-08-15,Oakland Park,P0041,1,$11.22,0.0
S005403,2026-01-10,Dania Beach,P0154,1,15.49,0.0
S004177,2025-12-10,Oakland Park,P0231,2,16.4,0.0
S003244,2025-11-08,Dania Beach,P0125,2,30.0,0.0
S000555,2025-07-24,Dania Beach,P0113,2,15.71,0.0
S008406,2026-05-06,Dania Beach,P0229,1,15.22,0.0
S006508,2026-03-07,Lake Worth,P0259,1,34.69,0.0
S007644,2026-04-14,Oakland Park,P0041,1,11.22,0.0
S001301,2025-08-23,Oakland Park,P0126,1,18.39,0.0
S006647,2026-03-12,Dania Beach,P0222,1,25.03,2.0
S002083,2025-09-23,Dania Beach,P0120,1,23.21,0.0
S001863,2025-09-14,Oakland Park,P0122,1,$15.39,2.0
S004037,2025-12-07,Lake Worth,P0138,1,18.5,0.0
S004533,2025-12-17,Lake Worth,P0112,1,9.26,0.0
S005261,1/3/2026,Oakland Park,P0278,1,27.49,5.0
S002904,2025-10-25,dania beach,P0129,1,7.89,0.0
S006307,2026-02-26,Oakland Park,P0145,1,18.52,0.0
S004377,2025-12-14,Oakland Park,P0033,1,13.41,0.0
S009328,2026-06-11,Oakland Park,P0172,2,16.93,0.0
S008186,2026-04-27,Oakland Park,P0169,1,28.05,0.0
S004913,2025-12-26,LAKE WORTH,P0112,1,$9.26,0.0
S000505,7/20/2025,Oakland Park,P0142,1,14.84,0.0
S000939,2025-08-08,Oakland Park,P0010,1,26.25,0.0
S005242,2026-01-02,Oakland Park,P0069,1,21.4,0.0
S003658,2025-11-25,Oakland Park,P0095,1,15.25,0.0
S008283,2026-05-01,Oakland Park,P0285,1,24.04,0.0
S004080,2025-12-07,Dania Beach,P0032,2,10.89,0.0
S008077,2026-04-25,Lake Worth,P0250,1,26.07,0.0
S003462,11/16/2025,Oakland Park,P0143,1,33.65,0.0
S004631,2025-12-20,Oakland Park,P0211,1,28.43,0.0
S007349,2026-04-06,DANIA BEACH,P0296,1,10.05,0.0
S007843,2026-04-19,Lake Worth,P0225,1,30.83,5.0
S000933,2025-08-08,Oakland Park,P0079,2,38.19,0.0
S006540,2026-03-08,Dania Beach,P0158,1,15.94,0.0
S002298,2025-10-02,Oakland Park,P0166,1,26.78,0.0
S001640,2025-09-06,Lake Worth,P0040,1,30.27,0.0
S005302,2026-01-05,oakland park,P0027,2,16.28,0.0
S008420,2026-05-06,Dania Beach,P0157,1,8.43,0.0
S002968,2025-10-28,Dania Beach,P0113,1,$15.71,0.0
S000337,2025-07-13,Oakland Park,P0258,1,20.03,0.0
S006631,2026-03-11,Dania Beach,P0036,1,4.54,0.0
S003888,2025-12-03,Oakland Park,P0258,1,20.03,0.0
S009044,2026-05-30,Dania Beach,P0258,1,20.03,0.0
S007779,2026-04-18,Dania Beach,P0024,1,$12.01,0.0
S001532,2025-09-01,Oakland Park,P0283,2,41.77,0.0
S000266,2025-07-11,Oakland Park,P0036,1,$4.54,0.0
S003925,2025-12-04,Dania Beach,P0250,1,$26.07,2.0
S002557,2025-10-11,Oakland Park,P0052,2,20.69,
S000723,7/30/2025,Oakland Park,P0192,2,9.96,2.0
S003880,2025-12-03,Lake Worth,P0068,1,18.85,0.0
S008996,2026-05-28,Oakland Park,P0236,1,32.91,0.0
S003221,11/7/2025,Oakland Park,P0057,1,31.85,0.0
S004905,2025-12-26,Lake Worth,P0229,1,15.22,2.0
S005190,2025-12-31,Oakland Park,P0217,1,17.82,2.0
S000475,2025-07-19,Oakland Park,P0258,1,20.03,0.0
S003475,2025-11-17,Dania Beach,P0050,1,16.14,0.0
S000715,2025-07-30,Dania Beach,P0212,1,31.11,5.0
S001846,2025-09-13,Dania Beach,P0100,1,34.67,0.0
S009792,2026-06-28,Dania Beach,P0082,1,11.34,0.0
S004410,2025-12-15,lake worth,P0146,1,36.76,0.0
S003654,2025-11-25,Dania Beach,P0232,1,35.97,0.0
S003169,11/4/2025,Lake Worth,P0084,1,8.22,0.0
S009189,2026-06-05,lake worth,P0266,1,28.75,0.0
S008470,2026-05-08,Oakland Park,P0081,1,12.2,
S000819,8/3/2025,Oakland Park,P0255,1,34.26,0.0
S009733,2026-06-27,DANIA BEACH,P0099,1,$32.17,0.0
S005023,2025-12-28,Dania Beach,P0033,1,13.41,0.0
S007166,2026-04-02,Oakland Park,P0034,2,17.39,0.0
S004700,2025-12-21,Dania Beach,P0258,1,20.03,0.0
S007449,4/9/2026,Dania Beach,P0258,1,20.03,0.0
S005611,2026-01-21,Dania Beach,P0206,1,25.28,0.0
S004476,2025-12-16,Oakland Park,P0293,1,17.47,0.0
S003306,2025-11-10,oakland park,P0141,1,18.03,0.0
S005561,2026-01-18,Dania Beach,P0173,3,28.8,0.0
S003431,2025-11-15,Lake Worth,P0061,1,13.54,0.0
S002930,2025-10-26,Lake Worth,P0132,1,38.62,0.0
S002850,2025-10-23,Oakland Park,P0250,1,26.07,0.0
S004906,2025-12-26,Oakland Park,P0250,1,26.07,0.0
S008735,2026-05-18,Oakland Park,P0093,1,$10.98,0.0
S002644,10/15/2025,Oakland Park,P0029,1,44.82,5.0
S001093,2025-08-15,Dania Beach,P0152,1,$10.83,0.0
S006306,2026-02-26,Oakland Park,P0253,1,12.31,0.0
S009029,5/30/2026,Oakland Park,P0181,1,38.54,0.0
S003444,2025-11-16,Lake Worth,P0028,1,22.61,0.0
S002286,10/1/2025,Oakland Park,P0107,1,35.69,0.0
S004417,2025-12-15,Lake Worth,P0219,1,$19.95,0.0
S009063,5/31/2026,Lake Worth,P0048,1,43.54,0.0
S000328,2025-07-13,Oakland Park,P0250,1,26.07,0.0
S007062,2026-03-30,Dania Beach,P0028,1,22.61,0.0
S000947,2025-08-09,Lake Worth,P0138,1,18.5,0.0
S002542,2025-10-11,Oakland Park,P0248,1,14.4,0.0
S002259,9/30/2025,Oakland Park,P0295,1,27.7,0.0
S003857,2025-12-02,Dania Beach,P0253,1,$12.31,0.0
S005371,2026-01-09,Oakland Park,P0028,1,22.61,0.0
S001529,2025-08-31,Dania Beach,P0098,1,12.85,0.0
S004116,2025-12-08,Lake Worth,P0292,1,$10.79,5.0
S000438,2025-07-18,Dania Beach,P0255,1,34.26,0.0
S004138,2025-12-09,Dania Beach,P0028,1,22.61,0.0
S005935,2/6/2026,Dania Beach,P0123,1,32.28,0.0
S007471,2026-04-10,Dania Beach,P0250,1,26.07,0.0
S005960,2026-02-07,Dania Beach,P0272,1,18.29,0.0
S002982,2025-10-28,Lake Worth,P0258,1,20.03,0.0
S000174,2025-07-06,Dania Beach,P0137,1,34.89,0.0
S000498,2025-07-20,Dania Beach,P0205,1,34.1,0.0
S000722,2025-07-30,dania beach,P0019,1,19.0,0.0
S006612,2026-03-10,Dania Beach,P0120,1,23.21,0.0
S002574,2025-10-12,Oakland Park,P0211,1,28.43,0.0
S009671,2026-06-24,Lake Worth,P0127,1,26.3,0.0
S003703,2025-11-27,Oakland Park,P0152,1,$10.83,0.0
S006621,2026-03-11,Oakland Park,P0137,1,34.89,0.0
S006817,2026-03-20,Dania Beach,P0258,1,20.03,0.0
S008527,2026-05-10,Oakland Park,P0049,1,17.75,2.0
S002895,2025-10-25,Dania Beach,P0012,1,14.93,0.0
S008037,4/24/2026,Dania Beach,P0165,1,17.48,0.0
S003968,2025-12-05,Oakland Park,P0099,1,32.17,0.0
S007689,2026-04-15,Lake Worth,P0100,1,34.67,
S001601,2025-09-03,Dania Beach,P0077,1,38.06,0.0
S006551,2026-03-08,Dania Beach,P0025,1,37.2,0.0
S004200,2025-12-10,Dania Beach,P0258,3,20.03,0.0
S002947,2025-10-27,Dania Beach,P0118,1,26.15,2.0
S002184,2025-09-28,Lake Worth,P0232,1,35.97,0.0
S005694,2026-01-25,Dania Beach,P0275,1,12.12,
S009120,2026-06-02,Dania Beach,P0258,1,20.03,0.0
S001618,9/4/2025,Dania Beach,P0104,2,23.8,0.0
S001566,2025-09-02,Lake Worth,P0181,1,38.54,0.0
S000890,2025-08-06,Oakland Park,P0207,1,8.62,0.0
S007101,2026-03-31,Dania Beach,P0148,2,17.71,0.0
S001828,2025-09-12,oakland park,P0087,1,10.56,0.0
S007868,2026-04-19,Lake Worth,P0060,1,16.29,
S004548,2025-12-18,Lake Worth,P0282,1,14.8,2.0
S005550,1/18/2026,Dania Beach,P0285,1,24.04,0.0
S008280,2026-04-30,DANIA BEACH,P0253,1,12.31,0.0
S007182,2026-04-03,Oakland Park,P0011,1,31.32,0.0
S000356,2025-07-14,Lake Worth,P0099,1,32.17,5.0
S006204,2026-02-21,DANIA BEACH,P0123,1,32.28,0.0
S007494,2026-04-10,Lake Worth,P0171,1,15.79,5.0
S000161,2025-07-06,Dania Beach,P0042,1,16.07,
S001862,2025-09-14,Dania Beach,P0104,1,23.8,0.0
S003091,2025-11-02,Oakland Park,P0229,1,15.22,0.0
S008936,2026-05-26,Oakland Park,P0036,1,4.54,0.0
S005361,2026-01-08,Lake Worth,P0050,1,$16.14,0.0
S004017,2025-12-06,Oakland Park,P0189,1,8.68,2.0
S001264,2025-08-22,Dania Beach,P0228,1,12.36,0.0
S001895,2025-09-15,Dania Beach,P0258,1,20.03,0.0
S007789,2026-04-18,Oakland Park,P0229,1,$15.22,0.0
S009450,2026-06-15,Dania Beach,P0113,1,15.71,0.0
S009219,2026-06-06,Oakland Park,P0022,1,7.3,0.0
S001651,2025-09-06,Oakland Park,P0258,1,20.03,0.0
S002306,2025-10-02,Lake Worth,P0138,1,18.5,0.0
S009113,2026-06-02,Lake Worth,P0115,1,35.88,0.0
S001839,2025-09-13,Dania Beach,P0120,1,23.21,0.0
S000589,7/25/2025,Dania Beach,P0147,1,40.67,0.0
S005368,1/9/2026,OAKLAND PARK,P0060,1,16.29,0.0
S006723,2026-03-16,Dania Beach,P0284,2,19.93,2.0
S006094,2026-02-14,Dania Beach,P0250,1,26.07,0.0
S003103,2025-11-02,Lake Worth,P0258,1,20.03,0.0
S009801,2026-06-29,Oakland Park,P0138,1,$18.5,2.0
S002879,2025-10-25,DANIA BEACH,P0086,2,19.54,
S005127,2025-12-30,Lake Worth,P0065,2,22.31,0.0
S000704,2025-07-30,Lake Worth,P0188,2,$14.19,0.0
S000330,2025-07-13,Lake Worth,P0157,1,8.43,0.0
S003466,2025-11-17,Oakland Park,P0281,1,17.35,0.0
S004747,2025-12-22,Dania Beach,P0034,1,17.39,2.0
S009617,6/21/2026,Oakland Park,P0028,1,22.61,0.0
S002650,10/15/2025,Dania Beach,P0055,1,$18.49,0.0
S001274,2025-08-22,Dania Beach,P0107,1,35.69,0.0
S001901,2025-09-16,Oakland Park,P0229,1,15.22,0.0
S004627,2025-12-20,Oakland Park,P0289,1,47.01,
S004478,2025-12-16,Dania Beach,P0135,1,18.06,0.0
S006127,2/16/2026,Oakland Park,P0256,1,20.62,0.0
S002558,2025-10-11,Lake Worth,P0198,1,5.19,2.0
S001747,9/9/2025,Oakland Park,P0233,1,22.74,2.0
S006681,2026-03-14,Dania Beach,P0171,1,15.79,0.0
S004166,2025-12-10,Oakland Park,P0099,1,32.17,2.0
S003489,2025-11-18,Dania Beach,P0198,1,5.19,0.0
S004725,2025-12-22,Dania Beach,P0149,2,20.51,0.0
S005546,2026-01-18,Lake Worth,P0152,1,10.83,0.0
S003758,2025-11-30,Dania Beach,P0178,1,35.29,0.0
S007882,2026-04-20,Dania Beach,P0188,2,14.19,0.0
S002747,2025-10-19,Lake Worth,P0258,1,20.03,0.0
S003164,2025-11-04,Oakland Park,P0141,1,18.03,0.0
S008060,2026-04-25,Oakland Park,P0294,1,$30.88,0.0
S003154,2025-11-03,Dania Beach,P0181,1,38.54,0.0
S007195,2026-04-03,Lake Worth,P0138,1,18.5,0.0
S000376,2025-07-15,Oakland Park,P0280,1,15.83,0.0
S006041,2/12/2026,Dania Beach,P0040,1,30.27,0.0
S001974,2025-09-19,Oakland Park,P0259,1,34.69,0.0
S005417,2026-01-11,Lake Worth,P0209,1,38.73,5.0
S002698,2025-10-18,Dania Beach,P0062,1,34.29,0.0
S002762,10/19/2025,Dania Beach,P0131,1,10.61,0.0
S009173,2026-06-05,Oakland Park,P0229,2,15.22,2.0
S001472,2025-08-30,Oakland Park,P0250,1,26.07,
S001625,2025-09-05,Dania Beach,P0265,1,19.55,5.0
S004003,12/6/2025,oakland park,P0250,1,26.07,0.0
S005483,2026-01-14,Dania Beach,P0298,1,10.79,0.0
S001918,2025-09-16,Oakland Park,P0241,1,10.09,2.0
S005646,2026-01-23,Dania Beach,P0034,1,17.39,0.0
S008990,2026-05-28,Oakland Park,P0294,1,30.88,0.0
S009682,2026-06-24,Oakland Park,P0023,1,36.9,0.0
S008923,2026-05-25,Oakland Park,P0089,1,$38.61,0.0
S002285,2025-10-01,DANIA BEACH,P0258,1,20.03,2.0
S006990,2026-03-27,Dania Beach,P0020,1,24.25,
S002473,2025-10-08,LAKE WORTH,P0106,1,14.38,5.0
S002368,2025-10-04,Dania Beach,P0229,1,$15.22,0.0
S000060,2025-07-03,Oakland Park,P0250,1,26.07,0.0
S000652,2025-07-27,Dania Beach,P0258,1,$20.03,0.0
S003064,2025-11-01,Lake Worth,P0007,1,18.87,0.0
S006684,2026-03-14,Dania Beach,P0258,1,20.03,5.0
S002901,2025-10-25,Oakland Park,P0116,1,38.74,0.0
S007130,2026-04-01,Dania Beach,P0145,1,18.52,0.0
S008389,2026-05-05,Dania Beach,P0258,3,20.03,0.0
S004441,2025-12-15,dania beach,P0232,1,35.97,0.0
S004268,2025-12-12,Dania Beach,P0175,1,10.78,0.0
S007045,2026-03-29,Dania Beach,P0284,1,19.93,0.0
S001210,8/19/2025,Dania Beach,P0213,1,4.58,
S006236,2026-02-22,Dania Beach,P0028,3,22.61,0.0
S009239,2026-06-07,Dania Beach,P0120,1,23.21,0.0
S005081,2025-12-29,Dania Beach,P0234,1,39.24,2.0
S006759,2026-03-17,Dania Beach,P0138,1,$18.5,2.0
S009004,2026-05-29,Dania Beach,P0028,1,22.61,2.0
S002081,2025-09-23,Dania Beach,P0283,2,41.77,0.0
S006940,2026-03-24,Oakland Park,P0277,1,12.14,0.0
S008880,2026-05-23,Dania Beach,P0253,1,12.31,0.0
S008491,2026-05-09,Lake Worth,P0154,1,15.49,0.0
S000214,2025-07-08,Oakland Park,P0033,1,13.41,0.0
S003686,2025-11-26,Oakland Park,P0181,1,38.54,5.0
S003156,2025-11-04,Oakland Park,P0109,3,19.26,0.0
S008513,2026-05-09,Dania Beach,P0258,1,20.03,0.0
S005780,2026-01-30,Lake Worth,P0190,1,31.63,0.0
S007233,2026-04-04,Oakland Park,P0100,1,34.67,0.0
S006581,2026-03-09,Lake Worth,P0034,1,17.39,5.0
S003854,2025-12-02,Dania Beach,P0258,1,$20.03,0.0
S007400,2026-04-08,Oakland Park,P0068,1,18.85,0.0
S007422,2026-04-08,Oakland Park,P0058,1,6.59,0.0
S004839,2025-12-24,Oakland Park,P0060,1,16.29,0.0
S006019,2026-02-10,Dania Beach,P0028,1,22.61,0.0
S000881,2025-08-05,Oakland Park,P0241,1,10.09,0.0
S004511,2025-12-17,Lake Worth,P0181,1,38.54,0.0
S001626,2025-09-05,Lake Worth,P0271,1,13.23,
S007380,2026-04-07,Dania Beach,P0140,2,$17.16,0.0
S001522,2025-08-31,Dania Beach,P0037,1,16.2,0.0
S004883,2025-12-25,Lake Worth,P0004,1,33.33,0.0
S000403,2025-07-17,Lake Worth,P0182,1,25.07,0.0
S005838,2/1/2026,Oakland Park,P0250,1,26.07,0.0
S001820,2025-09-12,Oakland Park,P0283,1,41.77,0.0
S007509,2026-04-11,Oakland Park,P0196,2,23.33,
S007146,2026-04-02,Oakland Park,P0229,1,15.22,
S006387,2026-03-01,Dania Beach,P0161,1,43.05,0.0
S000179,2025-07-06,Oakland Park,P0028,2,22.61,0.0
S003136,2025-11-03,Lake Worth,P0202,3,27.95,0.0
S009035,2026-05-30,Oakland Park,P0285,1,24.04,0.0
S001914,2025-09-16,OAKLAND PARK,P0236,1,32.91,5.0
S006419,2026-03-03,Dania Beach,P0222,1,25.03,0.0
S005686,2026-01-24,dania beach,P0028,3,$22.61,0.0
S001496,8/30/2025,Lake Worth,P0173,1,28.8,0.0
S006880,3/22/2026,Oakland Park,P0294,1,30.88,0.0
S000343,2025-07-14,Dania Beach,P0041,1,11.22,0.0
S006012,2026-02-10,Oakland Park,P0198,1,5.19,0.0
S009832,2026-06-30,Oakland Park,P0128,3,25.5,0.0
S003295,2025-11-09,Dania Beach,P0248,1,14.4,0.0
S008134,2026-04-26,Oakland Park,P0024,1,12.01,0.0
S006716,2026-03-15,Oakland Park,P0250,1,26.07,0.0
S003032,2025-10-30,Dania Beach,P0120,3,23.21,0.0
S004267,2025-12-12,Oakland Park,P0006,1,$18.74,0.0
S004840,2025-12-24,Oakland Park,P0245,1,30.57,0.0
S007028,3/29/2026,Dania Beach,P0258,1,20.03,0.0
S008138,2026-04-26,Oakland Park,P0091,1,10.86,0.0
S001942,2025-09-17,Dania Beach,P0102,1,16.27,0.0
S007634,4/13/2026,Dania Beach,P0071,1,14.0,2.0
S007778,2026-04-17,Lake Worth,P0056,1,36.04,0.0
S005674,1/24/2026,Oakland Park,P0215,1,5.21,0.0
S007232,2026-04-04,Dania Beach,P0264,1,39.66,0.0
S009361,6/12/2026,Oakland Park,P0013,1,19.04,0.0
S002969,2025-10-28,Dania Beach,P0164,1,14.99,0.0
S006938,2026-03-24,Oakland Park,P0022,1,7.3,0.0
S007926,2026-04-21,Dania Beach,P0028,1,22.61,
S002022,2025-09-21,Oakland Park,P0179,1,10.96,0.0
S002334,2025-10-03,Oakland Park,P0030,1,9.83,0.0
S006726,2026-03-16,Dania Beach,P0247,1,11.6,0.0
S004456,2025-12-16,Lake Worth,P0154,2,15.49,0.0
S003385,2025-11-13,Lake Worth,P0269,2,19.37,0.0
S008328,2026-05-02,Oakland Park,P0093,1,10.98,0.0
S003048,2025-10-31,Dania Beach,P0099,1,32.17,0.0
S002916,2025-10-26,Dania Beach,P0003,1,11.11,0.0
S006915,2026-03-23,Lake Worth,P0120,1,23.21,0.0
S005749,2026-01-28,Oakland Park,P0118,1,26.15,0.0
S008081,2026-04-25,Lake Worth,P0060,1,16.29,0.0
S005009,2025-12-28,Oakland Park,P0258,1,20.03,0.0
S003666,2025-11-25,Oakland Park,P0112,1,9.26,0.0
S003973,2025-12-05,Dania Beach,P0216,1,14.8,0.0
S008599,2026-05-13,Lake Worth,P0058,1,6.59,0.0
S005531,2026-01-17,Lake Worth,P0022,1,7.3,0.0
S008326,2026-05-02,Lake Worth,P0274,1,22.73,0.0
S003212,2025-11-06,Oakland Park,P0258,1,20.03,2.0
S004740,2025-12-22,Oakland Park,P0229,1,$15.22,0.0
S006298,2/26/2026,Oakland Park,P0209,1,38.73,2.0
S001428,2025-08-28,Dania Beach,P0012,1,14.93,0.0
S008724,5/17/2026,OAKLAND PARK,P0110,1,16.9,0.0
S005445,2026-01-12,Oakland Park,P0019,1,19.0,0.0
S005172,12/31/2025,Dania Beach,P0230,1,15.88,0.0
S006340,2026-02-27,Dania Beach,P0056,1,36.04,0.0
S004715,2025-12-21,Oakland Park,P0263,1,24.16,
S004697,12/21/2025,Oakland Park,P0258,2,20.03,0.0
S003126,2025-11-02,Lake Worth,P0181,1,38.54,0.0
S006181,2026-02-20,DANIA BEACH,P0232,1,35.97,0.0
S001415,2025-08-27,Dania Beach,P0229,1,15.22,
S000006,2025-07-01,Oakland Park,P0021,1,20.19,0.0
S009481,2026-06-16,Dania Beach,P0120,1,23.21,2.0
S006877,2026-03-22,Oakland Park,P0071,2,14.0,0.0
S002988,2025-10-29,Lake Worth,P0096,1,17.3,0.0
S004875,2025-12-25,Lake Worth,P0245,1,30.57,0.0
S001217,2025-08-20,Oakland Park,P0047,1,$11.39,0.0
S001550,2025-09-01,Dania Beach,P0238,1,9.91,
S009164,2026-06-04,LAKE WORTH,P0073,2,20.85,
S006157,2026-02-18,Oakland Park,P0229,1,15.22,0.0
S007160,4/2/2026,Oakland Park,P0178,1,35.29,0.0
S001068,2025-08-14,Lake Worth,P0178,1,35.29,0.0
S008861,2026-05-23,Lake Worth,P0040,1,30.27,0.0
S003077,2025-11-01,Lake Worth,P0112,1,9.26,0.0
S002900,2025-10-25,Dania Beach,P0033,1,13.41,0.0
S006685,3/14/2026,Lake Worth,P0192,1,9.96,0.0
S001109,2025-08-15,Dania Beach,P0121,1,26.48,0.0
S000593,2025-07-26,Dania Beach,P0239,2,7.76,0.0
S006699,2026-03-15,LAKE WORTH,P0050,1,$16.14,2.0
S004445,2025-12-15,Oakland Park,P0245,1,30.57,0.0
S008984,5/28/2026,oakland park,P0069,1,21.4,0.0
S000453,2025-07-19,Dania Beach,P0033,1,13.41,0.0
S006167,2026-02-19,Dania Beach,P0297,1,17.64,0.0
S006897,2026-03-22,Oakland Park,P0069,1,21.4,0.0
S000746,2025-07-31,Oakland Park,P0248,1,14.4,0.0
S008765,2026-05-19,Dania Beach,P0234,2,$39.24,0.0
S007701,2026-04-15,dania beach,P0141,1,18.03,0.0
S008187,2026-04-27,Oakland Park,P0127,3,26.3,0.0
S006190,2026-02-20,Oakland Park,P0250,1,26.07,0.0
S008808,2026-05-21,Lake Worth,P0097,1,11.18,0.0
S005453,2026-01-13,Dania Beach,P0257,1,21.09,0.0
S007064,2026-03-30,LAKE WORTH,P0121,1,26.48,0.0
S002631,2025-10-14,Dania Beach,P0258,1,$20.03,0.0
S004494,12/17/2025,Lake Worth,P0114,1,22.91,0.0
S005711,2026-01-26,Dania Beach,P0161,1,$43.05,0.0
S003828,2025-12-02,Dania Beach,P0260,1,16.34,0.0
S007194,2026-04-03,Dania Beach,P0139,1,25.22,0.0
S004855,2025-12-25,Dania Beach,P0223,1,16.45,
S001813,2025-09-12,Dania Beach,P0069,1,21.4,0.0
S006473,2026-03-05,Oakland Park,P0286,1,17.06,0.0
S004447,2025-12-15,Dania Beach,P0201,1,37.27,0.0
S004443,2025-12-15,Dania Beach,P0056,1,36.04,0.0
S008591,2026-05-12,Dania Beach,P0269,1,19.37,2.0
S001408,2025-08-27,Oakland Park,P0083,1,9.28,2.0
S008397,2026-05-05,Oakland Park,P0109,1,19.26,0.0
S004342,2025-12-14,DANIA BEACH,P0081,1,12.2,0.0
S001995,2025-09-20,Lake Worth,P0022,1,7.3,5.0
S000361,2025-07-15,Lake Worth,P0122,1,15.39,0.0
S001628,2025-09-05,DANIA BEACH,P0145,2,18.52,0.0
S005996,2026-02-09,Oakland Park,P0211,1,28.43,0.0
S006876,2026-03-22,Dania Beach,P0227,1,22.7,2.0
S007033,2026-03-29,Dania Beach,P0050,1,16.14,0.0
S001899,2025-09-15,Oakland Park,P0069,1,21.4,0.0
S001249,2025-08-21,Dania Beach,P0009,1,10.82,
S009563,2026-06-20,Oakland Park,P0116,1,38.74,0.0
S007948,2026-04-22,Dania Beach,P0250,1,26.07,0.0
S007228,2026-04-04,Oakland Park,P0161,1,43.05,0.0
S003363,2025-11-13,Lake Worth,P0028,1,22.61,0.0
S006629,3/11/2026,Dania Beach,P0020,1,24.25,5.0
S009255,2026-06-07,Oakland Park,P0275,1,12.12,0.0
S003312,2025-11-10,Dania Beach,P0138,1,18.5,0.0
S008349,2026-05-03,Lake Worth,P0268,2,28.7,0.0
S000425,2025-07-18,Oakland Park,P0162,2,9.66,
S008746,2026-05-18,Oakland Park,P0257,1,21.09,2.0
S001437,2025-08-28,Dania Beach,P0058,1,6.59,0.0
S004373,12/14/2025,Dania Beach,P0258,1,20.03,0.0
S005681,2026-01-24,Dania Beach,P0020,1,24.25,0.0
S004560,2025-12-18,Oakland Park,P0063,1,32.31,0.0
S009586,2026-06-21,Lake Worth,P0223,1,16.45,2.0
S004174,2025-12-10,Dania Beach,P0288,1,39.45,0.0
S003503,2025-11-19,Lake Worth,P0258,1,20.03,0.0
S002774,2025-10-19,Lake Worth,P0133,1,31.55,0.0
S008443,2026-05-07,Oakland Park,P0232,1,35.97,0.0
S007167,4/2/2026,Dania Beach,P0043,1,11.96,0.0
S004877,2025-12-25,Lake Worth,P0095,1,15.25,0.0
S002402,2025-10-05,Oakland Park,P0129,1,7.89,0.0
S009087,2026-06-01,Lake Worth,P0250,1,26.07,0.0
S009667,2026-06-23,Lake Worth,P0178,1,35.29,0.0
S009820,2026-06-30,Oakland Park,P0293,1,17.47,2.0
S007393,2026-04-08,Oakland Park,P0033,1,13.41,0.0
S001168,2025-08-17,Oakland Park,P0042,1,16.07,0.0
S006221,2026-02-21,OAKLAND PARK,P0028,1,22.61,2.0
S000100,2025-07-04,Dania Beach,P0155,1,33.74,2.0
S001403,2025-08-27,Oakland Park,P0053,1,11.0,0.0
S007643,2026-04-14,Dania Beach,P0258,1,20.03,0.0
S007041,3/29/2026,oakland park,P0119,1,10.1,0.0
S004387,12/14/2025,dania beach,P0030,1,9.83,0.0
S001349,2025-08-25,Dania Beach,P0134,1,13.77,0.0
S005205,2025-12-31,Dania Beach,P0081,3,12.2,0.0
S004226,2025-12-11,Lake Worth,P0231,1,16.4,0.0
S003069,2025-11-01,Dania Beach,P0091,1,10.86,0.0
S001096,2025-08-15,Oakland Park,P0122,1,15.39,0.0
S006434,2026-03-03,Oakland Park,P0231,2,16.4,5.0
S003216,2025-11-06,Lake Worth,P0220,1,18.24,0.0
S009769,2026-06-28,Dania Beach,P0127,1,26.3,0.0
S009749,2026-06-27,Dania Beach,P0004,1,33.33,0.0
S008503,2026-05-09,Dania Beach,P0099,1,32.17,0.0
S009160,2026-06-04,Lake Worth,P0022,1,7.3,0.0
S003517,2025-11-19,Oakland Park,P0209,1,38.73,0.0
S004937,2025-12-26,Dania Beach,P0258,1,20.03,0.0
S007098,2026-03-31,dania beach,P0189,1,8.68,2.0
S006720,2026-03-15,Oakland Park,P0033,1,13.41,0.0
S006849,2026-03-21,Lake Worth,P0157,2,8.43,2.0
S001607,2025-09-04,oakland park,P0145,1,18.52,0.0
S006679,2026-03-14,Dania Beach,P0229,1,15.22,0.0
S007932,4/21/2026,Dania Beach,P0233,1,22.74,0.0
S007742,4/16/2026,Oakland Park,P0215,1,$5.21,2.0
S002148,9/26/2025,Oakland Park,P0063,1,32.31,0.0
S000866,2025-08-05,Lake Worth,P0100,1,34.67,0.0
S008938,2026-05-26,Dania Beach,P0003,1,11.11,0.0
S000820,2025-08-03,Dania Beach,P0141,1,18.03,0.0
S007906,2026-04-20,Oakland Park,P0057,1,31.85,0.0
S009629,2026-06-22,Oakland Park,P0225,2,30.83,0.0
S002604,2025-10-13,Oakland Park,P0028,1,22.61,0.0
S004595,2025-12-19,Dania Beach,P0076,2,28.11,0.0
S002429,10/6/2025,Dania Beach,P0105,1,41.09,0.0
S002615,2025-10-14,Dania Beach,P0066,2,15.19,0.0
S001890,2025-09-15,Oakland Park,P0123,1,32.28,0.0
S000144,2025-07-06,Dania Beach,P0258,1,20.03,0.0
S006291,2026-02-26,Lake Worth,P0079,1,38.19,0.0
S000897,2025-08-06,Oakland Park,P0242,1,16.38,5.0
S003424,2025-11-15,Dania Beach,P0002,1,33.09,
S005050,2025-12-28,Oakland Park,P0062,1,34.29,0.0
S000988,2025-08-10,Dania Beach,P0258,1,20.03,0.0
S000095,2025-07-04,Dania Beach,P0237,1,18.61,2.0
S008592,2026-05-12,Dania Beach,P0229,2,15.22,0.0
S007954,4/22/2026,Dania Beach,P0185,1,20.14,0.0
S004029,2025-12-07,DANIA BEACH,P0143,1,33.65,0.0
S001155,2025-08-17,Dania Beach,P0237,1,$18.61,0.0
S001031,2025-08-12,Oakland Park,P0005,2,12.32,0.0
S004220,2025-12-11,Oakland Park,P0153,1,24.73,0.0
S003068,2025-11-01,Oakland Park,P0287,1,38.39,
S003899,2025-12-03,Dania Beach,P0104,1,23.8,5.0
S009793,2026-06-29,Lake Worth,P0255,1,34.26,0.0
S008342,2026-05-03,Oakland Park,P0042,2,16.07,
S009046,2026-05-30,Dania Beach,P0045,3,31.47,0.0
S000512,2025-07-21,OAKLAND PARK,P0243,1,14.68,
S007939,2026-04-21,Lake Worth,P0052,1,20.69,0.0
S000146,2025-07-06,Dania Beach,P0028,1,22.61,0.0
S008107,2026-04-26,Dania Beach,P0162,1,9.66,0.0
S002657,2025-10-16,Oakland Park,P0098,1,12.85,0.0
S004701,2025-12-21,Dania Beach,P0068,1,18.85,0.0
S001180,2025-08-18,Oakland Park,P0225,1,30.83,0.0
S000096,2025-07-04,Lake Worth,P0229,1,$15.22,5.0
S008748,2026-05-18,Dania Beach,P0198,1,5.19,0.0
S001272,2025-08-22,Dania Beach,P0227,1,22.7,0.0
S007361,2026-04-07,Dania Beach,P0176,1,38.34,0.0
S008256,2026-04-30,LAKE WORTH,P0229,1,15.22,0.0
S001239,8/21/2025,LAKE WORTH,P0078,1,34.08,0.0
S005116,2025-12-29,Oakland Park,P0205,2,34.1,0.0
S005314,1/5/2026,Dania Beach,P0157,1,8.43,0.0
S007261,2026-04-05,Lake Worth,P0028,1,22.61,2.0
S003049,2025-10-31,Oakland Park,P0157,3,8.43,0.0
S002449,2025-10-07,Dania Beach,P0138,1,$18.5,0.0
S003273,2025-11-09,Dania Beach,P0036,3,4.54,0.0
S004006,2025-12-06,Lake Worth,P0037,1,16.2,0.0
S008394,2026-05-05,Dania Beach,P0041,2,11.22,0.0
S009636,2026-06-22,Dania Beach,P0198,1,5.19,0.0
S004815,2025-12-24,Oakland Park,P0176,1,38.34,0.0
S006265,2/23/2026,Dania Beach,P0090,1,$39.67,0.0
S001448,2025-08-29,Oakland Park,P0134,1,13.77,0.0
S004630,2025-12-20,Oakland Park,P0076,1,28.11,0.0
S002211,2025-09-28,Dania Beach,P0232,1,35.97,0.0
S005983,2026-02-08,Lake Worth,P0106,1,14.38,0.0
S002014,2025-09-21,Dania Beach,P0247,1,11.6,2.0
S001276,2025-08-23,Lake Worth,P0047,1,11.39,0.0
S005101,12/29/2025,Dania Beach,P0104,1,23.8,2.0
S005863,2026-02-03,Lake Worth,P0283,1,41.77,0.0
S005687,2026-01-24,Oakland Park,P0226,1,19.09,0.0
S004499,2025-12-17,Lake Worth,P0247,1,11.6,0.0
S008454,2026-05-07,Oakland Park,P0071,1,14.0,0.0
S004249,2025-12-12,Lake Worth,P0227,2,22.7,0.0
S002093,2025-09-24,Oakland Park,P0169,2,28.05,0.0
S006644,2026-03-12,Dania Beach,P0227,1,22.7,0.0
S006365,2026-02-28,Oakland Park,P0253,1,12.31,0.0
S006643,2026-03-12,Oakland Park,P0218,1,12.89,0.0
S004050,2025-12-07,Oakland Park,P0282,1,14.8,0.0
S003287,2025-11-09,Dania Beach,P0229,2,15.22,0.0
S001083,2025-08-14,Lake Worth,P0082,1,11.34,
S003754,2025-11-29,dania beach,P0102,1,16.27,0.0
S008760,2026-05-19,Dania Beach,P0057,1,31.85,0.0
S003554,2025-11-21,Lake Worth,P0170,1,12.29,0.0
S009739,2026-06-27,Dania Beach,P0035,1,25.13,2.0
S000281,2025-07-11,Oakland Park,P0028,1,22.61,0.0
S004294,2025-12-13,Lake Worth,P0083,1,9.28,5.0
S003890,2025-12-03,Oakland Park,P0258,1,20.03,0.0
S000644,2025-07-27,Oakland Park,P0258,1,20.03,0.0
S009604,2026-06-21,Dania Beach,P0158,1,15.94,0.0
S008405,2026-05-05,Dania Beach,P0022,1,7.3,0.0
S000785,2025-08-02,Dania Beach,P0125,1,30.0,0.0
S005131,2025-12-30,Oakland Park,P0042,2,16.07,0.0
S000242,2025-07-09,Lake Worth,P0023,1,36.9,2.0
S001649,2025-09-06,Lake Worth,P0298,1,10.79,0.0
S002752,2025-10-19,Dania Beach,P0258,2,20.03,0.0
S009297,2026-06-09,Lake Worth,P0253,1,12.31,0.0
S007811,2026-04-18,Oakland Park,P0258,1,20.03,0.0
S005877,2026-02-03,Oakland Park,P0107,1,35.69,2.0
S007947,2026-04-22,Dania Beach,P0138,1,18.5,0.0
S006881,2026-03-22,Dania Beach,P0098,1,12.85,0.0
S009748,6/27/2026,Dania Beach,P0021,1,20.19,0.0
S008927,2026-05-25,Dania Beach,P0045,1,31.47,0.0
S008637,2026-05-14,Lake Worth,P0079,1,38.19,0.0
S004251,2025-12-12,Lake Worth,P0298,1,10.79,0.0
S005584,2026-01-19,Lake Worth,P0290,1,44.36,0.0
S001082,2025-08-14,Oakland Park,P0250,1,26.07,0.0
S000097,2025-07-04,Lake Worth,P0229,1,15.22,0.0
S005077,2025-12-29,Dania Beach,P0050,2,16.14,5.0
S005786,2026-01-30,Oakland Park,P0192,1,9.96,0.0
S007930,2026-04-21,Dania Beach,P0258,1,20.03,0.0
S007521,2026-04-11,Dania Beach,P0250,1,26.07,0.0
S001702,2025-09-07,Lake Worth,P0141,1,18.03,
S003829,2025-12-02,DANIA BEACH,P0253,1,12.31,0.0
S000346,2025-07-14,Dania Beach,P0284,1,19.93,0.0
S008298,2026-05-01,OAKLAND PARK,P0262,1,32.15,0.0
S006709,2026-03-15,Dania Beach,P0016,1,9.61,2.0
S002389,2025-10-05,Dania Beach,P0172,1,16.93,0.0
S005000,2025-12-27,Oakland Park,P0095,1,15.25,0.0
S004460,2025-12-16,Oakland Park,P0032,1,10.89,0.0
S003730,2025-11-28,Dania Beach,P0283,1,41.77,0.0
S009307,2026-06-10,Dania Beach,P0238,1,9.91,0.0
S009401,2026-06-13,Lake Worth,P0050,2,16.14,0.0
S003840,2025-12-02,Oakland Park,P0082,1,11.34,0.0
S008114,2026-04-26,Oakland Park,P0078,1,34.08,0.0
S006037,2026-02-12,lake worth,P0050,1,16.14,0.0
S006326,2026-02-27,Dania Beach,P0258,1,20.03,0.0
S007922,2026-04-21,Lake Worth,P0123,1,32.28,0.0
S005221,2026-01-01,Lake Worth,P0137,1,34.89,0.0
S001488,2025-08-30,Oakland Park,P0152,1,10.83,0.0
S003445,2025-11-16,Oakland Park,P0157,1,8.43,0.0
S007790,2026-04-18,Dania Beach,P0175,1,10.78,
S007097,2026-03-31,Oakland Park,P0045,1,31.47,0.0
S007771,2026-04-17,Lake Worth,P0100,1,34.67,0.0
S001549,2025-09-01,Dania Beach,P0296,1,10.05,0.0
S002153,2025-09-26,Dania Beach,P0077,1,38.06,0.0
S009778,2026-06-28,Dania Beach,P0255,1,34.26,0.0
S009397,2026-06-13,Oakland Park,P0020,1,24.25,0.0
S006098,2026-02-15,Oakland Park,P0078,1,34.08,5.0
S005999,2026-02-09,Dania Beach,P0083,1,9.28,2.0
S004575,2025-12-19,Dania Beach,P0238,1,9.91,2.0
S000042,7/2/2025,Dania Beach,P0085,2,28.45,0.0
S003850,2025-12-02,Oakland Park,P0271,1,13.23,0.0
S001912,2025-09-16,lake worth,P0250,1,26.07,0.0
S002638,2025-10-15,Lake Worth,P0091,1,10.86,0.0
S006134,2026-02-17,Dania Beach,P0028,2,22.61,0.0
S009283,2026-06-08,Dania Beach,P0028,1,22.61,0.0
S000558,7/24/2025,Dania Beach,P0045,1,31.47,0.0
S009126,2026-06-02,Lake Worth,P0146,1,$36.76,0.0
S009084,2026-06-01,Dania Beach,P0108,1,11.87,0.0
S001381,2025-08-26,Oakland Park,P0248,1,14.4,0.0
S000323,2025-07-13,Lake Worth,P0123,1,32.28,0.0
S002769,2025-10-19,Oakland Park,P0134,1,13.77,
S002032,2025-09-21,Dania Beach,P0099,1,32.17,
S000632,2025-07-26,Oakland Park,P0186,2,8.27,0.0
S002034,9/21/2025,Oakland Park,P0263,1,24.16,2.0
S006606,2026-03-10,Lake Worth,P0113,1,15.71,0.0
S002536,2025-10-11,Oakland Park,P0246,1,14.88,0.0
S008540,2026-05-10,Lake Worth,P0042,2,16.07,2.0
S005438,2026-01-12,Lake Worth,P0209,1,38.73,0.0
S005715,2026-01-26,Dania Beach,P0241,1,10.09,0.0
S008567,2026-05-11,Dania Beach,P0189,2,8.68,0.0
S002732,2025-10-18,Oakland Park,P0250,1,26.07,0.0
S006370,2026-03-01,Dania Beach,P0258,2,20.03,0.0
S001838,2025-09-13,Dania Beach,P0141,1,18.03,0.0
S009500,2026-06-17,Oakland Park,P0181,1,38.54,5.0
S004411,2025-12-15,Dania Beach,P0253,1,12.31,2.0
S005660,2026-01-24,DANIA BEACH,P0175,1,10.78,2.0
S008844,2026-05-22,Oakland Park,P0052,2,20.69,5.0
S004316,2025-12-13,Oakland Park,P0078,1,34.08,2.0
S002241,2025-09-29,Oakland Park,P0176,1,38.34,0.0
S001847,2025-09-13,Lake Worth,P0181,1,38.54,0.0
S006640,2026-03-12,Lake Worth,P0025,1,37.2,0.0
S006309,2026-02-26,Lake Worth,P0123,1,32.28,0.0
S003557,2025-11-21,Oakland Park,P0147,1,40.67,0.0
S004953,2025-12-27,lake worth,P0012,1,14.93,2.0
S005729,2026-01-27,Dania Beach,P0042,1,16.07,0.0
S008547,2026-05-10,Dania Beach,P0258,1,20.03,0.0
S004238,2025-12-11,Oakland Park,P0280,2,15.83,0.0
S008914,2026-05-24,Lake Worth,P0099,1,$32.17,0.0
S007434,2026-04-09,Lake Worth,P0233,1,22.74,0.0
S009025,5/30/2026,Oakland Park,P0258,1,20.03,0.0
S008590,2026-05-12,Dania Beach,P0138,1,18.5,0.0
S004833,2025-12-24,Dania Beach,P0211,2,28.43,5.0
S006886,2026-03-22,Dania Beach,P0028,1,22.61,0.0
S005031,2025-12-28,Dania Beach,P0258,2,20.03,0.0
S006266,2026-02-23,Oakland Park,P0093,1,10.98,0.0
S000716,2025-07-30,Dania Beach,P0203,1,28.04,2.0
S005992,2026-02-09,Dania Beach,P0058,1,6.59,0.0
S003531,2025-11-20,Lake Worth,P0294,1,30.88,0.0
S009075,2026-06-01,Lake Worth,P0077,1,38.06,2.0
S003082,2025-11-01,Oakland Park,P0097,1,11.18,0.0
S001185,2025-08-18,Lake Worth,P0038,1,16.31,5.0
S004771,2025-12-23,Dania Beach,P0077,1,38.06,2.0
S008519,2026-05-10,Dania Beach,P0109,1,19.26,
S001134,2025-08-16,Lake Worth,P0028,1,22.61,0.0
S008411,2026-05-06,Dania Beach,P0264,1,39.66,2.0
S007640,2026-04-13,Dania Beach,P0144,1,39.21,0.0
S005100,2025-12-29,Dania Beach,P0187,1,8.33,0.0
S007121,2026-04-01,Dania Beach,P0234,1,39.24,0.0
S004259,2025-12-12,Oakland Park,P0144,1,39.21,0.0
S005096,2025-12-29,Dania Beach,P0017,1,$13.63,0.0
S003110,2025-11-02,Lake Worth,P0229,1,15.22,0.0
S006271,2026-02-24,Dania Beach,P0009,1,10.82,0.0
S000173,2025-07-06,Lake Worth,P0205,1,34.1,0.0
S006788,3/18/2026,Lake Worth,P0028,1,22.61,
S002659,2025-10-16,Dania Beach,P0263,1,24.16,0.0
S004166,2025-12-10,Oakland Park,P0099,1,32.17,2.0
S005995,2026-02-09,Oakland Park,P0229,1,15.22,0.0
S002756,2025-10-19,Dania Beach,P0040,1,30.27,5.0
S006269,2026-02-24,Oakland Park,P0069,1,21.4,0.0
S004593,2025-12-19,Lake Worth,P0082,1,11.34,2.0
S009240,2026-06-07,Oakland Park,P0090,2,39.67,0.0
S009012,2026-05-29,Dania Beach,P0286,1,17.06,0.0
S006589,2026-03-10,Dania Beach,P0107,1,35.69,0.0
S007674,2026-04-14,Dania Beach,P0134,1,13.77,0.0
S008610,2026-05-13,Dania Beach,P0028,1,22.61,0.0
S008225,2026-04-28,lake worth,P0045,1,31.47,0.0
S007295,2026-04-05,Oakland Park,P0150,1,8.12,0.0
S002919,2025-10-26,Oakland Park,P0229,1,15.22,0.0
S005997,2026-02-09,Dania Beach,P0264,1,39.66,0.0
S006950,2026-03-25,Oakland Park,P0298,1,10.79,0.0
S009726,2026-06-26,Oakland Park,P0238,1,9.91,0.0
S000710,2025-07-30,Dania Beach,P0033,2,$13.41,0.0
S003378,2025-11-13,Dania Beach,P0255,1,34.26,0.0
S004376,2025-12-14,Dania Beach,P0114,1,22.91,0.0
S007808,2026-04-18,Lake Worth,P0181,1,38.54,0.0
S000619,2025-07-26,Dania Beach,P0157,1,8.43,0.0
S004923,2025-12-26,oakland park,P0177,1,14.51,2.0
S000674,2025-07-28,Oakland Park,P0041,1,11.22,0.0
S004113,2025-12-08,Dania Beach,P0041,2,$11.22,0.0
S007163,2026-04-02,Dania Beach,P0258,1,20.03,0.0
S002672,2025-10-17,Dania Beach,P0068,1,18.85,0.0
S000030,2025-07-02,Dania Beach,P0145,2,18.52,0.0
S006263,2026-02-23,Lake Worth,P0026,1,24.77,0.0
S003349,2025-11-12,Oakland Park,P0241,1,10.09,0.0
S001805,2025-09-12,Oakland Park,P0176,1,38.34,0.0
S001906,2025-09-16,Dania Beach,P0028,1,$22.61,0.0
S001869,9/14/2025,Dania Beach,P0258,1,20.03,0.0
S007074,2026-03-30,DANIA BEACH,P0003,1,11.11,2.0
S007467,2026-04-10,OAKLAND PARK,P0250,1,26.07,0.0
S008767,2026-05-19,Oakland Park,P0058,1,6.59,0.0
S006675,2026-03-14,Dania Beach,P0008,1,23.36,0.0
S007315,2026-04-05,Oakland Park,P0196,1,23.33,0.0
S001770,9/10/2025,Oakland Park,P0013,3,19.04,2.0
S007530,2026-04-11,dania beach,P0175,1,10.78,0.0
S001738,2025-09-09,OAKLAND PARK,P0198,1,5.19,0.0
S003129,2025-11-03,Dania Beach,P0078,1,34.08,2.0
S002417,2025-10-05,Oakland Park,P0063,1,32.31,0.0
S001494,2025-08-30,Dania Beach,P0267,1,35.08,5.0
S005521,2026-01-17,Dania Beach,P0056,1,36.04,0.0
S005722,2026-01-27,Oakland Park,P0152,1,$10.83,0.0
S002244,2025-09-29,Dania Beach,P0249,1,24.88,0.0
S008119,2026-04-26,Dania Beach,P0090,1,39.67,0.0
S006156,2026-02-18,Dania Beach,P0171,1,15.79,0.0
S003173,2025-11-04,Dania Beach,P0028,1,22.61,0.0
S005098,2025-12-29,Oakland Park,P0058,1,6.59,0.0
S005588,1/19/2026,Oakland Park,P0294,3,30.88,0.0
S004617,2025-12-20,Dania Beach,P0022,1,7.3,
S007202,2026-04-03,Oakland Park,P0134,1,$13.77,0.0
S008213,2026-04-28,Lake Worth,P0264,1,39.66,0.0
S001997,2025-09-20,Oakland Park,P0265,1,19.55,0.0
S001761,2025-09-10,Dania Beach,P0072,1,$23.85,0.0
S008956,2026-05-27,Dania Beach,P0224,1,28.47,0.0
S001409,8/27/2025,DANIA BEACH,P0234,1,39.24,0.0
S004712,2025-12-21,Oakland Park,P0042,1,16.07,0.0
S000070,2025-07-03,Oakland Park,P0188,1,14.19,0.0
S000510,2025-07-21,Dania Beach,P0145,1,18.52,0.0
S000164,2025-07-06,Lake Worth,P0125,1,30.0,0.0
S001967,9/19/2025,Oakland Park,P0120,1,23.21,5.0
S005618,2026-01-21,Lake Worth,P0112,1,9.26,5.0
S005958,2026-02-07,Dania Beach,P0045,1,31.47,0.0
S003692,2025-11-27,Dania Beach,P0042,1,16.07,0.0
S003778,2025-11-30,Dania Beach,P0258,1,$20.03,0.0
S000470,2025-07-19,dania beach,P0138,1,18.5,0.0
S003177,2025-11-04,Dania Beach,P0120,2,23.21,2.0
S004015,2025-12-06,Dania Beach,P0082,1,11.34,0.0
S005338,2026-01-07,Oakland Park,P0209,1,38.73,5.0
S005074,12/29/2025,Dania Beach,P0100,1,34.67,0.0
S004521,2025-12-17,Dania Beach,P0258,1,20.03,0.0
S003618,2025-11-23,Dania Beach,P0258,1,20.03,0.0
S001810,2025-09-12,Dania Beach,P0233,1,22.74,0.0
S000302,2025-07-12,Dania Beach,P0174,1,17.55,0.0
S004131,2025-12-09,Dania Beach,P0258,1,20.03,0.0
S009055,2026-05-31,Dania Beach,P0258,1,20.03,
S000274,2025-07-11,DANIA BEACH,P0098,1,12.85,0.0
S009841,2026-06-30,Oakland Park,P0074,1,23.62,0.0
S005586,2026-01-19,Dania Beach,P0175,2,10.78,0.0
S009133,2026-06-03,Lake Worth,P0214,1,40.55,
S009137,2026-06-03,Oakland Park,P0258,1,$20.03,0.0
S001140,2025-08-17,Oakland Park,P0104,3,23.8,0.0
S001270,8/22/2025,Oakland Park,P0298,1,10.79,0.0
S009065,2026-05-31,oakland park,P0272,1,18.29,0.0
S003589,2025-11-22,Dania Beach,P0050,1,16.14,0.0
S006241,2026-02-22,Dania Beach,P0008,1,23.36,2.0
S006021,2026-02-10,Lake Worth,P0292,1,10.79,0.0
S003894,2025-12-03,Oakland Park,P0217,1,17.82,0.0
S003863,12/2/2025,Dania Beach,P0120,1,23.21,0.0
S004893,2025-12-26,Dania Beach,P0138,1,18.5,0.0
S007489,2026-04-10,Lake Worth,P0050,1,16.14,0.0
S004580,2025-12-19,Dania Beach,P0210,1,17.31,0.0
S009640,6/22/2026,Oakland Park,P0141,1,18.03,0.0
S002413,2025-10-05,Oakland Park,P0225,1,30.83,0.0
S000788,2025-08-02,DANIA BEACH,P0258,1,20.03,0.0
S008705,2026-05-17,OAKLAND PARK,P0050,1,16.14,0.0
S009184,2026-06-05,Dania Beach,P0082,1,11.34,0.0
S001789,9/11/2025,Oakland Park,P0069,1,21.4,0.0
S000461,2025-07-19,Oakland Park,P0013,2,19.04,0.0
S000401,2025-07-16,Dania Beach,P0183,1,39.68,0.0
S002576,2025-10-12,Dania Beach,P0004,1,33.33,0.0
S000363,7/15/2025,DANIA BEACH,P0298,1,10.79,0.0
S006413,2026-03-03,Lake Worth,P0006,1,18.74,0.0
S004444,2025-12-15,Oakland Park,P0067,1,$22.05,0.0
S004297,2025-12-13,Dania Beach,P0095,1,15.25,0.0
S000273,2025-07-11,Oakland Park,P0108,1,11.87,0.0
S002455,2025-10-07,Oakland Park,P0050,1,16.14,0.0
S008450,5/7/2026,Oakland Park,P0156,1,33.24,2.0
S003135,11/3/2025,Oakland Park,P0171,1,15.79,0.0
S004695,2025-12-21,Dania Beach,P0251,1,16.69,0.0
S009702,2026-06-25,dania beach,P0229,1,15.22,0.0
S008019,2026-04-23,Dania Beach,P0284,2,19.93,0.0
S008793,2026-05-20,Lake Worth,P0170,1,$12.29,0.0
S004356,2025-12-14,Oakland Park,P0117,1,13.24,0.0
S008657,2026-05-15,Dania Beach,P0134,1,13.77,0.0
S004761,2025-12-23,Dania Beach,P0253,1,12.31,0.0
S004716,2025-12-21,Dania Beach,P0288,1,39.45,0.0
S001500,2025-08-30,Oakland Park,P0250,2,26.07,0.0
S002518,2025-10-10,Dania Beach,P0253,1,12.31,5.0
S007492,2026-04-10,Dania Beach,P0048,1,43.54,2.0
S004777,2025-12-23,Dania Beach,P0120,1,23.21,2.0
S006217,2026-02-21,Dania Beach,P0045,1,31.47,0.0
S000550,7/23/2025,Oakland Park,P0205,1,34.1,0.0
S009311,2026-06-10,Lake Worth,P0222,1,25.03,0.0
S009306,2026-06-09,Oakland Park,P0271,3,13.23,2.0
S007635,2026-04-13,Oakland Park,P0169,2,28.05,0.0
S008165,2026-04-27,Lake Worth,P0112,1,9.26,0.0
S009724,2026-06-26,Dania Beach,P0072,1,23.85,0.0
S005235,1/2/2026,Lake Worth,P0116,1,38.74,0.0
S008925,2026-05-25,Oakland Park,P0037,1,16.2,0.0
S007424,2026-04-08,Dania Beach,P0258,1,20.03,
S001149,2025-08-17,Oakland Park,P0162,1,9.66,2.0
S007567,2026-04-12,Oakland Park,P0113,1,15.71,0.0
S002328,2025-10-02,Lake Worth,P0173,1,28.8,0.0
S002679,2025-10-17,Dania Beach,P0258,1,20.03,2.0
S009732,2026-06-26,Dania Beach,P0090,1,39.67,0.0
S003774,2025-11-30,Lake Worth,P0102,1,16.27,0.0
S002201,2025-09-28,Oakland Park,P0069,1,21.4,0.0
S008837,2026-05-22,Oakland Park,P0091,2,10.86,0.0
S000653,2025-07-27,Dania Beach,P0047,1,11.39,0.0
S006924,2026-03-24,oakland park,P0229,1,15.22,0.0
S008948,5/26/2026,Dania Beach,P0166,1,26.78,0.0
S003920,2025-12-04,Oakland Park,P0069,1,21.4,0.0
S005132,2025-12-30,Dania Beach,P0235,1,21.78,
S005771,2026-01-30,dania beach,P0099,2,32.17,0.0
S002203,2025-09-28,Oakland Park,P0125,1,30.0,0.0
S005963,2026-02-08,Oakland Park,P0100,1,34.67,0.0
S004693,2025-12-21,Dania Beach,P0028,1,22.61,0.0
S006825,3/20/2026,Dania Beach,P0041,2,11.22,0.0
S004547,2025-12-18,oakland park,P0072,1,23.85,0.0
S003715,2025-11-28,Dania Beach,P0258,1,$20.03,0.0
S007196,2026-04-03,Dania Beach,P0113,1,15.71,0.0
S001333,2025-08-24,Dania Beach,P0104,2,23.8,0.0
S005702,2026-01-25,Dania Beach,P0290,1,44.36,0.0
S004898,2025-12-26,dania beach,P0001,1,37.04,5.0
S008267,2026-04-30,Dania Beach,P0056,1,36.04,0.0
S006651,2026-03-13,DANIA BEACH,P0028,1,22.61,0.0
S003998,2025-12-06,Lake Worth,P0254,1,15.72,0.0
S006476,3/5/2026,Oakland Park,P0258,1,20.03,0.0
S004553,2025-12-18,Dania Beach,P0056,1,36.04,0.0
S009162,2026-06-04,Oakland Park,P0069,1,21.4,0.0
S006040,2026-02-12,Lake Worth,P0006,2,18.74,0.0
S003187,2025-11-05,Oakland Park,P0120,1,23.21,0.0
S007696,2026-04-15,Oakland Park,P0054,1,38.06,0.0
S005761,2026-01-29,Dania Beach,P0188,1,14.19,0.0
S000966,8/10/2025,Oakland Park,P0298,1,10.79,5.0
S007590,2026-04-12,Lake Worth,P0287,1,38.39,0.0
S002870,2025-10-24,Oakland Park,P0258,1,20.03,0.0
S003022,2025-10-30,Oakland Park,P0032,1,$10.89,0.0
S007301,4/5/2026,Oakland Park,P0258,1,20.03,
S001067,2025-08-13,Dania Beach,P0153,1,$24.73,0.0
S001227,2025-08-20,Oakland Park,P0255,1,34.26,2.0
S000794,2025-08-02,Dania Beach,P0123,1,32.28,0.0
S003776,2025-11-30,Lake Worth,P0269,1,19.37,0.0
S002067,2025-09-23,Oakland Park,P0265,1,19.55,0.0
S003905,2025-12-04,Dania Beach,P0028,1,22.61,0.0
S001150,8/17/2025,Dania Beach,P0258,1,20.03,0.0
S001280,8/23/2025,Lake Worth,P0229,1,15.22,5.0
S008698,2026-05-16,Oakland Park,P0258,1,20.03,0.0
S004979,12/27/2025,Lake Worth,P0221,3,26.83,0.0
S006208,2026-02-21,Dania Beach,P0258,1,20.03,
S008738,2026-05-18,Dania Beach,P0264,1,39.66,0.0
S007348,2026-04-06,Oakland Park,P0221,2,26.83,0.0
S003580,2025-11-22,Dania Beach,P0100,1,34.67,0.0
S009200,2026-06-06,Lake Worth,P0042,1,$16.07,5.0
S009444,2026-06-15,Lake Worth,P0248,3,14.4,0.0
S002359,2025-10-04,Oakland Park,P0028,2,22.61,0.0
S001545,2025-09-01,Oakland Park,P0123,1,$32.28,0.0
S008369,2026-05-04,DANIA BEACH,P0052,1,20.69,0.0
S005893,2026-02-04,Lake Worth,P0112,1,9.26,0.0
S003139,2025-11-03,Lake Worth,P0145,1,18.52,
S007307,2026-04-05,Dania Beach,P0057,3,31.85,0.0
S002565,2025-10-12,Dania Beach,P0003,1,11.11,0.0
S007389,2026-04-08,Dania Beach,P0217,1,17.82,0.0
S007174,2026-04-03,Lake Worth,P0221,1,26.83,0.0
S003451,2025-11-16,Dania Beach,P0157,1,8.43,0.0
S002701,2025-10-18,dania beach,P0229,1,15.22,0.0
S001993,9/20/2025,Lake Worth,P0299,1,6.83,2.0
S003826,2025-12-01,Lake Worth,P0181,3,38.54,5.0
S002098,2025-09-24,Dania Beach,P0105,1,41.09,2.0
S007072,2026-03-30,OAKLAND PARK,P0005,1,12.32,0.0
S002951,2025-10-27,Dania Beach,P0193,1,15.19,5.0
S003323,2025-11-11,Dania Beach,P0123,2,32.28,0.0
S001679,2025-09-06,Lake Worth,P0276,1,10.98,0.0
S005723,2026-01-27,Oakland Park,P0116,1,38.74,0.0
S009474,2026-06-16,Oakland Park,P0120,1,23.21,0.0
S008975,2026-05-28,Lake Worth,P0091,1,10.86,2.0
S004324,2025-12-13,Oakland Park,P0237,1,18.61,0.0
S003088,2025-11-01,Dania Beach,P0266,1,28.75,0.0
S001654,2025-09-06,Oakland Park,P0181,1,38.54,0.0
S005829,2026-02-01,Lake Worth,P0120,1,23.21,0.0
S007595,2026-04-12,Oakland Park,P0004,1,33.33,0.0
S006972,2026-03-26,Dania Beach,P0219,1,19.95,0.0
S007846,2026-04-19,Dania Beach,P0021,1,20.19,0.0
S004848,2025-12-24,Dania Beach,P0050,3,16.14,0.0
S008605,5/13/2026,Oakland Park,P0116,1,38.74,0.0
S006714,2026-03-15,Dania Beach,P0079,1,$38.19,0.0
S006150,2026-02-18,Oakland Park,P0116,3,38.74,0.0
S009263,2026-06-07,Lake Worth,P0134,1,13.77,0.0
S001780,2025-09-11,Oakland Park,P0258,1,20.03,0.0
S007751,2026-04-17,Oakland Park,P0186,1,8.27,0.0
S002808,2025-10-21,Oakland Park,P0098,1,12.85,0.0
S008544,2026-05-10,Oakland Park,P0296,1,10.05,0.0
S004922,2025-12-26,Dania Beach,P0250,2,26.07,0.0
S004503,2025-12-17,Oakland Park,P0107,1,35.69,0.0
S005370,2026-01-09,Lake Worth,P0028,1,22.61,0.0
S007556,2026-04-12,Oakland Park,P0211,1,$28.43,0.0
S006529,2026-03-07,Oakland Park,P0107,1,35.69,0.0
S001807,9/12/2025,Lake Worth,P0030,1,9.83,0.0
S004302,2025-12-13,DANIA BEACH,P0138,1,18.5,0.0
S001343,2025-08-25,Dania Beach,P0260,1,16.34,0.0
S009082,2026-06-01,Oakland Park,P0181,1,38.54,0.0
S007020,2026-03-28,lake worth,P0094,1,15.94,2.0
S000718,2025-07-30,Dania Beach,P0247,2,11.6,0.0
S007804,4/18/2026,Lake Worth,P0248,3,14.4,2.0
S001095,2025-08-15,Dania Beach,P0282,1,14.8,0.0
S001284,2025-08-23,Dania Beach,P0285,1,24.04,0.0
S002573,2025-10-12,dania beach,P0145,1,18.52,0.0
S004775,2025-12-23,Dania Beach,P0227,1,22.7,0.0
S009484,2026-06-17,Lake Worth,P0030,1,9.83,0.0
S003150,2025-11-03,Oakland Park,P0123,1,32.28,0.0
S003796,2025-12-01,OAKLAND PARK,P0258,1,20.03,0.0
S000089,2025-07-04,Dania Beach,P0284,1,19.93,2.0
S005495,2026-01-15,Oakland Park,P0245,1,30.57,0.0
S009531,2026-06-19,dania beach,P0258,2,20.03,2.0
S008415,2026-05-06,Oakland Park,P0123,1,32.28,0.0
S006171,2026-02-19,Lake Worth,P0099,1,32.17,0.0
S001894,2025-09-15,Oakland Park,P0182,1,25.07,0.0
S009518,6/18/2026,Oakland Park,P0112,1,9.26,0.0
S009692,6/25/2026,Dania Beach,P0178,1,35.29,0.0
S000979,2025-08-10,Dania Beach,P0211,1,28.43,0.0
S009288,2026-06-08,Dania Beach,P0091,1,10.86,5.0
S008123,2026-04-26,Dania Beach,P0042,1,16.07,0.0
S003157,2025-11-04,Dania Beach,P0028,2,22.61,0.0
S000596,2025-07-26,Dania Beach,P0084,1,8.22,0.0
S008341,2026-05-03,Oakland Park,P0042,1,16.07,0.0
S000405,7/17/2025,Dania Beach,P0001,1,$37.04,0.0
S006810,2026-03-19,Dania Beach,P0138,1,18.5,0.0
S009622,6/22/2026,Oakland Park,P0176,1,$38.34,0.0
S002773,2025-10-19,Oakland Park,P0112,1,9.26,0.0
S007480,2026-04-10,Oakland Park,P0286,1,17.06,0.0
S009751,2026-06-27,Dania Beach,P0286,1,17.06,0.0
S007844,2026-04-19,Oakland Park,P0069,1,21.4,0.0
S000045,2025-07-02,Lake Worth,P0159,1,5.86,0.0
S009760,2026-06-27,Lake Worth,P0230,1,15.88,5.0
S007354,4/7/2026,Dania Beach,P0050,1,16.14,0.0
S005059,2025-12-28,Dania Beach,P0253,1,$12.31,0.0
S000579,7/25/2025,dania beach,P0145,1,18.52,0.0
S002018,2025-09-21,Lake Worth,P0181,1,$38.54,0.0
S006103,2026-02-15,Lake Worth,P0264,1,39.66,0.0
S009183,2026-06-05,Oakland Park,P0207,1,8.62,0.0
S007959,2026-04-22,Oakland Park,P0209,1,38.73,0.0
S001004,2025-08-11,Oakland Park,P0050,1,$16.14,5.0
S000367,2025-07-15,Oakland Park,P0099,2,32.17,0.0
S002525,10/10/2025,Dania Beach,P0091,1,10.86,0.0
S005697,2026-01-25,Dania Beach,P0253,1,12.31,2.0
S006267,2026-02-24,Oakland Park,P0275,1,12.12,0.0
S005089,2025-12-29,Oakland Park,P0125,1,30.0,0.0
S005056,2025-12-28,Lake Worth,P0247,1,11.6,0.0
S002388,2025-10-05,Oakland Park,P0068,1,18.85,0.0
S006753,3/17/2026,Dania Beach,P0009,3,10.82,0.0
S006072,2026-02-14,Dania Beach,P0098,1,12.85,0.0
S008671,2026-05-16,Lake Worth,P0027,1,$16.28,0.0
S009398,2026-06-13,DANIA BEACH,P0028,1,22.61,0.0
S001670,2025-09-06,Oakland Park,P0045,2,31.47,0.0
S005123,2025-12-29,Lake Worth,P0250,1,26.07,0.0
S007753,2026-04-17,Oakland Park,P0268,1,28.7,0.0
S007918,2026-04-21,Oakland Park,P0181,1,38.54,0.0
S003964,2025-12-05,Oakland Park,P0112,1,$9.26,0.0
S008190,2026-04-27,Lake Worth,P0286,1,17.06,0.0
S007666,2026-04-14,Oakland Park,P0233,1,22.74,0.0
S008371,2026-05-04,Oakland Park,P0123,1,32.28,0.0
S007936,4/21/2026,Dania Beach,P0205,1,34.1,2.0
S004123,2025-12-09,Dania Beach,P0091,1,10.86,0.0
S002060,2025-09-22,Oakland Park,P0258,1,$20.03,0.0
S006747,2026-03-16,Dania Beach,P0141,1,18.03,0.0
S009216,2026-06-06,Dania Beach,P0176,1,38.34,0.0
S000258,2025-07-10,Dania Beach,P0205,1,34.1,0.0
S004852,2025-12-24,Oakland Park,P0031,1,23.06,0.0
S004019,12/6/2025,Dania Beach,P0297,1,$17.64,0.0
S000846,2025-08-04,Dania Beach,P0145,1,18.52,0.0
S007256,4/5/2026,Oakland Park,P0068,1,$18.85,5.0
S008053,4/25/2026,Dania Beach,P0286,1,17.06,0.0
S004389,2025-12-14,Lake Worth,P0201,1,37.27,0.0
S007001,2026-03-28,Oakland Park,P0239,1,7.76,0.0
S007711,2026-04-15,Lake Worth,P0181,1,$38.54,0.0
S007875,2026-04-19,Dania Beach,P0258,1,20.03,0.0
S000963,2025-08-10,DANIA BEACH,P0225,1,30.83,0.0
S007710,2026-04-15,Oakland Park,P0177,1,14.51,0.0
S001023,2025-08-12,OAKLAND PARK,P0068,1,$18.85,2.0
S003483,2025-11-17,Oakland Park,P0019,1,19.0,0.0
S007216,2026-04-04,Dania Beach,P0258,1,20.03,0.0
S002800,2025-10-21,Oakland Park,P0033,1,13.41,2.0
S006016,2026-02-10,Lake Worth,P0019,1,19.0,0.0
S008264,2026-04-30,Lake Worth,P0112,1,9.26,0.0
S007881,2026-04-20,Oakland Park,P0216,1,14.8,
S007145,2026-04-02,Oakland Park,P0095,1,15.25,0.0
S001576,9/2/2025,Dania Beach,P0243,1,14.68,0.0
S003465,2025-11-17,Oakland Park,P0028,1,22.61,0.0
S000252,2025-07-10,Dania Beach,P0196,1,23.33,0.0
S002474,2025-10-08,Dania Beach,P0147,2,40.67,0.0
S009017,2026-05-30,Oakland Park,P0069,1,21.4,0.0
S005362,2026-01-08,Oakland Park,P0193,1,15.19,0.0
S004024,2025-12-06,Lake Worth,P0253,3,12.31,0.0
S008097,2026-04-25,Dania Beach,P0001,1,37.04,0.0
S002832,2025-10-22,Lake Worth,P0189,1,8.68,0.0
S005813,1/31/2026,Dania Beach,P0264,2,39.66,0.0
S001089,2025-08-14,OAKLAND PARK,P0100,1,34.67,0.0
S009138,2026-06-03,Oakland Park,P0021,1,$20.19,0.0
S003023,2025-10-30,Oakland Park,P0068,1,18.85,0.0
S005714,2026-01-26,Lake Worth,P0227,1,22.7,0.0
S006661,3/13/2026,Dania Beach,P0229,1,15.22,0.0
S006443,2026-03-04,Dania Beach,P0138,1,18.5,0.0
S009660,2026-06-23,Oakland Park,P0089,1,38.61,0.0
S008691,2026-05-16,Dania Beach,P0167,1,11.11,2.0
S008573,2026-05-12,Dania Beach,P0258,1,20.03,0.0
S000932,2025-08-08,Dania Beach,P0068,1,18.85,0.0
S003461,2025-11-16,Oakland Park,P0258,1,20.03,0.0
S003224,2025-11-07,Dania Beach,P0141,1,18.03,0.0
S004467,2025-12-16,Oakland Park,P0250,1,26.07,0.0
S008457,2026-05-07,Oakland Park,P0002,1,33.09,
S007708,2026-04-15,Lake Worth,P0084,1,8.22,0.0
S001385,2025-08-26,OAKLAND PARK,P0181,1,38.54,2.0
S005401,2026-01-10,Dania Beach,P0258,1,20.03,0.0
S000394,2025-07-16,Oakland Park,P0123,1,32.28,2.0
S009351,2026-06-12,Dania Beach,P0231,1,16.4,2.0
S001867,2025-09-14,Dania Beach,P0112,1,9.26,0.0
S005579,2026-01-19,Oakland Park,P0210,1,17.31,0.0
S000057,2025-07-03,Lake Worth,P0061,1,13.54,5.0
S001086,8/14/2025,Dania Beach,P0098,1,12.85,0.0
S000931,2025-08-08,Lake Worth,P0151,1,22.36,0.0
S005183,2025-12-31,Lake Worth,P0021,1,$20.19,0.0
S004366,2025-12-14,Oakland Park,P0001,1,37.04,0.0
S006179,2026-02-19,Lake Worth,P0196,1,23.33,0.0
S009227,2026-06-06,Oakland Park,P0250,1,26.07,0.0
S007798,2026-04-18,Lake Worth,P0138,1,18.5,0.0
S005097,2025-12-29,Dania Beach,P0258,1,20.03,0.0
S008273,4/30/2026,Oakland Park,P0258,1,20.03,0.0
S008239,2026-04-29,Oakland Park,P0178,1,35.29,2.0
S002973,2025-10-28,Oakland Park,P0123,1,32.28,0.0
S008680,2026-05-16,Oakland Park,P0138,1,18.5,0.0
S002806,2025-10-21,Oakland Park,P0099,1,32.17,0.0
S008966,2026-05-27,Dania Beach,P0069,1,21.4,0.0
S005207,2025-12-31,Oakland Park,P0058,1,6.59,0.0
S007406,4/8/2026,Lake Worth,P0018,1,11.18,2.0
S009520,6/18/2026,Oakland Park,P0250,2,26.07,5.0
S003134,2025-11-03,Dania Beach,P0188,1,14.19,
S007407,2026-04-08,Dania Beach,P0034,1,17.39,0.0
S009828,2026-06-30,Dania Beach,P0258,2,$20.03,0.0
S003691,2025-11-27,Dania Beach,P0139,1,25.22,0.0
S008632,2026-05-14,Lake Worth,P0050,3,16.14,0.0
S009036,2026-05-30,Lake Worth,P0239,1,7.76,0.0
S008674,2026-05-16,Lake Worth,P0253,1,12.31,
S008393,2026-05-05,Oakland Park,P0063,1,32.31,0.0
S000526,2025-07-22,Dania Beach,P0021,1,20.19,0.0
S005258,2026-01-03,Oakland Park,P0258,1,20.03,0.0
S002929,2025-10-26,Dania Beach,P0008,1,23.36,0.0
S009076,2026-06-01,Oakland Park,P0214,1,40.55,
S002998,2025-10-29,DANIA BEACH,P0297,1,17.64,0.0
S002270,2025-09-30,Lake Worth,P0075,1,16.43,0.0
S005654,2026-01-23,Oakland Park,P0027,1,16.28,0.0
S003367,2025-11-13,Lake Worth,P0240,1,29.77,0.0
S007171,2026-04-02,Dania Beach,P0258,1,$20.03,0.0
S008991,2026-05-28,Dania Beach,P0246,1,14.88,0.0
S007999,2026-04-23,Lake Worth,P0112,2,9.26,0.0
S005285,2026-01-04,Lake Worth,P0132,3,38.62,0.0
S000929,2025-08-08,Dania Beach,P0294,1,30.88,0.0
S002024,2025-09-21,Dania Beach,P0113,1,15.71,0.0
S009447,2026-06-15,oakland park,P0114,1,22.91,0.0
S008376,2026-05-04,Oakland Park,P0138,1,18.5,0.0
S002521,2025-10-10,Oakland Park,P0028,1,22.61,0.0
S005106,2025-12-29,dania beach,P0041,1,11.22,0.0
S008545,2026-05-10,Dania Beach,P0258,1,20.03,2.0
S009803,2026-06-29,Dania Beach,P0258,1,20.03,0.0
S002523,2025-10-10,Oakland Park,P0258,2,20.03,0.0
S008820,2026-05-21,Lake Worth,P0042,1,16.07,0.0
S006090,2026-02-14,Oakland Park,P0120,1,23.21,2.0
S001069,2025-08-14,Dania Beach,P0168,1,9.03,0.0
S004161,2025-12-10,Oakland Park,P0069,1,21.4,5.0
S005882,2026-02-03,Oakland Park,P0115,1,35.88,0.0
S009242,2026-06-07,Dania Beach,P0258,1,20.03,0.0
S004419,2025-12-15,Oakland Park,P0001,1,37.04,2.0
S005534,2026-01-17,Dania Beach,P0045,1,31.47,0.0
S001937,2025-09-17,Oakland Park,P0140,1,17.16,0.0
S006930,2026-03-24,Dania Beach,P0188,1,14.19,0.0
S009694,2026-06-25,Dania Beach,P0250,1,26.07,0.0
S008712,2026-05-17,Dania Beach,P0120,1,23.21,0.0
S003024,2025-10-30,Lake Worth,P0194,1,31.47,2.0
S007446,2026-04-09,DANIA BEACH,P0045,1,31.47,0.0
S007437,2026-04-09,Dania Beach,P0123,1,32.28,0.0
S002962,2025-10-28,Oakland Park,P0196,1,23.33,0.0
S003030,2025-10-30,Dania Beach,P0258,1,20.03,0.0
S004528,2025-12-17,Dania Beach,P0258,1,20.03,5.0
S007692,2026-04-15,oakland park,P0258,1,$20.03,2.0
S000523,2025-07-22,Oakland Park,P0258,1,20.03,0.0
S007383,2026-04-08,Oakland Park,P0250,1,26.07,0.0
S005718,1/26/2026,lake worth,P0253,1,12.31,0.0
S000676,2025-07-28,Oakland Park,P0298,1,10.79,0.0
S005785,2026-01-30,Lake Worth,P0068,1,18.85,0.0
S006607,2026-03-10,Dania Beach,P0090,1,39.67,0.0
S007365,2026-04-07,Lake Worth,P0250,1,26.07,0.0
S007964,2026-04-22,Oakland Park,P0094,1,15.94,0.0
S000064,2025-07-03,Dania Beach,P0185,1,20.14,0.0
S008160,2026-04-27,DANIA BEACH,P0258,1,20.03,0.0
S007002,2026-03-28,Oakland Park,P0258,1,20.03,0.0
S000630,2025-07-26,Oakland Park,P0091,1,10.86,0.0
S006185,2026-02-20,Dania Beach,P0045,1,31.47,0.0
S008122,2026-04-26,Dania Beach,P0230,1,15.88,5.0
S005653,2026-01-23,Lake Worth,P0229,1,15.22,0.0
S000153,2025-07-06,Dania Beach,P0250,2,26.07,0.0
S008315,2026-05-02,Dania Beach,P0138,1,18.5,0.0
S000432,2025-07-18,Oakland Park,P0023,2,36.9,0.0
S007443,2026-04-09,Dania Beach,P0019,2,19.0,0.0
S001893,2025-09-15,Oakland Park,P0203,1,28.04,0.0
S006556,2026-03-08,LAKE WORTH,P0141,1,18.03,0.0
S001238,2025-08-21,Lake Worth,P0181,1,38.54,0.0
S003404,11/14/2025,Dania Beach,P0120,1,23.21,0.0
S004348,2025-12-14,Oakland Park,P0154,1,15.49,0.0
S003459,2025-11-16,Lake Worth,P0070,1,22.38,0.0
S002099,2025-09-24,Dania Beach,P0207,1,8.62,0.0
S000406,7/17/2025,Oakland Park,P0236,1,32.91,0.0
S007923,2026-04-21,Oakland Park,P0116,1,38.74,0.0
S004349,2025-12-14,Dania Beach,P0112,2,9.26,0.0
S004642,2025-12-20,Lake Worth,P0069,1,21.4,0.0
S001489,2025-08-30,Oakland Park,P0220,1,18.24,0.0
S009364,2026-06-12,Dania Beach,P0065,1,22.31,0.0
S005107,2025-12-29,Dania Beach,P0109,1,19.26,0.0
S004473,2025-12-16,Dania Beach,P0032,1,$10.89,
S001648,2025-09-06,Oakland Park,P0181,1,38.54,0.0
S002292,2025-10-01,Dania Beach,P0075,2,16.43,0.0
S004277,2025-12-12,Lake Worth,P0230,1,15.88,0.0
S005284,2026-01-04,Oakland Park,P0104,1,23.8,0.0
S008064,2026-04-25,Dania Beach,P0205,1,34.1,0.0
S006893,2026-03-22,Oakland Park,P0064,1,22.4,0.0
S001405,2025-08-27,Dania Beach,P0120,1,23.21,0.0
S001412,2025-08-27,Dania Beach,P0001,1,37.04,0.0
S003766,11/30/2025,Dania Beach,P0045,1,31.47,0.0
S001866,2025-09-14,Dania Beach,P0279,1,5.18,0.0
S004136,2025-12-09,Oakland Park,P0095,1,15.25,0.0
S000105,2025-07-05,Oakland Park,P0112,1,9.26,0.0
S006642,3/12/2026,Oakland Park,P0051,1,31.0,2.0
S009486,6/17/2026,Dania Beach,P0138,1,18.5,2.0
S009824,2026-06-30,Dania Beach,P0033,1,$13.41,0.0
S007270,2026-04-05,Lake Worth,P0042,1,16.07,0.0
S007018,2026-03-28,Dania Beach,P0246,1,14.88,2.0
S009542,2026-06-19,Lake Worth,P0250,1,26.07,2.0
S005268,2026-01-03,Oakland Park,P0259,1,34.69,0.0
S000775,2025-08-02,Oakland Park,P0120,1,23.21,0.0
S002405,10/5/2025,Oakland Park,P0283,1,41.77,0.0
S005563,2026-01-18,Lake Worth,P0041,1,11.22,0.0
S008672,2026-05-16,Dania Beach,P0134,1,$13.77,0.0
S002317,2025-10-02,Dania Beach,P0028,1,$22.61,0.0
S003700,2025-11-27,Lake Worth,P0229,1,15.22,0.0
S008669,2026-05-16,Oakland Park,P0268,3,28.7,0.0
S006790,2026-03-19,Oakland Park,P0224,1,28.47,5.0
S005575,2026-01-19,Dania Beach,P0181,1,38.54,0.0
S002262,2025-09-30,Dania Beach,P0233,1,22.74,0.0
S008313,2026-05-02,Dania Beach,P0059,1,27.7,0.0
S007885,4/20/2026,Oakland Park,P0147,1,40.67,0.0
S008756,2026-05-19,Oakland Park,P0240,1,29.77,0.0
S002404,2025-10-05,Dania Beach,P0095,1,15.25,0.0
S007487,2026-04-10,Oakland Park,P0157,1,8.43,2.0
S003597,2025-11-23,Oakland Park,P0009,3,10.82,0.0
S001619,2025-09-04,DANIA BEACH,P0244,1,7.54,0.0
S004287,2025-12-13,Dania Beach,P0278,1,27.49,0.0
S006324,2/27/2026,Oakland Park,P0136,1,34.18,0.0
S009657,6/23/2026,Dania Beach,P0006,1,18.74,0.0
S002712,2025-10-18,Oakland Park,P0274,1,22.73,0.0
S002233,2025-09-29,Oakland Park,P0258,1,20.03,0.0
S004551,2025-12-18,Oakland Park,P0192,2,9.96,0.0
S001596,2025-09-03,Dania Beach,P0138,1,18.5,0.0
S006587,2026-03-10,Dania Beach,P0250,1,$26.07,0.0
S005896,2026-02-04,Dania Beach,P0008,1,23.36,0.0
S002054,2025-09-22,Oakland Park,P0205,1,34.1,0.0
S000570,2025-07-24,Oakland Park,P0231,1,16.4,0.0
S001521,2025-08-31,dania beach,P0045,1,31.47,0.0
S002217,2025-09-28,Dania Beach,P0071,1,14.0,0.0
S009546,2026-06-19,Lake Worth,P0168,2,9.03,0.0
S000640,2025-07-27,Dania Beach,P0233,1,22.74,0.0
S007481,2026-04-10,Oakland Park,P0077,2,38.06,2.0
S002480,2025-10-08,Lake Worth,P0300,1,15.39,0.0
S009111,2026-06-02,Lake Worth,P0078,1,34.08,0.0
S003869,12/2/2025,Dania Beach,P0071,1,14.0,0.0
S000341,2025-07-14,Dania Beach,P0269,1,19.37,0.0
S002715,2025-10-18,Dania Beach,P0189,3,8.68,0.0
S004270,2025-12-12,Oakland Park,P0087,1,10.56,0.0
S006965,3/26/2026,DANIA BEACH,P0258,2,20.03,
S007664,2026-04-14,Oakland Park,P0102,1,16.27,0.0
S009061,2026-05-31,Dania Beach,P0293,1,17.47,0.0
S000747,2025-07-31,Lake Worth,P0093,1,10.98,0.0
S001661,2025-09-06,Dania Beach,P0283,1,41.77,0.0
S003596,2025-11-23,Dania Beach,P0258,1,20.03,0.0
S002257,2025-09-30,Dania Beach,P0162,1,9.66,0.0
S001034,2025-08-12,lake worth,P0069,1,$21.4,
S004800,2025-12-23,OAKLAND PARK,P0069,1,21.4,2.0
S006715,2026-03-15,Oakland Park,P0274,1,22.73,0.0
S002639,2025-10-15,Oakland Park,P0258,1,20.03,2.0
S004107,2025-12-08,Oakland Park,P0113,1,15.71,0.0
S007458,2026-04-09,Dania Beach,P0118,1,26.15,0.0
S005201,2025-12-31,Oakland Park,P0123,1,32.28,0.0
S000984,2025-08-10,Oakland Park,P0278,1,27.49,0.0
S005290,2026-01-04,Dania Beach,P0288,2,39.45,0.0
S007213,2026-04-04,Oakland Park,P0004,1,33.33,5.0
S006576,2026-03-09,Oakland Park,P0006,1,18.74,0.0
S004876,2025-12-25,Oakland Park,P0234,2,39.24,0.0
S009632,2026-06-22,Oakland Park,P0120,1,23.21,0.0
S004176,2025-12-10,Dania Beach,P0253,3,12.31,0.0
S007524,2026-04-11,Oakland Park,P0031,2,23.06,2.0
S002495,2025-10-09,Dania Beach,P0181,1,38.54,0.0
S009818,2026-06-30,Oakland Park,P0138,1,18.5,0.0
S007539,2026-04-11,Dania Beach,P0234,2,39.24,0.0
S007555,2026-04-12,Oakland Park,P0204,2,30.89,0.0
S006316,2026-02-27,Dania Beach,P0162,1,9.66,0.0
S009782,6/28/2026,Lake Worth,P0036,1,4.54,0.0
S004191,2025-12-10,LAKE WORTH,P0283,1,41.77,0.0
S003095,2025-11-02,Oakland Park,P0008,1,23.36,2.0
S005188,2025-12-31,Lake Worth,P0079,1,38.19,0.0
S008595,2026-05-12,Lake Worth,P0247,1,11.6,5.0
S002816,2025-10-22,Oakland Park,P0045,1,31.47,0.0
S006765,2026-03-17,lake worth,P0154,1,15.49,0.0
S001048,2025-08-13,Lake Worth,P0005,1,12.32,
S007186,4/3/2026,Oakland Park,P0138,1,18.5,0.0
S000123,2025-07-05,Oakland Park,P0032,1,10.89,0.0
S000119,2025-07-05,Oakland Park,P0089,1,38.61,5.0
S003031,2025-10-30,Dania Beach,P0188,1,14.19,5.0
S005339,2026-01-07,OAKLAND PARK,P0021,1,20.19,0.0
S006329,2026-02-27,Oakland Park,P0258,2,20.03,0.0
S002874,2025-10-24,lake worth,P0091,1,10.86,0.0
S002439,2025-10-06,Dania Beach,P0104,1,23.8,0.0
S003752,2025-11-29,Dania Beach,P0268,1,28.7,0.0
S003237,2025-11-07,Lake Worth,P0223,1,16.45,0.0
S008987,2026-05-28,dania beach,P0047,1,11.39,0.0
S000039,2025-07-02,Dania Beach,P0190,2,31.63,0.0
S007694,2026-04-15,Lake Worth,P0269,1,$19.37,0.0
S000344,2025-07-14,Dania Beach,P0285,1,24.04,0.0
S008478,5/8/2026,Oakland Park,P0027,1,16.28,0.0
S000168,2025-07-06,Oakland Park,P0028,1,22.61,0.0
S002705,2025-10-18,Lake Worth,P0028,1,22.61,
S000366,2025-07-15,Oakland Park,P0097,1,$11.18,0.0
S005704,2026-01-25,Lake Worth,P0258,1,20.03,0.0
S001745,2025-09-09,Dania Beach,P0102,1,$16.27,0.0
S004904,2025-12-26,Oakland Park,P0007,1,18.87,0.0
S001203,2025-08-19,Dania Beach,P0250,1,26.07,0.0
S003545,2025-11-21,Oakland Park,P0229,1,15.22,0.0
S003767,2025-11-30,Oakland Park,P0229,2,15.22,0.0
S003866,2025-12-02,Dania Beach,P0271,1,13.23,5.0
S000435,2025-07-18,Oakland Park,P0184,1,16.92,0.0
S006351,2026-02-28,Lake Worth,P0004,1,33.33,0.0
S001802,2025-09-12,Oakland Park,P0227,1,22.7,2.0
S004670,2025-12-21,Lake Worth,P0134,1,13.77,0.0
S004955,2025-12-27,Lake Worth,P0283,1,41.77,0.0
S007807,2026-04-18,Lake Worth,P0099,1,32.17,0.0
S001297,2025-08-23,Oakland Park,P0142,1,14.84,0.0
S004384,2025-12-14,Dania Beach,P0258,2,20.03,
S001739,2025-09-09,Dania Beach,P0258,1,20.03,2.0
S001046,2025-08-13,Dania Beach,P0274,1,22.73,0.0
S008224,2026-04-28,Lake Worth,P0258,2,20.03,0.0
S009433,2026-06-15,DANIA BEACH,P0157,1,8.43,5.0
S007788,4/18/2026,DANIA BEACH,P0092,1,34.43,0.0
S005601,2026-01-20,Lake Worth,P0229,1,15.22,0.0
S002111,9/24/2025,Dania Beach,P0161,1,43.05,0.0
S001154,8/17/2025,Oakland Park,P0181,1,38.54,0.0
S000111,2025-07-05,Dania Beach,P0258,1,20.03,0.0
S003275,2025-11-09,Lake Worth,P0203,1,28.04,0.0
S001940,2025-09-17,Dania Beach,P0258,1,$20.03,0.0
S002663,2025-10-16,Lake Worth,P0278,1,27.49,0.0
S000581,2025-07-25,Dania Beach,P0163,1,12.13,0.0
S002229,9/29/2025,Oakland Park,P0138,1,18.5,0.0
S003682,2025-11-26,OAKLAND PARK,P0120,1,23.21,0.0
S004974,12/27/2025,Lake Worth,P0093,3,10.98,5.0
S005677,2026-01-24,Dania Beach,P0218,1,12.89,0.0
S005972,2026-02-08,Oakland Park,P0229,1,15.22,2.0
S008467,2026-05-08,Dania Beach,P0261,1,13.52,0.0
S000474,2025-07-19,Lake Worth,P0138,1,18.5,0.0
S008828,5/22/2026,Lake Worth,P0033,1,13.41,0.0
S002381,2025-10-04,Dania Beach,P0060,1,16.29,0.0
S003795,12/1/2025,Lake Worth,P0028,2,22.61,0.0
S002143,2025-09-26,Oakland Park,P0227,1,22.7,2.0
S008145,2026-04-26,Lake Worth,P0261,1,$13.52,0.0
S003884,2025-12-03,Dania Beach,P0258,1,20.03,0.0
S001395,8/27/2025,Lake Worth,P0050,1,16.14,0.0
S000537,2025-07-22,OAKLAND PARK,P0195,1,23.58,0.0
S001554,2025-09-01,Oakland Park,P0245,1,30.57,5.0
S002966,2025-10-28,Oakland Park,P0054,1,38.06,0.0
S003133,2025-11-03,Oakland Park,P0225,1,30.83,0.0
S001204,2025-08-19,Oakland Park,P0258,1,20.03,0.0
S000564,2025-07-24,Dania Beach,P0279,3,5.18,0.0
S005814,2026-01-31,Dania Beach,P0271,1,$13.23,0.0
S003200,2025-11-05,Dania Beach,P0173,1,28.8,0.0
S000554,7/24/2025,Oakland Park,P0093,1,$10.98,0.0
S004535,2025-12-17,Dania Beach,P0233,2,22.74,2.0
S002537,2025-10-11,Lake Worth,P0063,1,32.31,0.0
S004001,2025-12-06,Oakland Park,P0250,1,26.07,0.0
S000921,2025-08-07,Dania Beach,P0288,1,39.45,0.0
S003341,2025-11-12,Dania Beach,P0229,1,15.22,2.0
S002935,2025-10-26,Dania Beach,P0028,1,22.61,2.0
S007596,4/12/2026,Dania Beach,P0198,1,5.19,0.0
S002078,2025-09-23,Dania Beach,P0258,1,20.03,0.0
S001503,2025-08-31,Lake Worth,P0034,1,17.39,5.0
S006984,2026-03-27,Oakland Park,P0021,1,20.19,0.0
S002658,10/16/2025,Oakland Park,P0226,1,19.09,0.0
S009639,2026-06-22,Oakland Park,P0164,1,14.99,0.0
S001511,2025-08-31,Oakland Park,P0024,1,12.01,0.0
S004201,2025-12-10,Oakland Park,P0094,1,15.94,0.0
S004663,2025-12-20,Dania Beach,P0229,1,15.22,0.0
S006855,2026-03-21,Dania Beach,P0028,1,22.61,2.0
S005093,2025-12-29,Oakland Park,P0225,1,30.83,2.0
S003342,2025-11-12,Oakland Park,P0189,1,$8.68,0.0
S000188,7/7/2025,Oakland Park,P0022,1,7.3,0.0
S001842,2025-09-13,Oakland Park,P0091,1,10.86,0.0
S008227,4/28/2026,Lake Worth,P0209,2,38.73,0.0
S009305,2026-06-09,Oakland Park,P0121,1,26.48,0.0
S008301,5/1/2026,OAKLAND PARK,P0258,2,20.03,0.0
S008084,2026-04-25,Oakland Park,P0042,1,16.07,0.0
S006111,2026-02-15,Oakland Park,P0122,1,15.39,0.0
S002091,2025-09-24,oakland park,P0068,1,18.85,0.0
S000501,2025-07-20,Oakland Park,P0114,1,22.91,0.0
S004087,2025-12-07,Lake Worth,P0258,1,20.03,0.0
S003280,2025-11-09,Lake Worth,P0064,1,22.4,0.0
S005889,2026-02-04,Oakland Park,P0033,1,13.41,0.0
S005262,2026-01-03,Dania Beach,P0258,1,20.03,0.0
S001447,2025-08-29,Dania Beach,P0028,1,22.61,0.0
S001516,2025-08-31,Lake Worth,P0091,1,10.86,0.0
S008962,2026-05-27,Lake Worth,P0245,1,30.57,2.0
S001377,2025-08-26,Oakland Park,P0258,2,20.03,0.0
S007259,2026-04-05,Lake Worth,P0293,1,17.47,0.0
S004558,2025-12-18,Lake Worth,P0258,1,20.03,0.0
S006746,2026-03-16,Oakland Park,P0141,1,18.03,0.0
S007103,2026-03-31,Lake Worth,P0258,1,20.03,0.0
S001729,2025-09-08,Dania Beach,P0042,1,16.07,0.0
S006109,2026-02-15,Oakland Park,P0012,1,14.93,0.0
S000263,2025-07-10,Dania Beach,P0162,1,9.66,0.0
S001721,2025-09-08,LAKE WORTH,P0073,1,20.85,0.0
S003600,2025-11-23,Dania Beach,P0226,1,$19.09,0.0
S009835,2026-06-30,Lake Worth,P0171,1,15.79,0.0
S001924,9/17/2025,dania beach,P0008,1,23.36,0.0
S006861,2026-03-21,LAKE WORTH,P0264,1,39.66,2.0
S001687,9/7/2025,Lake Worth,P0001,1,37.04,0.0
S008679,5/16/2026,Lake Worth,P0139,1,25.22,2.0
S007087,2026-03-31,Dania Beach,P0122,1,15.39,0.0
S004744,2025-12-22,Oakland Park,P0124,1,14.5,
S004710,12/21/2025,Oakland Park,P0264,1,$39.66,
S009729,2026-06-26,Lake Worth,P0232,1,35.97,0.0
S003327,2025-11-11,Lake Worth,P0229,2,15.22,0.0
S000583,2025-07-25,Dania Beach,P0130,1,19.21,0.0
S004054,2025-12-07,Oakland Park,P0246,1,14.88,0.0
S007997,2026-04-23,Oakland Park,P0248,1,14.4,0.0
S009685,2026-06-24,Dania Beach,P0101,1,40.29,0.0
S003612,2025-11-23,Dania Beach,P0258,1,20.03,0.0
S001970,2025-09-19,Oakland Park,P0294,1,30.88,0.0
S005086,2025-12-29,Dania Beach,P0149,1,20.51,0.0
S003559,2025-11-21,Dania Beach,P0028,1,22.61,0.0
S007421,2026-04-08,dania beach,P0233,1,22.74,0.0
S001804,2025-09-12,Dania Beach,P0282,1,14.8,0.0
S002245,9/29/2025,Oakland Park,P0123,1,32.28,0.0
S001507,2025-08-31,Lake Worth,P0229,1,15.22,0.0
S002293,2025-10-01,Oakland Park,P0004,1,33.33,0.0
S002311,2025-10-02,Dania Beach,P0258,1,20.03,0.0
S005724,2026-01-27,Dania Beach,P0167,1,11.11,0.0
S001508,2025-08-31,Dania Beach,P0167,3,11.11,5.0
S003801,2025-12-01,Dania Beach,P0286,1,17.06,0.0
S003994,12/6/2025,Lake Worth,P0244,1,7.54,0.0
S002349,2025-10-03,Dania Beach,P0258,1,20.03,0.0
S003009,2025-10-29,Oakland Park,P0108,1,11.87,0.0
S001463,2025-08-29,Dania Beach,P0258,1,20.03,0.0
S007427,4/9/2026,Oakland Park,P0104,1,23.8,0.0
S006350,2026-02-28,Dania Beach,P0258,1,20.03,0.0
S009610,2026-06-21,Lake Worth,P0258,2,20.03,0.0
S001526,2025-08-31,Lake Worth,P0106,1,14.38,5.0
S003284,2025-11-09,Lake Worth,P0193,1,15.19,0.0
S006554,2026-03-08,LAKE WORTH,P0079,1,38.19,0.0
S004269,2025-12-12,Dania Beach,P0230,1,15.88,0.0
S004554,2025-12-18,Dania Beach,P0109,1,19.26,5.0
S009419,2026-06-14,Dania Beach,P0120,1,23.21,0.0
S003161,2025-11-04,Dania Beach,P0051,1,31.0,0.0
S007345,2026-04-06,Oakland Park,P0123,1,32.28,0.0
S006789,3/18/2026,Oakland Park,P0042,1,16.07,0.0
S000278,2025-07-11,Oakland Park,P0042,1,16.07,2.0
S000725,2025-07-30,Oakland Park,P0076,1,28.11,0.0
S001357,2025-08-25,Oakland Park,P0249,1,24.88,0.0
S003897,2025-12-03,Dania Beach,P0196,1,23.33,0.0
S008141,2026-04-26,Oakland Park,P0078,2,34.08,0.0
S007727,2026-04-16,Dania Beach,P0116,1,38.74,0.0
S001032,8/12/2025,Dania Beach,P0016,1,9.61,0.0
S006296,2026-02-26,dania beach,P0082,2,11.34,0.0
S006496,2026-03-06,Lake Worth,P0205,1,34.1,0.0
S007712,4/15/2026,DANIA BEACH,P0298,1,$10.79,0.0
S004773,2025-12-23,Dania Beach,P0258,1,20.03,2.0
S008834,2026-05-22,Dania Beach,P0056,1,$36.04,2.0
S008800,5/21/2026,Lake Worth,P0064,1,22.4,0.0
S001310,2025-08-24,Dania Beach,P0209,1,38.73,0.0
S001672,9/6/2025,oakland park,P0145,1,18.52,0.0
S001616,2025-09-04,OAKLAND PARK,P0229,1,15.22,0.0
S002390,2025-10-05,Dania Beach,P0058,1,6.59,0.0
S006024,2026-02-10,Dania Beach,P0004,1,33.33,
S008353,2026-05-03,LAKE WORTH,P0099,1,32.17,0.0
S001634,2025-09-05,Dania Beach,P0229,1,15.22,0.0
S004475,12/16/2025,Oakland Park,P0057,1,31.85,0.0
S009611,2026-06-21,Dania Beach,P0240,1,29.77,0.0
S002709,2025-10-18,Oakland Park,P0274,1,22.73,2.0
S007245,2026-04-04,LAKE WORTH,P0248,2,14.4,0.0
S009547,6/19/2026,Dania Beach,P0273,1,11.49,0.0
S007222,2026-04-04,Dania Beach,P0141,1,18.03,5.0
S004541,2025-12-18,Lake Worth,P0042,1,16.07,5.0
S007520,2026-04-11,Oakland Park,P0186,2,8.27,0.0
S008782,2026-05-20,Dania Beach,P0274,1,22.73,0.0
S009509,2026-06-18,Dania Beach,P0083,1,9.28,0.0
S002294,2025-10-01,Dania Beach,P0187,1,8.33,0.0
S006191,2026-02-20,Lake Worth,P0163,1,12.13,2.0
S008391,2026-05-05,Dania Beach,P0232,1,35.97,0.0
S008446,2026-05-07,Oakland Park,P0131,1,10.61,0.0
S002433,10/6/2025,Oakland Park,P0059,1,27.7,0.0
S008154,2026-04-26,Dania Beach,P0133,1,31.55,
S008488,2026-05-09,Dania Beach,P0045,1,31.47,0.0
S000664,2025-07-28,Oakland Park,P0250,1,26.07,0.0
S008302,2026-05-02,Oakland Park,P0258,1,$20.03,0.0
S002106,2025-09-24,Oakland Park,P0229,1,15.22,0.0
S007262,2026-04-05,Lake Worth,P0085,1,28.45,0.0
S007974,2026-04-22,Dania Beach,P0095,2,15.25,0.0
S004960,2025-12-27,Dania Beach,P0258,1,20.03,0.0
S004111,2025-12-08,Lake Worth,P0123,1,32.28,0.0
S001200,8/19/2025,Lake Worth,P0188,2,14.19,0.0
S004624,2025-12-20,Oakland Park,P0258,1,20.03,0.0
S005598,2026-01-20,Dania Beach,P0047,2,11.39,0.0
S000137,2025-07-06,Dania Beach,P0251,1,16.69,0.0
S001775,2025-09-10,Oakland Park,P0112,1,9.26,2.0
S008580,2026-05-12,Dania Beach,P0229,1,15.22,0.0
S008104,2026-04-26,Dania Beach,P0198,1,$5.19,0.0
S009524,2026-06-18,Lake Worth,P0270,1,13.93,0.0
S009555,2026-06-20,Dania Beach,P0203,1,28.04,0.0
S000930,2025-08-08,Dania Beach,P0196,1,23.33,0.0
S002765,2025-10-19,Dania Beach,P0258,1,20.03,0.0
S008015,2026-04-23,Dania Beach,P0129,1,7.89,0.0
S008654,2026-05-15,OAKLAND PARK,P0279,1,5.18,0.0
S006031,2026-02-11,Oakland Park,P0123,1,32.28,2.0
S002636,2025-10-15,Dania Beach,P0044,1,16.95,0.0
S009172,2026-06-05,Lake Worth,P0286,1,17.06,
S005466,2026-01-13,Lake Worth,P0156,1,33.24,0.0
S000357,2025-07-14,Dania Beach,P0294,1,30.88,0.0
S004446,2025-12-15,Lake Worth,P0198,1,5.19,5.0
S004079,2025-12-07,Dania Beach,P0258,1,20.03,0.0
S000076,2025-07-03,Dania Beach,P0271,1,13.23,0.0
S006596,2026-03-10,Oakland Park,P0202,1,27.95,0.0
S003114,11/2/2025,Dania Beach,P0233,1,22.74,0.0
S004175,2025-12-10,Oakland Park,P0234,1,39.24,0.0
S009557,2026-06-20,Oakland Park,P0279,1,5.18,0.0
S001354,2025-08-25,Dania Beach,P0112,1,9.26,0.0
S005075,2025-12-29,Oakland Park,P0234,1,39.24,0.0
S000446,7/19/2025,Oakland Park,P0028,1,22.61,0.0
S000434,2025-07-18,Dania Beach,P0203,1,28.04,0.0
S004479,2025-12-16,Oakland Park,P0020,1,24.25,
S003395,2025-11-14,Oakland Park,P0042,1,16.07,0.0
S000852,2025-08-04,Lake Worth,P0109,1,19.26,2.0
S007682,2026-04-14,oakland park,P0037,1,16.2,0.0
S009181,2026-06-05,Oakland Park,P0123,1,32.28,5.0
S000580,2025-07-25,Oakland Park,P0258,1,20.03,
S006586,2026-03-09,Dania Beach,P0292,1,10.79,
S003940,2025-12-04,Dania Beach,P0247,1,$11.6,2.0
S006600,2026-03-10,Lake Worth,P0258,1,20.03,2.0
S007102,2026-03-31,Dania Beach,P0069,1,21.4,0.0
S003377,2025-11-13,Lake Worth,P0099,1,32.17,0.0
S007669,4/14/2026,Lake Worth,P0161,1,43.05,0.0
S003500,11/18/2025,Dania Beach,P0045,1,31.47,0.0
S003817,2025-12-01,Dania Beach,P0253,1,12.31,0.0
S000777,2025-08-02,Dania Beach,P0258,1,20.03,0.0
S004969,12/27/2025,Oakland Park,P0059,2,27.7,0.0
S007317,4/5/2026,Dania Beach,P0058,1,6.59,0.0
S003914,12/4/2025,Dania Beach,P0258,1,20.03,0.0
S002841,2025-10-23,Oakland Park,P0138,1,18.5,0.0
S003698,2025-11-27,Oakland Park,P0058,1,6.59,0.0
S008197,2026-04-27,Oakland Park,P0229,1,15.22,0.0
S004562,2025-12-18,Dania Beach,P0229,2,15.22,2.0
S004134,2025-12-09,Dania Beach,P0100,1,34.67,0.0
S006671,2026-03-14,Lake Worth,P0100,1,34.67,0.0
S005465,1/13/2026,Dania Beach,P0120,1,23.21,5.0
S001563,2025-09-02,Lake Worth,P0259,1,34.69,2.0
S009150,2026-06-03,Dania Beach,P0112,1,9.26,0.0
S003742,2025-11-29,Dania Beach,P0141,1,18.03,0.0
S007529,2026-04-11,Oakland Park,P0176,1,38.34,0.0
S003790,2025-12-01,Dania Beach,P0188,1,14.19,0.0
S008163,2026-04-27,Lake Worth,P0209,1,$38.73,0.0
S002299,2025-10-02,Oakland Park,P0075,1,16.43,2.0
S004044,2025-12-07,Dania Beach,P0028,1,22.61,0.0
S000170,2025-07-06,Dania Beach,P0288,1,39.45,0.0
S004219,12/11/2025,Lake Worth,P0241,1,10.09,0.0
S005323,2026-01-06,Dania Beach,P0161,2,43.05,0.0
S001159,2025-08-17,Lake Worth,P0209,1,38.73,0.0
S008292,2026-05-01,dania beach,P0028,1,22.61,2.0
S000516,2025-07-21,Oakland Park,P0258,1,20.03,5.0
S002178,2025-09-27,Oakland Park,P0044,1,16.95,0.0
S009262,2026-06-07,Dania Beach,P0134,1,13.77,0.0
S006151,2026-02-18,DANIA BEACH,P0284,3,19.93,0.0
S003504,2025-11-19,Oakland Park,P0300,1,15.39,0.0
S000502,2025-07-20,Lake Worth,P0181,1,38.54,0.0
S005176,2025-12-31,Dania Beach,P0258,1,20.03,0.0
S009339,2026-06-11,Oakland Park,P0192,1,9.96,0.0
S004534,2025-12-17,Lake Worth,P0280,3,15.83,0.0
S009143,2026-06-03,Lake Worth,P0116,1,38.74,0.0
S003168,2025-11-04,Dania Beach,P0209,1,38.73,0.0
S006688,2026-03-14,Dania Beach,P0258,1,20.03,0.0
S003228,2025-11-07,Oakland Park,P0180,1,14.34,0.0
S000878,8/5/2025,Dania Beach,P0045,1,31.47,0.0
S006144,2026-02-17,Oakland Park,P0157,1,8.43,
S003701,2025-11-27,Lake Worth,P0229,1,15.22,0.0
S005198,2025-12-31,Dania Beach,P0121,1,26.48,2.0
S003839,2025-12-02,Lake Worth,P0061,1,13.54,0.0
S005477,2026-01-14,Oakland Park,P0121,1,26.48,0.0
S006668,3/14/2026,Oakland Park,P0125,1,30.0,0.0
S005892,2/4/2026,Dania Beach,P0229,1,15.22,0.0
S006492,2026-03-06,Dania Beach,P0258,1,20.03,0.0
S009504,2026-06-18,Oakland Park,P0274,1,22.73,0.0
S009053,2026-05-31,Oakland Park,P0219,1,19.95,2.0
S002254,2025-09-30,Dania Beach,P0120,1,23.21,0.0
S004090,2025-12-08,Dania Beach,P0141,1,18.03,0.0
S009796,2026-06-29,Oakland Park,P0229,1,15.22,
S006207,2/21/2026,Oakland Park,P0157,1,8.43,2.0
S004140,2025-12-09,Oakland Park,P0244,1,7.54,0.0
S009470,2026-06-16,Lake Worth,P0198,1,$5.19,0.0
S008809,2026-05-21,oakland park,P0028,2,22.61,0.0
S009775,2026-06-28,Dania Beach,P0280,1,15.83,0.0
S009460,2026-06-16,Dania Beach,P0147,1,40.67,2.0
S002366,2025-10-04,Oakland Park,P0279,1,5.18,0.0
S007344,2026-04-06,Oakland Park,P0071,2,14.0,0.0
S002107,9/24/2025,Oakland Park,P0116,1,38.74,5.0
S007987,2026-04-23,Dania Beach,P0181,1,38.54,0.0
S007585,2026-04-12,Oakland Park,P0181,1,38.54,0.0
S008947,2026-05-26,Dania Beach,P0100,1,34.67,0.0
S006630,2026-03-11,Oakland Park,P0288,1,39.45,0.0
S002673,10/17/2025,Dania Beach,P0196,1,23.33,0.0
S004569,2025-12-18,Oakland Park,P0258,1,20.03,0.0
S009429,6/14/2026,dania beach,P0245,1,$30.57,0.0
S006902,2026-03-23,Dania Beach,P0058,1,6.59,0.0
S008380,2026-05-04,Lake Worth,P0298,1,10.79,0.0
S003749,2025-11-29,Oakland Park,P0229,2,15.22,0.0
S000143,2025-07-06,Dania Beach,P0229,1,15.22,2.0
S000131,2025-07-05,dania beach,P0209,1,38.73,0.0
S000442,2025-07-19,Lake Worth,P0258,1,$20.03,0.0
S009323,6/11/2026,Lake Worth,P0043,1,11.96,0.0
S001551,2025-09-01,Dania Beach,P0181,1,38.54,0.0
S008708,2026-05-17,oakland park,P0286,1,17.06,0.0
S004725,2025-12-22,Dania Beach,P0149,2,20.51,0.0
S004292,2025-12-13,Oakland Park,P0069,1,21.4,
S009620,2026-06-22,Dania Beach,P0044,1,$16.95,0.0
S001438,2025-08-28,Dania Beach,P0121,1,26.48,0.0
S008704,2026-05-17,Oakland Park,P0018,1,11.18,0.0
S001328,2025-08-24,Oakland Park,P0100,1,34.67,0.0
S005130,2025-12-30,Oakland Park,P0277,1,12.14,0.0
S004673,2025-12-21,Oakland Park,P0014,1,41.58,0.0
S006574,2026-03-09,Oakland Park,P0012,1,14.93,0.0
S005740,2026-01-28,Dania Beach,P0098,1,12.85,2.0
S004643,2025-12-20,Oakland Park,P0133,1,31.55,0.0
S004762,2025-12-23,Oakland Park,P0181,1,38.54,
S008260,2026-04-30,Dania Beach,P0125,1,30.0,0.0
S000310,2025-07-12,Dania Beach,P0112,1,9.26,2.0
S001763,2025-09-10,Dania Beach,P0112,2,9.26,0.0
S007637,2026-04-13,Dania Beach,P0225,1,30.83,0.0
S004733,2025-12-22,Lake Worth,P0017,1,13.63,0.0
S005175,2025-12-31,DANIA BEACH,P0229,1,15.22,0.0
S004601,12/19/2025,Dania Beach,P0229,1,$15.22,0.0
S008929,2026-05-25,Dania Beach,P0233,1,$22.74,0.0
S006683,2026-03-14,Dania Beach,P0229,1,15.22,5.0
S003180,11/5/2025,Dania Beach,P0079,1,38.19,0.0
S003242,11/8/2025,Dania Beach,P0229,1,15.22,
S006850,2026-03-21,Oakland Park,P0112,1,$9.26,0.0
S004311,12/13/2025,Oakland Park,P0077,2,38.06,0.0
S002840,2025-10-23,Lake Worth,P0079,1,38.19,0.0
S007086,2026-03-31,Lake Worth,P0028,1,22.61,0.0
S008949,2026-05-26,DANIA BEACH,P0233,2,22.74,0.0
S009631,2026-06-22,Oakland Park,P0229,1,15.22,0.0
S005324,2026-01-06,Dania Beach,P0138,1,18.5,0.0
S006963,2026-03-26,Lake Worth,P0229,1,15.22,0.0
S001621,2025-09-04,Oakland Park,P0112,1,9.26,0.0
S001337,2025-08-24,Oakland Park,P0184,1,16.92,0.0
S005982,2026-02-08,Lake Worth,P0258,1,20.03,0.0
S003601,2025-11-23,Dania Beach,P0145,1,$18.52,5.0
S009534,2026-06-19,Dania Beach,P0205,1,34.1,5.0
S000311,2025-07-12,Dania Beach,P0203,1,28.04,0.0
S004179,2025-12-10,Oakland Park,P0130,1,19.21,0.0
S009839,2026-06-30,Oakland Park,P0253,1,12.31,0.0
S004832,2025-12-24,Dania Beach,P0229,1,15.22,0.0
S000034,2025-07-02,Dania Beach,P0060,1,$16.29,0.0
S001864,2025-09-14,Lake Worth,P0123,1,32.28,0.0
S006131,2026-02-16,oakland park,P0173,2,28.8,0.0
S003289,2025-11-09,Dania Beach,P0254,1,15.72,0.0
S007152,4/2/2026,Dania Beach,P0223,1,16.45,0.0
S001198,2025-08-19,Oakland Park,P0258,1,20.03,0.0
S009245,2026-06-07,Dania Beach,P0181,1,38.54,0.0
S008005,2026-04-23,Lake Worth,P0229,1,15.22,0.0
S006618,2026-03-11,Dania Beach,P0117,1,13.24,0.0
S006505,2026-03-06,Lake Worth,P0229,2,15.22,2.0
S008915,2026-05-24,Dania Beach,P0189,1,8.68,5.0
S002530,2025-10-11,Oakland Park,P0127,1,26.3,0.0
S008010,2026-04-23,Oakland Park,P0286,1,17.06,0.0
S000233,2025-07-09,OAKLAND PARK,P0145,1,$18.52,0.0
S001019,2025-08-12,Oakland Park,P0271,1,13.23,0.0
S006712,2026-03-15,DANIA BEACH,P0266,1,28.75,0.0
S007388,4/8/2026,Oakland Park,P0193,1,15.19,0.0
S000359,2025-07-15,Oakland Park,P0123,1,32.28,0.0
S002466,2025-10-07,Dania Beach,P0028,1,22.61,0.0
S003105,2025-11-02,Oakland Park,P0071,1,14.0,0.0
S003750,2025-11-29,Dania Beach,P0258,1,20.03,0.0
S001252,2025-08-21,Lake Worth,P0193,1,15.19,0.0
S008626,2026-05-14,Lake Worth,P0229,1,15.22,2.0
S004485,2025-12-16,Oakland Park,P0024,1,12.01,
S004582,2025-12-19,Oakland Park,P0229,3,15.22,0.0
S006644,2026-03-12,Dania Beach,P0227,1,22.7,0.0
S002074,2025-09-23,Lake Worth,P0112,3,9.26,0.0
S005330,2026-01-06,Oakland Park,P0138,1,18.5,0.0
S000080,2025-07-04,Oakland Park,P0188,1,14.19,0.0
S004896,12/26/2025,Oakland Park,P0200,1,20.12,5.0
S004578,12/19/2025,Lake Worth,P0005,1,12.32,0.0
S004821,2025-12-24,Lake Worth,P0198,1,5.19,0.0
S000535,2025-07-22,Oakland Park,P0149,1,20.51,2.0
S006845,2026-03-20,Lake Worth,P0157,1,8.43,0.0
S003397,2025-11-14,Dania Beach,P0106,1,14.38,0.0
S002202,2025-09-28,Dania Beach,P0231,2,16.4,0.0
S003502,2025-11-18,dania beach,P0112,1,9.26,0.0
S005540,2026-01-17,Lake Worth,P0027,1,16.28,0.0
S004552,2025-12-18,Oakland Park,P0068,1,18.85,0.0
S006371,3/1/2026,Oakland Park,P0126,1,18.39,0.0
S001682,2025-09-07,Lake Worth,P0157,1,8.43,0.0
S008136,2026-04-26,Dania Beach,P0151,2,22.36,0.0
S003584,2025-11-22,Dania Beach,P0298,1,10.79,0.0
S007234,2026-04-04,Dania Beach,P0157,1,8.43,0.0
S003250,2025-11-08,Dania Beach,P0088,2,14.79,0.0
S001091,2025-08-15,Dania Beach,P0234,1,39.24,5.0
S000562,7/24/2025,Dania Beach,P0279,1,5.18,0.0
S006521,2026-03-07,Dania Beach,P0141,1,18.03,0.0
S002616,2025-10-14,Dania Beach,P0258,1,20.03,0.0
S007025,2026-03-28,Lake Worth,P0123,1,32.28,0.0
S009455,2026-06-15,Dania Beach,P0200,1,20.12,
S008498,2026-05-09,Oakland Park,P0249,1,24.88,0.0
S008029,2026-04-24,Oakland Park,P0062,1,34.29,0.0
S003477,2025-11-17,Lake Worth,P0215,1,5.21,0.0
S004289,2025-12-13,Dania Beach,P0068,1,18.85,0.0
S002771,10/19/2025,Dania Beach,P0120,1,$23.21,0.0
S003178,2025-11-05,Dania Beach,P0225,1,$30.83,0.0
S000666,2025-07-28,Dania Beach,P0229,1,15.22,0.0
S003821,2025-12-01,Lake Worth,P0094,1,15.94,0.0
S002291,2025-10-01,Oakland Park,P0192,1,9.96,0.0
S009566,2026-06-20,Lake Worth,P0225,1,30.83,0.0
S003652,2025-11-25,Dania Beach,P0016,1,9.61,0.0
S000530,7/22/2025,Lake Worth,P0008,1,23.36,0.0
S001003,2025-08-11,Oakland Park,P0028,1,22.61,0.0
S008692,2026-05-16,Dania Beach,P0033,2,13.41,0.0
S000964,2025-08-10,Oakland Park,P0099,1,32.17,
S003631,2025-11-24,Dania Beach,P0229,1,15.22,0.0
S007091,2026-03-31,Oakland Park,P0112,1,9.26,0.0
S000708,2025-07-30,Lake Worth,P0290,1,44.36,0.0
S002507,2025-10-09,Lake Worth,P0189,1,8.68,5.0
S006192,2026-02-20,Lake Worth,P0113,2,15.71,0.0
S008435,5/7/2026,Dania Beach,P0004,1,33.33,0.0
S007685,2026-04-15,Dania Beach,P0209,1,38.73,0.0
S007897,2026-04-20,Dania Beach,P0229,1,15.22,0.0
S006411,2026-03-03,lake worth,P0193,1,15.19,0.0
S008211,2026-04-28,Dania Beach,P0069,1,21.4,0.0
S009022,2026-05-30,Dania Beach,P0042,2,16.07,0.0
S004089,2025-12-07,Dania Beach,P0258,1,20.03,5.0
S006750,2026-03-17,LAKE WORTH,P0121,1,26.48,0.0
S005748,2026-01-28,Oakland Park,P0229,2,15.22,5.0
S009532,2026-06-19,Oakland Park,P0115,1,35.88,2.0
S004186,2025-12-10,Dania Beach,P0113,1,15.71,0.0
S009493,2026-06-17,Dania Beach,P0093,1,10.98,0.0
S004407,2025-12-15,Oakland Park,P0063,1,32.31,0.0
S005794,2026-01-31,Lake Worth,P0226,1,19.09,0.0
S004355,2025-12-14,Dania Beach,P0195,1,23.58,0.0
S003291,2025-11-09,Dania Beach,P0219,1,19.95,2.0
S007873,2026-04-19,Dania Beach,P0258,1,20.03,0.0
S008032,2026-04-24,Oakland Park,P0250,1,26.07,5.0
S006770,2026-03-18,Lake Worth,P0123,1,32.28,0.0
S006457,3/4/2026,Dania Beach,P0258,3,20.03,0.0
S009709,6/25/2026,Oakland Park,P0250,1,26.07,
S003588,2025-11-22,Lake Worth,P0249,1,24.88,0.0
S004807,2025-12-23,Dania Beach,P0181,1,38.54,0.0
S004354,2025-12-14,Dania Beach,P0025,1,37.2,0.0
S008850,2026-05-23,Lake Worth,P0250,1,26.07,0.0
S004884,2025-12-25,Oakland Park,P0095,1,15.25,0.0
S000892,8/6/2025,Oakland Park,P0099,1,32.17,0.0
S009214,2026-06-06,Oakland Park,P0260,1,16.34,0.0
S001446,2025-08-29,Dania Beach,P0100,1,34.67,0.0
S003418,2025-11-15,Dania Beach,P0232,1,35.97,0.0
S005267,2026-01-03,Lake Worth,P0189,1,8.68,0.0
S004764,2025-12-23,Lake Worth,P0028,1,22.61,0.0
S005537,2026-01-17,Lake Worth,P0293,1,17.47,0.0
S009448,2026-06-15,Dania Beach,P0071,2,14.0,2.0
S002174,2025-09-27,Dania Beach,P0202,1,27.95,0.0
S001561,9/2/2025,Oakland Park,P0150,1,$8.12,0.0
S000736,2025-07-31,Oakland Park,P0033,1,13.41,0.0
S007834,2026-04-18,Dania Beach,P0164,1,14.99,0.0
S005572,2026-01-19,Oakland Park,P0091,1,$10.86,0.0
S005240,2026-01-02,Oakland Park,P0297,1,17.64,2.0
S005577,2026-01-19,Dania Beach,P0268,1,28.7,0.0
S002394,2025-10-05,Dania Beach,P0238,3,9.91,2.0
S006532,2026-03-07,Lake Worth,P0036,1,4.54,0.0
S008173,2026-04-27,Lake Worth,P0252,1,18.54,0.0
S001814,2025-09-12,Dania Beach,P0099,1,32.17,0.0
S001305,2025-08-24,Oakland Park,P0271,1,13.23,2.0
S003426,2025-11-15,Dania Beach,P0158,1,15.94,0.0
S001427,2025-08-28,DANIA BEACH,P0034,1,17.39,0.0
S008676,2026-05-16,Lake Worth,P0234,1,39.24,0.0
S006958,2026-03-25,Dania Beach,P0138,1,18.5,
S002228,2025-09-29,Oakland Park,P0252,1,18.54,0.0
S009116,2026-06-02,Dania Beach,P0250,1,26.07,2.0
S005689,2026-01-24,Oakland Park,P0060,1,16.29,0.0
S003861,2025-12-02,Dania Beach,P0124,1,14.5,0.0
S006347,2026-02-28,Dania Beach,P0250,2,26.07,0.0
S005479,2026-01-14,Dania Beach,P0140,1,17.16,0.0
S006235,2026-02-22,Oakland Park,P0090,1,39.67,0.0
S000190,2025-07-07,Oakland Park,P0254,1,15.72,2.0
S009587,2026-06-21,Dania Beach,P0181,1,38.54,2.0
S005316,2026-01-05,Oakland Park,P0245,1,30.57,0.0
S006523,2026-03-07,dania beach,P0138,1,18.5,0.0
S002506,10/9/2025,OAKLAND PARK,P0028,2,22.61,5.0
S005165,2025-12-30,Oakland Park,P0233,1,22.74,2.0
S000790,2025-08-02,Lake Worth,P0120,1,23.21,0.0
S005035,2025-12-28,Dania Beach,P0109,1,19.26,
S006229,2026-02-22,Lake Worth,P0048,3,43.54,0.0
S009618,2026-06-21,Oakland Park,P0165,1,17.48,0.0
S000122,2025-07-05,Dania Beach,P0028,1,22.61,0.0
S008898,2026-05-24,Dania Beach,P0071,1,14.0,0.0
S009410,2026-06-14,Dania Beach,P0222,1,25.03,0.0
S000286,7/12/2025,Oakland Park,P0025,1,37.2,0.0
S002300,2025-10-02,Oakland Park,P0069,1,21.4,0.0
S000665,2025-07-28,Lake Worth,P0112,1,9.26,0.0
S009675,2026-06-24,Dania Beach,P0272,1,18.29,0.0
S006562,3/8/2026,Dania Beach,P0108,1,11.87,0.0
S003852,2025-12-02,Oakland Park,P0069,1,21.4,0.0
S004729,2025-12-22,Dania Beach,P0059,1,27.7,0.0
S008785,5/20/2026,Dania Beach,P0063,1,$32.31,0.0
S001633,2025-09-05,Dania Beach,P0139,2,25.22,0.0
S004981,2025-12-27,Dania Beach,P0258,1,20.03,2.0
S009582,2026-06-21,Dania Beach,P0099,1,32.17,0.0
S005499,2026-01-15,Oakland Park,P0058,1,$6.59,0.0
S009580,2026-06-21,DANIA BEACH,P0141,1,18.03,0.0
S000450,2025-07-19,Dania Beach,P0138,1,18.5,0.0
S007516,2026-04-11,Oakland Park,P0091,1,10.86,0.0
S000595,2025-07-26,Dania Beach,P0012,1,14.93,0.0
S000905,2025-08-07,Dania Beach,P0100,1,34.67,0.0
S003479,2025-11-17,Oakland Park,P0196,2,23.33,
S008167,2026-04-27,Oakland Park,P0130,1,19.21,2.0
S008480,2026-05-08,Dania Beach,P0258,1,$20.03,0.0
S004750,2025-12-22,lake worth,P0182,1,25.07,0.0
S002563,2025-10-12,Oakland Park,P0215,1,5.21,0.0
S005798,2026-01-31,Oakland Park,P0253,1,12.31,0.0
S002436,2025-10-06,Oakland Park,P0043,1,11.96,0.0
S005118,2025-12-29,Lake Worth,P0284,1,19.93,0.0
S007288,2026-04-05,Dania Beach,P0071,1,14.0,0.0
S009052,2026-05-31,dania beach,P0234,1,39.24,2.0
S002482,2025-10-08,Dania Beach,P0016,1,9.61,0.0
S000266,2025-07-11,Oakland Park,P0036,1,$4.54,0.0
S002972,2025-10-28,LAKE WORTH,P0258,2,20.03,2.0
S007794,2026-04-18,Dania Beach,P0188,1,14.19,0.0
S004592,2025-12-19,Lake Worth,P0028,1,22.61,0.0
S008928,5/25/2026,Dania Beach,P0249,2,24.88,5.0
S002786,2025-10-20,Dania Beach,P0034,1,17.39,0.0
S007622,2026-04-13,Lake Worth,P0229,1,15.22,0.0
S000317,2025-07-13,Dania Beach,P0058,1,6.59,0.0
S000296,2025-07-12,Oakland Park,P0041,2,11.22,0.0
S004278,2025-12-12,Lake Worth,P0205,1,$34.1,
S001589,2025-09-03,Lake Worth,P0225,1,30.83,0.0
S002476,2025-10-08,oakland park,P0022,1,7.3,0.0
S006999,2026-03-28,Lake Worth,P0232,1,$35.97,0.0
S001916,2025-09-16,Lake Worth,P0191,1,35.79,0.0
S008593,2026-05-12,Oakland Park,P0186,1,8.27,0.0
S008398,2026-05-05,Oakland Park,P0250,3,26.07,2.0
S002341,2025-10-03,Oakland Park,P0048,1,43.54,0.0
S006620,2026-03-11,Oakland Park,P0258,1,20.03,0.0
S009800,2026-06-29,Lake Worth,P0250,1,26.07,0.0
S008609,2026-05-13,Dania Beach,P0258,2,20.03,5.0
S009809,2026-06-29,Oakland Park,P0284,1,19.93,5.0
S002538,2025-10-11,Dania Beach,P0014,1,41.58,0.0
S002031,2025-09-21,Dania Beach,P0258,1,20.03,0.0
S000194,2025-07-07,Dania Beach,P0165,1,17.48,5.0
S002528,2025-10-11,Dania Beach,P0205,1,34.1,0.0
S009089,2026-06-01,Oakland Park,P0051,1,31.0,0.0
S009265,6/7/2026,Dania Beach,P0282,1,14.8,2.0
S008456,5/7/2026,OAKLAND PARK,P0226,1,19.09,0.0
S009062,5/31/2026,Dania Beach,P0028,1,22.61,0.0
S007151,2026-04-02,LAKE WORTH,P0045,1,31.47,0.0
S004381,2025-12-14,dania beach,P0258,1,20.03,0.0
S002655,2025-10-16,Lake Worth,P0135,1,18.06,0.0
S003122,11/2/2025,Dania Beach,P0188,1,14.19,
S005760,2026-01-29,Lake Worth,P0298,1,10.79,0.0
S002064,2025-09-22,Lake Worth,P0173,1,28.8,0.0
S005567,1/19/2026,Dania Beach,P0099,1,32.17,0.0
S002922,2025-10-26,Oakland Park,P0060,1,16.29,
S002646,2025-10-15,Dania Beach,P0067,1,22.05,0.0
S004252,2025-12-12,Dania Beach,P0272,1,18.29,0.0
S009209,6/6/2026,Dania Beach,P0100,1,34.67,2.0
S005665,2026-01-24,Lake Worth,P0091,1,10.86,0.0
S005571,2026-01-19,Oakland Park,P0229,1,15.22,0.0
S002851,10/23/2025,Oakland Park,P0130,1,19.21,0.0
S004586,2025-12-19,Lake Worth,P0040,1,30.27,0.0
S000874,2025-08-05,Dania Beach,P0232,1,35.97,0.0
S004306,2025-12-13,Oakland Park,P0031,1,23.06,2.0
S003982,2025-12-05,Oakland Park,P0028,1,22.61,0.0
S005652,2026-01-23,Dania Beach,P0041,1,11.22,0.0
S000551,2025-07-24,Oakland Park,P0019,1,19.0,0.0
S003476,11/17/2025,Oakland Park,P0235,1,21.78,0.0
S009287,2026-06-08,Dania Beach,P0069,1,21.4,0.0
S009335,2026-06-11,Dania Beach,P0053,1,11.0,0.0
S000703,7/30/2025,Dania Beach,P0051,1,31.0,5.0
S008066,2026-04-25,Oakland Park,P0060,1,16.29,0.0
S002061,9/22/2025,Dania Beach,P0102,1,16.27,0.0
S004124,2025-12-09,Dania Beach,P0258,2,20.03,0.0
S005341,2026-01-07,Oakland Park,P0112,1,9.26,0.0
S005639,2026-01-22,Dania Beach,P0016,1,9.61,0.0
S007978,2026-04-22,Oakland Park,P0024,2,12.01,0.0
S007838,2026-04-19,Dania Beach,P0258,1,20.03,0.0
S009028,2026-05-30,Dania Beach,P0258,1,$20.03,0.0
S007757,2026-04-17,Oakland Park,P0229,1,15.22,0.0
S001990,9/20/2025,Dania Beach,P0054,1,$38.06,
S003316,2025-11-10,Dania Beach,P0037,1,16.2,0.0
S001776,2025-09-10,Oakland Park,P0059,1,27.7,0.0
S009073,2026-05-31,Dania Beach,P0063,1,32.31,0.0
S001535,2025-09-01,Dania Beach,P0123,1,32.28,0.0
S006564,2026-03-08,Dania Beach,P0253,1,12.31,0.0
S009491,6/17/2026,Dania Beach,P0028,1,22.61,0.0
S002118,2025-09-25,Oakland Park,P0087,1,10.56,0.0
S001945,2025-09-18,Dania Beach,P0060,1,16.29,0.0
S003832,2025-12-02,Dania Beach,P0116,1,38.74,0.0
S000688,2025-07-29,Oakland Park,P0258,2,20.03,2.0
S005746,2026-01-28,Oakland Park,P0255,1,34.26,0.0
S006959,3/25/2026,Dania Beach,P0258,1,20.03,0.0
S008634,2026-05-14,Oakland Park,P0104,2,23.8,0.0
S004742,2025-12-22,Lake Worth,P0028,3,22.61,0.0
S008633,2026-05-14,Oakland Park,P0299,1,6.83,5.0
S007322,2026-04-06,Oakland Park,P0160,1,15.14,0.0
S007253,2026-04-04,Oakland Park,P0107,1,35.69,0.0
S005545,2026-01-18,Lake Worth,P0034,1,17.39,0.0
S005569,2026-01-19,Oakland Park,P0258,1,20.03,
S008159,2026-04-27,Dania Beach,P0264,1,39.66,2.0
S004073,2025-12-07,Dania Beach,P0087,1,10.56,0.0
S001304,8/23/2025,lake worth,P0120,3,23.21,2.0
S001512,2025-08-31,Oakland Park,P0177,1,14.51,
S004202,2025-12-10,dania beach,P0003,1,11.11,0.0
S008578,2026-05-12,Oakland Park,P0151,1,22.36,0.0
S000566,2025-07-24,LAKE WORTH,P0234,1,39.24,0.0
S007769,2026-04-17,Dania Beach,P0028,1,22.61,0.0
S003681,2025-11-26,Dania Beach,P0244,1,7.54,
S000906,2025-08-07,Lake Worth,P0006,1,18.74,0.0
S000513,2025-07-21,Oakland Park,P0024,1,12.01,5.0
S008020,2026-04-24,Dania Beach,P0232,2,35.97,0.0
S003868,2025-12-02,Oakland Park,P0298,1,10.79,0.0
S009259,2026-06-07,Dania Beach,P0245,1,30.57,5.0
S003659,2025-11-25,Oakland Park,P0017,1,13.63,
S007924,4/21/2026,Lake Worth,P0199,1,11.97,0.0
S008860,2026-05-23,Dania Beach,P0045,1,31.47,2.0
S004118,2025-12-09,Oakland Park,P0099,1,32.17,0.0
S002130,9/25/2025,Dania Beach,P0104,1,23.8,0.0
S002702,2025-10-18,Oakland Park,P0225,1,30.83,0.0
S006538,2026-03-08,Oakland Park,P0288,1,39.45,0.0
S007850,2026-04-19,Dania Beach,P0100,2,34.67,0.0
S004012,2025-12-06,Dania Beach,P0283,1,41.77,
S007963,2026-04-22,Dania Beach,P0034,1,17.39,0.0
S005949,2026-02-07,Oakland Park,P0112,1,9.26,0.0
S008551,5/11/2026,Lake Worth,P0253,1,12.31,2.0
S004609,12/20/2025,Oakland Park,P0280,3,15.83,0.0
S005047,12/28/2025,Oakland Park,P0076,1,28.11,5.0
S004061,2025-12-07,Oakland Park,P0181,1,38.54,0.0
S008851,2026-05-23,oakland park,P0229,1,15.22,0.0
S006123,2026-02-16,Dania Beach,P0120,1,23.21,0.0
S008849,2026-05-22,Lake Worth,P0266,1,28.75,0.0
S000018,2025-07-02,Dania Beach,P0141,1,$18.03,0.0
S004163,2025-12-10,Dania Beach,P0102,1,16.27,0.0
S003549,2025-11-21,Oakland Park,P0131,1,10.61,0.0
S006431,2026-03-03,Lake Worth,P0099,1,32.17,0.0
S008951,2026-05-26,Oakland Park,P0286,1,17.06,0.0
S006666,2026-03-14,Lake Worth,P0090,1,39.67,0.0
S000077,2025-07-04,Dania Beach,P0077,1,38.06,0.0
S004350,2025-12-14,Oakland Park,P0033,1,13.41,0.0
S007574,2026-04-12,Dania Beach,P0141,1,18.03,0.0
S005675,1/24/2026,Lake Worth,P0107,1,35.69,0.0
S004497,2025-12-17,Dania Beach,P0258,1,$20.03,0.0
S007337,2026-04-06,DANIA BEACH,P0099,1,32.17,0.0
S002714,2025-10-18,Dania Beach,P0253,1,12.31,0.0
S009318,6/10/2026,Lake Worth,P0123,1,32.28,0.0
S005947,2026-02-07,Lake Worth,P0031,1,23.06,0.0
S006583,2026-03-09,Dania Beach,P0191,1,35.79,0.0
S007405,2026-04-08,Lake Worth,P0120,2,23.21,0.0
S006913,2026-03-23,Dania Beach,P0192,2,9.96,0.0
S003570,2025-11-22,Oakland Park,P0181,1,38.54,0.0
S001680,2025-09-06,Dania Beach,P0033,1,13.41,0.0
S006766,2026-03-17,Lake Worth,P0245,1,30.57,0.0
S009619,6/22/2026,Oakland Park,P0138,1,18.5,2.0
S005085,2025-12-29,Dania Beach,P0022,1,7.3,0.0
S007332,4/6/2026,Dania Beach,P0277,1,12.14,0.0
S001777,2025-09-10,Oakland Park,P0250,2,26.07,0.0
S001417,2025-08-27,Dania Beach,P0027,1,16.28,2.0
S001818,9/12/2025,Lake Worth,P0264,1,39.66,0.0
S003889,2025-12-03,Oakland Park,P0255,1,34.26,0.0
S005327,2026-01-06,Dania Beach,P0263,1,24.16,0.0
S003996,2025-12-06,Dania Beach,P0033,2,13.41,0.0
S003670,2025-11-26,Dania Beach,P0258,1,20.03,0.0
S001597,2025-09-03,Dania Beach,P0021,1,20.19,0.0
S007940,4/21/2026,Dania Beach,P0152,1,10.83,0.0
S000262,2025-07-10,Oakland Park,P0120,1,23.21,0.0
S006664,2026-03-13,Lake Worth,P0253,1,12.31,0.0
S003875,2025-12-03,Dania Beach,P0133,1,31.55,0.0
S005901,2026-02-04,Oakland Park,P0002,1,33.09,0.0
S002776,2025-10-20,Dania Beach,P0168,1,9.03,2.0
S009576,6/20/2026,Oakland Park,P0259,1,34.69,0.0
S002239,9/29/2025,oakland park,P0200,1,20.12,0.0
S007831,2026-04-18,Dania Beach,P0134,1,13.77,0.0
S003166,2025-11-04,Dania Beach,P0229,1,15.22,0.0
S001617,2025-09-04,Dania Beach,P0258,1,20.03,0.0
S005663,2026-01-24,Lake Worth,P0048,3,$43.54,0.0
S005608,2026-01-21,Lake Worth,P0025,1,37.2,0.0
S001061,2025-08-13,Dania Beach,P0028,1,22.61,0.0
S004563,2025-12-18,Lake Worth,P0279,1,5.18,0.0
S001175,2025-08-18,Dania Beach,P0266,1,28.75,0.0
S005514,2026-01-16,Dania Beach,P0138,1,18.5,0.0
S006121,2026-02-16,Dania Beach,P0188,1,14.19,2.0
S002127,2025-09-25,Oakland Park,P0251,3,16.69,0.0
S001985,2025-09-20,Lake Worth,P0205,1,34.1,0.0
S002250,2025-09-29,Oakland Park,P0253,1,12.31,0.0
S006914,2026-03-23,Oakland Park,P0059,1,27.7,0.0
S000178,2025-07-06,Oakland Park,P0197,1,24.23,0.0
S005683,2026-01-24,Lake Worth,P0054,1,38.06,0.0
S005305,2026-01-05,Dania Beach,P0247,2,11.6,
S000689,2025-07-29,Dania Beach,P0296,2,10.05,0.0
S003943,2025-12-05,Oakland Park,P0004,1,33.33,0.0
S006692,2026-03-14,Dania Beach,P0264,1,39.66,0.0
S001900,2025-09-16,Dania Beach,P0120,1,23.21,0.0
S004102,2025-12-08,Dania Beach,P0015,1,10.97,0.0
S009312,2026-06-10,Oakland Park,P0081,1,12.2,0.0
S009745,2026-06-27,Lake Worth,P0138,1,18.5,0.0
S008487,2026-05-09,Oakland Park,P0126,1,18.39,2.0
S004853,2025-12-25,Lake Worth,P0022,1,$7.3,0.0
S004346,2025-12-14,Lake Worth,P0250,1,26.07,0.0
S009031,2026-05-30,Dania Beach,P0201,1,$37.27,0.0
S008583,2026-05-12,Oakland Park,P0126,1,18.39,2.0
S006909,2026-03-23,Dania Beach,P0217,1,17.82,0.0
S000705,2025-07-30,Oakland Park,P0240,1,29.77,0.0
S009210,2026-06-06,Oakland Park,P0120,1,23.21,2.0
S003254,2025-11-08,Dania Beach,P0233,1,22.74,5.0
S006045,2/12/2026,Dania Beach,P0258,1,20.03,0.0
S004190,2025-12-10,Dania Beach,P0251,1,16.69,0.0
S002651,2025-10-15,dania beach,P0228,1,12.36,0.0
S002069,9/23/2025,Oakland Park,P0250,1,26.07,0.0
S003883,2025-12-03,Oakland Park,P0178,1,35.29,0.0
S000642,2025-07-27,Lake Worth,P0060,3,16.29,0.0
S002119,2025-09-25,Lake Worth,P0229,1,15.22,0.0
S007431,2026-04-09,Lake Worth,P0250,1,26.07,0.0
S005933,2026-02-06,Oakland Park,P0138,1,18.5,0.0
S009764,2026-06-27,oakland park,P0290,1,44.36,
S009238,2026-06-07,Lake Worth,P0169,1,28.05,2.0
S003917,2025-12-04,Oakland Park,P0095,1,15.25,0.0
S008255,2026-04-30,dania beach,P0181,1,38.54,0.0
S007276,4/5/2026,LAKE WORTH,P0168,2,9.03,0.0
S008622,2026-05-13,Dania Beach,P0258,1,20.03,0.0
S009309,2026-06-10,Dania Beach,P0091,2,10.86,0.0
S006454,2026-03-04,Lake Worth,P0205,1,34.1,
S005003,2025-12-27,Dania Beach,P0134,1,13.77,0.0
S008132,2026-04-26,Lake Worth,P0246,1,14.88,0.0
S001375,2025-08-26,Oakland Park,P0207,1,8.62,5.0
S009248,2026-06-07,Lake Worth,P0095,1,15.25,0.0
S000066,2025-07-03,Dania Beach,P0209,1,38.73,0.0
S001145,8/17/2025,Oakland Park,P0090,1,39.67,0.0
S006843,2026-03-20,Oakland Park,P0286,1,17.06,0.0
S007931,2026-04-21,Dania Beach,P0042,1,16.07,0.0
S001716,2025-09-08,Oakland Park,P0145,1,18.52,0.0
S008910,2026-05-24,Dania Beach,P0258,1,20.03,0.0
S002266,2025-09-30,Oakland Park,P0195,1,23.58,0.0
S001187,2025-08-18,Dania Beach,P0248,1,14.4,0.0
S007683,4/14/2026,Dania Beach,P0257,1,21.09,0.0
S001531,2025-09-01,Lake Worth,P0190,1,31.63,0.0
S002337,2025-10-03,Lake Worth,P0104,1,23.8,0.0
S002361,2025-10-04,Dania Beach,P0033,1,13.41,0.0
S002637,2025-10-15,Dania Beach,P0042,1,16.07,0.0
S009480,2026-06-16,Lake Worth,P0063,1,32.31,0.0
S000482,2025-07-20,Lake Worth,P0112,1,9.26,0.0
S005707,2026-01-26,OAKLAND PARK,P0250,1,26.07,5.0
S003167,2025-11-04,dania beach,P0250,1,26.07,5.0
S008265,2026-04-30,Dania Beach,P0283,1,41.77,0.0
S002483,2025-10-08,Dania Beach,P0006,1,18.74,0.0
S008505,2026-05-09,Dania Beach,P0074,1,$23.62,0.0
S007180,2026-04-03,Oakland Park,P0123,1,32.28,0.0
S007579,2026-04-12,Dania Beach,P0202,1,$27.95,0.0
S005676,2026-01-24,Oakland Park,P0081,1,12.2,0.0
S009628,2026-06-22,Dania Beach,P0298,1,10.79,0.0
S008034,2026-04-24,Lake Worth,P0258,1,20.03,0.0
S002587,2025-10-13,Dania Beach,P0063,1,32.31,0.0
S009514,2026-06-18,Dania Beach,P0089,1,38.61,0.0
S000886,2025-08-06,Oakland Park,P0017,1,13.63,0.0
S008859,2026-05-23,Dania Beach,P0250,1,26.07,0.0
S007109,2026-04-01,Dania Beach,P0224,1,28.47,0.0
S007328,2026-04-06,Oakland Park,P0237,1,18.61,0.0
S009795,2026-06-29,Lake Worth,P0123,1,32.28,5.0
S005632,2026-01-22,Oakland Park,P0204,1,$30.89,0.0
S008552,2026-05-11,Lake Worth,P0255,1,34.26,0.0
S006525,2026-03-07,Dania Beach,P0258,2,20.03,0.0
S002589,2025-10-13,Oakland Park,P0250,1,26.07,0.0
S004390,2025-12-14,Dania Beach,P0113,1,15.71,0.0
S003784,2025-11-30,Oakland Park,P0229,1,15.22,0.0
S005609,2026-01-21,Dania Beach,P0244,1,7.54,0.0
S009008,2026-05-29,Lake Worth,P0097,1,$11.18,0.0
S007016,2026-03-28,Dania Beach,P0188,1,14.19,0.0
S000085,2025-07-04,Oakland Park,P0100,1,34.67,0.0
S005168,2025-12-30,Dania Beach,P0004,2,33.33,0.0
S003476,11/17/2025,Oakland Park,P0235,1,21.78,0.0
S009277,2026-06-08,Oakland Park,P0027,1,16.28,2.0
S009821,2026-06-30,Lake Worth,P0028,1,22.61,0.0
S006778,2026-03-18,Oakland Park,P0196,1,23.33,0.0
S008798,2026-05-21,Lake Worth,P0258,1,$20.03,0.0
S002481,2025-10-08,Dania Beach,P0171,1,15.79,0.0
S004806,12/23/2025,Dania Beach,P0250,1,26.07,0.0
S006869,2026-03-21,Lake Worth,P0126,1,18.39,0.0
S002447,2025-10-07,Dania Beach,P0165,1,17.48,0.0
S004746,2025-12-22,Oakland Park,P0257,1,21.09,0.0
S008810,2026-05-21,Dania Beach,P0107,1,35.69,0.0
S008085,2026-04-25,Oakland Park,P0148,1,17.71,0.0
S006301,2026-02-26,Oakland Park,P0084,1,8.22,0.0
S003018,2025-10-30,Oakland Park,P0085,1,28.45,
S007777,2026-04-17,Dania Beach,P0298,1,10.79,0.0
S000197,2025-07-07,Dania Beach,P0005,1,12.32,
S007078,2026-03-30,Oakland Park,P0073,1,20.85,0.0
S007068,2026-03-30,Lake Worth,P0225,1,30.83,2.0
S003780,2025-11-30,Lake Worth,P0225,1,30.83,2.0
S001440,2025-08-28,Dania Beach,P0028,1,22.61,0.0
S005052,2025-12-28,Dania Beach,P0090,1,39.67,0.0
S005811,2026-01-31,LAKE WORTH,P0224,1,28.47,0.0
S009654,2026-06-23,Dania Beach,P0078,1,34.08,0.0
S002733,2025-10-18,OAKLAND PARK,P0229,1,15.22,0.0
S004165,2025-12-10,Dania Beach,P0232,2,35.97,0.0
S000398,2025-07-16,Oakland Park,P0051,1,31.0,0.0
S003639,2025-11-24,Dania Beach,P0033,1,13.41,0.0
S003558,2025-11-21,Dania Beach,P0202,1,27.95,0.0
S009198,2026-06-06,Oakland Park,P0176,1,38.34,0.0
S002594,2025-10-13,Dania Beach,P0232,2,$35.97,0.0
S000228,2025-07-09,Oakland Park,P0293,2,17.47,0.0
S007061,2026-03-30,Dania Beach,P0155,1,33.74,0.0
S003406,2025-11-14,Dania Beach,P0120,1,23.21,0.0
S006655,2026-03-13,Lake Worth,P0258,1,20.03,0.0
S000690,2025-07-29,Oakland Park,P0024,1,12.01,
S006513,2026-03-07,Dania Beach,P0032,2,10.89,0.0
S003230,2025-11-07,Dania Beach,P0033,1,13.41,0.0
S000497,2025-07-20,Dania Beach,P0211,1,28.43,
S002320,2025-10-02,Dania Beach,P0041,1,11.22,0.0
S002335,2025-10-03,Lake Worth,P0095,2,15.25,2.0
S005509,2026-01-16,Dania Beach,P0191,1,$35.79,0.0
S000873,2025-08-05,Oakland Park,P0145,1,18.52,0.0
S009123,2026-06-02,Oakland Park,P0224,1,28.47,2.0
S003595,2025-11-23,Oakland Park,P0077,1,$38.06,0.0
S008908,2026-05-24,Oakland Park,P0072,1,23.85,
S002898,2025-10-25,Oakland Park,P0123,1,32.28,0.0
S008559,2026-05-11,LAKE WORTH,P0286,1,$17.06,2.0
S009380,2026-06-13,Dania Beach,P0061,1,13.54,0.0
S000571,2025-07-25,Dania Beach,P0092,1,34.43,0.0
S006361,2026-02-28,Oakland Park,P0275,1,12.12,0.0
S005573,2026-01-19,Dania Beach,P0250,1,26.07,0.0
S008750,2026-05-18,Lake Worth,P0250,1,26.07,0.0
S002114,9/25/2025,OAKLAND PARK,P0214,1,40.55,5.0
S005191,2025-12-31,DANIA BEACH,P0107,1,35.69,0.0
S004797,2025-12-23,Oakland Park,P0289,1,47.01,0.0
S009366,2026-06-12,Dania Beach,P0108,1,11.87,
S007770,4/17/2026,Dania Beach,P0069,1,21.4,0.0
S007430,2026-04-09,Dania Beach,P0098,1,12.85,0.0
S006702,2026-03-15,Dania Beach,P0035,1,25.13,0.0
S000022,2025-07-02,Dania Beach,P0100,1,34.67,0.0
S006560,2026-03-08,Dania Beach,P0068,1,18.85,0.0
S008414,2026-05-06,DANIA BEACH,P0258,1,20.03,0.0
S009842,2026-06-30,Oakland Park,P0209,1,38.73,0.0
S001258,2025-08-22,Dania Beach,P0192,1,9.96,0.0
S006290,2026-02-26,DANIA BEACH,P0120,1,23.21,0.0
S008048,2026-04-24,dania beach,P0090,1,$39.67,0.0
S001232,2025-08-20,Lake Worth,P0134,2,13.77,0.0
S000101,2025-07-05,Oakland Park,P0271,1,13.23,0.0
S000227,2025-07-09,Dania Beach,P0259,1,34.69,0.0
S000213,7/8/2025,DANIA BEACH,P0122,1,15.39,0.0
S000019,2025-07-02,lake worth,P0028,1,22.61,0.0
S009785,2026-06-28,Dania Beach,P0125,2,30.0,0.0
S002232,2025-09-29,Lake Worth,P0294,1,30.88,0.0
S002376,2025-10-04,DANIA BEACH,P0258,2,20.03,0.0
S001393,2025-08-27,Dania Beach,P0157,2,8.43,2.0
S003972,2025-12-05,Dania Beach,P0072,1,23.85,0.0
S002986,10/28/2025,Oakland Park,P0078,1,34.08,0.0
S004095,2025-12-08,Oakland Park,P0229,1,15.22,5.0
S007374,2026-04-07,Dania Beach,P0229,1,15.22,0.0
S002707,2025-10-18,Dania Beach,P0279,1,5.18,0.0
S000268,2025-07-11,Oakland Park,P0236,1,32.91,0.0
S009489,2026-06-17,Lake Worth,P0180,2,14.34,0.0
S007475,2026-04-10,Oakland Park,P0046,1,16.17,0.0
S009476,2026-06-16,Oakland Park,P0237,1,18.61,0.0
S001501,2025-08-31,Dania Beach,P0258,1,$20.03,5.0
S007149,4/2/2026,OAKLAND PARK,P0298,1,10.79,0.0
S006152,2026-02-18,Oakland Park,P0123,1,32.28,0.0
S002421,2025-10-05,Dania Beach,P0109,2,19.26,0.0
S001435,2025-08-28,OAKLAND PARK,P0058,1,6.59,0.0
S007673,2026-04-14,Oakland Park,P0171,1,15.79,5.0
S001990,9/20/2025,Dania Beach,P0054,1,$38.06,
S000731,2025-07-31,Lake Worth,P0122,1,15.39,0.0
S001994,2025-09-20,Lake Worth,P0180,1,14.34,0.0
S009508,2026-06-18,Oakland Park,P0229,1,15.22,0.0
S000507,2025-07-20,Dania Beach,P0283,1,41.77,0.0
S003633,2025-11-24,Dania Beach,P0045,1,31.47,0.0
S004690,2025-12-21,Dania Beach,P0253,1,12.31,5.0
S006162,2026-02-18,Lake Worth,P0209,1,38.73,0.0
S007105,3/31/2026,Oakland Park,P0028,1,22.61,0.0
S002193,2025-09-28,Dania Beach,P0153,1,24.73,0.0
S008999,5/29/2026,Dania Beach,P0257,1,21.09,0.0
S002397,2025-10-05,Oakland Park,P0099,1,$32.17,0.0
S006196,2026-02-20,lake worth,P0099,1,32.17,0.0
S007397,2026-04-08,Dania Beach,P0258,1,20.03,0.0
S006705,3/15/2026,Oakland Park,P0286,1,17.06,0.0
S005937,2026-02-06,Dania Beach,P0129,1,7.89,0.0
S001684,2025-09-07,Dania Beach,P0258,1,20.03,0.0
S007591,2026-04-12,Oakland Park,P0003,1,$11.11,0.0
S006580,2026-03-09,Dania Beach,P0091,1,10.86,0.0
S001480,2025-08-30,Dania Beach,P0271,1,13.23,0.0
S008942,2026-05-26,Dania Beach,P0229,1,15.22,0.0
S000760,8/1/2025,Dania Beach,P0258,1,20.03,0.0
S003510,2025-11-19,Oakland Park,P0258,2,20.03,
S009039,2026-05-30,Lake Worth,P0229,1,15.22,0.0
S001174,8/18/2025,Dania Beach,P0225,1,30.83,0.0
S005288,2026-01-04,DANIA BEACH,P0138,1,18.5,0.0
S002090,2025-09-24,Oakland Park,P0150,1,8.12,0.0
S004235,2025-12-11,Dania Beach,P0044,1,16.95,0.0
S000997,2025-08-10,Lake Worth,P0252,1,18.54,0.0
S001720,2025-09-08,Oakland Park,P0121,1,26.48,0.0
S005920,2026-02-06,Dania Beach,P0205,1,34.1,
S005136,2025-12-30,Dania Beach,P0137,1,34.89,0.0
S008489,5/9/2026,Dania Beach,P0258,1,20.03,0.0
S005589,2026-01-19,Dania Beach,P0099,1,32.17,0.0
S002073,2025-09-23,Dania Beach,P0028,1,22.61,0.0
S001216,2025-08-20,Oakland Park,P0212,1,31.11,0.0
S003330,2025-11-11,dania beach,P0258,1,20.03,0.0
S006816,2026-03-20,Lake Worth,P0212,2,31.11,2.0
S004359,2025-12-14,Dania Beach,P0068,1,18.85,2.0
S007642,2026-04-14,Dania Beach,P0071,1,14.0,0.0
S003486,2025-11-18,Dania Beach,P0125,1,30.0,0.0
S008977,2026-05-28,Oakland Park,P0138,1,18.5,0.0
S002665,2025-10-16,Oakland Park,P0279,1,5.18,0.0
S005450,2026-01-12,Oakland Park,P0022,1,7.3,0.0
S003482,2025-11-17,Oakland Park,P0157,1,8.43,0.0
S005459,2026-01-13,Oakland Park,P0107,1,35.69,0.0
S002486,2025-10-08,Dania Beach,P0090,1,39.67,0.0
S001590,2025-09-03,Oakland Park,P0028,1,22.61,0.0
S001469,2025-08-30,Dania Beach,P0281,1,17.35,0.0
S009175,2026-06-05,Oakland Park,P0107,1,35.69,0.0
S004753,2025-12-22,Lake Worth,P0253,1,12.31,0.0
S000152,7/6/2025,Oakland Park,P0002,1,33.09,0.0
S002820,2025-10-22,Oakland Park,P0250,1,26.07,0.0
S007639,2026-04-13,Dania Beach,P0258,1,20.03,
S009171,2026-06-05,oakland park,P0048,1,43.54,0.0
S007616,2026-04-13,Lake Worth,P0120,1,23.21,0.0
S002878,10/25/2025,Oakland Park,P0123,1,32.28,0.0
S000944,2025-08-09,Oakland Park,P0066,1,15.19,0.0
S004065,2025-12-07,oakland park,P0110,1,16.9,2.0
S004434,2025-12-15,Oakland Park,P0028,1,22.61,0.0
S005638,2026-01-22,Dania Beach,P0153,1,24.73,
S001586,9/3/2025,oakland park,P0151,1,22.36,0.0
S006390,2026-03-01,Dania Beach,P0045,2,31.47,0.0
S005245,2026-01-02,Dania Beach,P0138,1,18.5,0.0
S000850,2025-08-04,Dania Beach,P0138,2,18.5,0.0
S004254,2025-12-12,Oakland Park,P0004,1,33.33,5.0
S002905,10/25/2025,Oakland Park,P0193,1,15.19,5.0
S008538,2026-05-10,Dania Beach,P0028,1,22.61,0.0
S002725,2025-10-18,Lake Worth,P0028,1,22.61,0.0
S001992,2025-09-20,Dania Beach,P0048,1,43.54,0.0
S007172,2026-04-03,Oakland Park,P0229,1,15.22,0.0
S007862,2026-04-19,Dania Beach,P0048,2,43.54,2.0
S005759,2026-01-29,Dania Beach,P0259,1,34.69,0.0
S009516,2026-06-18,Lake Worth,P0258,1,20.03,0.0
S008431,2026-05-07,Oakland Park,P0289,2,47.01,2.0
S000836,2025-08-03,Dania Beach,P0205,1,34.1,0.0
S007628,2026-04-13,Oakland Park,P0108,1,11.87,0.0
S002868,2025-10-24,Oakland Park,P0225,1,30.83,2.0
S002124,2025-09-25,Oakland Park,P0112,1,9.26,0.0
S000002,2025-07-01,Dania Beach,P0125,1,30.0,0.0
S000875,2025-08-05,Dania Beach,P0258,1,20.03,0.0
S005474,2026-01-14,OAKLAND PARK,P0242,1,$16.38,0.0
S000428,2025-07-18,OAKLAND PARK,P0152,1,10.83,2.0
S007177,2026-04-03,oakland park,P0116,1,38.74,0.0
S001097,2025-08-15,Dania Beach,P0258,1,20.03,0.0
S009010,2026-05-29,OAKLAND PARK,P0153,1,24.73,0.0
S000648,2025-07-27,Dania Beach,P0022,1,7.3,0.0
S001148,2025-08-17,Dania Beach,P0298,1,10.79,0.0
S004051,2025-12-07,Lake Worth,P0120,2,23.21,2.0
S005058,2025-12-28,Dania Beach,P0010,1,26.25,0.0
S006676,2026-03-14,dania beach,P0068,1,18.85,0.0
S001697,9/7/2025,Dania Beach,P0113,1,15.71,0.0
S001088,2025-08-14,Oakland Park,P0057,1,31.85,0.0
S002103,9/24/2025,Dania Beach,P0221,1,26.83,0.0
S007919,2026-04-21,Oakland Park,P0177,1,14.51,0.0
S003264,11/8/2025,lake worth,P0189,1,8.68,0.0
S002181,2025-09-27,Dania Beach,P0068,1,18.85,0.0
S003870,2025-12-02,Lake Worth,P0120,1,23.21,0.0
S001986,2025-09-20,Oakland Park,P0250,1,26.07,0.0
S009647,2026-06-23,Oakland Park,P0206,1,25.28,0.0
S004769,2025-12-23,Lake Worth,P0153,1,$24.73,0.0
S002384,2025-10-05,Dania Beach,P0258,1,20.03,0.0
S005260,2026-01-03,Dania Beach,P0141,1,18.03,0.0
S000413,2025-07-17,Oakland Park,P0077,1,$38.06,
S005382,2026-01-09,Lake Worth,P0010,1,26.25,0.0
S004907,2025-12-26,Dania Beach,P0082,1,$11.34,0.0
S003256,2025-11-08,Oakland Park,P0165,1,17.48,0.0
S005383,2026-01-09,Dania Beach,P0258,1,20.03,2.0
S001902,9/16/2025,Lake Worth,P0045,1,31.47,0.0
S007212,2026-04-04,Lake Worth,P0123,1,32.28,0.0
S003467,11/17/2025,Dania Beach,P0024,1,12.01,0.0
S007252,2026-04-04,Dania Beach,P0233,1,22.74,0.0
S006498,2026-03-06,Oakland Park,P0028,1,22.61,0.0
S004945,12/27/2025,Dania Beach,P0258,1,20.03,0.0
S003063,2025-11-01,Dania Beach,P0281,1,17.35,0.0
S006020,2/10/2026,Lake Worth,P0098,1,12.85,0.0
S000625,2025-07-26,Oakland Park,P0190,2,31.63,0.0
S007663,2026-04-14,Dania Beach,P0271,1,13.23,0.0
S005359,2026-01-08,Dania Beach,P0258,1,20.03,0.0
S000515,2025-07-21,Oakland Park,P0101,1,40.29,0.0
S007656,2026-04-14,Oakland Park,P0097,1,11.18,0.0
S004537,2025-12-18,Dania Beach,P0168,1,9.03,0.0
S004274,12/12/2025,Dania Beach,P0060,1,16.29,0.0
S005312,2026-01-05,Dania Beach,P0250,1,26.07,2.0
S006776,2026-03-18,Dania Beach,P0258,1,20.03,0.0
S005512,2026-01-16,DANIA BEACH,P0181,1,38.54,0.0
S003413,2025-11-15,Dania Beach,P0050,1,16.14,0.0
S005807,2026-01-31,Lake Worth,P0288,1,39.45,0.0
S002862,2025-10-24,Dania Beach,P0264,1,39.66,0.0
S006295,2026-02-26,Dania Beach,P0258,1,20.03,
S005372,2026-01-09,Lake Worth,P0185,1,20.14,
S005147,2025-12-30,Dania Beach,P0093,2,10.98,0.0
S005503,2026-01-15,Oakland Park,P0250,1,26.07,0.0
S002803,2025-10-21,Dania Beach,P0185,1,20.14,0.0
S001111,8/16/2025,Lake Worth,P0181,1,38.54,0.0
S004536,2025-12-18,Oakland Park,P0120,1,23.21,0.0
S004097,2025-12-08,Lake Worth,P0227,1,22.7,0.0
S004940,2025-12-27,Lake Worth,P0099,1,32.17,0.0
S001823,2025-09-12,dania beach,P0250,1,26.07,0.0
S006489,2026-03-06,Oakland Park,P0063,3,32.31,0.0
S000787,2025-08-02,Dania Beach,P0269,1,19.37,2.0
S007113,2026-04-01,oakland park,P0099,1,32.17,0.0
S007329,4/6/2026,Oakland Park,P0129,1,7.89,0.0
S000008,2025-07-01,Oakland Park,P0275,1,12.12,
S005733,2026-01-27,Lake Worth,P0060,1,16.29,
S006075,2026-02-14,Dania Beach,P0079,1,38.19,0.0
S007767,2026-04-17,Lake Worth,P0191,1,35.79,0.0
S000424,2025-07-18,Oakland Park,P0069,1,21.4,0.0
S005917,2026-02-05,Lake Worth,P0099,1,32.17,0.0
S000517,2025-07-21,Lake Worth,P0070,1,22.38,
S009406,2026-06-14,Dania Beach,P0072,1,23.85,0.0
S002914,2025-10-26,Dania Beach,P0100,1,34.67,0.0
S008630,2026-05-14,Dania Beach,P0120,1,23.21,0.0
S008581,5/12/2026,Dania Beach,P0028,1,22.61,0.0
S004433,2025-12-15,dania beach,P0125,1,$30.0,5.0
S009403,2026-06-14,OAKLAND PARK,P0116,1,38.74,0.0
S007665,2026-04-14,Dania Beach,P0258,1,20.03,0.0
S008556,2026-05-11,Oakland Park,P0258,2,20.03,
S008963,2026-05-27,Oakland Park,P0258,1,20.03,0.0
S001795,2025-09-11,Oakland Park,P0045,1,31.47,0.0
S002992,2025-10-29,Dania Beach,P0062,1,34.29,0.0
S004187,2025-12-10,Oakland Park,P0045,1,31.47,0.0
S009273,2026-06-07,Dania Beach,P0253,1,12.31,0.0
S009806,2026-06-29,Lake Worth,P0251,1,16.69,5.0
S005614,2026-01-21,Dania Beach,P0141,1,18.03,0.0
S006729,2026-03-16,Dania Beach,P0028,1,22.61,5.0
S005436,2026-01-12,Oakland Park,P0222,1,25.03,0.0
S001919,2025-09-16,Lake Worth,P0028,2,22.61,0.0
S003128,2025-11-02,Dania Beach,P0207,1,8.62,0.0
S000833,2025-08-03,Oakland Park,P0211,1,28.43,0.0
S004471,2025-12-16,Dania Beach,P0258,1,20.03,
S005496,2026-01-15,Dania Beach,P0078,1,34.08,0.0
S009385,2026-06-13,Dania Beach,P0028,1,22.61,
S002634,10/14/2025,Oakland Park,P0238,1,9.91,2.0
S005708,2026-01-26,Oakland Park,P0028,1,$22.61,
S009129,2026-06-02,Dania Beach,P0152,1,10.83,0.0
S006742,2026-03-16,Lake Worth,P0252,1,18.54,0.0
S002801,2025-10-21,DANIA BEACH,P0115,1,35.88,0.0
S009249,2026-06-07,Oakland Park,P0253,1,12.31,
S007056,2026-03-30,Oakland Park,P0173,1,28.8,0.0
S009773,2026-06-28,Oakland Park,P0258,1,20.03,0.0
S003610,2025-11-23,Dania Beach,P0123,1,32.28,0.0
S003337,2025-11-11,Dania Beach,P0185,1,20.14,0.0
S005025,2025-12-28,Lake Worth,P0076,1,28.11,0.0
S001118,2025-08-16,OAKLAND PARK,P0188,1,14.19,0.0
S000707,2025-07-30,Oakland Park,P0300,1,15.39,2.0
S007792,2026-04-18,Dania Beach,P0228,1,12.36,0.0
S007156,2026-04-02,Dania Beach,P0229,1,15.22,0.0
S009125,2026-06-02,Lake Worth,P0028,1,22.61,0.0
S000506,7/20/2025,Oakland Park,P0127,1,$26.3,0.0
S008125,2026-04-26,OAKLAND PARK,P0291,1,10.13,0.0
S004659,12/20/2025,Oakland Park,P0022,3,7.3,0.0
S008997,2026-05-28,Dania Beach,P0141,1,18.03,5.0
S005300,2026-01-05,Oakland Park,P0298,1,10.79,0.0
S002117,2025-09-25,DANIA BEACH,P0045,1,31.47,0.0
S009461,2026-06-16,Dania Beach,P0188,1,14.19,0.0
S004318,12/13/2025,Lake Worth,P0098,1,12.85,5.0
S009472,2026-06-16,Dania Beach,P0047,1,11.39,0.0
S007973,2026-04-22,Oakland Park,P0044,1,16.95,2.0
S007649,2026-04-14,Lake Worth,P0107,1,35.69,0.0
S001325,2025-08-24,Oakland Park,P0270,2,13.93,0.0
S004600,2025-12-19,Oakland Park,P0290,1,44.36,0.0
S000756,2025-07-31,Dania Beach,P0281,1,17.35,
S003706,11/27/2025,Oakland Park,P0258,1,20.03,0.0
S004253,2025-12-12,Dania Beach,P0138,1,18.5,0.0
S005565,2026-01-19,Oakland Park,P0298,1,10.79,0.0
S007855,2026-04-19,Lake Worth,P0230,1,$15.88,0.0
S001021,2025-08-12,Dania Beach,P0112,1,9.26,0.0
S000876,8/5/2025,Dania Beach,P0277,1,12.14,0.0
S006975,2026-03-26,Oakland Park,P0155,1,33.74,0.0
S000697,2025-07-29,Dania Beach,P0071,3,14.0,0.0
S008258,4/30/2026,Lake Worth,P0098,1,12.85,0.0
S002375,2025-10-04,Dania Beach,P0227,1,22.7,0.0
S006650,2026-03-13,Lake Worth,P0042,1,16.07,0.0
S006487,2026-03-06,Oakland Park,P0279,1,5.18,0.0
S000447,2025-07-19,Oakland Park,P0245,1,30.57,0.0
S005508,2026-01-16,Dania Beach,P0229,1,15.22,0.0
S002907,2025-10-25,Oakland Park,P0099,1,32.17,0.0
S007837,2026-04-19,Oakland Park,P0152,2,10.83,2.0
S008668,2026-05-16,Dania Beach,P0199,1,11.97,0.0
S009728,2026-06-26,Lake Worth,P0209,1,38.73,0.0
S007813,2026-04-18,Oakland Park,P0031,1,23.06,0.0
S002983,2025-10-28,DANIA BEACH,P0293,1,17.47,0.0
S005134,2025-12-30,Oakland Park,P0102,1,16.27,2.0
S001402,8/27/2025,Lake Worth,P0004,1,33.33,2.0
S006275,2026-02-24,Lake Worth,P0124,1,$14.5,0.0
S007280,2026-04-05,Dania Beach,P0258,1,20.03,0.0
S009771,6/28/2026,Lake Worth,P0286,1,17.06,0.0
S001202,8/19/2025,Dania Beach,P0076,1,28.11,0.0
S004039,2025-12-07,Oakland Park,P0211,1,28.43,0.0
S006452,2026-03-04,Dania Beach,P0057,1,31.85,0.0
S008911,2026-05-24,Lake Worth,P0050,1,16.14,0.0
S009011,2026-05-29,Lake Worth,P0241,1,$10.09,0.0
S004926,12/26/2025,dania beach,P0258,2,20.03,0.0
S005004,2025-12-27,Dania Beach,P0140,1,17.16,5.0
S003062,11/1/2025,Dania Beach,P0258,1,20.03,0.0
S009124,2026-06-02,Oakland Park,P0085,1,28.45,0.0
S001407,2025-08-27,Dania Beach,P0152,1,10.83,0.0
S009152,2026-06-04,Lake Worth,P0298,1,$10.79,0.0
S002794,2025-10-21,Oakland Park,P0095,1,15.25,0.0
S005046,2025-12-28,Oakland Park,P0120,1,23.21,0.0
S007010,2026-03-28,LAKE WORTH,P0077,1,38.06,0.0
S003086,2025-11-01,Oakland Park,P0209,1,38.73,0.0
S001143,2025-08-17,Dania Beach,P0231,1,16.4,0.0
S009730,2026-06-26,Lake Worth,P0258,1,20.03,0.0
S005969,2026-02-08,Lake Worth,P0196,1,23.33,0.0
S000765,2025-08-01,Oakland Park,P0286,1,17.06,0.0
S008236,2026-04-29,Lake Worth,P0216,1,14.8,0.0
S003317,2025-11-11,Dania Beach,P0060,1,16.29,0.0
S004436,2025-12-15,dania beach,P0161,1,43.05,0.0
S008494,2026-05-09,Dania Beach,P0258,1,20.03,0.0
S009833,2026-06-30,Oakland Park,P0298,1,10.79,0.0
S002906,10/25/2025,Dania Beach,P0155,1,33.74,0.0
S000148,2025-07-06,Dania Beach,P0033,1,13.41,0.0
S005640,2026-01-22,dania beach,P0039,1,18.68,0.0
S002151,2025-09-26,Dania Beach,P0234,1,39.24,5.0
S001973,9/19/2025,Lake Worth,P0195,1,23.58,0.0
S002209,2025-09-28,Dania Beach,P0123,1,32.28,0.0
S003576,2025-11-22,Dania Beach,P0024,2,12.01,0.0
S004885,2025-12-25,Oakland Park,P0211,1,28.43,2.0
S005956,2026-02-07,Dania Beach,P0229,1,15.22,0.0
S009232,2026-06-06,Oakland Park,P0150,1,8.12,0.0
S001347,2025-08-25,Dania Beach,P0120,2,23.21,0.0
S002633,2025-10-14,Oakland Park,P0170,1,12.29,0.0
S007670,2026-04-14,Dania Beach,P0041,1,11.22,2.0
S001552,2025-09-01,OAKLAND PARK,P0094,1,$15.94,0.0
S009226,2026-06-06,Dania Beach,P0232,1,35.97,0.0
S007652,2026-04-14,Lake Worth,P0074,1,23.62,2.0
S004199,2025-12-10,Lake Worth,P0042,1,16.07,0.0
S008988,2026-05-28,OAKLAND PARK,P0224,1,28.47,5.0
S000229,2025-07-09,Dania Beach,P0163,1,12.13,2.0
S001033,8/12/2025,Dania Beach,P0045,1,31.47,0.0
S009664,2026-06-23,Dania Beach,P0176,1,38.34,
S008090,2026-04-25,lake worth,P0071,1,14.0,0.0
S003102,2025-11-02,Oakland Park,P0231,1,16.4,0.0
S003494,2025-11-18,Dania Beach,P0161,1,43.05,0.0
S000559,2025-07-24,oakland park,P0157,1,8.43,0.0
S000426,2025-07-18,DANIA BEACH,P0120,2,23.21,0.0
S006281,2026-02-25,Oakland Park,P0098,1,12.85,0.0
S002623,2025-10-14,Dania Beach,P0132,1,38.62,0.0
S009341,6/12/2026,Dania Beach,P0050,1,16.14,0.0
S005658,2026-01-23,Oakland Park,P0138,1,18.5,0.0
S006829,2026-03-20,dania beach,P0233,1,22.74,0.0
S001748,2025-09-09,Lake Worth,P0069,1,21.4,0.0
S003209,2025-11-06,Lake Worth,P0288,1,39.45,0.0
S008317,2026-05-02,Lake Worth,P0283,1,41.77,0.0
S009723,2026-06-26,Lake Worth,P0229,2,15.22,0.0
S001579,2025-09-03,Dania Beach,P0030,1,9.83,0.0
S007845,2026-04-19,Oakland Park,P0274,1,22.73,0.0
S005647,2026-01-23,Dania Beach,P0055,1,18.49,0.0
S003523,2025-11-20,Oakland Park,P0082,1,11.34,0.0
S001722,2025-09-08,Dania Beach,P0112,1,9.26,2.0
S005251,2026-01-03,Oakland Park,P0250,1,26.07,0.0
S002357,2025-10-04,Lake Worth,P0140,1,17.16,2.0
S000611,2025-07-26,Oakland Park,P0296,1,10.05,0.0
S001189,2025-08-18,Lake Worth,P0231,1,16.4,0.0
S009561,2026-06-20,Lake Worth,P0145,1,18.52,2.0
S000114,2025-07-05,Oakland Park,P0234,1,39.24,0.0
S006137,2026-02-17,Dania Beach,P0161,2,43.05,0.0
S007211,2026-04-04,Lake Worth,P0130,1,19.21,0.0
S004793,2025-12-23,Dania Beach,P0020,1,24.25,
S007049,2026-03-29,Dania Beach,P0250,1,26.07,0.0
S006279,2026-02-25,Oakland Park,P0022,1,7.3,2.0
S000468,2025-07-19,Oakland Park,P0210,1,17.31,0.0
S002116,2025-09-25,oakland park,P0181,1,38.54,0.0
S001161,2025-08-17,Lake Worth,P0181,1,$38.54,0.0
S004802,2025-12-23,Dania Beach,P0079,1,38.19,0.0
S009606,2026-06-21,Dania Beach,P0150,2,8.12,0.0
S006873,2026-03-21,Lake Worth,P0058,2,6.59,0.0
S007799,2026-04-18,Oakland Park,P0209,1,38.73,0.0
S004608,2025-12-20,oakland park,P0081,1,12.2,0.0
S008483,2026-05-08,DANIA BEACH,P0175,1,10.78,0.0
S006451,2026-03-04,Oakland Park,P0104,1,23.8,0.0
S008174,2026-04-27,Oakland Park,P0250,2,26.07,0.0
S009085,2026-06-01,Oakland Park,P0006,1,18.74,0.0
S004069,2025-12-07,Oakland Park,P0209,1,38.73,0.0
S007217,2026-04-04,Dania Beach,P0028,1,22.61,0.0
S001076,2025-08-14,Oakland Park,P0031,2,23.06,0.0
S006212,2026-02-21,Lake Worth,P0092,1,34.43,0.0
S007448,2026-04-09,Oakland Park,P0018,1,11.18,
S004944,2025-12-27,Oakland Park,P0001,1,37.04,0.0
S002884,2025-10-25,Dania Beach,P0258,1,$20.03,0.0
S005473,2026-01-14,Dania Beach,P0297,1,17.64,0.0
S000471,2025-07-19,Oakland Park,P0119,2,10.1,2.0
S005103,12/29/2025,Dania Beach,P0252,1,18.54,0.0
S006240,2026-02-22,Dania Beach,P0112,1,9.26,0.0
S000795,8/2/2025,Dania Beach,P0266,1,$28.75,0.0
S000163,2025-07-06,Oakland Park,P0229,1,15.22,2.0
S006214,2/21/2026,Oakland Park,P0199,1,11.97,0.0
S007748,2026-04-16,Lake Worth,P0086,1,19.54,0.0
S004546,2025-12-18,Dania Beach,P0071,1,$14.0,0.0
S006830,2026-03-20,Oakland Park,P0050,1,$16.14,5.0
S005405,2026-01-10,Lake Worth,P0008,1,$23.36,0.0
S007668,4/14/2026,Oakland Park,P0250,1,26.07,0.0
S002010,2025-09-21,Dania Beach,P0213,1,4.58,0.0
S002785,2025-10-20,Oakland Park,P0062,1,34.29,0.0
S005246,2026-01-02,oakland park,P0299,2,6.83,0.0
S005993,2026-02-09,Dania Beach,P0251,1,16.69,5.0
S004838,12/24/2025,Lake Worth,P0071,2,14.0,0.0
S003665,2025-11-25,OAKLAND PARK,P0021,1,20.19,0.0
S009180,2026-06-05,Dania Beach,P0283,1,41.77,0.0
S002984,2025-10-28,Oakland Park,P0135,1,18.06,0.0
S001860,2025-09-14,Lake Worth,P0271,1,13.23,0.0
S002534,2025-10-11,Lake Worth,P0169,1,28.05,0.0
S001660,2025-09-06,Oakland Park,P0073,1,20.85,0.0
S003818,2025-12-01,Dania Beach,P0276,1,10.98,0.0
S005510,2026-01-16,Lake Worth,P0103,1,23.52,0.0
S001139,2025-08-17,Oakland Park,P0258,1,20.03,0.0
S008052,2026-04-24,Oakland Park,P0106,1,14.38,0.0
S002186,2025-09-28,Dania Beach,P0222,1,25.03,0.0
S007131,2026-04-01,Dania Beach,P0258,1,20.03,0.0
S005069,2025-12-28,Dania Beach,P0028,1,22.61,0.0
S006248,2026-02-22,Lake Worth,P0020,1,24.25,0.0
S003195,2025-11-05,Oakland Park,P0075,1,16.43,0.0
S006503,2026-03-06,Dania Beach,P0024,1,12.01,0.0
S001132,2025-08-16,Dania Beach,P0196,1,23.33,0.0
S002456,2025-10-07,Oakland Park,P0071,1,14.0,
S002422,2025-10-05,Dania Beach,P0034,1,17.39,
S008980,2026-05-28,Lake Worth,P0229,1,15.22,0.0
S006359,2026-02-28,Oakland Park,P0212,1,31.11,0.0
S003561,2025-11-21,Lake Worth,P0293,1,$17.47,0.0
S000738,2025-07-31,Oakland Park,P0250,1,26.07,
S006228,2026-02-22,Dania Beach,P0258,1,20.03,0.0
S002545,2025-10-11,Lake Worth,P0052,2,20.69,0.0
S002487,2025-10-08,Dania Beach,P0123,1,$32.28,0.0
S001072,8/14/2025,Dania Beach,P0078,3,34.08,0.0
S004369,12/14/2025,Dania Beach,P0298,1,10.79,2.0
S004739,2025-12-22,lake worth,P0250,1,26.07,0.0
S002842,2025-10-23,Dania Beach,P0157,2,8.43,0.0
S007139,2026-04-01,Dania Beach,P0113,1,15.71,0.0
S005128,2025-12-30,Dania Beach,P0145,1,18.52,0.0
S007134,2026-04-01,Dania Beach,P0139,1,25.22,0.0
S008937,2026-05-26,Dania Beach,P0120,1,23.21,0.0
S000412,2025-07-17,Oakland Park,P0245,1,30.57,5.0
S003793,2025-12-01,Lake Worth,P0195,1,23.58,0.0
S004704,2025-12-21,dania beach,P0181,1,38.54,2.0
S003661,2025-11-25,Dania Beach,P0283,1,41.77,0.0
S009519,6/18/2026,Dania Beach,P0197,1,24.23,0.0
S008318,5/2/2026,Lake Worth,P0227,1,22.7,2.0
S001322,2025-08-24,dania beach,P0087,1,10.56,0.0
S005848,2026-02-02,Dania Beach,P0022,1,7.3,0.0
S004648,2025-12-20,Oakland Park,P0258,1,20.03,2.0
S000761,2025-08-01,Dania Beach,P0294,1,30.88,0.0
S003719,2025-11-28,Dania Beach,P0157,1,8.43,0.0
S008686,2026-05-16,Oakland Park,P0120,1,23.21,0.0
S000999,2025-08-10,Oakland Park,P0187,1,8.33,0.0
S004703,2025-12-21,Dania Beach,P0033,1,13.41,0.0
S004449,2025-12-15,Lake Worth,P0067,1,22.05,2.0
S007731,2026-04-16,Oakland Park,P0212,1,31.11,0.0
S009710,2026-06-25,Dania Beach,P0011,1,31.32,0.0
S000832,2025-08-03,Dania Beach,P0045,1,31.47,0.0
S009104,2026-06-02,Dania Beach,P0181,1,38.54,5.0
S002491,10/8/2025,Lake Worth,P0122,3,15.39,0.0
S001237,2025-08-21,Oakland Park,P0094,1,$15.94,0.0
S001841,9/13/2025,oakland park,P0167,1,11.11,0.0
S002057,2025-09-22,Oakland Park,P0017,1,13.63,0.0
S007588,2026-04-12,Dania Beach,P0258,1,20.03,0.0
S005426,2026-01-11,Oakland Park,P0278,3,27.49,0.0
S007284,2026-04-05,Dania Beach,P0082,1,11.34,2.0
S005320,2026-01-06,Dania Beach,P0164,1,14.99,0.0
S000791,2025-08-02,Dania Beach,P0233,1,22.74,0.0
S009109,2026-06-02,Dania Beach,P0181,1,38.54,0.0
S007743,2026-04-16,Oakland Park,P0229,1,15.22,0.0
S006748,2026-03-16,Dania Beach,P0045,1,31.47,0.0
S007956,2026-04-22,Dania Beach,P0161,1,43.05,0.0
S005734,2026-01-27,Dania Beach,P0116,1,38.74,0.0
S009187,2026-06-05,dania beach,P0112,1,$9.26,0.0
S008714,2026-05-17,Lake Worth,P0245,1,30.57,0.0
S005386,2026-01-09,Dania Beach,P0258,1,20.03,0.0
S006757,2026-03-17,Lake Worth,P0157,1,8.43,0.0
S000084,2025-07-04,Oakland Park,P0192,2,9.96,0.0
S003130,2025-11-03,Dania Beach,P0258,1,20.03,0.0
S000199,2025-07-07,dania beach,P0187,1,8.33,0.0
S006741,2026-03-16,Dania Beach,P0258,1,20.03,
S000117,2025-07-05,Dania Beach,P0033,1,13.41,0.0
S009235,2026-06-07,Oakland Park,P0175,2,10.78,0.0
S006403,2026-03-02,Oakland Park,P0232,1,35.97,0.0
S005121,2025-12-29,Dania Beach,P0035,1,25.13,0.0
S003360,2025-11-13,Dania Beach,P0040,2,30.27,0.0
S000494,2025-07-20,Oakland Park,P0107,1,35.69,0.0
S009506,2026-06-18,Dania Beach,P0138,1,18.5,2.0
S004265,2025-12-12,Lake Worth,P0016,1,9.61,0.0
S005497,2026-01-15,Dania Beach,P0297,1,17.64,0.0
S006815,3/20/2026,Oakland Park,P0122,1,15.39,0.0
S006691,2026-03-14,Dania Beach,P0090,1,39.67,0.0
S002605,2025-10-13,Dania Beach,P0192,1,9.96,0.0
S000133,2025-07-06,Dania Beach,P0152,1,10.83,0.0
S000686,2025-07-29,Dania Beach,P0229,1,15.22,0.0
S003867,2025-12-02,Dania Beach,P0100,1,34.67,0.0
S005173,2025-12-31,Dania Beach,P0098,1,12.85,2.0
S008346,2026-05-03,Oakland Park,P0287,1,38.39,0.0
S001240,2025-08-21,Dania Beach,P0168,1,9.03,0.0
S005612,2026-01-21,Dania Beach,P0258,2,20.03,0.0
S005406,2026-01-10,Dania Beach,P0232,1,35.97,0.0
S000548,2025-07-23,Lake Worth,P0181,1,38.54,0.0
S001546,2025-09-01,Oakland Park,P0112,1,9.26,0.0
S001801,2025-09-12,Dania Beach,P0141,1,18.03,0.0
S007466,4/10/2026,Lake Worth,P0134,3,13.77,0.0
S009556,2026-06-20,OAKLAND PARK,P0069,1,$21.4,0.0
S003536,2025-11-20,Dania Beach,P0050,1,16.14,0.0
S006536,2026-03-07,Dania Beach,P0091,1,10.86,0.0
S004146,12/9/2025,Lake Worth,P0123,1,32.28,0.0
S008108,2026-04-26,Dania Beach,P0099,2,32.17,5.0
S000503,2025-07-20,oakland park,P0203,1,28.04,0.0
S006900,2026-03-22,Dania Beach,P0247,1,11.6,0.0
S009362,2026-06-12,Oakland Park,P0050,1,16.14,0.0
S005177,12/31/2025,Lake Worth,P0163,1,$12.13,0.0
S003516,2025-11-19,Oakland Park,P0277,1,12.14,0.0
S006653,2026-03-13,Lake Worth,P0112,2,9.26,0.0
S002575,2025-10-12,Oakland Park,P0250,1,26.07,0.0
S002227,2025-09-29,Dania Beach,P0229,1,15.22,0.0
S009191,2026-06-05,Oakland Park,P0140,1,17.16,0.0
S002100,2025-09-24,Dania Beach,P0239,3,7.76,0.0
S005824,2026-02-01,Dania Beach,P0220,1,18.24,0.0
S001047,2025-08-13,Lake Worth,P0296,1,10.05,0.0
S007625,2026-04-13,Lake Worth,P0041,1,11.22,0.0
S007415,2026-04-08,Dania Beach,P0176,1,38.34,0.0
S000838,2025-08-04,Lake Worth,P0180,1,$14.34,2.0
S004946,2025-12-27,Oakland Park,P0147,1,40.67,0.0
S003971,2025-12-05,Lake Worth,P0220,1,18.24,0.0
S005505,2026-01-16,Oakland Park,P0172,1,16.93,0.0
S004951,12/27/2025,Oakland Park,P0258,1,$20.03,0.0
S006687,2026-03-14,Dania Beach,P0122,2,15.39,5.0
S007419,2026-04-08,Dania Beach,P0264,2,39.66,0.0
S000355,2025-07-14,Dania Beach,P0141,2,18.03,5.0
S005976,2026-02-08,Oakland Park,P0087,1,10.56,0.0
S009608,2026-06-21,Oakland Park,P0108,1,$11.87,0.0
S005088,2025-12-29,Dania Beach,P0262,1,32.15,0.0
S004933,2025-12-26,Dania Beach,P0251,1,16.69,0.0
S000822,2025-08-03,DANIA BEACH,P0253,1,12.31,0.0
S000491,2025-07-20,Dania Beach,P0021,1,20.19,2.0
S004808,2025-12-24,Dania Beach,P0120,1,$23.21,
S006758,3/17/2026,Dania Beach,P0028,2,22.61,0.0
S004367,2025-12-14,Oakland Park,P0137,1,34.89,0.0
S004657,2025-12-20,Dania Beach,P0285,1,24.04,0.0
S006970,3/26/2026,Oakland Park,P0028,1,22.61,0.0
S007044,2026-03-29,Dania Beach,P0164,1,14.99,0.0
S000075,2025-07-03,Oakland Park,P0065,2,22.31,0.0
S005500,2026-01-15,Dania Beach,P0258,1,$20.03,0.0
S002961,2025-10-28,Lake Worth,P0028,1,22.61,0.0
S003407,11/15/2025,Dania Beach,P0240,1,29.77,0.0
S001519,8/31/2025,Lake Worth,P0091,1,10.86,0.0
S005422,2026-01-11,Dania Beach,P0168,1,$9.03,0.0
S005449,2026-01-12,Lake Worth,P0258,1,20.03,0.0
S008230,2026-04-28,Dania Beach,P0232,2,35.97,0.0
S005872,2026-02-03,Lake Worth,P0112,1,9.26,0.0
S000855,2025-08-04,Dania Beach,P0145,1,18.52,0.0
S002365,2025-10-04,DANIA BEACH,P0264,1,39.66,0.0
S008065,2026-04-25,Oakland Park,P0047,1,11.39,0.0
S005538,1/17/2026,Oakland Park,P0162,3,9.66,0.0
S004795,2025-12-23,Lake Worth,P0250,1,26.07,0.0
S006805,2026-03-19,Dania Beach,P0181,1,38.54,0.0
S004780,2025-12-23,Oakland Park,P0121,2,26.48,5.0
S009836,2026-06-30,Oakland Park,P0016,1,9.61,0.0
S005492,2026-01-15,Dania Beach,P0188,1,14.19,0.0
S004209,2025-12-11,Dania Beach,P0134,2,13.77,0.0
S000967,2025-08-10,Lake Worth,P0132,1,38.62,2.0
S008082,2026-04-25,Dania Beach,P0071,1,14.0,0.0
S002373,2025-10-04,Lake Worth,P0076,1,28.11,0.0
S001668,2025-09-06,Dania Beach,P0153,1,24.73,0.0
S004337,2025-12-13,Dania Beach,P0145,2,18.52,2.0
S004745,2025-12-22,Oakland Park,P0060,1,16.29,0.0
S006981,3/26/2026,Lake Worth,P0229,1,15.22,0.0
S007286,4/5/2026,Oakland Park,P0142,1,14.84,0.0
S006665,2026-03-13,Oakland Park,P0145,1,18.52,0.0
S007075,3/30/2026,Dania Beach,P0125,1,30.0,0.0
S003892,2025-12-03,DANIA BEACH,P0138,1,18.5,0.0
S000976,2025-08-10,Dania Beach,P0137,1,34.89,0.0
S006593,2026-03-10,Dania Beach,P0269,2,19.37,0.0
S004708,2025-12-21,Dania Beach,P0188,1,14.19,2.0
S002087,2025-09-23,Dania Beach,P0169,1,28.05,0.0
S005145,2025-12-30,Dania Beach,P0162,1,9.66,5.0
S006570,2026-03-09,Lake Worth,P0095,1,15.25,0.0
S003764,2025-11-30,Lake Worth,P0250,1,26.07,0.0
S000823,2025-08-03,Oakland Park,P0224,1,28.47,0.0
S008796,2026-05-20,Dania Beach,P0258,1,20.03,2.0
S009690,6/24/2026,Lake Worth,P0156,1,33.24,0.0
S004968,2025-12-27,Oakland Park,P0229,1,15.22,5.0
S007421,2026-04-08,dania beach,P0233,1,22.74,0.0
S000365,2025-07-15,Oakland Park,P0004,1,33.33,0.0
S003571,2025-11-22,Oakland Park,P0007,1,18.87,0.0
S007264,2026-04-05,Oakland Park,P0229,1,15.22,0.0
S001735,2025-09-09,Oakland Park,P0272,1,18.29,0.0
S003408,11/15/2025,Oakland Park,P0209,1,38.73,0.0
S009482,2026-06-16,Oakland Park,P0266,1,28.75,
S002007,2025-09-21,Oakland Park,P0068,2,18.85,0.0
S004363,2025-12-14,Lake Worth,P0120,3,23.21,0.0
S002125,2025-09-25,Dania Beach,P0185,1,20.14,0.0
S006836,3/20/2026,Oakland Park,P0091,1,10.86,0.0
S009442,2026-06-15,Lake Worth,P0181,1,38.54,2.0
S004632,2025-12-20,DANIA BEACH,P0222,1,25.03,0.0
S004583,2025-12-19,LAKE WORTH,P0138,1,18.5,0.0
S002512,2025-10-10,Lake Worth,P0028,1,22.61,0.0
S005944,2026-02-07,Lake Worth,P0219,1,$19.95,0.0
S006638,2026-03-12,Dania Beach,P0112,1,9.26,0.0
S009422,2026-06-14,Oakland Park,P0236,3,32.91,0.0
S007534,2026-04-11,Dania Beach,P0058,2,$6.59,2.0
S009648,2026-06-23,Oakland Park,P0100,1,34.67,0.0
S000081,2025-07-04,Lake Worth,P0250,1,26.07,0.0
S003847,2025-12-02,Oakland Park,P0134,1,13.77,0.0
S002567,2025-10-12,Lake Worth,P0217,1,17.82,2.0
S002834,2025-10-22,Oakland Park,P0009,1,$10.82,0.0
S009005,2026-05-29,Dania Beach,P0258,1,20.03,0.0
S004684,2025-12-21,Oakland Park,P0040,1,30.27,0.0
S001728,2025-09-08,Oakland Park,P0038,1,16.31,0.0
S008716,2026-05-17,Oakland Park,P0227,2,22.7,
S005750,2026-01-28,Dania Beach,P0134,1,13.77,
S000970,2025-08-10,Dania Beach,P0041,1,11.22,0.0
S003290,2025-11-09,Dania Beach,P0094,2,15.94,2.0
S000487,2025-07-20,LAKE WORTH,P0091,1,10.86,0.0
S006081,2026-02-14,Lake Worth,P0250,1,26.07,0.0
S009725,2026-06-26,Lake Worth,P0204,1,30.89,0.0
S005237,2026-01-02,Dania Beach,P0283,2,41.77,0.0
S002703,10/18/2025,Lake Worth,P0052,2,20.69,0.0
S006735,2026-03-16,Dania Beach,P0247,1,11.6,0.0
S002453,2025-10-07,Oakland Park,P0060,1,16.29,2.0
S008455,2026-05-07,Dania Beach,P0112,1,9.26,0.0
S009798,2026-06-29,Lake Worth,P0258,1,20.03,0.0
S003478,2025-11-17,Oakland Park,P0209,1,38.73,
S000529,2025-07-22,Dania Beach,P0105,1,41.09,0.0
S001024,2025-08-12,Oakland Park,P0218,1,12.89,0.0
S001874,2025-09-14,Oakland Park,P0058,1,6.59,0.0
S002019,2025-09-21,Dania Beach,P0028,1,22.61,2.0
S002693,2025-10-17,Oakland Park,P0096,1,17.3,0.0
S002068,2025-09-23,DANIA BEACH,P0157,1,8.43,2.0
S005835,2026-02-01,Dania Beach,P0142,1,14.84,0.0
S005060,2025-12-28,Oakland Park,P0258,2,20.03,0.0
S002981,2025-10-28,Dania Beach,P0186,2,8.27,0.0
S007478,2026-04-10,Oakland Park,P0153,1,24.73,0.0
S003149,2025-11-03,Oakland Park,P0253,1,12.31,0.0
S007502,2026-04-11,Oakland Park,P0128,1,25.5,0.0
S000155,2025-07-06,Dania Beach,P0157,1,8.43,0.0
S007299,2026-04-05,Dania Beach,P0028,1,22.61,0.0
S000689,2025-07-29,Dania Beach,P0296,2,10.05,0.0
S005668,2026-01-24,dania beach,P0181,1,38.54,
S005802,2026-01-31,Oakland Park,P0261,1,13.52,0.0
S008509,2026-05-09,Dania Beach,P0074,2,23.62,5.0
S003319,2025-11-11,Dania Beach,P0045,1,31.47,0.0
S006115,2026-02-15,LAKE WORTH,P0112,1,9.26,0.0
S001445,2025-08-29,Dania Beach,P0045,1,31.47,0.0
S003966,2025-12-05,Oakland Park,P0028,1,22.61,2.0
S003074,11/1/2025,dania beach,P0153,1,24.73,0.0
S006227,2/22/2026,Oakland Park,P0185,1,20.14,5.0
S005641,2026-01-22,Dania Beach,P0255,1,34.26,0.0
S001486,2025-08-30,Lake Worth,P0056,1,36.04,0.0
S004501,2025-12-17,Lake Worth,P0264,1,39.66,5.0
S006602,3/10/2026,Dania Beach,P0004,1,33.33,0.0
S006174,2026-02-19,Dania Beach,P0122,1,15.39,0.0
S009787,2026-06-28,Dania Beach,P0250,1,26.07,0.0
S009142,2026-06-03,Oakland Park,P0173,1,28.8,0.0
S001292,2025-08-23,DANIA BEACH,P0182,1,25.07,0.0
S004231,2025-12-11,Lake Worth,P0268,1,28.7,0.0
S005580,2026-01-19,Dania Beach,P0095,1,15.25,2.0
S006471,2026-03-05,oakland park,P0247,1,11.6,2.0
S001167,2025-08-17,Oakland Park,P0079,1,38.19,0.0
S003201,2025-11-06,lake worth,P0229,1,15.22,0.0
S009317,2026-06-10,Oakland Park,P0081,1,12.2,0.0
S008897,2026-05-24,Oakland Park,P0013,1,19.04,0.0
S000354,2025-07-14,Lake Worth,P0120,1,23.21,0.0
S005886,2026-02-03,Lake Worth,P0078,1,34.08,0.0
S006060,2026-02-13,Dania Beach,P0035,1,25.13,0.0
S008451,2026-05-07,Oakland Park,P0028,1,22.61,0.0
S009533,2026-06-19,Oakland Park,P0209,1,38.73,0.0
S002029,2025-09-21,Lake Worth,P0102,1,16.27,0.0
S001641,2025-09-06,Oakland Park,P0168,1,9.03,0.0
S006889,2026-03-22,Oakland Park,P0192,1,$9.96,0.0
S000916,2025-08-07,Oakland Park,P0041,1,11.22,0.0
S001466,2025-08-30,Dania Beach,P0232,1,35.97,0.0
S002425,2025-10-06,Oakland Park,P0028,1,22.61,0.0
S003941,2025-12-04,Dania Beach,P0123,1,32.28,2.0
S009383,2026-06-13,Oakland Park,P0263,1,24.16,0.0
S007839,2026-04-19,Lake Worth,P0069,1,21.4,0.0
S008094,2026-04-25,Dania Beach,P0067,1,22.05,0.0
S009720,6/26/2026,oakland park,P0222,1,25.03,0.0
S000382,2025-07-15,Dania Beach,P0041,1,11.22,0.0
S003268,2025-11-09,Oakland Park,P0229,2,$15.22,5.0
S004126,2025-12-09,Lake Worth,P0106,2,14.38,0.0
S003076,2025-11-01,Oakland Park,P0258,1,20.03,0.0
S003893,2025-12-03,Oakland Park,P0101,1,40.29,0.0
S007758,2026-04-17,Oakland Park,P0193,1,15.19,0.0
S003034,10/31/2025,Oakland Park,P0028,1,22.61,0.0
S008803,5/21/2026,LAKE WORTH,P0258,2,20.03,0.0
S002451,2025-10-07,Dania Beach,P0066,1,15.19,0.0
S009375,2026-06-13,Dania Beach,P0045,2,31.47,0.0
S008436,2026-05-07,Dania Beach,P0229,1,15.22,0.0
S001915,2025-09-16,Dania Beach,P0132,1,38.62,0.0
S009813,2026-06-29,Oakland Park,P0123,1,32.28,0.0
S007660,2026-04-14,Lake Worth,P0208,1,8.68,0.0
S000327,2025-07-13,Oakland Park,P0187,1,8.33,0.0
S007125,2026-04-01,Lake Worth,P0095,1,15.25,0.0
S008421,2026-05-06,Oakland Park,P0092,1,34.43,5.0
S005351,2026-01-08,Lake Worth,P0083,1,9.28,0.0
S007342,2026-04-06,Dania Beach,P0258,1,20.03,0.0
S007793,2026-04-18,Oakland Park,P0242,1,16.38,0.0
S005192,2025-12-31,Dania Beach,P0042,1,$16.07,0.0
S009750,2026-06-27,Oakland Park,P0200,1,20.12,5.0
S000399,2025-07-16,Oakland Park,P0141,2,18.03,0.0
S008337,2026-05-03,Dania Beach,P0266,2,28.75,0.0
S006627,2026-03-11,Dania Beach,P0258,1,$20.03,0.0
S005884,2026-02-03,Dania Beach,P0205,1,34.1,0.0
S004556,2025-12-18,Lake Worth,P0120,1,23.21,0.0
S000987,8/10/2025,Oakland Park,P0081,1,12.2,0.0
S004404,2025-12-14,Oakland Park,P0138,1,18.5,0.0
S007019,2026-03-28,Lake Worth,P0264,1,39.66,0.0
S002152,2025-09-26,Dania Beach,P0258,1,20.03,0.0
S007607,2026-04-13,Oakland Park,P0281,2,17.35,0.0
S007399,2026-04-08,Dania Beach,P0281,1,17.35,0.0
S008660,2026-05-15,Oakland Park,P0102,3,16.27,0.0
S002150,2025-09-26,Oakland Park,P0121,1,26.48,0.0
S001844,2025-09-13,Lake Worth,P0031,1,23.06,0.0
S001544,2025-09-01,Oakland Park,P0141,1,18.03,0.0
S008172,2026-04-27,Oakland Park,P0229,1,15.22,0.0
S001366,2025-08-26,Dania Beach,P0229,1,15.22,
S007678,2026-04-14,OAKLAND PARK,P0042,1,16.07,0.0
S001363,2025-08-26,Lake Worth,P0068,1,18.85,0.0
S005337,2026-01-07,Lake Worth,P0122,1,15.39,0.0
S003949,2025-12-05,Dania Beach,P0042,1,16.07,0.0
S006438,2026-03-04,Oakland Park,P0061,1,13.54,
S002611,2025-10-14,Oakland Park,P0281,2,17.35,
S009559,2026-06-20,Oakland Park,P0084,1,8.22,0.0
S000276,2025-07-11,Lake Worth,P0192,1,9.96,0.0
S007626,2026-04-13,Lake Worth,P0298,1,10.79,0.0
S005287,2026-01-04,Lake Worth,P0219,1,19.95,0.0
S008441,2026-05-07,Oakland Park,P0127,1,26.3,0.0
S006979,3/26/2026,Dania Beach,P0020,1,24.25,0.0
S005026,12/28/2025,Oakland Park,P0099,1,32.17,0.0
S001462,8/29/2025,Oakland Park,P0137,1,34.89,2.0
S000800,2025-08-02,Oakland Park,P0133,1,31.55,0.0
S002435,2025-10-06,Dania Beach,P0279,1,5.18,0.0
S005215,2025-12-31,Dania Beach,P0229,1,15.22,0.0
S008385,2026-05-05,Oakland Park,P0128,1,25.5,0.0
S008968,2026-05-27,LAKE WORTH,P0297,1,17.64,0.0
S005861,2026-02-02,Oakland Park,P0059,1,27.7,5.0
S005553,2026-01-18,Lake Worth,P0283,1,41.77,
S006623,2026-03-11,Dania Beach,P0022,1,7.3,0.0
S001689,9/7/2025,Oakland Park,P0184,2,16.92,0.0
S000855,2025-08-04,Dania Beach,P0145,1,18.52,0.0
S009166,2026-06-04,Oakland Park,P0248,1,14.4,0.0
S006213,2026-02-21,Dania Beach,P0258,1,20.03,0.0
S009244,2026-06-07,Dania Beach,P0020,1,24.25,0.0
S000015,2025-07-01,Oakland Park,P0131,1,10.61,0.0
S006916,2026-03-23,OAKLAND PARK,P0288,1,39.45,0.0
S009805,2026-06-29,Dania Beach,P0228,1,12.36,0.0
S006896,2026-03-22,Lake Worth,P0258,1,20.03,0.0
S002967,10/28/2025,Lake Worth,P0008,2,23.36,
S006527,2026-03-07,dania beach,P0160,1,15.14,0.0
S003359,2025-11-12,Dania Beach,P0010,1,$26.25,2.0
S001614,2025-09-04,Lake Worth,P0258,1,20.03,0.0
S009645,2026-06-23,lake worth,P0101,1,40.29,0.0
S003231,2025-11-07,Oakland Park,P0141,1,18.03,0.0
S000485,2025-07-20,lake worth,P0152,2,10.83,0.0
S007927,4/21/2026,Dania Beach,P0005,1,12.32,2.0
S000636,2025-07-27,Lake Worth,P0163,1,$12.13,2.0
S009376,6/13/2026,Dania Beach,P0240,1,29.77,0.0
S005224,2026-01-01,Oakland Park,P0123,1,32.28,0.0
S007359,4/7/2026,Lake Worth,P0233,1,22.74,2.0
S004570,12/19/2025,Oakland Park,P0116,1,38.74,0.0
S001802,2025-09-12,Oakland Park,P0227,1,22.7,2.0
S009314,2026-06-10,OAKLAND PARK,P0082,1,11.34,0.0
S004938,2025-12-26,Dania Beach,P0233,2,22.74,0.0
S004620,2025-12-20,dania beach,P0113,1,$15.71,0.0
S007387,2026-04-08,Oakland Park,P0181,1,38.54,2.0
S001819,2025-09-12,Lake Worth,P0152,1,10.83,0.0
S008596,2026-05-12,Dania Beach,P0258,1,20.03,0.0
S009127,2026-06-02,Dania Beach,P0256,1,20.62,0.0
S002448,2025-10-07,Lake Worth,P0128,1,25.5,0.0
S000639,7/27/2025,Oakland Park,P0234,1,39.24,0.0
S000531,7/22/2025,Oakland Park,P0227,1,22.7,0.0
S005082,2025-12-29,Oakland Park,P0134,1,13.77,0.0
S008039,2026-04-24,Dania Beach,P0005,1,12.32,0.0
S001314,2025-08-24,Dania Beach,P0135,1,18.06,0.0
S005543,1/18/2026,Dania Beach,P0045,3,31.47,0.0
S002468,2025-10-07,Lake Worth,P0219,1,19.95,2.0
S009529,2026-06-19,Dania Beach,P0247,1,$11.6,0.0
S002814,2025-10-21,Oakland Park,P0229,1,15.22,0.0
S007425,2026-04-08,Dania Beach,P0200,1,20.12,0.0
S008422,5/6/2026,Lake Worth,P0181,2,38.54,0.0
S007272,2026-04-05,Dania Beach,P0229,1,15.22,5.0
S003473,2025-11-17,Dania Beach,P0229,1,15.22,0.0
S001525,2025-08-31,Dania Beach,P0253,1,12.31,0.0
S000013,2025-07-01,Dania Beach,P0095,1,15.25,0.0
S008614,2026-05-13,Lake Worth,P0155,1,33.74,5.0
S005179,2025-12-31,Dania Beach,P0045,1,31.47,0.0
S003199,2025-11-05,Dania Beach,P0027,1,16.28,5.0
S008507,2026-05-09,Dania Beach,P0086,1,19.54,0.0
S004242,2025-12-11,DANIA BEACH,P0258,1,20.03,0.0
S000014,2025-07-01,Lake Worth,P0293,1,17.47,2.0
S005912,2026-02-05,Dania Beach,P0043,1,11.96,0.0
S001384,2025-08-26,Dania Beach,P0064,1,22.4,0.0
S002548,2025-10-11,Dania Beach,P0009,1,10.82,0.0
S005152,2025-12-30,Dania Beach,P0059,1,27.7,0.0
S007251,2026-04-04,Dania Beach,P0258,1,20.03,0.0
S002223,2025-09-28,Oakland Park,P0194,1,31.47,5.0
S008842,5/22/2026,Dania Beach,P0232,1,35.97,0.0
S002531,2025-10-11,Dania Beach,P0071,1,14.0,0.0
S001559,2025-09-02,Dania Beach,P0102,1,16.27,0.0
S004813,2025-12-24,Oakland Park,P0145,1,18.52,0.0
S003677,2025-11-26,Lake Worth,P0099,1,32.17,0.0
S003174,11/4/2025,Lake Worth,P0145,1,18.52,0.0
S006381,2026-03-01,Oakland Park,P0026,1,24.77,0.0
S003046,2025-10-31,Dania Beach,P0077,1,38.06,
S009736,2026-06-27,Lake Worth,P0190,2,31.63,2.0
S007346,4/6/2026,Lake Worth,P0063,1,32.31,0.0
S007911,2026-04-20,Oakland Park,P0025,1,37.2,0.0
S002749,2025-10-19,Dania Beach,P0123,1,32.28,0.0
S001078,2025-08-14,Lake Worth,P0107,1,35.69,0.0
S006801,2026-03-19,Oakland Park,P0091,1,10.86,0.0
S004010,2025-12-06,Oakland Park,P0169,1,28.05,0.0
S008485,2026-05-09,Dania Beach,P0181,1,$38.54,5.0
S009686,2026-06-24,Dania Beach,P0112,2,9.26,0.0
S005247,2026-01-03,Lake Worth,P0112,1,9.26,0.0
S004954,2025-12-27,Dania Beach,P0047,1,11.39,0.0
S005282,2026-01-04,Lake Worth,P0226,1,19.09,0.0
S000919,2025-08-07,Oakland Park,P0190,1,31.63,0.0
S007688,2026-04-15,Oakland Park,P0190,1,31.63,0.0
S007404,2026-04-08,Oakland Park,P0138,1,18.5,2.0
S009205,2026-06-06,Lake Worth,P0185,1,20.14,0.0
S000694,2025-07-29,Lake Worth,P0138,1,18.5,0.0
S005225,2026-01-01,Dania Beach,P0264,1,39.66,5.0
S001695,2025-09-07,Lake Worth,P0046,1,16.17,0.0
S000202,2025-07-07,Dania Beach,P0268,1,28.7,0.0
S006743,2026-03-16,Lake Worth,P0051,1,31.0,0.0
S000313,7/12/2025,Oakland Park,P0120,1,23.21,0.0
S005621,2026-01-21,Dania Beach,P0258,1,20.03,0.0
S002322,2025-10-02,Dania Beach,P0258,2,20.03,0.0
S000061,2025-07-03,Oakland Park,P0258,1,20.03,0.0
S002177,9/27/2025,Dania Beach,P0158,1,15.94,0.0
S004464,2025-12-16,Lake Worth,P0258,1,20.03,0.0
S003226,2025-11-07,Dania Beach,P0152,1,10.83,0.0
S000622,2025-07-26,Dania Beach,P0120,1,23.21,0.0
S005581,2026-01-19,Dania Beach,P0048,1,43.54,5.0
S006033,2026-02-11,Dania Beach,P0123,1,32.28,0.0
S005109,2025-12-29,Lake Worth,P0242,1,16.38,0.0
S007316,2026-04-05,Dania Beach,P0068,1,18.85,0.0
S009027,2026-05-30,Lake Worth,P0176,1,38.34,2.0
S003145,11/3/2025,Lake Worth,P0094,1,15.94,0.0
S006135,2026-02-17,Dania Beach,P0090,1,39.67,0.0
S005296,2026-01-04,Oakland Park,P0181,2,$38.54,2.0
S002006,2025-09-20,oakland park,P0206,1,25.28,0.0
S004605,2025-12-19,Lake Worth,P0258,1,20.03,0.0
S002370,2025-10-04,Oakland Park,P0083,1,9.28,
S001141,2025-08-17,Lake Worth,P0251,1,16.69,0.0
S000277,2025-07-11,Oakland Park,P0272,1,18.29,0.0
S009467,2026-06-16,Oakland Park,P0102,1,16.27,0.0
S003945,2025-12-05,Dania Beach,P0189,2,8.68,0.0
S002778,2025-10-20,Oakland Park,P0258,1,20.03,0.0
S009407,2026-06-14,Dania Beach,P0250,1,26.07,0.0
S000651,2025-07-27,Oakland Park,P0250,1,26.07,0.0
S003185,2025-11-05,DANIA BEACH,P0008,1,23.36,5.0
S004492,2025-12-17,Lake Worth,P0041,1,11.22,0.0
S007935,2026-04-21,Oakland Park,P0258,1,20.03,0.0
S007949,2026-04-22,Oakland Park,P0229,1,15.22,0.0
S003208,2025-11-06,Dania Beach,P0028,2,22.61,0.0
S003107,2025-11-02,Dania Beach,P0127,1,26.3,2.0
S004928,2025-12-26,Lake Worth,P0258,1,20.03,0.0
S009405,2026-06-14,Dania Beach,P0153,1,24.73,0.0
S005311,2026-01-05,Oakland Park,P0006,1,18.74,0.0
S008030,2026-04-24,Oakland Park,P0232,1,35.97,0.0
S002471,2025-10-08,Lake Worth,P0150,1,8.12,0.0
S003151,2025-11-03,Oakland Park,P0188,3,14.19,0.0
S006616,2026-03-11,Oakland Park,P0172,1,16.93,0.0
S008789,2026-05-20,Oakland Park,P0008,1,23.36,0.0
S004635,2025-12-20,Oakland Park,P0183,1,39.68,0.0
S004692,2025-12-21,Lake Worth,P0270,2,13.93,0.0
S006595,2026-03-10,OAKLAND PARK,P0034,1,17.39,0.0
S009059,2026-05-31,dania beach,P0253,1,12.31,0.0
S001224,2025-08-20,Oakland Park,P0250,1,26.07,0.0
S007339,2026-04-06,Dania Beach,P0176,1,38.34,0.0
S005849,2026-02-02,Oakland Park,P0070,1,22.38,0.0
S001197,2025-08-19,Oakland Park,P0236,1,32.91,0.0
S002501,2025-10-09,Dania Beach,P0048,1,43.54,0.0
S001783,2025-09-11,Dania Beach,P0250,1,26.07,0.0
S006270,2026-02-24,Dania Beach,P0099,1,32.17,0.0
S001294,2025-08-23,Oakland Park,P0176,1,38.34,0.0
S007871,2026-04-19,Oakland Park,P0116,1,38.74,2.0
S009649,6/23/2026,Dania Beach,P0129,2,7.89,0.0
S000290,2025-07-12,Oakland Park,P0258,1,20.03,0.0
S008206,2026-04-28,Oakland Park,P0021,2,20.19,5.0
S006663,2026-03-13,DANIA BEACH,P0079,1,38.19,0.0
S002189,2025-09-28,Lake Worth,P0112,1,9.26,0.0
S005670,2026-01-24,Lake Worth,P0133,1,31.55,0.0
S000325,2025-07-13,Dania Beach,P0028,2,22.61,0.0
S003222,2025-11-07,Dania Beach,P0123,1,32.28,5.0
S004850,2025-12-24,Dania Beach,P0109,1,19.26,0.0
S002423,2025-10-05,Oakland Park,P0125,2,30.0,0.0
S002885,2025-10-25,Oakland Park,P0214,1,40.55,0.0
S006038,2/12/2026,Oakland Park,P0053,1,11.0,0.0
S009034,2026-05-30,Lake Worth,P0159,1,5.86,2.0
S001172,2025-08-18,Dania Beach,P0157,1,8.43,0.0
S000059,2025-07-03,Dania Beach,P0109,1,19.26,0.0
S003379,2025-11-13,Lake Worth,P0055,2,18.49,0.0
S005154,2025-12-30,Lake Worth,P0266,1,28.75,0.0
S001358,2025-08-25,Oakland Park,P0045,2,31.47,0.0
S004086,2025-12-07,Lake Worth,P0036,1,4.54,0.0
S005529,1/17/2026,Dania Beach,P0250,1,26.07,0.0
S006535,2026-03-07,Oakland Park,P0258,1,20.03,0.0
S009102,2026-06-02,Lake Worth,P0256,1,20.62,0.0
S004330,2025-12-13,OAKLAND PARK,P0039,1,18.68,0.0
S008969,2026-05-27,Dania Beach,P0258,1,20.03,0.0
S005667,2026-01-24,Dania Beach,P0028,2,22.61,0.0
S005568,1/19/2026,Oakland Park,P0286,1,17.06,0.0
S002948,2025-10-27,Oakland Park,P0245,1,30.57,5.0
S002115,2025-09-25,Dania Beach,P0150,3,8.12,0.0
S001948,2025-09-18,Dania Beach,P0258,1,20.03,0.0
S006997,2026-03-27,Lake Worth,P0234,1,39.24,0.0
S002479,2025-10-08,Dania Beach,P0225,1,30.83,0.0
S001121,2025-08-16,Oakland Park,P0205,1,34.1,0.0
S008055,2026-04-25,Dania Beach,P0229,2,15.22,
S002759,2025-10-19,Dania Beach,P0232,1,35.97,0.0
S009653,2026-06-23,Oakland Park,P0091,2,10.86,0.0
S003099,2025-11-02,Dania Beach,P0086,1,19.54,0.0
S004705,2025-12-21,Lake Worth,P0238,1,9.91,0.0
S006563,2026-03-08,Oakland Park,P0265,2,19.55,0.0
S008305,2026-05-02,Dania Beach,P0297,1,17.64,0.0
S007553,2026-04-12,Lake Worth,P0263,1,24.16,0.0
S000381,2025-07-15,Lake Worth,P0080,1,3.25,0.0
S003740,2025-11-29,Lake Worth,P0069,1,21.4,2.0
S008523,2026-05-10,Oakland Park,P0189,1,8.68,0.0
S003760,2025-11-30,Oakland Park,P0229,1,15.22,0.0
S006460,3/4/2026,Lake Worth,P0229,2,15.22,0.0
S009310,2026-06-10,Dania Beach,P0047,1,11.39,2.0
S008506,2026-05-09,Dania Beach,P0125,1,30.0,0.0
S000608,2025-07-26,Dania Beach,P0233,1,22.74,0.0
S008156,2026-04-26,Lake Worth,P0205,1,34.1,0.0
S004983,12/27/2025,Dania Beach,P0277,1,12.14,0.0
S002256,2025-09-30,Oakland Park,P0298,2,10.79,0.0
S002205,2025-09-28,Oakland Park,P0249,1,24.88,0.0
S006936,2026-03-24,Dania Beach,P0258,1,20.03,0.0
S003744,11/29/2025,Dania Beach,P0078,3,34.08,0.0
S004213,2025-12-11,Oakland Park,P0258,1,20.03,0.0
S003011,2025-10-29,Dania Beach,P0297,1,17.64,0.0
S003748,11/29/2025,Oakland Park,P0229,1,15.22,0.0
S001796,9/11/2025,Dania Beach,P0161,1,43.05,0.0
S008016,2026-04-23,Dania Beach,P0209,1,38.73,0.0
S002240,9/29/2025,Dania Beach,P0162,2,$9.66,0.0
S007369,2026-04-07,Lake Worth,P0253,1,12.31,0.0
S008824,2026-05-21,Oakland Park,P0095,1,15.25,0.0
S002463,2025-10-07,Oakland Park,P0258,1,20.03,0.0
S001124,2025-08-16,Oakland Park,P0293,1,17.47,0.0
S002084,9/23/2025,LAKE WORTH,P0004,1,33.33,0.0
S004030,2025-12-07,Oakland Park,P0060,1,16.29,0.0
S003732,2025-11-29,Lake Worth,P0116,1,38.74,0.0
S007210,2026-04-04,Oakland Park,P0164,2,14.99,0.0
S002403,2025-10-05,Lake Worth,P0181,1,38.54,0.0
S008484,2026-05-09,Lake Worth,P0028,1,22.61,0.0
S007198,2026-04-03,Oakland Park,P0007,1,18.87,0.0
S009666,2026-06-23,Dania Beach,P0258,1,20.03,0.0
S009154,2026-06-04,Dania Beach,P0225,1,30.83,0.0
S002104,2025-09-24,Lake Worth,P0116,1,38.74,0.0
S005954,2026-02-07,Lake Worth,P0192,1,9.96,0.0
S001312,8/24/2025,Dania Beach,P0043,1,11.96,0.0
S008042,2026-04-24,Dania Beach,P0020,1,24.25,0.0
S000518,7/21/2025,dania beach,P0181,1,38.54,0.0
S003263,2025-11-08,Dania Beach,P0200,1,20.12,0.0
S006545,2026-03-08,Lake Worth,P0181,1,38.54,0.0
S001324,2025-08-24,Dania Beach,P0086,1,19.54,
S002447,2025-10-07,Dania Beach,P0165,1,17.48,0.0
S003506,11/19/2025,Oakland Park,P0153,1,24.73,0.0
S006946,2026-03-25,Oakland Park,P0137,1,34.89,0.0
S007780,2026-04-18,Oakland Park,P0250,1,26.07,2.0
S003140,2025-11-03,dania beach,P0258,1,20.03,0.0
S009382,2026-06-13,Oakland Park,P0229,1,15.22,0.0
S009254,6/7/2026,Dania Beach,P0147,1,40.67,0.0
S008543,2026-05-10,Oakland Park,P0159,1,5.86,0.0
S000172,2025-07-06,Oakland Park,P0233,1,22.74,0.0
S002976,2025-10-28,Dania Beach,P0258,1,20.03,0.0
S009588,2026-06-21,Dania Beach,P0016,1,9.61,0.0
S002671,2025-10-17,Dania Beach,P0022,1,7.3,0.0
S005171,2025-12-31,Dania Beach,P0259,1,34.69,0.0
S004982,2025-12-27,LAKE WORTH,P0153,1,24.73,0.0
S005873,2026-02-03,dania beach,P0258,1,20.03,0.0
S004672,2025-12-21,Oakland Park,P0098,1,12.85,0.0
S008037,4/24/2026,Dania Beach,P0165,1,17.48,0.0
S004244,2025-12-12,Oakland Park,P0078,3,34.08,0.0
S008004,2026-04-23,Oakland Park,P0225,1,30.83,0.0
S007203,2026-04-03,Dania Beach,P0009,1,10.82,0.0
S007384,4/8/2026,Lake Worth,P0042,1,16.07,5.0
S003067,2025-11-01,Dania Beach,P0181,1,$38.54,0.0
S003043,2025-10-31,Lake Worth,P0087,3,10.56,0.0
S006802,2026-03-19,Dania Beach,P0250,1,26.07,0.0
S007057,2026-03-30,Oakland Park,P0042,1,16.07,0.0
S008395,2026-05-05,Oakland Park,P0099,1,32.17,0.0
S005394,2026-01-10,Dania Beach,P0181,1,38.54,0.0
S003716,2025-11-28,Dania Beach,P0264,3,39.66,0.0
S005162,2025-12-30,Dania Beach,P0005,1,12.32,0.0
S009071,2026-05-31,Dania Beach,P0028,1,22.61,0.0
S003806,2025-12-01,LAKE WORTH,P0190,1,31.63,0.0
S008711,5/17/2026,Dania Beach,P0258,1,20.03,2.0
S000895,8/6/2025,Oakland Park,P0229,1,15.22,0.0
S008390,2026-05-05,Lake Worth,P0134,1,13.77,0.0
S006515,2026-03-07,Oakland Park,P0225,1,30.83,0.0
S000958,2025-08-09,Lake Worth,P0051,1,31.0,0.0
S005424,1/11/2026,Lake Worth,P0181,2,38.54,0.0
S002319,2025-10-02,Oakland Park,P0016,1,9.61,0.0
S009284,6/8/2026,Lake Worth,P0047,1,11.39,0.0
S003078,2025-11-01,Lake Worth,P0065,1,22.31,0.0
S000547,7/23/2025,Dania Beach,P0138,1,18.5,0.0
S003084,2025-11-01,Oakland Park,P0179,1,10.96,0.0
S009435,2026-06-15,Oakland Park,P0178,3,35.29,0.0
S006119,2026-02-15,Dania Beach,P0002,2,33.09,0.0
S007257,2026-04-05,Dania Beach,P0166,1,26.78,0.0
S006289,2026-02-25,Dania Beach,P0258,1,20.03,0.0
S000901,2025-08-06,Dania Beach,P0250,1,26.07,0.0
S004540,2025-12-18,Oakland Park,P0141,1,18.03,0.0
S001418,8/27/2025,Dania Beach,P0113,1,15.71,0.0
S003893,2025-12-03,Oakland Park,P0101,1,40.29,0.0
S005186,2025-12-31,Dania Beach,P0258,2,20.03,0.0
S006543,2026-03-08,Oakland Park,P0155,1,33.74,0.0
S001927,2025-09-17,Dania Beach,P0090,1,39.67,0.0
S007470,2026-04-10,Dania Beach,P0264,1,39.66,0.0
S004920,2025-12-26,Dania Beach,P0190,1,$31.63,0.0
S009091,2026-06-01,Oakland Park,P0255,1,34.26,0.0
S009613,2026-06-21,Oakland Park,P0116,1,$38.74,0.0
S006898,2026-03-22,Oakland Park,P0203,1,$28.04,0.0
S005293,2026-01-04,Dania Beach,P0138,1,18.5,0.0
S009651,2026-06-23,Dania Beach,P0258,2,$20.03,0.0
S003902,2025-12-04,Oakland Park,P0145,1,18.52,0.0
S006405,2026-03-02,Oakland Park,P0112,1,9.26,0.0
S004590,2025-12-19,LAKE WORTH,P0218,1,12.89,0.0
S005970,2026-02-08,DANIA BEACH,P0161,1,43.05,0.0
S009437,6/15/2026,Dania Beach,P0020,1,24.25,0.0
S007309,2026-04-05,Dania Beach,P0143,1,33.65,0.0
S001206,2025-08-19,Dania Beach,P0033,1,13.41,0.0
S002243,2025-09-29,Dania Beach,P0116,1,38.74,0.0
S005820,1/31/2026,Dania Beach,P0102,1,$16.27,0.0
S001173,2025-08-18,Dania Beach,P0041,1,11.22,2.0
S006518,2026-03-07,Lake Worth,P0173,1,28.8,0.0
S004032,2025-12-07,Oakland Park,P0225,1,30.83,0.0
S000379,2025-07-15,Oakland Park,P0061,1,13.54,0.0
S009837,2026-06-30,Oakland Park,P0071,1,14.0,0.0
S000698,2025-07-29,Oakland Park,P0121,1,26.48,0.0
S004028,12/6/2025,Lake Worth,P0300,1,15.39,0.0
S003592,2025-11-23,Oakland Park,P0112,2,9.26,0.0
S002577,2025-10-12,Lake Worth,P0172,1,16.93,0.0
S009496,2026-06-17,oakland park,P0253,1,12.31,
S006358,2026-02-28,Oakland Park,P0288,1,39.45,2.0
S000656,2025-07-27,Lake Worth,P0258,1,20.03,0.0
S006823,2026-03-20,Lake Worth,P0188,1,14.19,0.0
S006173,2026-02-19,Dania Beach,P0258,1,20.03,0.0
S005751,2026-01-28,Dania Beach,P0204,1,30.89,0.0
S001098,2025-08-15,dania beach,P0264,1,39.66,0.0
S007146,2026-04-02,Oakland Park,P0229,1,15.22,
S001002,2025-08-11,Dania Beach,P0263,3,24.16,0.0
S006611,2026-03-10,Lake Worth,P0015,1,$10.97,
S003460,2025-11-16,Dania Beach,P0170,1,12.29,0.0
S003381,2025-11-13,Oakland Park,P0028,1,22.61,0.0
S000455,7/19/2025,Lake Worth,P0229,1,$15.22,0.0
S004152,2025-12-09,OAKLAND PARK,P0229,1,15.22,0.0
S005141,2025-12-30,Lake Worth,P0033,1,13.41,0.0
S007071,2026-03-30,Oakland Park,P0060,1,$16.29,0.0
S009691,2026-06-25,Lake Worth,P0152,1,10.83,0.0
S009404,2026-06-14,Oakland Park,P0229,2,15.22,0.0
S003147,2025-11-03,Dania Beach,P0099,1,32.17,0.0
S007204,2026-04-04,Oakland Park,P0035,1,$25.13,0.0
S003035,2025-10-31,Lake Worth,P0179,1,10.96,0.0
S002207,2025-09-28,Oakland Park,P0093,1,10.98,0.0
S000387,2025-07-15,Dania Beach,P0045,1,31.47,5.0
S001696,2025-09-07,Oakland Park,P0225,1,30.83,0.0
S006864,3/21/2026,Lake Worth,P0145,1,18.52,2.0
S007023,2026-03-28,Oakland Park,P0099,1,32.17,0.0
S004203,2025-12-11,Dania Beach,P0102,1,16.27,0.0
S004153,2025-12-09,dania beach,P0132,1,38.62,0.0
S007907,4/20/2026,Lake Worth,P0258,2,20.03,2.0
S003144,2025-11-03,Oakland Park,P0184,1,16.92,0.0
S006461,2026-03-05,Oakland Park,P0141,1,18.03,0.0
S002710,2025-10-18,Lake Worth,P0258,1,20.03,0.0
S003120,2025-11-02,Oakland Park,P0061,1,13.54,5.0
S006436,2026-03-03,Oakland Park,P0061,1,13.54,0.0
S008512,2026-05-09,Oakland Park,P0298,1,10.79,0.0
S005649,2026-01-23,Oakland Park,P0108,2,11.87,0.0
S000606,2025-07-26,Dania Beach,P0244,1,7.54,0.0
S007452,4/9/2026,Dania Beach,P0100,1,34.67,0.0
S004817,2025-12-24,Oakland Park,P0258,1,20.03,0.0
S003001,2025-10-29,Oakland Park,P0234,1,39.24,
S009327,2026-06-11,Lake Worth,P0234,1,39.24,0.0
S005622,2026-01-22,Lake Worth,P0198,1,5.19,0.0
S002519,10/10/2025,Lake Worth,P0262,1,32.15,2.0
S008565,2026-05-11,Oakland Park,P0237,1,18.61,0.0
S001741,9/9/2025,Oakland Park,P0069,1,21.4,0.0
S001713,2025-09-07,oakland park,P0258,1,20.03,0.0
S001329,2025-08-24,Oakland Park,P0123,1,32.28,0.0
S006809,2026-03-19,Oakland Park,P0069,1,21.4,0.0
S000771,2025-08-01,Dania Beach,P0099,1,32.17,0.0
S002129,2025-09-25,Lake Worth,P0088,1,14.79,0.0
S008560,5/11/2026,Dania Beach,P0238,1,9.91,0.0
S000375,2025-07-15,Dania Beach,P0198,1,5.19,0.0
S005527,2026-01-17,Lake Worth,P0042,1,16.07,0.0
S000352,2025-07-14,Lake Worth,P0220,1,18.24,0.0
S003722,11/28/2025,Dania Beach,P0250,1,26.07,0.0
S002414,2025-10-05,Dania Beach,P0002,1,$33.09,0.0
S001183,8/18/2025,Dania Beach,P0069,1,21.4,0.0
S005137,2025-12-30,lake worth,P0225,1,30.83,0.0
S003267,11/9/2025,Dania Beach,P0138,1,18.5,0.0
S006794,3/19/2026,oakland park,P0141,1,18.03,0.0
S004676,2025-12-21,DANIA BEACH,P0141,1,18.03,0.0
S001772,2025-09-10,Dania Beach,P0100,1,34.67,2.0
S002641,2025-10-15,Lake Worth,P0251,1,16.69,2.0
S006078,2026-02-14,Dania Beach,P0012,2,14.93,0.0
S007164,2026-04-02,Oakland Park,P0222,1,25.03,0.0
S006448,2026-03-04,Oakland Park,P0250,1,26.07,0.0
S002720,2025-10-18,Oakland Park,P0284,3,19.93,0.0
S004258,2025-12-12,Dania Beach,P0264,1,39.66,0.0
S000739,2025-07-31,Oakland Park,P0255,1,34.26,2.0
S008770,2026-05-19,Dania Beach,P0258,1,20.03,0.0
S004873,2025-12-25,Dania Beach,P0010,1,26.25,0.0
S001711,2025-09-07,Lake Worth,P0120,1,23.21,5.0
S005126,2025-12-30,Lake Worth,P0259,1,34.69,0.0
S000410,7/17/2025,Dania Beach,P0019,1,19.0,2.0
S003194,2025-11-05,Oakland Park,P0272,1,18.29,0.0
S007795,2026-04-18,Oakland Park,P0128,1,25.5,0.0
S009741,2026-06-27,Oakland Park,P0029,1,44.82,0.0
S007593,2026-04-12,Dania Beach,P0029,1,44.82,0.0
S002680,2025-10-17,Lake Worth,P0028,1,22.61,0.0
S009417,6/14/2026,Dania Beach,P0258,1,20.03,0.0
S000400,2025-07-16,Dania Beach,P0298,3,10.79,0.0
S003411,2025-11-15,Dania Beach,P0188,1,14.19,0.0
S006737,2026-03-16,Oakland Park,P0045,1,31.47,2.0
S000815,2025-08-03,Lake Worth,P0060,1,16.29,2.0
S003313,11/10/2025,Dania Beach,P0100,1,34.67,0.0
S008811,2026-05-21,Lake Worth,P0076,1,28.11,5.0
S006059,2026-02-13,Lake Worth,P0050,1,16.14,0.0
S005738,2026-01-27,Oakland Park,P0028,1,22.61,0.0
S008909,2026-05-24,Lake Worth,P0125,1,30.0,0.0
S004291,2025-12-13,Dania Beach,P0045,1,31.47,0.0
S004522,2025-12-17,Oakland Park,P0258,1,20.03,0.0
S004091,2025-12-08,Dania Beach,P0147,2,40.67,0.0
S008297,2026-05-01,Oakland Park,P0069,1,21.4,0.0
S004243,2025-12-11,Oakland Park,P0229,1,15.22,0.0
S000774,2025-08-02,Oakland Park,P0253,1,12.31,0.0
S002238,2025-09-29,Dania Beach,P0192,1,9.96,0.0
S003302,2025-11-09,Oakland Park,P0258,1,20.03,0.0
S000062,2025-07-03,Dania Beach,P0229,2,15.22,0.0
S001875,2025-09-14,Oakland Park,P0058,1,6.59,0.0
S009135,2026-06-03,Oakland Park,P0033,1,13.41,2.0
S008035,2026-04-24,Oakland Park,P0196,1,23.33,0.0
S003170,2025-11-04,Dania Beach,P0258,1,20.03,0.0
S003823,2025-12-01,Dania Beach,P0258,1,20.03,2.0
S002815,2025-10-21,Oakland Park,P0173,3,28.8,0.0
S001085,2025-08-14,Oakland Park,P0067,1,22.05,0.0
S002614,2025-10-14,Oakland Park,P0222,1,25.03,0.0
S005635,2026-01-22,OAKLAND PARK,P0116,1,38.74,0.0
S006960,2026-03-25,Dania Beach,P0147,1,40.67,0.0
S000326,7/13/2025,Dania Beach,P0179,1,10.96,5.0
S000673,2025-07-28,Dania Beach,P0264,1,$39.66,5.0
S007150,2026-04-02,Dania Beach,P0100,1,34.67,0.0
S005727,2026-01-27,Dania Beach,P0181,1,38.54,0.0
S007848,2026-04-19,Dania Beach,P0035,1,25.13,0.0
S009122,2026-06-02,Dania Beach,P0258,2,20.03,0.0
S007544,2026-04-11,Dania Beach,P0169,2,28.05,0.0
S008400,2026-05-05,Dania Beach,P0258,1,20.03,5.0
S003299,2025-11-09,Lake Worth,P0138,2,18.5,0.0
S005810,2026-01-31,Oakland Park,P0120,1,23.21,
S005409,2026-01-10,Dania Beach,P0258,1,20.03,0.0
S008381,2026-05-04,Dania Beach,P0028,2,22.61,0.0
S003581,2025-11-22,Lake Worth,P0256,1,20.62,0.0
S009680,2026-06-24,DANIA BEACH,P0250,1,26.07,0.0
S007557,2026-04-12,Dania Beach,P0202,1,27.95,0.0
S008219,4/28/2026,Oakland Park,P0008,1,23.36,0.0
S004972,2025-12-27,Dania Beach,P0228,1,12.36,0.0
S009228,2026-06-06,Dania Beach,P0258,1,$20.03,0.0
S006320,2026-02-27,Dania Beach,P0258,1,20.03,0.0
S000869,2025-08-05,Dania Beach,P0078,1,34.08,0.0
S000082,2025-07-04,Dania Beach,P0157,1,8.43,0.0
S006344,2026-02-28,Lake Worth,P0212,1,31.11,0.0
S000464,2025-07-19,Lake Worth,P0225,1,30.83,0.0
S008892,2026-05-24,Oakland Park,P0225,1,30.83,
S006113,2026-02-15,Oakland Park,P0286,1,17.06,0.0
S006356,2026-02-28,Lake Worth,P0250,2,26.07,0.0
S000004,2025-07-01,Oakland Park,P0175,1,10.78,0.0
S002267,2025-09-30,Oakland Park,P0145,1,18.52,0.0
S002277,2025-10-01,Oakland Park,P0245,1,$30.57,0.0
S001662,2025-09-06,Dania Beach,P0270,1,13.93,0.0
S004915,2025-12-26,Oakland Park,P0245,1,30.57,0.0
S004025,2025-12-06,Lake Worth,P0063,1,32.31,0.0
S003613,2025-11-23,Lake Worth,P0050,1,16.14,0.0
S007512,2026-04-11,Dania Beach,P0258,1,20.03,0.0
S007291,2026-04-05,Dania Beach,P0079,1,38.19,0.0
S007379,2026-04-07,Oakland Park,P0020,2,24.25,0.0
S007402,2026-04-08,Lake Worth,P0069,1,21.4,0.0
S004504,2025-12-17,Lake Worth,P0123,1,32.28,0.0
S002488,2025-10-08,Dania Beach,P0157,1,8.43,0.0
S001746,9/9/2025,Oakland Park,P0030,2,9.83,0.0
S000395,2025-07-16,Lake Worth,P0138,1,18.5,0.0
S004463,2025-12-16,Dania Beach,P0087,1,10.56,0.0
S003563,2025-11-21,Oakland Park,P0078,1,34.08,0.0
S008204,2026-04-28,Dania Beach,P0041,1,11.22,0.0
S008334,2026-05-03,Dania Beach,P0120,1,$23.21,
S000333,2025-07-13,Dania Beach,P0022,1,7.3,0.0
S001362,2025-08-26,Oakland Park,P0098,1,12.85,2.0
S002302,2025-10-02,Oakland Park,P0225,1,30.83,0.0
S008866,2026-05-23,Oakland Park,P0258,1,20.03,
S001602,2025-09-03,Dania Beach,P0248,1,14.4,2.0
S004402,2025-12-14,Dania Beach,P0264,2,39.66,0.0
S008404,5/5/2026,Lake Worth,P0229,1,15.22,
S007064,2026-03-30,LAKE WORTH,P0121,1,26.48,0.0
S000489,2025-07-20,Dania Beach,P0278,1,27.49,0.0
S007909,4/20/2026,Lake Worth,P0250,1,26.07,0.0
S006258,2026-02-23,Lake Worth,P0258,1,20.03,0.0
S004198,12/10/2025,Dania Beach,P0258,1,20.03,
S002546,2025-10-11,DANIA BEACH,P0028,1,22.61,2.0
S003879,12/3/2025,Dania Beach,P0120,1,23.21,0.0
S000065,7/3/2025,Oakland Park,P0010,1,26.25,0.0
S001707,9/7/2025,Dania Beach,P0250,2,26.07,5.0
S008835,2026-05-22,Dania Beach,P0258,1,20.03,5.0
S000083,2025-07-04,Dania Beach,P0090,1,39.67,0.0
S005678,2026-01-24,Oakland Park,P0138,1,18.5,
S005117,2025-12-29,Dania Beach,P0227,1,22.7,0.0
S007972,2026-04-22,Dania Beach,P0229,1,15.22,0.0
S004115,2025-12-08,Oakland Park,P0237,1,18.61,0.0
S003881,2025-12-03,Oakland Park,P0156,1,33.24,2.0
S002656,2025-10-16,Dania Beach,P0028,1,22.61,2.0
S007183,2026-04-03,Dania Beach,P0033,1,13.41,0.0
S005768,1/30/2026,Dania Beach,P0278,1,27.49,0.0
S009568,2026-06-20,Oakland Park,P0245,1,30.57,0.0
S000071,2025-07-03,Oakland Park,P0123,1,32.28,0.0
S002730,2025-10-18,Dania Beach,P0091,2,10.86,0.0
S000374,7/15/2025,Dania Beach,P0279,1,5.18,0.0
S004023,2025-12-06,Oakland Park,P0196,1,$23.33,0.0
S002200,2025-09-28,Dania Beach,P0028,1,22.61,2.0
S007966,2026-04-22,Dania Beach,P0141,1,18.03,2.0
S002461,2025-10-07,Dania Beach,P0098,1,12.85,0.0
S002797,2025-10-21,Lake Worth,P0011,1,31.32,0.0
S000136,2025-07-06,DANIA BEACH,P0278,1,27.49,0.0
S004374,2025-12-14,Dania Beach,P0072,1,23.85,0.0
S008953,2026-05-26,Dania Beach,P0050,1,16.14,0.0
S006388,2026-03-01,Lake Worth,P0297,1,17.64,0.0
S006483,2026-03-05,Dania Beach,P0258,1,20.03,0.0
S005279,2026-01-04,OAKLAND PARK,P0209,1,38.73,0.0
S006710,2026-03-15,Dania Beach,P0088,1,14.79,2.0
S001320,2025-08-24,Oakland Park,P0285,2,24.04,0.0
S003499,2025-11-18,Dania Beach,P0028,1,22.61,5.0
S006073,2026-02-14,Dania Beach,P0258,1,20.03,0.0
S006286,2026-02-25,Oakland Park,P0240,1,29.77,0.0
S005847,2026-02-02,Dania Beach,P0173,1,28.8,0.0
S007775,4/17/2026,Oakland Park,P0270,1,13.93,0.0
S009544,6/19/2026,Dania Beach,P0287,1,38.39,
S001917,2025-09-16,Oakland Park,P0251,1,16.69,0.0
S005196,2025-12-31,Dania Beach,P0253,1,12.31,0.0
S007331,2026-04-06,Oakland Park,P0145,1,18.52,0.0
S000681,7/29/2025,Dania Beach,P0274,1,22.73,0.0
S005864,2026-02-03,Oakland Park,P0020,1,24.25,0.0
S001127,8/16/2025,Oakland Park,P0170,1,12.29,0.0
S004588,12/19/2025,Dania Beach,P0108,1,11.87,0.0
S001279,2025-08-23,Dania Beach,P0264,1,39.66,0.0
S000360,7/15/2025,Oakland Park,P0022,1,7.3,0.0
S005916,2026-02-05,Oakland Park,P0033,1,13.41,0.0
S005158,12/30/2025,Lake Worth,P0022,1,7.3,0.0
S005907,2026-02-05,Lake Worth,P0170,1,12.29,0.0
S005360,2026-01-08,Dania Beach,P0025,1,37.2,0.0
S008221,2026-04-28,Oakland Park,P0069,1,21.4,0.0
S001676,2025-09-06,DANIA BEACH,P0045,1,31.47,0.0
S008178,2026-04-27,Oakland Park,P0078,1,34.08,0.0
S004696,2025-12-21,Lake Worth,P0112,1,9.26,2.0
S007676,2026-04-14,Lake Worth,P0185,1,20.14,0.0
S001740,2025-09-09,Dania Beach,P0229,1,15.22,0.0
S005348,2026-01-07,Dania Beach,P0133,1,31.55,0.0
S006005,2026-02-09,Oakland Park,P0239,1,7.76,0.0
S007613,2026-04-13,Oakland Park,P0028,2,22.61,0.0
S003474,2025-11-17,Oakland Park,P0267,1,35.08,0.0
S006530,2026-03-07,Dania Beach,P0027,1,16.28,0.0
S005730,2026-01-27,Oakland Park,P0037,1,16.2,
S007396,2026-04-08,Oakland Park,P0047,2,11.39,0.0
S006442,2026-03-04,Dania Beach,P0230,1,15.88,0.0
S009770,2026-06-28,Dania Beach,P0045,1,31.47,0.0
S002478,2025-10-08,Dania Beach,P0188,1,14.19,0.0
S000255,2025-07-10,Dania Beach,P0232,2,35.97,0.0
S008336,5/3/2026,Lake Worth,P0115,1,35.88,0.0
S002741,2025-10-19,Oakland Park,P0272,2,18.29,0.0
S009822,2026-06-30,Dania Beach,P0126,1,18.39,0.0
S001282,2025-08-23,Lake Worth,P0123,1,32.28,0.0
S004748,2025-12-22,Dania Beach,P0004,2,33.33,0.0
S000672,2025-07-28,Lake Worth,P0044,1,16.95,0.0
S001673,2025-09-06,Dania Beach,P0258,1,20.03,0.0
S009438,2026-06-15,Dania Beach,P0228,1,12.36,0.0
S006450,2026-03-04,Oakland Park,P0170,2,12.29,0.0
S005732,2026-01-27,Lake Worth,P0032,1,10.89,0.0
S004916,12/26/2025,Dania Beach,P0200,1,20.12,
S006973,2026-03-26,Dania Beach,P0258,1,20.03,0.0
S002643,2025-10-15,Oakland Park,P0219,1,19.95,0.0
S008608,2026-05-13,Lake Worth,P0120,1,23.21,0.0
S005501,2026-01-15,Dania Beach,P0093,1,10.98,0.0
S003047,2025-10-31,Oakland Park,P0172,1,16.93,0.0
S000362,2025-07-15,Dania Beach,P0028,1,22.61,0.0
S002883,2025-10-25,Oakland Park,P0023,1,36.9,0.0
S003915,2025-12-04,Lake Worth,P0121,1,26.48,0.0
S006495,2026-03-06,Dania Beach,P0258,1,20.03,0.0
S002724,2025-10-18,Dania Beach,P0016,1,9.61,0.0
S001523,2025-08-31,Oakland Park,P0005,1,12.32,0.0
S007719,2026-04-15,Dania Beach,P0253,1,12.31,0.0
S006410,3/3/2026,Oakland Park,P0021,1,$20.19,0.0
S001859,2025-09-14,Dania Beach,P0258,2,20.03,0.0
S003305,2025-11-10,Dania Beach,P0072,1,23.85,0.0
S000027,2025-07-02,Dania Beach,P0138,1,18.5,0.0
S009418,2026-06-14,Lake Worth,P0083,2,$9.28,0.0
S006057,2026-02-13,Lake Worth,P0083,1,9.28,0.0
S003013,2025-10-30,Lake Worth,P0181,1,38.54,0.0
S008459,2026-05-08,Dania Beach,P0036,1,4.54,0.0
S007363,2026-04-07,Dania Beach,P0231,2,16.4,0.0
S000816,2025-08-03,Dania Beach,P0069,1,21.4,0.0
S003859,2025-12-02,OAKLAND PARK,P0225,2,30.83,0.0
S008706,2026-05-17,Dania Beach,P0250,1,26.07,0.0
S008694,5/16/2026,Dania Beach,P0054,1,38.06,0.0
S004991,2025-12-27,Oakland Park,P0130,1,19.21,0.0
S002289,2025-10-01,Lake Worth,P0238,1,9.91,0.0
S009002,5/29/2026,Dania Beach,P0250,2,26.07,0.0
S000582,2025-07-25,Dania Beach,P0034,2,$17.39,0.0
S004652,2025-12-20,Oakland Park,P0165,1,17.48,0.0
S001941,2025-09-17,Oakland Park,P0232,1,35.97,0.0
S002830,2025-10-22,Dania Beach,P0258,1,20.03,0.0
S000803,2025-08-02,Oakland Park,P0011,1,31.32,0.0
S000347,2025-07-14,Dania Beach,P0123,1,32.28,0.0
S007901,2026-04-20,Dania Beach,P0056,1,36.04,0.0
S002946,2025-10-27,Oakland Park,P0099,1,32.17,0.0
S006158,2026-02-18,Lake Worth,P0099,1,32.17,0.0
S002445,2025-10-06,Dania Beach,P0213,1,4.58,0.0
S006628,2026-03-11,Dania Beach,P0100,3,34.67,2.0
S009176,2026-06-05,Lake Worth,P0248,1,14.4,
S002348,2025-10-03,Oakland Park,P0069,2,21.4,2.0
S001954,2025-09-18,Lake Worth,P0234,1,$39.24,0.0
S003488,2025-11-18,Dania Beach,P0288,2,39.45,0.0
S008720,2026-05-17,Dania Beach,P0269,1,19.37,0.0
S000221,2025-07-08,Oakland Park,P0122,1,15.39,
S003279,2025-11-09,Dania Beach,P0258,1,20.03,0.0
S000368,2025-07-15,Oakland Park,P0127,1,26.3,0.0
S003827,2025-12-02,Dania Beach,P0193,1,15.19,0.0
S008290,2026-05-01,Oakland Park,P0122,1,15.39,0.0
S002274,2025-10-01,Lake Worth,P0148,1,17.71,0.0
S004508,2025-12-17,Oakland Park,P0281,1,17.35,0.0
S007729,2026-04-16,Oakland Park,P0028,1,22.61,0.0
S004653,2025-12-20,DANIA BEACH,P0258,1,20.03,0.0
S005520,2026-01-17,Oakland Park,P0245,1,30.57,0.0
S000540,7/23/2025,Dania Beach,P0079,1,38.19,0.0
S002438,2025-10-06,Dania Beach,P0259,2,34.69,0.0
S003364,2025-11-13,Dania Beach,P0181,1,38.54,0.0
S003785,2025-11-30,Oakland Park,P0289,1,47.01,2.0
S006061,2026-02-13,Oakland Park,P0229,2,15.22,0.0
S009093,2026-06-01,Oakland Park,P0023,1,36.9,
S007313,2026-04-05,Dania Beach,P0102,1,16.27,
S000307,2025-07-12,Oakland Park,P0278,1,27.49,0.0
S007440,4/9/2026,Oakland Park,P0239,1,7.76,0.0
S002963,2025-10-28,Oakland Park,P0037,1,16.2,0.0
S000576,2025-07-25,Oakland Park,P0181,1,38.54,0.0
S002383,2025-10-05,Oakland Park,P0063,1,32.31,2.0
S003708,2025-11-27,Lake Worth,P0239,1,7.76,0.0
S005122,2025-12-29,Dania Beach,P0258,1,20.03,0.0
S006374,2026-03-01,Dania Beach,P0022,3,7.3,0.0
S002569,2025-10-12,Lake Worth,P0112,1,9.26,0.0
S004799,2025-12-23,Dania Beach,P0100,1,34.67,0.0
S005012,2025-12-28,Lake Worth,P0277,1,12.14,
S009650,2026-06-23,Dania Beach,P0119,1,10.1,0.0
S009662,2026-06-23,Oakland Park,P0134,2,13.77,0.0
S001692,2025-09-07,Oakland Park,P0069,1,21.4,0.0
S009224,2026-06-06,Oakland Park,P0157,1,$8.43,0.0
S007542,2026-04-11,Oakland Park,P0112,1,9.26,0.0
S004628,12/20/2025,Dania Beach,P0224,1,28.47,0.0
S003568,2025-11-22,Lake Worth,P0226,1,$19.09,2.0
S005479,2026-01-14,Dania Beach,P0140,1,17.16,0.0
S007854,2026-04-19,Dania Beach,P0022,1,7.3,5.0
S001774,2025-09-10,Lake Worth,P0120,1,23.21,0.0
S005602,2026-01-21,Oakland Park,P0043,1,11.96,0.0
S004568,2025-12-18,Dania Beach,P0298,1,10.79,0.0
S006636,2026-03-11,Dania Beach,P0245,1,30.57,0.0
S003981,2025-12-05,Oakland Park,P0141,2,18.03,0.0
S008788,5/20/2026,Dania Beach,P0120,1,23.21,2.0
S006763,3/17/2026,Oakland Park,P0250,2,26.07,0.0
S009497,2026-06-17,Oakland Park,P0294,1,30.88,0.0
S000729,7/30/2025,Dania Beach,P0071,1,14.0,0.0
S002329,2025-10-03,Lake Worth,P0138,1,18.5,0.0
S006884,2026-03-22,Oakland Park,P0116,1,38.74,0.0
S000157,7/6/2025,Oakland Park,P0004,1,33.33,0.0
S009373,2026-06-13,Oakland Park,P0099,1,32.17,2.0
S001293,2025-08-23,Lake Worth,P0250,1,26.07,0.0
S004854,2025-12-25,Lake Worth,P0258,3,20.03,0.0
S006807,2026-03-19,Dania Beach,P0161,1,43.05,0.0
S008092,2026-04-25,Dania Beach,P0258,1,20.03,0.0
S003090,2025-11-02,Lake Worth,P0107,1,35.69,0.0
S001317,2025-08-24,Dania Beach,P0272,1,18.29,0.0
S009595,2026-06-21,Oakland Park,P0264,1,39.66,0.0
S008627,2026-05-14,Lake Worth,P0112,1,$9.26,0.0
S003705,2025-11-27,Dania Beach,P0258,1,20.03,0.0
S001898,2025-09-15,Oakland Park,P0093,1,10.98,0.0
S005180,2025-12-31,Oakland Park,P0060,1,16.29,0.0
S003688,2025-11-26,Oakland Park,P0112,1,9.26,0.0
S001406,2025-08-27,Lake Worth,P0209,1,38.73,0.0
S002173,2025-09-27,oakland park,P0258,1,20.03,2.0
S000340,2025-07-14,Lake Worth,P0295,1,27.7,0.0
S005033,2025-12-28,Lake Worth,P0205,1,34.1,0.0
S000706,2025-07-30,Dania Beach,P0181,2,38.54,0.0
S003214,2025-11-06,Dania Beach,P0028,2,22.61,0.0
S007928,2026-04-21,Dania Beach,P0043,1,$11.96,0.0
S002734,2025-10-18,Oakland Park,P0209,1,38.73,0.0
S002333,2025-10-03,Dania Beach,P0229,2,$15.22,0.0
S009030,5/30/2026,Oakland Park,P0245,1,$30.57,0.0
S008774,2026-05-20,Oakland Park,P0209,1,38.73,0.0
S006200,2026-02-21,Dania Beach,P0028,1,22.61,
S000572,2025-07-25,Oakland Park,P0138,3,18.5,0.0
S008574,2026-05-12,Dania Beach,P0022,2,7.3,0.0
S007148,2026-04-02,Oakland Park,P0237,2,18.61,2.0
S009000,2026-05-29,Dania Beach,P0133,1,31.55,0.0
S007004,3/28/2026,Dania Beach,P0283,1,41.77,0.0
S008717,2026-05-17,Oakland Park,P0120,1,23.21,0.0
S006964,2026-03-26,Lake Worth,P0085,1,28.45,0.0
S008557,2026-05-11,Dania Beach,P0241,2,10.09,2.0
S001785,2025-09-11,Oakland Park,P0278,1,27.49,0.0
S004307,2025-12-13,Dania Beach,P0258,1,20.03,0.0
S002265,2025-09-30,Dania Beach,P0090,1,39.67,0.0
S008157,2026-04-27,OAKLAND PARK,P0229,1,15.22,0.0
S001105,2025-08-15,DANIA BEACH,P0005,1,12.32,0.0
S008887,2026-05-23,Lake Worth,P0300,1,15.39,0.0
S007900,2026-04-20,Dania Beach,P0058,1,6.59,0.0
S006036,2026-02-12,Dania Beach,P0258,1,20.03,0.0
S006377,2026-03-01,Dania Beach,P0028,1,22.61,0.0
S007319,2026-04-05,Dania Beach,P0270,1,13.93,0.0
S009128,2026-06-02,Oakland Park,P0156,1,33.24,0.0
S006782,2026-03-18,Dania Beach,P0232,1,35.97,0.0
S001757,2025-09-09,Oakland Park,P0093,1,10.98,0.0
S008051,2026-04-24,Dania Beach,P0198,1,$5.19,0.0
S003741,2025-11-29,Oakland Park,P0250,1,26.07,0.0
S009134,2026-06-03,Dania Beach,P0258,1,20.03,5.0
S007667,2026-04-14,Oakland Park,P0225,2,30.83,0.0
S007716,2026-04-15,Lake Worth,P0116,1,38.74,0.0
S002839,2025-10-23,Dania Beach,P0227,1,22.7,0.0
S003543,2025-11-20,Oakland Park,P0258,1,20.03,0.0
S009324,2026-06-11,Oakland Park,P0008,1,23.36,0.0
S001211,2025-08-20,Lake Worth,P0028,2,22.61,0.0
S008690,2026-05-16,Oakland Park,P0060,2,16.29,0.0
S006689,2026-03-14,Dania Beach,P0068,3,18.85,0.0
S003204,2025-11-06,Oakland Park,P0152,1,10.83,0.0
S009192,2026-06-05,Dania Beach,P0253,1,12.31,0.0
S008490,2026-05-09,Lake Worth,P0096,1,17.3,0.0
S000110,2025-07-05,Dania Beach,P0229,1,15.22,0.0
S000035,2025-07-02,Lake Worth,P0174,1,17.55,0.0
S003440,2025-11-16,Dania Beach,P0232,2,35.97,0.0
S008526,2026-05-10,dania beach,P0258,2,20.03,2.0
S004826,2025-12-24,Lake Worth,P0031,1,23.06,5.0
S006594,3/10/2026,Dania Beach,P0072,1,23.85,0.0
S002790,2025-10-20,Lake Worth,P0288,1,39.45,0.0
S008877,2026-05-23,Oakland Park,P0028,1,22.61,0.0
S002824,2025-10-22,Dania Beach,P0041,1,11.22,0.0
S005978,2026-02-08,Lake Worth,P0258,1,20.03,0.0
S006866,2026-03-21,Oakland Park,P0154,1,15.49,0.0
S002355,10/4/2025,Oakland Park,P0025,1,37.2,0.0
S002452,2025-10-07,Dania Beach,P0294,1,30.88,5.0
S005389,2026-01-09,Oakland Park,P0108,3,11.87,0.0
S005437,1/12/2026,Oakland Park,P0152,1,10.83,0.0
S000806,2025-08-02,Lake Worth,P0286,1,17.06,0.0
S003060,2025-10-31,Oakland Park,P0225,1,30.83,5.0
S001011,2025-08-11,Oakland Park,P0258,1,20.03,0.0
S002880,2025-10-25,Lake Worth,P0233,1,22.74,0.0
S008359,5/3/2026,Oakland Park,P0288,1,39.45,0.0
S007651,2026-04-14,Lake Worth,P0223,1,16.45,0.0
S008569,2026-05-11,Oakland Park,P0270,1,13.93,0.0
S002872,2025-10-24,Lake Worth,P0264,1,39.66,0.0
S005430,2026-01-11,Dania Beach,P0180,2,14.34,0.0
S008998,5/29/2026,Dania Beach,P0092,1,34.43,0.0
S008651,2026-05-15,Dania Beach,P0088,1,14.79,0.0
S001700,2025-09-07,Oakland Park,P0229,1,15.22,0.0
S005754,2026-01-29,Lake Worth,P0250,1,26.07,
S004647,2025-12-20,Dania Beach,P0048,1,$43.54,2.0
S000165,2025-07-06,Dania Beach,P0286,1,17.06,0.0
S002215,2025-09-28,Oakland Park,P0019,2,$19.0,0.0
S002942,2025-10-27,Dania Beach,P0229,3,15.22,0.0
S004532,2025-12-17,OAKLAND PARK,P0272,1,18.29,0.0
S006667,2026-03-14,Oakland Park,P0069,2,21.4,0.0
S000186,2025-07-07,Dania Beach,P0284,1,19.93,0.0
S007496,2026-04-10,Dania Beach,P0110,2,16.9,0.0
S005266,2026-01-03,Lake Worth,P0022,1,$7.3,0.0
S002618,2025-10-14,Oakland Park,P0293,1,17.47,0.0
S001390,2025-08-27,Dania Beach,P0192,1,9.96,0.0
S002213,2025-09-28,Dania Beach,P0258,2,20.03,2.0
S003582,2025-11-22,Oakland Park,P0030,1,9.83,0.0
S006186,2026-02-20,Dania Beach,P0258,1,20.03,2.0
S007338,2026-04-06,Oakland Park,P0175,1,10.78,0.0
S000103,7/5/2025,Oakland Park,P0178,1,35.29,0.0
S001465,2025-08-29,Lake Worth,P0036,1,4.54,0.0
S008802,2026-05-21,Oakland Park,P0120,1,23.21,0.0
S004423,2025-12-15,Oakland Park,P0095,1,15.25,0.0
S003640,2025-11-25,Oakland Park,P0294,1,30.88,2.0
S002893,2025-10-25,Lake Worth,P0286,1,17.06,0.0
S002686,2025-10-17,Oakland Park,P0090,1,39.67,0.0
S000287,2025-07-12,Dania Beach,P0138,1,18.5,0.0
S006901,2026-03-23,Lake Worth,P0210,1,17.31,0.0
S000779,8/2/2025,Dania Beach,P0229,1,15.22,0.0
S007460,2026-04-10,Dania Beach,P0154,1,15.49,0.0
S000177,2025-07-06,Lake Worth,P0089,1,38.61,0.0
S007118,2026-04-01,Dania Beach,P0092,1,34.43,2.0
S007497,2026-04-10,Dania Beach,P0229,1,15.22,0.0
S007698,2026-04-15,Dania Beach,P0297,1,17.64,5.0
S006447,3/4/2026,Lake Worth,P0173,1,28.8,0.0
S008109,2026-04-26,Oakland Park,P0271,1,13.23,0.0
S004947,2025-12-27,Dania Beach,P0219,1,19.95,0.0
S000884,8/5/2025,Oakland Park,P0178,1,35.29,0.0
S009218,2026-06-06,Dania Beach,P0099,1,32.17,0.0
S006597,2026-03-10,Dania Beach,P0180,1,14.34,0.0
S000696,2025-07-29,Dania Beach,P0173,1,28.8,0.0
S005416,2026-01-11,Dania Beach,P0258,1,20.03,0.0
S006528,2026-03-07,Oakland Park,P0188,1,14.19,0.0
S001369,2025-08-26,Dania Beach,P0264,1,39.66,0.0
S004117,12/9/2025,Lake Worth,P0224,1,28.47,0.0
S006512,2026-03-07,Dania Beach,P0068,1,18.85,5.0
S001444,2025-08-28,Dania Beach,P0258,1,20.03,0.0
S000239,2025-07-09,Lake Worth,P0244,1,7.54,0.0
S007827,2026-04-18,Oakland Park,P0032,1,$10.89,0.0
S000224,2025-07-09,Dania Beach,P0040,1,30.27,0.0
S008232,4/28/2026,Dania Beach,P0232,3,35.97,0.0
S002861,2025-10-24,Oakland Park,P0229,1,15.22,0.0
S009069,5/31/2026,Lake Worth,P0272,1,18.29,2.0
S004313,2025-12-13,Oakland Park,P0174,1,17.55,0.0
S002443,2025-10-06,Dania Beach,P0116,1,38.74,0.0
S000615,2025-07-26,Oakland Park,P0028,1,22.61,0.0
S001263,2025-08-22,Dania Beach,P0181,1,38.54,0.0
S007830,4/18/2026,Oakland Park,P0283,1,41.77,2.0
S008185,2026-04-27,Oakland Park,P0181,1,38.54,0.0
S002539,2025-10-11,Oakland Park,P0073,1,20.85,
S008918,2026-05-25,Dania Beach,P0266,1,28.75,0.0
S003781,2025-11-30,Lake Worth,P0093,1,10.98,2.0
S006407,2026-03-02,Lake Worth,P0279,1,5.18,2.0
S000207,2025-07-08,Dania Beach,P0271,1,13.23,0.0
S009023,2026-05-30,Oakland Park,P0229,1,15.22,
S004509,2025-12-17,Oakland Park,P0123,1,32.28,0.0
S005930,2026-02-06,dania beach,P0258,1,20.03,0.0
S005596,2026-01-20,Dania Beach,P0258,1,20.03,0.0
S005061,2025-12-28,Lake Worth,P0293,1,17.47,0.0
S006828,2026-03-20,Dania Beach,P0227,1,22.7,0.0
S005398,2026-01-10,Oakland Park,P0166,1,26.78,0.0
S006838,2026-03-20,Dania Beach,P0078,1,34.08,0.0
S003417,2025-11-15,dania beach,P0044,1,16.95,2.0
S000920,2025-08-07,Dania Beach,P0050,1,16.14,0.0
S008812,2026-05-21,Oakland Park,P0229,3,15.22,2.0
S003855,2025-12-02,Oakland Park,P0208,2,8.68,0.0
S009237,2026-06-07,Oakland Park,P0273,1,11.49,0.0
S001285,2025-08-23,Lake Worth,P0012,1,14.93,2.0
S002735,2025-10-18,Oakland Park,P0175,1,10.78,0.0
S004752,2025-12-22,Dania Beach,P0157,2,$8.43,0.0
S001014,2025-08-11,Oakland Park,P0093,1,10.98,0.0
S004637,2025-12-20,Oakland Park,P0033,1,13.41,0.0
S008783,2026-05-20,Dania Beach,P0181,1,38.54,0.0
S002940,10/26/2025,Dania Beach,P0123,1,32.28,0.0
S007550,2026-04-12,Oakland Park,P0112,1,9.26,0.0
S001979,9/20/2025,Dania Beach,P0066,3,$15.19,0.0
S007787,2026-04-18,Lake Worth,P0268,1,28.7,0.0
S004939,2025-12-26,Oakland Park,P0004,3,33.33,0.0
S004004,2025-12-06,Dania Beach,P0258,1,20.03,2.0
S008726,2026-05-18,DANIA BEACH,P0181,1,38.54,0.0
S001152,2025-08-17,Oakland Park,P0089,1,38.61,0.0
S007821,2026-04-18,Dania Beach,P0151,1,22.36,0.0
S006672,2026-03-14,Dania Beach,P0258,1,20.03,2.0
S006178,2026-02-19,Dania Beach,P0229,1,15.22,0.0
S006769,3/18/2026,Dania Beach,P0028,1,22.61,0.0
S002105,2025-09-24,Dania Beach,P0106,1,14.38,0.0
S002459,2025-10-07,OAKLAND PARK,P0258,1,$20.03,5.0
S009593,2026-06-21,Dania Beach,P0288,3,39.45,2.0
S009158,2026-06-04,Dania Beach,P0291,1,10.13,0.0
S001311,2025-08-24,Oakland Park,P0267,2,35.08,0.0
S009714,2026-06-26,dania beach,P0108,1,$11.87,0.0
S000476,2025-07-19,Dania Beach,P0115,1,35.88,0.0
S000335,2025-07-13,DANIA BEACH,P0287,1,38.39,0.0
S002652,2025-10-15,Oakland Park,P0258,1,20.03,0.0
S001379,2025-08-26,Dania Beach,P0245,2,30.57,0.0
S007465,2026-04-10,Dania Beach,P0275,1,12.12,0.0
S006848,2026-03-21,Dania Beach,P0229,1,15.22,0.0
S000196,2025-07-07,Dania Beach,P0051,1,31.0,0.0
S006352,2026-02-28,Lake Worth,P0033,1,13.41,0.0
S003623,2025-11-23,Dania Beach,P0185,1,20.14,0.0
S002835,2025-10-22,Dania Beach,P0244,1,7.54,0.0
S002676,2025-10-17,Dania Beach,P0281,1,17.35,0.0
S005535,2026-01-17,Oakland Park,P0008,1,23.36,0.0
S009614,2026-06-21,Oakland Park,P0004,1,33.33,0.0
S008370,2026-05-04,Lake Worth,P0067,1,22.05,5.0
S001659,2025-09-06,DANIA BEACH,P0028,1,22.61,0.0
S000670,2025-07-28,Dania Beach,P0170,2,12.29,0.0
S006927,2026-03-24,Oakland Park,P0274,1,22.73,0.0
S009786,2026-06-28,Lake Worth,P0258,1,20.03,0.0
S001533,2025-09-01,Lake Worth,P0298,1,10.79,0.0
S005846,2026-02-02,Dania Beach,P0152,1,10.83,0.0
S002336,10/3/2025,Oakland Park,P0028,1,22.61,0.0
S000829,2025-08-03,Dania Beach,P0102,1,16.27,0.0
S003942,2025-12-04,Dania Beach,P0041,1,$11.22,2.0
S009802,2026-06-29,Lake Worth,P0196,1,23.33,2.0
S004719,2025-12-22,Oakland Park,P0042,1,16.07,0.0
S009424,2026-06-14,Oakland Park,P0068,1,18.85,0.0
S000102,2025-07-05,DANIA BEACH,P0205,1,34.1,0.0
S000267,2025-07-11,Lake Worth,P0020,1,24.25,0.0
S002371,2025-10-04,Oakland Park,P0123,1,32.28,0.0
S008088,2026-04-25,Lake Worth,P0258,1,20.03,0.0
S008935,2026-05-26,Dania Beach,P0028,1,22.61,0.0
S003179,2025-11-05,Dania Beach,P0056,1,36.04,0.0
S006466,2026-03-05,Dania Beach,P0196,1,23.33,0.0
S003908,2025-12-04,Dania Beach,P0253,1,12.31,0.0
S008535,2026-05-10,Lake Worth,P0123,1,32.28,0.0
S007473,2026-04-10,Oakland Park,P0046,1,16.17,0.0
S002980,2025-10-28,Dania Beach,P0196,1,23.33,2.0
S000973,2025-08-10,Dania Beach,P0181,1,38.54,0.0
S000106,2025-07-05,Oakland Park,P0042,3,16.07,0.0
S007718,2026-04-15,Dania Beach,P0035,1,25.13,0.0
S004486,2025-12-16,Dania Beach,P0082,2,11.34,5.0
S005335,2026-01-07,Oakland Park,P0232,1,35.97,2.0
S004784,2025-12-23,Lake Worth,P0169,1,28.05,0.0
S000946,2025-08-09,Lake Worth,P0145,1,18.52,0.0
S005384,2026-01-09,Dania Beach,P0098,1,12.85,0.0
S000724,2025-07-30,Lake Worth,P0298,1,10.79,0.0
S002206,9/28/2025,Dania Beach,P0243,1,14.68,0.0
S000745,2025-07-31,Dania Beach,P0138,1,18.5,
S003697,2025-11-27,Dania Beach,P0045,1,31.47,0.0
S005513,2026-01-16,Dania Beach,P0286,1,$17.06,2.0
S003843,2025-12-02,Dania Beach,P0258,1,20.03,2.0
S007500,2026-04-10,Oakland Park,P0182,1,25.07,
S002549,2025-10-11,Dania Beach,P0250,2,26.07,0.0
S002043,2025-09-22,Oakland Park,P0137,1,34.89,5.0
S000225,7/9/2025,Oakland Park,P0003,2,11.11,0.0
S003181,2025-11-05,Oakland Park,P0045,1,31.47,0.0
S007983,2026-04-23,Lake Worth,P0229,1,15.22,0.0
S000093,2025-07-04,Dania Beach,P0232,1,35.97,0.0
S006353,2026-02-28,Oakland Park,P0258,1,20.03,5.0
S009592,6/21/2026,Dania Beach,P0283,1,41.77,0.0
S007598,2026-04-12,Oakland Park,P0045,1,31.47,0.0
S006516,2026-03-07,Dania Beach,P0056,1,36.04,0.0
S002367,2025-10-04,Dania Beach,P0188,1,14.19,0.0
S003415,2025-11-15,Dania Beach,P0080,1,3.25,0.0
S002610,2025-10-14,Oakland Park,P0111,1,9.29,0.0
S004164,12/10/2025,Oakland Park,P0141,1,18.03,0.0
S007609,2026-04-13,oakland park,P0037,1,16.2,0.0
S001077,2025-08-14,Lake Worth,P0261,1,13.52,
S003248,2025-11-08,Dania Beach,P0258,1,20.03,0.0
S006247,2026-02-22,Dania Beach,P0227,1,22.7,0.0
S002224,2025-09-29,Oakland Park,P0011,1,$31.32,0.0
S008989,2026-05-28,Dania Beach,P0125,1,30.0,0.0
S003098,2025-11-02,DANIA BEACH,P0258,1,20.03,2.0
S000121,2025-07-05,Lake Worth,P0193,1,15.19,
S001572,2025-09-02,Dania Beach,P0267,1,35.08,0.0
S000269,2025-07-11,Dania Beach,P0286,1,17.06,0.0
S009537,2026-06-19,Oakland Park,P0012,1,14.93,5.0
S005523,2026-01-17,Lake Worth,P0138,1,18.5,0.0
S001244,2025-08-21,Dania Beach,P0298,1,10.79,0.0
S008961,2026-05-27,Dania Beach,P0045,1,31.47,0.0
S007221,2026-04-04,Oakland Park,P0210,1,17.31,0.0
S002755,2025-10-19,Lake Worth,P0028,1,22.61,0.0
S008807,2026-05-21,Oakland Park,P0161,1,43.05,0.0
S007126,2026-04-01,Dania Beach,P0258,1,20.03,0.0
S005721,2026-01-27,Dania Beach,P0123,2,32.28,0.0
S003106,11/2/2025,Oakland Park,P0031,1,23.06,5.0
S004707,2025-12-21,Lake Worth,P0102,1,16.27,0.0
S009551,2026-06-20,Dania Beach,P0208,1,8.68,0.0
S002047,2025-09-22,OAKLAND PARK,P0113,1,15.71,0.0
S000180,2025-07-06,Dania Beach,P0262,1,32.15,0.0
S003546,2025-11-21,Oakland Park,P0267,1,35.08,0.0
S000599,2025-07-26,Dania Beach,P0160,1,15.14,0.0
S004577,2025-12-19,Oakland Park,P0208,1,8.68,2.0
S007381,2026-04-07,Dania Beach,P0258,3,20.03,0.0
S007238,2026-04-04,lake worth,P0259,1,34.69,0.0
S004971,2025-12-27,Oakland Park,P0251,1,16.69,0.0
S000956,2025-08-09,oakland park,P0266,1,28.75,0.0
S001646,2025-09-06,Dania Beach,P0161,1,43.05,0.0
S004396,2025-12-14,Dania Beach,P0060,1,16.29,0.0
S003238,11/8/2025,Oakland Park,P0028,1,22.61,0.0
S007312,2026-04-05,Dania Beach,P0258,1,20.03,5.0
S009174,6/5/2026,Dania Beach,P0121,1,26.48,0.0
S008226,2026-04-28,Oakland Park,P0229,1,15.22,0.0
S007320,2026-04-06,Lake Worth,P0073,1,20.85,0.0
S008761,2026-05-19,Dania Beach,P0060,2,16.29,0.0
S004155,2025-12-09,Oakland Park,P0181,1,38.54,0.0
S003590,2025-11-22,Dania Beach,P0072,1,23.85,0.0
S002860,2025-10-24,Oakland Park,P0109,1,19.26,0.0
S002454,2025-10-07,Lake Worth,P0272,1,18.29,0.0
S000952,2025-08-09,Dania Beach,P0042,2,16.07,0.0
S001476,2025-08-30,Dania Beach,P0223,1,16.45,0.0
S004370,2025-12-14,Oakland Park,P0271,1,13.23,0.0
S008350,5/3/2026,Dania Beach,P0229,1,15.22,0.0
S009282,2026-06-08,Dania Beach,P0151,1,22.36,0.0
S002441,2025-10-06,Dania Beach,P0027,1,16.28,2.0
S002788,2025-10-20,Dania Beach,P0112,1,9.26,0.0
S008424,2026-05-06,Dania Beach,P0205,1,34.1,0.0
S006148,2026-02-17,Lake Worth,P0004,1,33.33,0.0
S006201,2026-02-21,Dania Beach,P0101,1,40.29,0.0
S002431,2025-10-06,Lake Worth,P0069,1,21.4,2.0
S001295,2025-08-23,Lake Worth,P0161,1,43.05,0.0
S005804,2026-01-31,Oakland Park,P0229,1,15.22,0.0
S006076,2/14/2026,Lake Worth,P0228,2,12.36,0.0
S007796,2026-04-18,Oakland Park,P0120,1,23.21,0.0
S007816,2026-04-18,Lake Worth,P0258,1,20.03,0.0
S006446,2026-03-04,Dania Beach,P0028,1,22.61,0.0
S003989,12/6/2025,Dania Beach,P0011,1,31.32,0.0
S009316,6/10/2026,Oakland Park,P0298,2,10.79,2.0
S004245,2025-12-12,Oakland Park,P0196,1,23.33,0.0
S003298,2025-11-09,Oakland Park,P0007,2,18.87,0.0
S006813,2026-03-19,Oakland Park,P0291,1,10.13,0.0
S001126,2025-08-16,Oakland Park,P0112,1,9.26,0.0
S001599,2025-09-03,Oakland Park,P0299,1,$6.83,
S008611,2026-05-13,Lake Worth,P0196,1,23.33,0.0
S009170,2026-06-05,Lake Worth,P0193,1,15.19,0.0
S009078,2026-06-01,Oakland Park,P0116,1,38.74,0.0
S006175,2026-02-19,Dania Beach,P0233,1,22.74,2.0
S004751,2025-12-22,LAKE WORTH,P0050,1,16.14,2.0
S004085,2025-12-07,Lake Worth,P0203,1,28.04,0.0
S002619,2025-10-14,Lake Worth,P0091,1,10.86,5.0
S005709,2026-01-26,Dania Beach,P0131,1,$10.61,0.0
S004835,2025-12-24,Dania Beach,P0264,1,$39.66,5.0
S006969,2026-03-26,Oakland Park,P0028,1,22.61,0.0
S007504,4/11/2026,Dania Beach,P0258,1,20.03,0.0
S006253,2026-02-23,Lake Worth,P0123,1,32.28,0.0
S001115,2025-08-16,Lake Worth,P0252,1,$18.54,0.0
S001843,2025-09-13,Dania Beach,P0175,1,10.78,0.0
S003603,2025-11-23,Dania Beach,P0022,1,7.3,0.0
S005506,2026-01-16,LAKE WORTH,P0120,1,23.21,0.0
S008732,2026-05-18,Dania Beach,P0258,1,20.03,0.0
S002669,2025-10-17,Dania Beach,P0258,1,20.03,0.0
S007601,2026-04-12,Oakland Park,P0235,1,21.78,0.0
S003376,2025-11-13,Lake Worth,P0258,2,20.03,0.0
S006548,2026-03-08,Dania Beach,P0028,1,22.61,0.0
S003788,12/1/2025,Dania Beach,P0045,1,31.47,0.0
S000383,2025-07-15,Lake Worth,P0042,1,16.07,0.0
S000024,2025-07-02,Oakland Park,P0120,1,23.21,0.0
S003393,2025-11-14,Lake Worth,P0286,1,17.06,0.0
S002469,2025-10-08,Oakland Park,P0140,1,17.16,
S008900,2026-05-24,Oakland Park,P0209,1,38.73,0.0
S005939,2/6/2026,Dania Beach,P0138,1,18.5,0.0
S006047,2026-02-12,lake worth,P0009,1,10.82,5.0
S001130,2025-08-16,Oakland Park,P0270,1,13.93,0.0
S008786,2026-05-20,Dania Beach,P0258,3,20.03,0.0
S000783,2025-08-02,Lake Worth,P0258,1,20.03,0.0
S003410,2025-11-15,Oakland Park,P0272,1,18.29,2.0
S009056,2026-05-31,Oakland Park,P0094,1,15.94,0.0
S008242,2026-04-29,Lake Worth,P0229,2,15.22,
S002251,2025-09-30,Oakland Park,P0004,1,33.33,0.0
S003578,2025-11-22,Dania Beach,P0269,1,19.37,0.0
S003396,2025-11-14,Oakland Park,P0249,1,24.88,0.0
S000404,7/17/2025,Oakland Park,P0071,1,14.0,0.0
S006831,2026-03-20,Oakland Park,P0028,3,$22.61,0.0
S005967,2026-02-08,Lake Worth,P0248,1,14.4,0.0
S008773,2026-05-20,dania beach,P0107,1,35.69,0.0
S008667,2026-05-16,Oakland Park,P0145,1,18.52,0.0
S003338,2025-11-12,Dania Beach,P0147,1,40.67,0.0
S004013,2025-12-06,Lake Worth,P0258,1,20.03,0.0
S003396,2025-11-14,Oakland Park,P0249,1,24.88,0.0
S004558,2025-12-18,Lake Worth,P0258,1,20.03,0.0
S008645,2026-05-15,Lake Worth,P0112,1,$9.26,0.0
S004167,2025-12-10,Oakland Park,P0188,2,$14.19,0.0
S008360,2026-05-03,Oakland Park,P0022,1,7.3,0.0
S005178,2025-12-31,Oakland Park,P0081,1,12.2,0.0
S006396,2026-03-02,Oakland Park,P0161,1,43.05,0.0
S001214,8/20/2025,Oakland Park,P0272,1,18.29,0.0
S005022,2025-12-28,Oakland Park,P0275,1,12.12,0.0
S001144,2025-08-17,Oakland Park,P0099,1,32.17,0.0
S008078,2026-04-25,Oakland Park,P0068,1,$18.85,0.0
S004998,2025-12-27,Dania Beach,P0250,1,26.07,0.0
S001108,2025-08-15,Dania Beach,P0258,1,20.03,0.0
S002791,2025-10-20,Dania Beach,P0145,1,18.52,0.0
S001246,2025-08-21,Oakland Park,P0242,1,16.38,0.0
S009091,2026-06-01,Oakland Park,P0255,1,34.26,0.0
S009420,2026-06-14,Lake Worth,P0011,2,$31.32,0.0
S004212,2025-12-11,Oakland Park,P0181,1,38.54,0.0
S005679,1/24/2026,Dania Beach,P0116,1,38.74,0.0
S004168,2025-12-10,Lake Worth,P0091,1,10.86,0.0
S003249,2025-11-08,Oakland Park,P0223,1,16.45,0.0
S006044,2026-02-12,Dania Beach,P0184,1,16.92,0.0
S006184,2026-02-20,Lake Worth,P0042,1,$16.07,0.0
S001013,2025-08-11,Dania Beach,P0229,1,15.22,0.0
S004985,2025-12-27,Dania Beach,P0245,1,30.57,
S007310,2026-04-05,Dania Beach,P0024,1,12.01,2.0
S009756,2026-06-27,Oakland Park,P0258,2,20.03,0.0
S005564,2026-01-18,Dania Beach,P0266,1,28.75,2.0
S001634,2025-09-05,Dania Beach,P0229,1,15.22,0.0
S006948,2026-03-25,Oakland Park,P0229,1,15.22,0.0
S006662,2026-03-13,oakland park,P0193,1,15.19,0.0
S008314,2026-05-02,Dania Beach,P0229,1,15.22,0.0
S000638,2025-07-27,Lake Worth,P0298,2,10.79,0.0
S008177,2026-04-27,Oakland Park,P0179,1,10.96,0.0
S004060,2025-12-07,Oakland Park,P0141,1,18.03,0.0
S007258,4/5/2026,Oakland Park,P0289,1,47.01,0.0
S000649,2025-07-27,Oakland Park,P0298,3,10.79,0.0
S007029,2026-03-29,LAKE WORTH,P0052,1,20.69,0.0
S002051,2025-09-22,Dania Beach,P0129,1,7.89,0.0
S009090,2026-06-01,Lake Worth,P0112,1,9.26,0.0
S005289,1/4/2026,Dania Beach,P0157,1,8.43,0.0
S007912,2026-04-20,Oakland Park,P0022,1,7.3,
S007085,2026-03-31,Oakland Park,P0145,1,18.52,0.0
S006382,2026-03-01,Lake Worth,P0028,2,22.61,2.0
S000994,2025-08-10,Dania Beach,P0068,1,18.85,0.0
S008348,2026-05-03,Oakland Park,P0120,2,23.21,0.0
S006761,2026-03-17,Oakland Park,P0145,2,18.52,0.0
S007368,2026-04-07,Dania Beach,P0181,1,38.54,0.0
S002936,2025-10-26,Oakland Park,P0091,2,10.86,2.0
S003278,2025-11-09,Oakland Park,P0286,1,17.06,0.0
S004275,2025-12-12,Dania Beach,P0116,1,38.74,
S004688,2025-12-21,Oakland Park,P0108,1,11.87,0.0
S005256,2026-01-03,Oakland Park,P0258,2,20.03,0.0
S005471,2026-01-14,Oakland Park,P0194,1,31.47,0.0
S000240,2025-07-09,Dania Beach,P0141,2,18.03,0.0
S007024,2026-03-28,Oakland Park,P0116,1,$38.74,0.0
S009058,2026-05-31,Dania Beach,P0090,1,39.67,0.0
S009780,2026-06-28,Dania Beach,P0229,1,15.22,0.0
S006978,2026-03-26,Oakland Park,P0016,3,9.61,0.0
S008089,2026-04-25,Dania Beach,P0207,1,8.62,0.0
S009157,2026-06-04,Dania Beach,P0259,1,34.69,0.0
S007485,4/10/2026,Oakland Park,P0181,1,$38.54,0.0
S000804,2025-08-02,Lake Worth,P0122,1,15.39,0.0
S002606,2025-10-13,Oakland Park,P0112,1,9.26,0.0
S000001,2025-07-01,Lake Worth,P0258,1,20.03,0.0
S008615,2026-05-13,Dania Beach,P0023,1,36.9,0.0
S003757,11/29/2025,Lake Worth,P0258,1,20.03,
S003108,2025-11-02,Dania Beach,P0204,1,30.89,0.0
S001215,2025-08-20,Oakland Park,P0005,1,12.32,0.0
S008237,2026-04-29,Oakland Park,P0205,1,34.1,0.0
S001005,2025-08-11,Oakland Park,P0250,1,26.07,0.0
S008263,2026-04-30,Oakland Park,P0243,1,$14.68,0.0
S008661,2026-05-15,Dania Beach,P0028,2,22.61,
S003324,2025-11-11,Oakland Park,P0229,2,15.22,5.0
S006303,2026-02-26,Oakland Park,P0202,1,$27.95,0.0
S001558,2025-09-02,oakland park,P0108,1,11.87,0.0
S001568,2025-09-02,Dania Beach,P0068,1,18.85,0.0
S007627,4/13/2026,Dania Beach,P0213,1,4.58,0.0
S008653,2026-05-15,Dania Beach,P0248,1,14.4,0.0
S004385,2025-12-14,Oakland Park,P0099,1,32.17,0.0
S007653,2026-04-14,Dania Beach,P0258,1,20.03,0.0
S001981,2025-09-20,Oakland Park,P0131,1,10.61,0.0
S006502,3/6/2026,Oakland Park,P0188,1,14.19,0.0
S007227,2026-04-04,Dania Beach,P0094,2,15.94,5.0
S005149,2025-12-30,Oakland Park,P0286,1,17.06,0.0
S002079,2025-09-23,Oakland Park,P0141,1,18.03,0.0
S001571,2025-09-02,Dania Beach,P0254,1,15.72,0.0
S006989,2026-03-27,Oakland Park,P0286,1,17.06,0.0
S002566,2025-10-12,Oakland Park,P0282,1,14.8,0.0
S009567,2026-06-20,Dania Beach,P0050,2,16.14,0.0
S000634,2025-07-26,Dania Beach,P0127,1,26.3,0.0
S005419,1/11/2026,Oakland Park,P0087,1,10.56,0.0
S003101,2025-11-02,Dania Beach,P0147,1,40.67,0.0
S009037,2026-05-30,Dania Beach,P0022,1,$7.3,
S000525,2025-07-22,Dania Beach,P0258,1,20.03,0.0
S006905,2026-03-23,Lake Worth,P0051,1,31.0,0.0
S004936,2025-12-26,Lake Worth,P0268,1,28.7,0.0
S005671,2026-01-24,Oakland Park,P0048,1,43.54,0.0
S009758,2026-06-27,Dania Beach,P0058,1,6.59,0.0
S005120,2025-12-29,Oakland Park,P0048,2,43.54,
S007505,2026-04-11,Lake Worth,P0258,1,20.03,0.0
S006009,2/10/2026,Dania Beach,P0077,1,38.06,0.0
S009759,2026-06-27,Dania Beach,P0229,2,15.22,0.0
S006598,2026-03-10,oakland park,P0227,2,22.7,0.0
S001620,9/4/2025,Dania Beach,P0258,1,20.03,0.0
S007754,2026-04-17,DANIA BEACH,P0152,1,10.83,0.0
S000544,2025-07-23,Dania Beach,P0258,1,20.03,0.0
S003594,11/23/2025,Dania Beach,P0188,3,14.19,0.0
S005306,2026-01-05,Oakland Park,P0060,1,16.29,0.0
S005332,1/6/2026,Oakland Park,P0083,1,9.28,0.0
S000116,2025-07-05,Oakland Park,P0250,2,26.07,0.0
S007955,2026-04-22,Dania Beach,P0003,1,11.11,
S000960,2025-08-09,Dania Beach,P0271,1,13.23,
S000297,2025-07-12,Oakland Park,P0027,2,16.28,0.0
S006784,2026-03-18,Oakland Park,P0081,1,12.2,0.0
S007543,2026-04-11,Dania Beach,P0020,2,24.25,0.0
S006547,2026-03-08,Dania Beach,P0050,1,16.14,0.0
S007732,2026-04-16,Dania Beach,P0270,1,13.93,0.0
S008217,2026-04-28,Dania Beach,P0214,1,40.55,0.0
S008054,4/25/2026,Dania Beach,P0232,1,35.97,0.0
S000948,2025-08-09,Dania Beach,P0250,1,26.07,0.0
S002128,2025-09-25,Dania Beach,P0298,1,10.79,0.0
S000927,2025-08-08,Dania Beach,P0205,1,34.1,5.0
S000336,2025-07-13,Dania Beach,P0069,1,21.4,5.0
S003520,2025-11-19,Dania Beach,P0258,1,20.03,
S003811,2025-12-01,Oakland Park,P0234,1,39.24,2.0
S003276,11/9/2025,Dania Beach,P0073,1,20.85,0.0
S006736,3/16/2026,Dania Beach,P0028,2,$22.61,0.0
S007096,2026-03-31,Oakland Park,P0269,1,19.37,0.0
S005630,2026-01-22,OAKLAND PARK,P0205,2,34.1,0.0
S001332,8/24/2025,Oakland Park,P0126,1,18.39,0.0
S007459,2026-04-10,Dania Beach,P0028,1,22.61,0.0
S007308,2026-04-05,Oakland Park,P0138,1,18.5,
S006891,2026-03-22,dania beach,P0016,1,9.61,2.0
S008904,2026-05-24,Oakland Park,P0099,1,32.17,2.0
S002818,2025-10-22,Dania Beach,P0258,1,20.03,0.0
S008013,2026-04-23,Oakland Park,P0199,1,$11.97,0.0
S002444,2025-10-06,Oakland Park,P0069,2,21.4,
S008139,2026-04-26,Oakland Park,P0229,1,15.22,0.0
S001241,2025-08-21,Oakland Park,P0141,1,18.03,0.0
S005705,2026-01-26,Lake Worth,P0112,1,9.26,0.0
S006282,2026-02-25,Dania Beach,P0186,3,8.27,0.0
S000338,2025-07-13,Dania Beach,P0004,1,33.33,0.0
S005494,2026-01-15,Lake Worth,P0068,1,18.85,0.0
S008924,2026-05-25,Oakland Park,P0232,1,35.97,0.0
S003822,12/1/2025,Dania Beach,P0217,1,17.82,0.0
S002399,2025-10-05,Oakland Park,P0140,1,17.16,0.0
S002918,2025-10-26,Oakland Park,P0250,2,26.07,0.0
S000711,2025-07-30,Oakland Park,P0017,1,13.63,0.0
S009068,2026-05-31,Oakland Park,P0250,1,26.07,0.0
S002682,2025-10-17,Lake Worth,P0280,2,15.83,0.0
S000200,2025-07-07,Oakland Park,P0123,1,32.28,5.0
S006622,2026-03-11,Lake Worth,P0197,1,24.23,2.0
S006102,2026-02-15,Oakland Park,P0258,1,20.03,0.0
S003435,2025-11-15,dania beach,P0258,1,20.03,0.0
S002584,2025-10-13,Dania Beach,P0197,1,24.23,0.0
S009431,2026-06-14,Dania Beach,P0284,2,19.93,0.0
S002210,2025-09-28,Oakland Park,P0264,1,39.66,0.0
S005832,2026-02-01,Oakland Park,P0265,1,19.55,0.0
S004099,2025-12-08,Oakland Park,P0233,1,22.74,0.0
S005719,2026-01-26,Dania Beach,P0190,1,31.63,0.0
S006501,2026-03-06,Lake Worth,P0027,1,16.28,0.0
S005014,2025-12-28,Dania Beach,P0229,1,15.22,0.0
S008496,2026-05-09,Dania Beach,P0140,1,17.16,0.0
S002276,10/1/2025,Dania Beach,P0225,1,30.83,0.0
S003300,2025-11-09,Oakland Park,P0229,1,15.22,0.0
S001931,2025-09-17,Dania Beach,P0188,2,14.19,0.0
S006325,2026-02-27,Lake Worth,P0017,1,$13.63,0.0
S006908,2026-03-23,OAKLAND PARK,P0016,1,9.61,0.0
S009094,2026-06-01,Dania Beach,P0141,1,18.03,0.0
S005796,2026-01-31,Dania Beach,P0233,1,22.74,0.0
S006755,2026-03-17,Oakland Park,P0099,1,32.17,2.0
S009689,2026-06-24,Oakland Park,P0258,1,20.03,0.0
S004830,2025-12-24,Oakland Park,P0196,3,23.33,0.0
S006842,3/20/2026,Lake Worth,P0227,1,22.7,0.0
S002614,2025-10-14,Oakland Park,P0222,1,25.03,0.0
S007734,2026-04-16,LAKE WORTH,P0100,1,34.67,0.0
S006169,2026-02-19,DANIA BEACH,P0258,1,20.03,2.0
S009641,2026-06-22,Lake Worth,P0028,1,22.61,0.0
S008117,4/26/2026,Dania Beach,P0123,1,$32.28,0.0
S005328,2026-01-06,Lake Worth,P0298,1,10.79,0.0
S001803,2025-09-12,Oakland Park,P0247,1,11.6,0.0
S002648,2025-10-15,Oakland Park,P0120,1,23.21,
S009742,2026-06-27,OAKLAND PARK,P0064,2,22.4,0.0
S008312,5/2/2026,Oakland Park,P0259,1,34.69,0.0
S001268,8/22/2025,Lake Worth,P0264,3,39.66,0.0
S005220,2026-01-01,Dania Beach,P0295,1,27.7,2.0
S007067,2026-03-30,Oakland Park,P0173,1,28.8,0.0
S000246,2025-07-10,Lake Worth,P0181,1,38.54,0.0
S008528,2026-05-10,Lake Worth,P0250,1,26.07,0.0
S005616,2026-01-21,oakland park,P0219,1,19.95,0.0
S000090,2025-07-04,Dania Beach,P0016,1,9.61,0.0
S003626,2025-11-24,Oakland Park,P0132,1,38.62,0.0
S006069,2026-02-14,Lake Worth,P0016,1,9.61,0.0
S002562,2025-10-12,Dania Beach,P0105,1,41.09,0.0
S004790,2025-12-23,Oakland Park,P0017,1,13.63,0.0
S005435,2026-01-12,Dania Beach,P0152,1,10.83,0.0
S008755,2026-05-19,Lake Worth,P0125,1,$30.0,0.0
S000127,2025-07-05,Oakland Park,P0106,2,14.38,0.0
S000864,2025-08-05,Oakland Park,P0027,1,16.28,0.0
S004192,2025-12-10,Dania Beach,P0225,1,30.83,0.0
S006187,2/20/2026,Oakland Park,P0181,1,38.54,0.0
S005597,2026-01-20,Dania Beach,P0056,1,36.04,2.0
S009634,2026-06-22,Oakland Park,P0057,1,31.85,0.0
S003820,2025-12-01,oakland park,P0281,1,17.35,
S003575,2025-11-22,Lake Worth,P0061,1,13.54,0.0
S000741,2025-07-31,Dania Beach,P0229,1,15.22,0.0
S009607,2026-06-21,Oakland Park,P0041,2,11.22,0.0
S006837,2026-03-20,Oakland Park,P0028,1,22.61,0.0
S006878,2026-03-22,Oakland Park,P0099,1,32.17,5.0
S007564,2026-04-12,Dania Beach,P0258,1,20.03,0.0
S002135,2025-09-26,lake worth,P0028,1,22.61,5.0
S002427,10/6/2025,oakland park,P0253,2,12.31,2.0
S004713,2025-12-21,Oakland Park,P0147,1,40.67,0.0
S007197,2026-04-03,Lake Worth,P0120,1,23.21,0.0
S003556,2025-11-21,Lake Worth,P0276,1,10.98,0.0
S000072,2025-07-03,Dania Beach,P0258,1,20.03,5.0
S001001,8/11/2025,Dania Beach,P0029,1,$44.82,0.0
S009688,2026-06-24,Dania Beach,P0195,1,23.58,
S003294,11/9/2025,Dania Beach,P0048,1,43.54,0.0
S004418,2025-12-15,Dania Beach,P0088,1,$14.79,0.0
S000149,2025-07-06,Dania Beach,P0244,1,7.54,0.0
S002994,2025-10-29,Dania Beach,P0033,1,13.41,
S002385,2025-10-05,Lake Worth,P0181,1,38.54,0.0
S008161,2026-04-27,Oakland Park,P0022,1,7.3,0.0
S000226,2025-07-09,Oakland Park,P0225,1,30.83,0.0
S000195,7/7/2025,Dania Beach,P0082,1,11.34,0.0
S004596,2025-12-19,Oakland Park,P0032,1,10.89,0.0
S007507,2026-04-11,Dania Beach,P0075,1,16.43,2.0
S000813,2025-08-03,Lake Worth,P0258,1,20.03,2.0
S001666,2025-09-06,Dania Beach,P0028,1,22.61,0.0
S003783,2025-11-30,Oakland Park,P0037,1,16.2,0.0
S005659,2026-01-24,Lake Worth,P0229,1,$15.22,0.0
S008779,2026-05-20,LAKE WORTH,P0278,3,27.49,5.0
S007979,2026-04-22,Oakland Park,P0154,1,15.49,0.0
S008543,2026-05-10,Oakland Park,P0159,1,5.86,0.0
S002758,2025-10-19,dania beach,P0258,1,20.03,0.0
S003066,2025-11-01,Dania Beach,P0229,1,15.22,0.0
S005184,2025-12-31,Lake Worth,P0139,1,25.22,0.0
S002892,2025-10-25,Oakland Park,P0295,1,27.7,2.0
S002041,2025-09-22,Oakland Park,P0296,1,10.05,0.0
S001043,2025-08-13,Oakland Park,P0054,2,38.06,0.0
S001779,9/11/2025,oakland park,P0264,1,39.66,0.0
S002321,2025-10-02,Oakland Park,P0039,1,18.68,0.0
S000192,2025-07-07,Lake Worth,P0071,2,14.0,5.0
S001147,2025-08-17,Lake Worth,P0298,3,10.79,0.0
S006772,2026-03-18,Dania Beach,P0062,1,34.29,0.0
S009487,2026-06-17,Oakland Park,P0169,1,28.05,0.0
S004058,2025-12-07,Oakland Park,P0156,1,33.24,0.0
S007083,2026-03-31,Dania Beach,P0229,1,15.22,5.0
S001665,2025-09-06,Dania Beach,P0197,1,24.23,0.0
S004925,2025-12-26,Lake Worth,P0295,1,27.7,0.0
S000682,2025-07-29,Dania Beach,P0258,1,20.03,0.0
S009627,2026-06-22,Dania Beach,P0092,1,34.43,0.0
S007810,2026-04-18,Dania Beach,P0098,1,$12.85,0.0
S008639,2026-05-14,Dania Beach,P0288,1,39.45,0.0
S008644,2026-05-15,Oakland Park,P0224,1,28.47,0.0
S005795,2026-01-31,Lake Worth,P0258,1,20.03,0.0
S008576,2026-05-12,Dania Beach,P0160,2,15.14,0.0
S000848,2025-08-04,Dania Beach,P0286,1,17.06,2.0
S002485,2025-10-08,Dania Beach,P0093,1,10.98,0.0
S007513,2026-04-11,Lake Worth,P0107,2,35.69,0.0
S003656,11/25/2025,Oakland Park,P0298,1,10.79,0.0
S005559,2026-01-18,Dania Beach,P0279,1,5.18,0.0
S007429,2026-04-09,Oakland Park,P0200,1,20.12,0.0
S007184,2026-04-03,OAKLAND PARK,P0139,1,25.22,0.0
S002450,2025-10-07,Lake Worth,P0099,1,32.17,2.0
S003081,2025-11-01,Lake Worth,P0286,1,17.06,0.0
S007523,2026-04-11,Dania Beach,P0028,1,22.61,0.0
S006885,2026-03-22,Oakland Park,P0229,1,15.22,0.0
S005455,2026-01-13,Lake Worth,P0069,1,21.4,2.0
S005902,2026-02-04,Dania Beach,P0125,1,30.0,0.0
S008269,2026-04-30,Dania Beach,P0116,1,38.74,0.0
S000733,2025-07-31,Oakland Park,P0006,2,18.74,0.0
S005809,2026-01-31,Lake Worth,P0028,1,22.61,0.0
S008486,2026-05-09,Oakland Park,P0181,1,38.54,0.0
S005065,2025-12-28,Dania Beach,P0020,1,24.25,0.0
S006615,2026-03-11,Lake Worth,P0250,1,26.07,0.0
S001040,2025-08-12,Lake Worth,P0102,1,16.27,0.0
S007803,2026-04-18,Oakland Park,P0091,1,$10.86,0.0
S002571,2025-10-12,Oakland Park,P0099,1,32.17,0.0
S001261,2025-08-22,Lake Worth,P0218,1,12.89,0.0
S005470,2026-01-14,Dania Beach,P0246,1,14.88,0.0
S006210,2026-02-21,Dania Beach,P0043,2,11.96,0.0
S009070,2026-05-31,Oakland Park,P0258,1,20.03,0.0
S001453,2025-08-29,Dania Beach,P0042,1,16.07,0.0
S002551,2025-10-11,Dania Beach,P0189,1,8.68,0.0
S006690,2026-03-14,Oakland Park,P0100,1,34.67,0.0
S004413,2025-12-15,Dania Beach,P0258,1,20.03,0.0
S001060,2025-08-13,Oakland Park,P0082,1,11.34,0.0
S006424,2026-03-03,dania beach,P0258,1,20.03,2.0
S001635,2025-09-05,Oakland Park,P0254,1,15.72,0.0
S009119,2026-06-02,Lake Worth,P0142,2,14.84,0.0
S000209,2025-07-08,DANIA BEACH,P0279,2,5.18,0.0
S005860,2026-02-02,Oakland Park,P0050,2,16.14,2.0
S004450,2025-12-15,Lake Worth,P0134,1,13.77,
S006670,2026-03-14,Oakland Park,P0107,1,35.69,0.0
S000275,2025-07-11,Dania Beach,P0138,1,18.5,0.0
S002881,2025-10-25,Dania Beach,P0141,1,18.03,0.0
S001951,2025-09-18,Dania Beach,P0026,1,24.77,0.0
S009098,2026-06-02,Lake Worth,P0029,3,44.82,0.0
S006336,2026-02-27,Dania Beach,P0229,1,$15.22,0.0
S006557,3/8/2026,Dania Beach,P0069,1,21.4,0.0
S008819,2026-05-21,Oakland Park,P0122,1,15.39,5.0
S009753,2026-06-27,Dania Beach,P0297,1,17.64,0.0
S008624,2026-05-14,Dania Beach,P0161,1,43.05,0.0
S007623,2026-04-13,Lake Worth,P0209,1,38.73,0.0
S001829,2025-09-12,Oakland Park,P0258,2,20.03,0.0
S004921,2025-12-26,Oakland Park,P0234,1,39.24,0.0
S007510,2026-04-11,Lake Worth,P0219,1,19.95,5.0
S007268,2026-04-05,Dania Beach,P0138,2,$18.5,2.0
S001100,2025-08-15,Dania Beach,P0154,1,15.49,0.0
S002560,2025-10-12,Dania Beach,P0089,1,38.61,5.0
S007082,2026-03-31,Dania Beach,P0263,1,24.16,0.0
S008727,2026-05-18,Dania Beach,P0138,1,18.5,0.0
S009007,2026-05-29,Dania Beach,P0247,1,11.6,
S001936,2025-09-17,Oakland Park,P0053,1,$11.0,0.0
S005112,2025-12-29,Dania Beach,P0250,1,26.07,0.0
S007571,2026-04-12,Oakland Park,P0258,1,20.03,0.0
S003159,2025-11-04,Oakland Park,P0157,1,8.43,0.0
S004139,12/9/2025,Lake Worth,P0188,1,14.19,0.0
S004154,2025-12-09,Dania Beach,P0258,1,20.03,0.0
S004334,2025-12-13,Dania Beach,P0045,1,31.47,5.0
S007003,2026-03-28,Dania Beach,P0229,1,15.22,5.0
S005420,1/11/2026,Dania Beach,P0101,1,40.29,0.0
S008561,2026-05-11,Dania Beach,P0258,1,20.03,0.0
S008047,2026-04-24,Dania Beach,P0068,1,18.85,
S008210,2026-04-28,Lake Worth,P0229,1,15.22,
S002492,2025-10-08,Lake Worth,P0229,1,15.22,0.0
S006138,2026-02-17,Dania Beach,P0160,1,15.14,0.0
S003193,2025-11-05,Oakland Park,P0123,1,32.28,0.0
S000032,2025-07-02,Dania Beach,P0113,1,15.71,0.0
S007826,2026-04-18,Dania Beach,P0258,1,20.03,2.0
S000371,2025-07-15,Dania Beach,P0104,1,23.8,0.0
S006360,2026-02-28,Dania Beach,P0123,1,32.28,0.0
S009677,2026-06-24,Dania Beach,P0209,2,$38.73,0.0
S009374,6/13/2026,Dania Beach,P0105,1,41.09,
S009345,2026-06-12,Oakland Park,P0022,2,7.3,0.0
S001054,2025-08-13,Oakland Park,P0104,1,23.8,0.0
S002527,2025-10-11,Lake Worth,P0205,1,34.1,0.0
S008922,2026-05-25,Oakland Park,P0229,1,15.22,0.0
S003307,2025-11-10,LAKE WORTH,P0150,1,8.12,0.0
S008069,2026-04-25,Oakland Park,P0028,1,22.61,0.0
S001832,2025-09-13,Oakland Park,P0095,1,15.25,0.0
S008440,2026-05-07,Dania Beach,P0192,1,9.96,0.0
S001624,2025-09-05,Dania Beach,P0209,1,38.73,0.0
S009810,2026-06-29,lake worth,P0195,1,23.58,0.0
S004143,2025-12-09,Oakland Park,P0220,1,18.24,0.0
S007671,2026-04-14,Oakland Park,P0141,1,18.03,0.0
S004430,2025-12-15,Oakland Park,P0297,1,17.64,0.0
S001889,2025-09-15,Oakland Park,P0063,2,32.31,0.0
S009396,2026-06-13,Oakland Park,P0127,1,26.3,0.0
S006847,2026-03-21,Dania Beach,P0286,1,17.06,0.0
S002810,2025-10-21,Oakland Park,P0233,1,22.74,0.0
S007343,2026-04-06,Lake Worth,P0112,1,$9.26,0.0
S002219,2025-09-28,Dania Beach,P0137,1,34.89,0.0
S000978,2025-08-10,Dania Beach,P0258,1,20.03,2.0
S000107,2025-07-05,Dania Beach,P0085,1,28.45,0.0
S006944,2026-03-25,Lake Worth,P0258,1,20.03,0.0
S000563,2025-07-24,Lake Worth,P0298,1,10.79,0.0
S002585,2025-10-13,LAKE WORTH,P0248,1,14.4,2.0
S007783,2026-04-18,Dania Beach,P0047,1,11.39,0.0
S005469,2026-01-14,Dania Beach,P0028,1,22.61,0.0
S000601,2025-07-26,Dania Beach,P0176,1,38.34,0.0
S008566,2026-05-11,Dania Beach,P0010,1,26.25,0.0
S008681,2026-05-16,Lake Worth,P0143,1,33.65,0.0
S006504,2026-03-06,Dania Beach,P0028,1,22.61,0.0
S006552,2026-03-08,Dania Beach,P0223,1,16.45,0.0
S007128,2026-04-01,Lake Worth,P0084,1,8.22,0.0
S002059,2025-09-22,Dania Beach,P0018,1,11.18,0.0
S003252,2025-11-08,Oakland Park,P0202,1,27.95,2.0
S007540,4/11/2026,Lake Worth,P0189,2,8.68,0.0
S008086,2026-04-25,Oakland Park,P0060,1,$16.29,0.0
S001978,2025-09-20,Lake Worth,P0005,1,12.32,5.0
S002713,2025-10-18,Dania Beach,P0018,1,11.18,0.0
S002377,2025-10-04,Dania Beach,P0232,2,35.97,0.0
S007736,2026-04-16,Lake Worth,P0040,2,30.27,0.0
S009141,2026-06-03,Lake Worth,P0122,2,15.39,0.0
S001758,2025-09-09,Lake Worth,P0141,1,$18.03,0.0
S006814,2026-03-20,Oakland Park,P0148,1,17.71,0.0
S001116,2025-08-16,Dania Beach,P0112,1,9.26,0.0
S003432,2025-11-15,Dania Beach,P0218,2,12.89,0.0
S005211,2025-12-31,Oakland Park,P0196,1,$23.33,0.0
S009365,2026-06-12,LAKE WORTH,P0095,1,$15.25,5.0
S005845,2026-02-02,Lake Worth,P0244,1,7.54,0.0
S009393,2026-06-13,dania beach,P0028,1,22.61,0.0
S008950,2026-05-26,Dania Beach,P0229,1,15.22,0.0
S002156,2025-09-27,Lake Worth,P0270,1,$13.93,2.0
S001359,2025-08-26,Oakland Park,P0229,1,15.22,0.0
S009413,2026-06-14,Lake Worth,P0222,1,25.03,2.0
S002396,2025-10-05,Oakland Park,P0250,1,26.07,0.0
S008033,2026-04-24,dania beach,P0123,1,32.28,0.0
S007735,2026-04-16,Oakland Park,P0258,1,20.03,2.0
S006231,2/22/2026,Dania Beach,P0006,1,18.74,0.0
S002625,2025-10-14,Lake Worth,P0233,1,22.74,0.0
S009303,2026-06-09,Oakland Park,P0151,1,22.36,0.0
S009425,2026-06-14,Lake Worth,P0229,1,15.22,
S003976,12/5/2025,Dania Beach,P0211,1,28.43,0.0
S002230,2025-09-29,Dania Beach,P0250,1,26.07,0.0
S009655,2026-06-23,Oakland Park,P0152,1,10.83,0.0
S004295,2025-12-13,Oakland Park,P0288,1,39.45,0.0
S008180,2026-04-27,Lake Worth,P0258,1,20.03,0.0
S006867,2026-03-21,Dania Beach,P0033,1,13.41,0.0
S008939,2026-05-26,Dania Beach,P0229,1,15.22,0.0
S003355,2025-11-12,Lake Worth,P0258,1,20.03,0.0
S005301,2026-01-05,Dania Beach,P0149,2,20.51,
S008171,2026-04-27,Oakland Park,P0233,1,22.74,0.0
S008250,2026-04-29,Dania Beach,P0266,1,28.75,0.0
S007306,2026-04-05,Oakland Park,P0041,1,11.22,0.0
S002974,2025-10-28,Dania Beach,P0102,1,16.27,0.0
S000378,2025-07-15,Lake Worth,P0069,2,$21.4,0.0
S000139,2025-07-06,Dania Beach,P0205,1,34.1,0.0
S009215,2026-06-06,Dania Beach,P0151,1,22.36,0.0
S009260,2026-06-07,Lake Worth,P0041,1,$11.22,0.0
S006398,2026-03-02,Oakland Park,P0034,1,17.39,0.0
S000637,2025-07-27,Dania Beach,P0244,1,7.54,0.0
S001816,2025-09-12,Lake Worth,P0286,1,17.06,0.0
S004357,2025-12-14,Dania Beach,P0240,1,29.77,0.0
S008014,2026-04-23,Lake Worth,P0095,1,15.25,0.0
S006198,2026-02-20,Oakland Park,P0068,1,18.85,0.0
S004843,2025-12-24,Dania Beach,P0281,1,17.35,0.0
S001179,2025-08-18,Oakland Park,P0266,1,28.75,0.0
S003693,2025-11-27,Lake Worth,P0098,1,12.85,0.0
S001557,2025-09-01,Dania Beach,P0004,1,33.33,5.0
S009100,2026-06-02,Dania Beach,P0111,1,9.29,0.0
S002708,2025-10-18,Dania Beach,P0138,1,$18.5,0.0
S006197,2026-02-20,Oakland Park,P0258,1,20.03,0.0
S000821,8/3/2025,Dania Beach,P0258,1,20.03,0.0
S002264,2025-09-30,Oakland Park,P0175,1,10.78,0.0
S008331,2026-05-03,Dania Beach,P0233,1,22.74,0.0
S000142,2025-07-06,Dania Beach,P0138,1,18.5,0.0
S004072,2025-12-07,Lake Worth,P0294,3,30.88,0.0
S000026,2025-07-02,Dania Beach,P0069,1,21.4,0.0
S007857,2026-04-19,dania beach,P0138,1,18.5,0.0
S003371,2025-11-13,Oakland Park,P0181,1,38.54,0.0
S008335,2026-05-03,Dania Beach,P0198,1,5.19,
S004144,2025-12-09,Dania Beach,P0054,1,38.06,0.0
S003374,2025-11-13,Oakland Park,P0258,1,20.03,0.0
S007296,2026-04-05,Dania Beach,P0258,1,20.03,0.0
S008972,2026-05-27,Oakland Park,P0011,1,31.32,0.0
S007518,2026-04-11,Oakland Park,P0099,2,$32.17,0.0
S000908,2025-08-07,Dania Beach,P0014,1,41.58,5.0
S002760,2025-10-19,Dania Beach,P0050,1,16.14,0.0
S009368,2026-06-13,Oakland Park,P0225,1,30.83,0.0
S000612,7/26/2025,oakland park,P0037,1,16.2,0.0
S000479,2025-07-20,Dania Beach,P0258,1,20.03,2.0
S006129,2026-02-16,Dania Beach,P0282,1,14.8,0.0
S004412,2025-12-15,lake worth,P0244,1,7.54,2.0
S003605,2025-11-23,Dania Beach,P0231,1,16.4,0.0
S004841,2025-12-24,Oakland Park,P0229,3,15.22,0.0
S009099,2026-06-02,Oakland Park,P0076,1,28.11,0.0
S003957,2025-12-05,dania beach,P0099,1,32.17,0.0
S008805,2026-05-21,Dania Beach,P0180,1,14.34,5.0
S002827,2025-10-22,Dania Beach,P0090,1,39.67,0.0
S006430,2026-03-03,Lake Worth,P0138,1,18.5,0.0
S001759,2025-09-10,Lake Worth,P0150,1,8.12,0.0
S006369,2026-03-01,Dania Beach,P0100,1,$34.67,0.0
S006578,2026-03-09,Oakland Park,P0229,2,15.22,0.0
S005164,2025-12-30,OAKLAND PARK,P0123,1,32.28,0.0
S002754,2025-10-19,Dania Beach,P0226,1,19.09,0.0
S007141,2026-04-01,Oakland Park,P0093,1,$10.98,0.0
S008416,2026-05-06,Oakland Park,P0229,2,15.22,0.0
S004185,2025-12-10,Dania Beach,P0077,2,38.06,0.0
S007176,2026-04-03,DANIA BEACH,P0016,1,9.61,0.0
S007486,4/10/2026,Dania Beach,P0126,1,18.39,0.0
S007013,2026-03-28,DANIA BEACH,P0232,1,35.97,0.0
S003190,2025-11-05,Oakland Park,P0123,1,32.28,0.0
S007351,2026-04-06,Dania Beach,P0037,1,16.2,0.0
S001541,2025-09-01,Dania Beach,P0274,1,22.73,0.0
S006539,2026-03-08,Oakland Park,P0181,2,38.54,0.0
S004427,2025-12-15,Oakland Park,P0247,1,11.6,0.0
S000992,2025-08-10,Dania Beach,P0162,1,9.66,0.0
S001192,2025-08-18,Oakland Park,P0189,2,8.68,0.0
S005699,2026-01-25,Oakland Park,P0066,1,15.19,0.0
S007191,2026-04-03,Dania Beach,P0233,1,22.74,2.0
S000827,2025-08-03,Oakland Park,P0080,1,3.25,0.0
S002273,2025-10-01,Dania Beach,P0258,1,20.03,0.0
S002628,2025-10-14,Oakland Park,P0002,1,33.09,0.0
S007187,2026-04-03,Oakland Park,P0252,1,18.54,0.0
S008588,5/12/2026,DANIA BEACH,P0057,1,31.85,0.0
S007996,2026-04-23,Dania Beach,P0091,1,10.86,0.0
S000511,2025-07-21,Dania Beach,P0108,1,11.87,0.0
S000549,2025-07-23,Oakland Park,P0239,1,7.76,0.0
S008757,2026-05-19,Oakland Park,P0100,1,34.67,2.0
S002036,2025-09-21,Dania Beach,P0258,2,20.03,0.0
S006161,2026-02-18,Dania Beach,P0286,1,17.06,0.0
S009347,2026-06-12,Oakland Park,P0123,1,32.28,0.0
S005476,2026-01-14,Dania Beach,P0238,2,9.91,0.0
S000390,2025-07-16,Oakland Park,P0028,1,22.61,0.0
S007367,2026-04-07,Oakland Park,P0089,2,38.61,0.0
S007632,2026-04-13,Oakland Park,P0138,1,18.5,0.0
S001041,2025-08-13,Lake Worth,P0222,1,25.03,0.0
S006262,2026-02-23,Dania Beach,P0195,1,23.58,
S005965,2026-02-08,oakland park,P0076,1,28.11,0.0
S008002,2026-04-23,Dania Beach,P0250,1,26.07,0.0
S007305,2026-04-05,Oakland Park,P0086,1,19.54,0.0
S006499,2026-03-06,Dania Beach,P0113,1,15.71,0.0
S004633,2025-12-20,Oakland Park,P0229,2,15.22,0.0
S007201,2026-04-03,Lake Worth,P0180,1,14.34,
S008906,2026-05-24,Dania Beach,P0064,1,22.4,0.0
S007129,2026-04-01,Oakland Park,P0223,1,$16.45,0.0
S007937,2026-04-21,Dania Beach,P0258,1,20.03,0.0
S002780,2025-10-20,Oakland Park,P0103,1,23.52,0.0
S003997,2025-12-06,Oakland Park,P0055,1,$18.49,0.0
S007980,2026-04-22,Oakland Park,P0232,1,35.97,0.0
S007905,2026-04-20,Oakland Park,P0111,1,9.29,0.0
S002971,10/28/2025,Oakland Park,P0229,1,15.22,0.0
S009155,2026-06-04,OAKLAND PARK,P0198,1,5.19,2.0
S007030,2026-03-29,Lake Worth,P0138,1,18.5,0.0
S003211,2025-11-06,Dania Beach,P0123,1,32.28,0.0
S002524,2025-10-10,Dania Beach,P0048,1,43.54,0.0
S006284,2/25/2026,Dania Beach,P0170,1,12.29,2.0
S005878,2/3/2026,Dania Beach,P0229,1,15.22,0.0
S002678,2025-10-17,Oakland Park,P0083,1,9.28,2.0
S009663,2026-06-23,Dania Beach,P0258,1,20.03,0.0
S006832,2026-03-20,Dania Beach,P0138,2,18.5,
S000883,2025-08-05,Oakland Park,P0218,1,12.89,0.0
S004809,2025-12-24,Dania Beach,P0258,1,20.03,0.0
S008511,2026-05-09,Oakland Park,P0213,1,4.58,0.0
S006216,2026-02-21,Dania Beach,P0120,1,23.21,0.0
S007776,2026-04-17,Lake Worth,P0250,1,26.07,0.0
S004831,2025-12-24,Oakland Park,P0042,1,16.07,0.0
S008916,2026-05-24,Dania Beach,P0250,1,26.07,2.0
S003000,2025-10-29,Dania Beach,P0258,1,20.03,0.0
S004218,2025-12-11,Dania Beach,P0161,3,43.05,0.0
S009182,2026-06-05,Oakland Park,P0274,1,22.73,2.0
S004864,2025-12-25,Dania Beach,P0242,2,16.38,2.0
S008508,2026-05-09,Dania Beach,P0258,2,20.03,5.0
S008752,2026-05-18,Lake Worth,P0258,1,20.03,0.0
S005458,2026-01-13,Oakland Park,P0069,1,21.4,0.0
S008766,2026-05-19,Oakland Park,P0300,1,15.39,0.0
S003007,2025-10-29,Dania Beach,P0257,1,$21.09,0.0
S004845,2025-12-24,Dania Beach,P0028,1,22.61,2.0
S002094,2025-09-24,Dania Beach,P0258,1,20.03,0.0
S005909,2026-02-05,Oakland Park,P0113,1,15.71,0.0
S000348,2025-07-14,Dania Beach,P0077,1,38.06,
S006506,2026-03-07,Oakland Park,P0093,1,10.98,0.0
S009349,2026-06-12,dania beach,P0250,1,26.07,2.0
S007154,2026-04-02,Dania Beach,P0139,1,25.22,0.0
S000222,2025-07-08,Oakland Park,P0137,1,34.89,0.0
S002866,2025-10-24,Dania Beach,P0225,1,30.83,0.0
S002139,2025-09-26,Oakland Park,P0098,1,12.85,0.0
S005526,2026-01-17,Dania Beach,P0176,1,38.34,0.0
S004276,12/12/2025,Oakland Park,P0031,2,23.06,0.0
S007686,2026-04-15,dania beach,P0042,1,16.07,0.0
S001553,2025-09-01,Oakland Park,P0050,1,16.14,0.0
S009761,2026-06-27,Oakland Park,P0079,1,38.19,0.0
S002825,2025-10-22,Lake Worth,P0225,3,30.83,0.0
S000830,8/3/2025,Oakland Park,P0181,1,38.54,
S005880,2026-02-03,Dania Beach,P0198,1,5.19,0.0
S007046,2026-03-29,Oakland Park,P0041,1,11.22,0.0
S006397,2026-03-02,oakland park,P0250,1,26.07,0.0
S000607,2025-07-26,Oakland Park,P0002,1,33.09,0.0
S002497,2025-10-09,Dania Beach,P0258,1,20.03,0.0
S006987,2026-03-27,Dania Beach,P0207,2,8.62,0.0
S007709,2026-04-15,oakland park,P0294,1,30.88,0.0
S005493,2026-01-15,DANIA BEACH,P0005,1,12.32,0.0
S007561,2026-04-12,Dania Beach,P0297,1,17.64,0.0
S001567,9/2/2025,DANIA BEACH,P0258,1,20.03,0.0
S002675,2025-10-17,Dania Beach,P0135,2,18.06,0.0
S008418,2026-05-06,Dania Beach,P0048,1,43.54,0.0
S008763,2026-05-19,DANIA BEACH,P0020,1,24.25,0.0
S008392,2026-05-05,Oakland Park,P0300,1,15.39,0.0
S001289,2025-08-23,Lake Worth,P0104,1,23.8,0.0
S005661,2026-01-24,Oakland Park,P0233,2,22.74,0.0
